vote_id,decision_id,start_date,method,outcome,attendees,votes_favor,votes_against,heading,absolute_majority
eli/dl/event/MTG-PL-2023-11-08-VOT-ITM-000001,eli/dl/event/MTG-PL-2023-11-08-DEC-160016,2023-11-08T15:50:48+01:00,def/ep-decision-methods/VOTE_ELECTRONIC_ROLLCALL,Unknown,,377.0,24.0,,False
eli/dl/event/MTG-PL-2026-02-11-VOT-ITM-983762,eli/dl/event/MTG-PL-2026-02-11-DEC-184692,2026-02-11T12:27:41+01:00,def/ep-decision-methods/VOTE_ELECTRONIC_ROLLCALL,def/ep-statuses/ADOPTED,606.0,428.0,156.0,"Motion for a resolution B10-0108/2026
(ENVI Committee)",False
eli/dl/event/MTG-PL-2026-03-12-VOT-ITM-986076,eli/dl/event/MTG-PL-2026-03-12-DEC-186149,,def/ep-decision-methods/VOTE_HAND,def/ep-statuses/REJECTED,,,,,False
eli/dl/event/MTG-PL-2025-06-19-VOT-ITM-965710,,,Unknown,Unknown,,,,,False
eli/dl/event/MTG-PL-2025-10-21-VOT-ITM-974693,eli/dl/event/MTG-PL-2025-10-21-DEC-179820,2025-10-21T13:21:25+02:00,def/ep-decision-methods/VOTE_ELECTRONIC_ROLLCALL,def/ep-statuses/ADOPTED,644.0,533.0,43.0,Provisional agreement,False
eli/dl/event/MTG-PL-2026-03-26-VOT-ITM-987012,eli/dl/event/MTG-PL-2026-03-26-DEC-189604,,def/ep-decision-methods/VOTE_ELECTRONIC_ROLLCALL,def/ep-statuses/LAPSED,,,,Draft legislative act,False
eli/dl/event/MTG-PL-2024-04-11-VOT-ITM-944643,eli/dl/event/MTG-PL-2024-04-11-DEC-167156,2024-04-11T13:19:32+02:00,def/ep-decision-methods/VOTE_ELECTRONIC_ROLLCALL,def/ep-statuses/ADOPTED,600.0,527.0,40.0,Motion for a resolution,False
eli/dl/event/MTG-PL-2026-02-10-VOT-ITM-983539,eli/dl/event/MTG-PL-2026-02-10-DEC-184108,,def/ep-decision-methods/VOTE_ELECTRONIC_SECRET,def/ep-statuses/ADOPTED,647.0,434.0,169.0,,False
eli/dl/event/MTG-PL-2025-07-09-VOT-ITM-965785,eli/dl/event/MTG-PL-2025-07-09-DEC-178102,2025-07-09T13:56:20+02:00,def/ep-decision-methods/VOTE_ELECTRONIC_ROLLCALL,def/ep-statuses/ADOPTED,670.0,423.0,194.0,,False
eli/dl/event/MTG-PL-2024-02-29-VOT-ITM-940053,eli/dl/event/MTG-PL-2024-02-29-DEC-165867,,def/ep-decision-methods/VOTE_ELECTRONIC_ROLLCALL,def/ep-statuses/LAPSED,,,,Draft legislative act,False
eli/dl/event/MTG-PL-2023-12-14-VOT-ITM-939824,,,Unknown,Unknown,,,,,False
eli/dl/event/MTG-PL-2026-03-26-VOT-ITM-987071,eli/dl/event/MTG-PL-2026-03-26-DEC-189249,2026-03-26T11:38:31+01:00,def/ep-decision-methods/VOTE_ELECTRONIC_ROLLCALL,def/ep-statuses/ADOPTED,629.0,618.0,6.0,,False
eli/dl/event/MTG-PL-2025-07-08-VOT-ITM-965770,eli/dl/event/MTG-PL-2025-07-08-DEC-177844,2025-07-08T13:41:46+02:00,def/ep-decision-methods/VOTE_ELECTRONIC_ROLLCALL,def/ep-statuses/REJECTED,666.0,130.0,518.0,,False
eli/dl/event/MTG-PL-2025-10-21-VOT-ITM-974699,eli/dl/event/MTG-PL-2025-10-21-DEC-180204,,Auto-adopted,Approved,,,,,False
eli/dl/event/MTG-PL-2025-04-02-VOT-ITM-965406,eli/dl/event/MTG-PL-2025-04-02-DEC-173799,,def/ep-decision-methods/VOTE_HAND,def/ep-statuses/REJECTED,,,,,False
eli/dl/event/MTG-PL-2026-04-28-VOT-ITM-989897,eli/dl/event/MTG-PL-2026-04-28-DEC-190062,,def/ep-decision-methods/VOTE_HAND,def/ep-statuses/REJECTED,,,,Draft legislative act ,False
eli/dl/event/MTG-PL-2026-07-07-VOT-ITM-992950,eli/dl/event/MTG-PL-2026-07-07-DEC-194993,2026-07-07T13:34:34+02:00,def/ep-decision-methods/VOTE_ELECTRONIC_ROLLCALL,def/ep-statuses/ADOPTED,653.0,576.0,62.0,,False
eli/dl/event/MTG-PL-2024-04-11-VOT-ITM-944701,eli/dl/event/MTG-PL-2024-04-11-DEC-167109,2024-04-11T13:19:55+02:00,def/ep-decision-methods/VOTE_ELECTRONIC_ROLLCALL,def/ep-statuses/ADOPTED,597.0,523.0,38.0,Motion for a resolution,False
eli/dl/event/MTG-PL-2025-05-08-VOT-ITM-965527,eli/dl/event/MTG-PL-2025-05-08-DEC-176089,2025-05-08T13:51:46+02:00,def/ep-decision-methods/VOTE_ELECTRONIC_ROLLCALL,def/ep-statuses/ADOPTED,533.0,373.0,150.0,"Motion for a resolution B10-0244/2025
(ENVI Committee) ",False
eli/dl/event/MTG-PL-2026-03-26-VOT-ITM-987207,eli/dl/event/MTG-PL-2026-03-26-DEC-189617,,def/ep-decision-methods/VOTE_HAND,def/ep-statuses/ADOPTED,,,,,False
eli/dl/event/MTG-PL-2024-04-23-VOT-ITM-946085,eli/dl/event/MTG-PL-2024-04-23-DEC-168312,,def/ep-decision-methods/VOTE_ELECTRONIC,def/ep-statuses/ADOPTED,603.0,352.0,230.0,,False
eli/dl/event/MTG-PL-2023-02-14-VOT-ITM-938689,,,Unknown,Unknown,,,,,False
eli/dl/event/MTG-PL-2025-09-10-VOT-ITM-970637,eli/dl/event/MTG-PL-2025-09-10-DEC-178400,2025-09-10T14:26:23+02:00,def/ep-decision-methods/VOTE_ELECTRONIC_ROLLCALL,def/ep-statuses/ADOPTED,664.0,513.0,111.0,,False
eli/dl/event/MTG-PL-2024-04-10-VOT-ITM-944558,eli/dl/event/MTG-PL-2024-04-10-DEC-167712,2024-04-10T18:44:00+02:00,def/ep-decision-methods/VOTE_ELECTRONIC_ROLLCALL,def/ep-statuses/ADOPTED,618.0,469.0,112.0,Provisional agreement,False
eli/dl/event/MTG-PL-2023-10-03-VOT-ITM-939506,,,Unknown,Unknown,,,,,False
eli/dl/event/MTG-PL-2026-03-10-VOT-ITM-986072,eli/dl/event/MTG-PL-2026-03-10-DEC-188551,2026-03-10T14:09:11+01:00,def/ep-decision-methods/VOTE_ELECTRONIC_ROLLCALL,def/ep-statuses/REJECTED,611.0,159.0,426.0,,False
eli/dl/event/MTG-PL-2024-04-11-VOT-ITM-942507,eli/dl/event/MTG-PL-2024-04-11-DEC-168140,2024-04-11T13:06:12+02:00,def/ep-decision-methods/VOTE_ELECTRONIC_ROLLCALL,def/ep-statuses/REJECTED,600.0,91.0,473.0,Motion for a resolution,False
eli/dl/event/MTG-PL-2024-04-25-VOT-ITM-946515,eli/dl/event/MTG-PL-2024-04-25-DEC-169074,,def/ep-decision-methods/VOTE_HAND,def/ep-statuses/REJECTED,,,,,False
eli/dl/event/MTG-PL-2026-07-06-VOT-ITM-000001,eli/dl/event/MTG-PL-2026-07-06-DEC-195333,2026-07-06T18:16:10+02:00,def/ep-decision-methods/VOTE_ELECTRONIC_ROLLCALL,def/ep-statuses/ADOPTED,436.0,283.0,142.0,,False
eli/dl/event/MTG-PL-2023-03-14-VOT-ITM-938812,,,Unknown,Unknown,,,,,False
eli/dl/event/MTG-PL-2025-10-21-VOT-ITM-974718,eli/dl/event/MTG-PL-2025-10-21-DEC-179786,2025-10-21T13:20:06+02:00,def/ep-decision-methods/VOTE_ELECTRONIC_ROLLCALL,def/ep-statuses/ADOPTED,642.0,471.0,123.0,Provisional agreement,False
eli/dl/event/MTG-PL-2025-12-18-VOT-ITM-978302,eli/dl/event/MTG-PL-2025-12-18-DEC-182985,,def/ep-decision-methods/VOTE_HAND,def/ep-statuses/ADOPTED,,,,,False
eli/dl/event/MTG-PL-2023-12-12-VOT-ITM-939831,,,Unknown,Unknown,,,,,False
eli/dl/event/MTG-PL-2023-12-13-VOT-ITM-939849,,,Unknown,Unknown,,,,,False
eli/dl/event/MTG-PL-2023-05-10-VOT-ITM-939067,,,Unknown,Unknown,,,,,False
eli/dl/event/MTG-PL-2024-01-16-VOT-ITM-939920,eli/dl/event/MTG-PL-2024-01-16-DEC-163072,2024-01-16T12:04:33+01:00,def/ep-decision-methods/VOTE_ELECTRONIC_ROLLCALL,def/ep-statuses/ADOPTED,597.0,521.0,19.0,Provisional agreement,False
eli/dl/event/MTG-PL-2026-06-17-VOT-ITM-992815,eli/dl/event/MTG-PL-2026-06-17-DEC-193570,,def/ep-decision-methods/VOTE_HAND,def/ep-statuses/REJECTED,,,,,False
eli/dl/event/MTG-PL-2024-02-27-VOT-ITM-940123,eli/dl/event/MTG-PL-2024-02-27-DEC-164493,2024-02-27T12:26:12+01:00,def/ep-decision-methods/VOTE_ELECTRONIC_ROLLCALL,def/ep-statuses/ADOPTED,628.0,587.0,8.0,Provisional agreement,False
eli/dl/event/MTG-PL-2024-03-12-VOT-ITM-941890,eli/dl/event/MTG-PL-2024-03-12-DEC-166228,2024-03-12T13:42:26+01:00,def/ep-decision-methods/VOTE_ELECTRONIC_ROLLCALL,def/ep-statuses/ADOPTED,602.0,517.0,59.0,,False
eli/dl/event/MTG-PL-2025-04-03-VOT-ITM-965469,eli/dl/event/MTG-PL-2025-04-03-DEC-174881,2025-04-03T13:09:52+02:00,def/ep-decision-methods/VOTE_ELECTRONIC_ROLLCALL,def/ep-statuses/ADOPTED,606.0,327.0,229.0,,False
eli/dl/event/MTG-PL-2023-12-12-VOT-ITM-939837,,,Unknown,Unknown,,,,,False
eli/dl/event/MTG-PL-2023-11-22-VOT-ITM-939716,,,Unknown,Unknown,,,,,False
eli/dl/event/MTG-PL-2023-11-09-VOT-ITM-939683,,,Unknown,Unknown,,,,,False
eli/dl/event/MTG-PL-2024-03-13-VOT-ITM-941748,eli/dl/event/MTG-PL-2024-03-13-DEC-166089,2024-03-13T12:18:56+01:00,def/ep-decision-methods/VOTE_ELECTRONIC_ROLLCALL,def/ep-statuses/ADOPTED,624.0,598.0,19.0,Provisional agreement,False
eli/dl/event/MTG-PL-2024-03-11-VOT-ITM-000001,eli/dl/event/MTG-PL-2024-03-11-DEC-166325,2024-03-11T17:14:32+01:00,def/ep-decision-methods/VOTE_ELECTRONIC_ROLLCALL,def/ep-statuses/REJECTED,299.0,67.0,232.0,,False
eli/dl/event/MTG-PL-2023-05-11-VOT-ITM-939130,,,Unknown,Unknown,,,,,False
eli/dl/event/MTG-PL-2025-04-01-VOT-ITM-965390,eli/dl/event/MTG-PL-2025-04-01-DEC-173694,,def/ep-decision-methods/VOTE_HAND,def/ep-statuses/ADOPTED,,,,,False
eli/dl/event/MTG-PL-2024-04-23-VOT-ITM-946118,eli/dl/event/MTG-PL-2024-04-23-DEC-168470,2024-04-23T13:37:44+02:00,def/ep-decision-methods/VOTE_ELECTRONIC_ROLLCALL,def/ep-statuses/ADOPTED,608.0,511.0,22.0,,False
eli/dl/event/MTG-PL-2023-12-14-VOT-ITM-939843,,,Unknown,Unknown,,,,,False
eli/dl/event/MTG-PL-2023-11-21-VOT-ITM-939709,,,Unknown,Unknown,,,,,False
eli/dl/event/MTG-PL-2024-04-10-VOT-ITM-000007,eli/dl/event/MTG-PL-2024-04-10-DEC-168153,2024-04-10T14:25:26+02:00,def/ep-decision-methods/VOTE_ELECTRONIC_ROLLCALL,def/ep-statuses/REJECTED,316.0,61.0,248.0,,False
eli/dl/event/MTG-PL-2024-04-24-VOT-ITM-945969,eli/dl/event/MTG-PL-2024-04-24-DEC-168307,2024-04-24T13:50:03+02:00,def/ep-decision-methods/VOTE_ELECTRONIC_ROLLCALL,def/ep-statuses/ADOPTED,628.0,374.0,235.0,Provisional agreement,False
eli/dl/event/MTG-PL-2024-04-23-VOT-ITM-945852,eli/dl/event/MTG-PL-2024-04-23-DEC-168328,2024-04-23T13:30:25+02:00,def/ep-decision-methods/VOTE_ELECTRONIC_ROLLCALL,def/ep-statuses/ADOPTED,616.0,594.0,7.0,Provisional agreement,False
eli/dl/event/MTG-PL-2025-05-07-VOT-ITM-965516,eli/dl/event/MTG-PL-2025-05-07-DEC-175679,2025-05-07T13:43:35+02:00,def/ep-decision-methods/VOTE_ELECTRONIC_ROLLCALL,def/ep-statuses/ADOPTED,651.0,423.0,81.0,Motion for a resolution,False
eli/dl/event/MTG-PL-2025-10-07-VOT-ITM-973330,eli/dl/event/MTG-PL-2025-10-07-DEC-179226,2025-10-07T13:27:33+02:00,def/ep-decision-methods/VOTE_ELECTRONIC_ROLLCALL,def/ep-statuses/ADOPTED,651.0,458.0,182.0,,False
eli/dl/event/MTG-PL-2025-11-24-VOT-ITM-000002,eli/dl/event/MTG-PL-2025-11-24-DEC-181826,2025-11-24T17:12:34+01:00,def/ep-decision-methods/VOTE_ELECTRONIC_ROLLCALL,def/ep-statuses/ADOPTED,437.0,301.0,103.0,,False
eli/dl/event/MTG-PL-2023-11-22-VOT-ITM-939724,,,Unknown,Unknown,,,,,False
eli/dl/event/MTG-PL-2024-01-16-VOT-ITM-939908,eli/dl/event/MTG-PL-2024-01-16-DEC-163178,,def/ep-decision-methods/VOTE_HAND,def/ep-statuses/ADOPTED,,,,,False
eli/dl/event/MTG-PL-2024-04-10-VOT-ITM-000005,eli/dl/event/MTG-PL-2024-04-10-DEC-168151,2024-04-10T14:21:36+02:00,def/ep-decision-methods/VOTE_ELECTRONIC_ROLLCALL,def/ep-statuses/REJECTED,343.0,58.0,279.0,,False
eli/dl/event/MTG-PL-2023-12-11-VOT-ITM-000005,eli/dl/event/MTG-PL-2023-12-11-DEC-162516,2023-12-11T17:26:22+01:00,def/ep-decision-methods/VOTE_ELECTRONIC_ROLLCALL,Unknown,,299.0,17.0,,False
eli/dl/event/MTG-PL-2024-04-10-VOT-ITM-944709,eli/dl/event/MTG-PL-2024-04-10-DEC-166934,2024-04-10T19:13:11+02:00,def/ep-decision-methods/VOTE_ELECTRONIC_ROLLCALL,def/ep-statuses/ADOPTED,602.0,451.0,47.0,,False
eli/dl/event/MTG-PL-2025-04-03-VOT-ITM-965471,eli/dl/event/MTG-PL-2025-04-03-DEC-174889,,def/ep-decision-methods/VOTE_HAND,def/ep-statuses/LAPSED,,,,Other motions for resolutions,False
eli/dl/event/MTG-PL-2026-05-19-VOT-ITM-990676,eli/dl/event/MTG-PL-2026-05-19-DEC-192432,,def/ep-decision-methods/VOTE_HAND,def/ep-statuses/ADOPTED,,,,Draft legislative resolution,False
eli/dl/event/MTG-PL-2023-07-12-VOT-ITM-939405,,,Unknown,Unknown,,,,,False
eli/dl/event/MTG-PL-2024-07-17-VOT-ITM-000002,eli/dl/event/MTG-PL-2024-07-17-DEC-169368,2024-07-17T10:11:42+02:00,def/ep-decision-methods/VOTE_ELECTRONIC_ROLLCALL,def/ep-statuses/REJECTED,471.0,119.0,337.0,,False
eli/dl/event/MTG-PL-2023-02-14-VOT-ITM-938686,,,Unknown,Unknown,,,,,False
eli/dl/event/MTG-PL-2024-02-28-VOT-ITM-940059,eli/dl/event/MTG-PL-2024-02-28-DEC-165472,,def/ep-decision-methods/VOTE_HAND,def/ep-statuses/ADOPTED,,,,,False
eli/dl/event/MTG-PL-2023-07-13-VOT-ITM-939381,,,Unknown,Unknown,,,,,False
eli/dl/event/MTG-PL-2025-11-13-VOT-ITM-975465,eli/dl/event/MTG-PL-2025-11-13-DEC-180628,,def/ep-decision-methods/VOTE_ELECTRONIC_SECRET,def/ep-statuses/ADOPTED,628.0,523.0,41.0,,False
eli/dl/event/MTG-PL-2023-03-15-VOT-ITM-938844,,,Unknown,Unknown,,,,,False
eli/dl/event/MTG-PL-2023-11-23-VOT-ITM-939721,,,Unknown,Unknown,,,,,False
eli/dl/event/MTG-PL-2025-11-25-VOT-ITM-976408,eli/dl/event/MTG-PL-2025-11-25-DEC-181831,2025-11-25T13:00:29+01:00,def/ep-decision-methods/VOTE_ELECTRONIC_ROLLCALL,def/ep-statuses/ADOPTED,600.0,426.0,157.0,"Motion for a resolution B10-0491/2025
(ENVI)",False
eli/dl/event/MTG-PL-2026-03-12-VOT-ITM-986299,eli/dl/event/MTG-PL-2026-03-12-DEC-189117,,def/ep-decision-methods/VOTE_HAND,def/ep-statuses/LAPSED,,,,Other motions for resolutions,False
eli/dl/event/MTG-PL-2025-05-07-VOT-ITM-965496,eli/dl/event/MTG-PL-2025-05-07-DEC-175954,2025-05-07T14:14:20+02:00,def/ep-decision-methods/VOTE_ELECTRONIC_ROLLCALL,def/ep-statuses/REJECTED,647.0,277.0,319.0,,False
eli/dl/event/MTG-PL-2026-06-16-VOT-ITM-992801,eli/dl/event/MTG-PL-2026-06-16-DEC-193492,2026-06-16T13:36:09+02:00,def/ep-decision-methods/VOTE_ELECTRONIC_ROLLCALL,def/ep-statuses/ADOPTED,660.0,560.0,75.0,Provisional agreement,False
eli/dl/event/MTG-PL-2025-10-07-VOT-ITM-973512,eli/dl/event/MTG-PL-2025-10-07-DEC-179413,,def/ep-decision-methods/VOTE_ELECTRONIC_SECRET,def/ep-statuses/ADOPTED,628.0,306.0,305.0,,False
eli/dl/event/MTG-PL-2023-02-02-VOT-ITM-938624,,,Unknown,Unknown,,,,,False
eli/dl/event/MTG-PL-2024-04-24-VOT-ITM-946131,eli/dl/event/MTG-PL-2024-04-24-DEC-168839,2024-04-24T13:25:40+02:00,def/ep-decision-methods/VOTE_ELECTRONIC_ROLLCALL,def/ep-statuses/REJECTED,626.0,274.0,271.0,Amendments to the Rules of Procedure,False
eli/dl/event/MTG-PL-2023-10-05-VOT-ITM-939566,,,Unknown,Unknown,,,,,False
eli/dl/event/MTG-PL-2025-07-08-VOT-ITM-965776,eli/dl/event/MTG-PL-2025-07-08-DEC-177831,,def/ep-decision-methods/VOTE_ELECTRONIC_ROLLCALL,def/ep-statuses/LAPSED,,,,Draft legislative act,False
eli/dl/event/MTG-PL-2023-04-19-VOT-ITM-938963,,,Unknown,Unknown,,,,,False
eli/dl/event/MTG-PL-2024-04-10-VOT-ITM-944795,eli/dl/event/MTG-PL-2024-04-10-DEC-167405,2024-04-10T19:13:29+02:00,def/ep-decision-methods/VOTE_ELECTRONIC_ROLLCALL,def/ep-statuses/ADOPTED,615.0,585.0,10.0,,False
eli/dl/event/MTG-PL-2024-02-08-VOT-ITM-939987,eli/dl/event/MTG-PL-2024-02-08-DEC-163742,2024-02-08T12:08:04+01:00,def/ep-decision-methods/VOTE_ELECTRONIC_ROLLCALL,def/ep-statuses/ADOPTED,555.0,451.0,94.0,Provisional agreement,False
eli/dl/event/MTG-PL-2026-04-29-VOT-ITM-989981,eli/dl/event/MTG-PL-2026-04-29-DEC-189929,2026-04-29T14:30:39+02:00,def/ep-decision-methods/VOTE_ELECTRONIC_ROLLCALL,def/ep-statuses/ADOPTED,647.0,631.0,6.0,,False
eli/dl/event/MTG-PL-2024-04-24-VOT-ITM-945988,eli/dl/event/MTG-PL-2024-04-24-DEC-168270,2024-04-24T13:53:07+02:00,def/ep-decision-methods/VOTE_ELECTRONIC_ROLLCALL,def/ep-statuses/ADOPTED,634.0,554.0,56.0,Provisional agreement,False
eli/dl/event/MTG-PL-2024-02-07-VOT-ITM-940023,eli/dl/event/MTG-PL-2024-02-07-DEC-164065,2024-02-07T12:55:08+01:00,def/ep-decision-methods/VOTE_ELECTRONIC_ROLLCALL,def/ep-statuses/ADOPTED,635.0,488.0,39.0,,False
eli/dl/event/MTG-PL-2025-04-01-VOT-ITM-965409,eli/dl/event/MTG-PL-2025-04-01-DEC-173685,,def/ep-decision-methods/VOTE_ELECTRONIC_SECRET,def/ep-statuses/ADOPTED,657.0,437.0,128.0,,False
eli/dl/event/MTG-PL-2023-02-01-VOT-ITM-000006,eli/dl/event/MTG-PL-2023-02-01-DEC-152430,2023-02-01T15:18:25+01:00,def/ep-decision-methods/VOTE_ELECTRONIC_ROLLCALL,Unknown,,78.0,328.0,,False
eli/dl/event/MTG-PL-2023-06-13-VOT-ITM-939224,,,Unknown,Unknown,,,,,False
eli/dl/event/MTG-PL-2026-07-07-VOT-ITM-992949,eli/dl/event/MTG-PL-2026-07-07-DEC-195207,2026-07-07T13:49:47+02:00,def/ep-decision-methods/VOTE_ELECTRONIC_ROLLCALL,def/ep-statuses/REJECTED,658.0,283.0,341.0,,False
eli/dl/event/MTG-PL-2025-03-11-VOT-ITM-965279,eli/dl/event/MTG-PL-2025-03-11-DEC-172102,2025-03-11T12:56:14+01:00,def/ep-decision-methods/VOTE_ELECTRONIC_ROLLCALL,def/ep-statuses/ADOPTED,660.0,499.0,117.0,Provisional agreement,False
eli/dl/event/MTG-PL-2024-02-05-VOT-ITM-000003,eli/dl/event/MTG-PL-2024-02-05-DEC-164068,2024-02-05T17:17:04+01:00,def/ep-decision-methods/VOTE_ELECTRONIC_ROLLCALL,def/ep-statuses/REJECTED,349.0,77.0,249.0,,False
eli/dl/event/MTG-PL-2025-11-25-VOT-ITM-976406,eli/dl/event/MTG-PL-2025-11-25-DEC-181829,2025-11-25T12:58:40+01:00,def/ep-decision-methods/VOTE_ELECTRONIC_ROLLCALL,def/ep-statuses/ADOPTED,643.0,453.0,171.0,"Motion for a resolution B10-0489/2025
(ENVI)",False
eli/dl/event/MTG-PL-2023-01-19-VOT-ITM-938543,,,Unknown,Unknown,,,,,False
eli/dl/event/MTG-PL-2024-03-11-VOT-ITM-000005,eli/dl/event/MTG-PL-2024-03-11-DEC-166329,,def/ep-decision-methods/VOTE_ELECTRONIC,def/ep-statuses/ADOPTED,314.0,191.0,102.0,,False
eli/dl/event/MTG-PL-2025-04-02-VOT-ITM-965386,eli/dl/event/MTG-PL-2025-04-02-DEC-174484,,def/ep-decision-methods/VOTE_HAND,def/ep-statuses/LAPSED,,,,,False
eli/dl/event/MTG-PL-2024-04-11-VOT-ITM-944673,eli/dl/event/MTG-PL-2024-04-11-DEC-167080,2024-04-11T13:09:42+02:00,def/ep-decision-methods/VOTE_ELECTRONIC_ROLLCALL,def/ep-statuses/ADOPTED,607.0,557.0,39.0,Motion for a resolution,False
eli/dl/event/MTG-PL-2024-04-11-VOT-ITM-943260,eli/dl/event/MTG-PL-2024-04-11-DEC-168065,2024-04-11T13:21:53+02:00,def/ep-decision-methods/VOTE_ELECTRONIC_ROLLCALL,def/ep-statuses/REJECTED,602.0,247.0,335.0,Motion for a resolution,False
eli/dl/event/MTG-PL-2023-12-13-VOT-ITM-939830,,,Unknown,Unknown,,,,,False
eli/dl/event/MTG-PL-2024-04-23-VOT-ITM-946078,eli/dl/event/MTG-PL-2024-04-23-DEC-168293,,def/ep-decision-methods/VOTE_HAND,def/ep-statuses/ADOPTED,,,,,False
eli/dl/event/MTG-PL-2024-03-12-VOT-ITM-941763,eli/dl/event/MTG-PL-2024-03-12-DEC-166283,,def/ep-decision-methods/VOTE_ELECTRONIC_ROLLCALL,def/ep-statuses/LAPSED,,,,,False
eli/dl/event/MTG-PL-2023-09-14-VOT-ITM-939484,,,Unknown,Unknown,,,,,False
eli/dl/event/MTG-PL-2026-03-26-VOT-ITM-987079,eli/dl/event/MTG-PL-2026-03-26-DEC-189898,,Auto-adopted,Approved,,,,,False
eli/dl/event/MTG-PL-2026-01-20-VOT-ITM-981672,eli/dl/event/MTG-PL-2026-01-20-DEC-183461,2026-01-20T13:13:21+01:00,def/ep-decision-methods/VOTE_ELECTRONIC_ROLLCALL,def/ep-statuses/ADOPTED,649.0,419.0,193.0,,False
eli/dl/event/MTG-PL-2026-04-28-VOT-ITM-989991,eli/dl/event/MTG-PL-2026-04-28-DEC-189916,2026-04-28T14:01:27+02:00,def/ep-decision-methods/VOTE_ELECTRONIC_ROLLCALL,def/ep-statuses/ADOPTED,659.0,566.0,67.0,Provisional agreement,False
eli/dl/event/MTG-PL-2025-05-07-VOT-ITM-965503,eli/dl/event/MTG-PL-2025-05-07-DEC-175922,2025-05-07T13:45:20+02:00,def/ep-decision-methods/VOTE_ELECTRONIC_ROLLCALL,def/ep-statuses/ADOPTED,661.0,537.0,101.0,Motion for a resolution,False
eli/dl/event/MTG-PL-2026-07-08-VOT-ITM-992945,eli/dl/event/MTG-PL-2026-07-08-DEC-195396,2026-07-08T13:20:57+02:00,def/ep-decision-methods/VOTE_ELECTRONIC_ROLLCALL,def/ep-statuses/REJECTED,666.0,129.0,529.0,,False
eli/dl/event/MTG-PL-2023-12-11-VOT-ITM-000003,eli/dl/event/MTG-PL-2023-12-11-DEC-162514,2023-12-11T17:21:05+01:00,def/ep-decision-methods/VOTE_ELECTRONIC_ROLLCALL,Unknown,,288.0,28.0,,False
eli/dl/event/MTG-PL-2026-06-16-VOT-ITM-992800,eli/dl/event/MTG-PL-2026-06-16-DEC-193490,,def/ep-decision-methods/VOTE_HAND,def/ep-statuses/ADOPTED,,,,,False
eli/dl/event/MTG-PL-2023-02-15-VOT-ITM-938661,,,Unknown,Unknown,,,,,False
eli/dl/event/MTG-PL-2024-11-26-VOT-ITM-964971,eli/dl/event/MTG-PL-2024-11-26-DEC-170630,2024-11-26T12:13:20+01:00,def/ep-decision-methods/VOTE_ELECTRONIC_ROLLCALL,def/ep-statuses/REJECTED,632.0,270.0,290.0,"Motion for a resolution B10-0152/2024
(ENVI Committee)",False
eli/dl/event/MTG-PL-2023-05-10-VOT-ITM-939043,,,Unknown,Unknown,,,,,False
eli/dl/event/MTG-PL-2025-12-18-VOT-ITM-978998,eli/dl/event/MTG-PL-2025-12-18-DEC-182963,2025-12-18T12:07:58+01:00,def/ep-decision-methods/VOTE_ELECTRONIC_ROLLCALL,def/ep-statuses/ADOPTED,577.0,535.0,,"Joint motion for a resolution RC-B10-0568/2025 (PPE, S&D, ECR, Renew, Verts/ALE, The Left)",False
eli/dl/event/MTG-PL-2023-09-12-VOT-ITM-939445,,,Unknown,Unknown,,,,,False
eli/dl/event/MTG-PL-2026-03-10-VOT-ITM-986095,eli/dl/event/MTG-PL-2026-03-10-DEC-186902,2026-03-10T13:16:47+01:00,def/ep-decision-methods/VOTE_ELECTRONIC_ROLLCALL,def/ep-statuses/ADOPTED,629.0,493.0,92.0,,False
eli/dl/event/MTG-PL-2025-11-13-VOT-ITM-975466,eli/dl/event/MTG-PL-2025-11-13-DEC-180629,,def/ep-decision-methods/VOTE_ELECTRONIC_SECRET,def/ep-statuses/ADOPTED,632.0,419.0,192.0,,False
eli/dl/event/MTG-PL-2024-02-07-VOT-ITM-940030,eli/dl/event/MTG-PL-2024-02-07-DEC-164216,2024-02-07T12:52:16+01:00,def/ep-decision-methods/VOTE_ELECTRONIC_ROLLCALL,def/ep-statuses/ADOPTED,629.0,496.0,111.0,,False
eli/dl/event/MTG-PL-2024-04-11-VOT-ITM-943064,eli/dl/event/MTG-PL-2024-04-11-DEC-167090,,def/ep-decision-methods/VOTE_HAND,def/ep-statuses/ADOPTED,,,,Decision on discharge,False
eli/dl/event/MTG-PL-2026-02-12-VOT-ITM-983439,eli/dl/event/MTG-PL-2026-02-12-DEC-184783,2026-02-12T12:24:08+01:00,def/ep-decision-methods/VOTE_ELECTRONIC_ROLLCALL,def/ep-statuses/ADOPTED,579.0,397.0,133.0,,False
eli/dl/event/MTG-PL-2024-12-18-VOT-ITM-965072,eli/dl/event/MTG-PL-2024-12-18-DEC-171158,2024-12-18T12:20:50+01:00,def/ep-decision-methods/VOTE_ELECTRONIC_ROLLCALL,def/ep-statuses/ADOPTED,652.0,545.0,81.0,,False
eli/dl/event/MTG-PL-2023-04-18-VOT-ITM-938951,,,Unknown,Unknown,,,,,False
eli/dl/event/MTG-PL-2024-04-11-VOT-ITM-944663,eli/dl/event/MTG-PL-2024-04-11-DEC-167136,,def/ep-decision-methods/VOTE_HAND,def/ep-statuses/ADOPTED,,,,Decision on discharge,False
eli/dl/event/MTG-PL-2023-01-19-VOT-ITM-938544,,,Unknown,Unknown,,,,,False
eli/dl/event/MTG-PL-2023-11-23-VOT-ITM-939725,,,Unknown,Unknown,,,,,False
eli/dl/event/MTG-PL-2024-03-13-VOT-ITM-942299,eli/dl/event/MTG-PL-2024-03-13-DEC-166335,2024-03-13T17:15:44+01:00,def/ep-decision-methods/VOTE_ELECTRONIC_ROLLCALL,def/ep-statuses/ADOPTED,581.0,459.0,65.0,,False
eli/dl/event/MTG-PL-2024-04-24-VOT-ITM-945921,eli/dl/event/MTG-PL-2024-04-24-DEC-168346,,def/ep-decision-methods/VOTE_ELECTRONIC_ROLLCALL,def/ep-statuses/LAPSED,,,,Draft legislative act,False
eli/dl/event/MTG-PL-2023-10-18-VOT-ITM-939623,,,Unknown,Unknown,,,,,False
eli/dl/event/MTG-PL-2023-03-30-VOT-ITM-938907,,,Unknown,Unknown,,,,,False
eli/dl/event/MTG-PL-2024-04-11-VOT-ITM-942509,eli/dl/event/MTG-PL-2024-04-11-DEC-167610,,def/ep-decision-methods/VOTE_HAND,def/ep-statuses/REJECTED,,,,Motion for a resolution,False
eli/dl/event/MTG-PL-2026-07-08-VOT-ITM-992911,eli/dl/event/MTG-PL-2026-07-08-DEC-194918,2026-07-08T13:24:34+02:00,def/ep-decision-methods/VOTE_ELECTRONIC_ROLLCALL,def/ep-statuses/ADOPTED,645.0,573.0,35.0,,False
eli/dl/event/MTG-PL-2023-11-22-VOT-ITM-939768,,,Unknown,Unknown,,,,,False
eli/dl/event/MTG-PL-2026-02-12-VOT-ITM-983758,eli/dl/event/MTG-PL-2026-02-12-DEC-184432,,def/ep-decision-methods/VOTE_HAND,def/ep-statuses/ADOPTED,,,,"Motion for a resolution B10-0102/2026
(JURI Committee)",False
eli/dl/event/MTG-PL-2024-04-10-VOT-ITM-944658,eli/dl/event/MTG-PL-2024-04-10-DEC-166961,2024-04-10T18:37:51+02:00,def/ep-decision-methods/VOTE_ELECTRONIC_ROLLCALL,def/ep-statuses/ADOPTED,623.0,505.0,40.0,Provisional agreement,False
eli/dl/event/MTG-PL-2023-06-15-VOT-ITM-939286,,,Unknown,Unknown,,,,,False
eli/dl/event/MTG-PL-2024-11-27-VOT-ITM-964975,eli/dl/event/MTG-PL-2024-11-27-DEC-170621,2024-11-27T12:29:55+01:00,def/ep-decision-methods/VOTE_ELECTRONIC_ROLLCALL,def/ep-statuses/ADOPTED,670.0,418.0,185.0,,False
eli/dl/event/MTG-PL-2024-10-22-VOT-ITM-962879,eli/dl/event/MTG-PL-2024-10-22-DEC-170219,,Auto-adopted,Approved,,,,,False
eli/dl/event/MTG-PL-2025-11-25-VOT-ITM-976304,eli/dl/event/MTG-PL-2025-11-25-DEC-181669,2025-11-25T12:33:32+01:00,def/ep-decision-methods/VOTE_ELECTRONIC_ROLLCALL,def/ep-statuses/REJECTED,643.0,171.0,445.0,,False
eli/dl/event/MTG-PL-2024-04-25-VOT-ITM-946513,eli/dl/event/MTG-PL-2024-04-25-DEC-169236,2024-04-25T13:49:51+02:00,def/ep-decision-methods/VOTE_ELECTRONIC_ROLLCALL,def/ep-statuses/ADOPTED,505.0,274.0,207.0,"Joint motion for a resolution RC-B9-0262/2024 (PPE, S&D, Renew, Verts/ALE, ECR)",False
eli/dl/event/MTG-PL-2024-11-14-VOT-ITM-964547,eli/dl/event/MTG-PL-2024-11-14-DEC-170469,2024-11-14T11:10:52+01:00,def/ep-decision-methods/VOTE_ELECTRONIC_ROLLCALL,def/ep-statuses/ADOPTED,630.0,308.0,303.0,,False
eli/dl/event/MTG-PL-2025-11-13-VOT-ITM-975419,eli/dl/event/MTG-PL-2025-11-13-DEC-180978,2025-11-13T11:52:24+01:00,def/ep-decision-methods/VOTE_ELECTRONIC_ROLLCALL,def/ep-statuses/REJECTED,632.0,73.0,548.0,,False
eli/dl/event/MTG-PL-2025-12-16-VOT-ITM-978316,eli/dl/event/MTG-PL-2025-12-16-DEC-182645,2025-12-16T13:14:14+01:00,def/ep-decision-methods/VOTE_ELECTRONIC_ROLLCALL,def/ep-statuses/ADOPTED,656.0,417.0,131.0,,False
eli/dl/event/MTG-PL-2025-04-03-VOT-ITM-965466,eli/dl/event/MTG-PL-2025-04-03-DEC-174977,2025-04-03T13:22:31+02:00,def/ep-decision-methods/VOTE_ELECTRONIC_ROLLCALL,def/ep-statuses/ADOPTED,598.0,424.0,54.0,"Joint motion for a resolution RC-B10-0220/2025
(PPE, S&D, ECR, Renew, Verts/ALE)",False
eli/dl/event/MTG-PL-2025-03-31-VOT-ITM-000003,eli/dl/event/MTG-PL-2025-03-31-DEC-174287,2025-03-31T18:18:40+02:00,def/ep-decision-methods/VOTE_ELECTRONIC_ROLLCALL,def/ep-statuses/REJECTED,451.0,110.0,335.0,,False
eli/dl/event/MTG-PL-2023-05-10-VOT-ITM-939021,,,Unknown,Unknown,,,,,False
eli/dl/event/MTG-PL-2026-02-12-VOT-ITM-984194,eli/dl/event/MTG-PL-2026-02-12-DEC-185240,,def/ep-decision-methods/VOTE_HAND,def/ep-statuses/LAPSED,,,,Other motions for resolutions,False
eli/dl/event/MTG-PL-2023-02-02-VOT-ITM-938583,,,Unknown,Unknown,,,,,False
eli/dl/event/MTG-PL-2023-06-15-VOT-ITM-939308,,,Unknown,Unknown,,,,,False
eli/dl/event/MTG-PL-2023-09-12-VOT-ITM-939469,,,Unknown,Unknown,,,,,False
eli/dl/event/MTG-PL-2023-05-10-VOT-ITM-939104,,,Unknown,Unknown,,,,,False
eli/dl/event/MTG-PL-2025-01-23-VOT-ITM-965185,eli/dl/event/MTG-PL-2025-01-23-DEC-171605,,def/ep-decision-methods/VOTE_HAND,def/ep-statuses/ADOPTED,,,,"Joint motion for a resolution RC-B10-0066/2025
(PPE, S&D, ECR, Renew, Verts/ALE)",False
eli/dl/event/MTG-PL-2023-01-19-VOT-ITM-938505,,,Unknown,Unknown,,,,,False
eli/dl/event/MTG-PL-2024-04-23-VOT-ITM-946063,eli/dl/event/MTG-PL-2024-04-23-DEC-168337,2024-04-23T13:35:38+02:00,def/ep-decision-methods/VOTE_ELECTRONIC_ROLLCALL,def/ep-statuses/ADOPTED,610.0,484.0,8.0,,False
eli/dl/event/MTG-PL-2024-11-14-VOT-ITM-964548,eli/dl/event/MTG-PL-2024-11-14-DEC-170484,,def/ep-decision-methods/VOTE_HAND,def/ep-statuses/ADOPTED,,,,"Joint motion for a resolution RC-B10-0161/2024
(PPE, S&D, ECR, Renew, Verts/ALE, Members)",False
eli/dl/event/MTG-PL-2024-04-11-VOT-ITM-944637,eli/dl/event/MTG-PL-2024-04-11-DEC-167229,,def/ep-decision-methods/VOTE_HAND,def/ep-statuses/ADOPTED,,,,Decision on discharge,False
eli/dl/event/MTG-PL-2024-04-10-VOT-ITM-944519,eli/dl/event/MTG-PL-2024-04-10-DEC-166804,2024-04-10T18:38:37+02:00,def/ep-decision-methods/VOTE_ELECTRONIC_ROLLCALL,def/ep-statuses/ADOPTED,621.0,530.0,63.0,Provisional agreement,False
eli/dl/event/MTG-PL-2024-01-16-VOT-ITM-939928,eli/dl/event/MTG-PL-2024-01-16-DEC-162985,2024-01-16T12:19:05+01:00,def/ep-decision-methods/VOTE_ELECTRONIC_ROLLCALL,def/ep-statuses/ADOPTED,615.0,559.0,20.0,,False
eli/dl/event/MTG-PL-2026-06-17-VOT-ITM-992832,eli/dl/event/MTG-PL-2026-06-17-DEC-194015,2026-06-17T14:00:18+02:00,def/ep-decision-methods/VOTE_ELECTRONIC_ROLLCALL,def/ep-statuses/REJECTED,659.0,287.0,352.0,,False
eli/dl/event/MTG-PL-2023-09-12-VOT-ITM-939458,,,Unknown,Unknown,,,,,False
eli/dl/event/MTG-PL-2024-02-29-VOT-ITM-940087,eli/dl/event/MTG-PL-2024-02-29-DEC-165834,2024-02-29T12:08:31+01:00,def/ep-decision-methods/VOTE_ELECTRONIC_ROLLCALL,def/ep-statuses/REJECTED,548.0,76.0,430.0,,False
eli/dl/event/MTG-PL-2024-02-29-VOT-ITM-940359,eli/dl/event/MTG-PL-2024-02-29-DEC-164961,2024-02-29T12:04:10+01:00,def/ep-decision-methods/VOTE_ELECTRONIC_ROLLCALL,def/ep-statuses/ADOPTED,508.0,366.0,86.0,,False
eli/dl/event/MTG-PL-2023-06-01-VOT-ITM-939204,,,Unknown,Unknown,,,,,False
eli/dl/event/MTG-PL-2024-02-08-VOT-ITM-940004,eli/dl/event/MTG-PL-2024-02-08-DEC-164388,,def/ep-decision-methods/VOTE_HAND,def/ep-statuses/ADOPTED,,,,"Motion for a resolution B9-0096/2024
(AFET, ITRE committees)",False
eli/dl/event/MTG-PL-2024-03-14-VOT-ITM-941853,eli/dl/event/MTG-PL-2024-03-14-DEC-166243,2024-03-14T12:24:07+01:00,def/ep-decision-methods/VOTE_ELECTRONIC_ROLLCALL,def/ep-statuses/ADOPTED,553.0,550.0,1.0,,False
eli/dl/event/MTG-PL-2025-05-22-VOT-ITM-965605,eli/dl/event/MTG-PL-2025-05-22-DEC-176744,,def/ep-decision-methods/VOTE_ELECTRONIC_SECRET,def/ep-statuses/ADOPTED,591.0,460.0,72.0,,False
eli/dl/event/MTG-PL-2023-06-01-VOT-ITM-939186,,,Unknown,Unknown,,,,,False
eli/dl/event/MTG-PL-2023-12-12-VOT-ITM-939828,,,Unknown,Unknown,,,,,False
eli/dl/event/MTG-PL-2024-02-08-VOT-ITM-940027,eli/dl/event/MTG-PL-2024-02-08-DEC-164401,2024-02-08T12:21:45+01:00,def/ep-decision-methods/VOTE_ELECTRONIC_ROLLCALL,def/ep-statuses/ADOPTED,537.0,313.0,209.0,"Joint motion for a resolution RC-B9-0124/2024
(PPE, S&D, Renew, Verts/ALE, ECR, Members)",False
eli/dl/event/MTG-PL-2023-10-03-VOT-ITM-939518,,,Unknown,Unknown,,,,,False
eli/dl/event/MTG-PL-2024-04-24-VOT-ITM-946140,eli/dl/event/MTG-PL-2024-04-24-DEC-168702,2024-04-24T13:43:44+02:00,def/ep-decision-methods/VOTE_ELECTRONIC_ROLLCALL,def/ep-statuses/REJECTED,619.0,189.0,390.0,Proposal to reject the Commission proposal,False
eli/dl/event/MTG-PL-2025-05-08-VOT-ITM-965545,eli/dl/event/MTG-PL-2025-05-08-DEC-176197,,def/ep-decision-methods/VOTE_HAND,def/ep-statuses/REJECTED,,,,"Motion for a resolution B10-0246/2025
(IMCO Committee)",False
eli/dl/event/MTG-PL-2024-04-10-VOT-ITM-944626,eli/dl/event/MTG-PL-2024-04-10-DEC-166852,2024-04-10T18:42:34+02:00,def/ep-decision-methods/VOTE_ELECTRONIC_ROLLCALL,def/ep-statuses/ADOPTED,622.0,492.0,82.0,Provisional agreement,False
eli/dl/event/MTG-PL-2023-04-18-VOT-ITM-938952,,,Unknown,Unknown,,,,,False
eli/dl/event/MTG-PL-2023-03-16-VOT-ITM-938864,,,Unknown,Unknown,,,,,False
eli/dl/event/MTG-PL-2023-09-12-VOT-ITM-939443,,,Unknown,Unknown,,,,,False
eli/dl/event/MTG-PL-2024-11-28-VOT-ITM-965046,eli/dl/event/MTG-PL-2024-11-28-DEC-170825,,def/ep-decision-methods/VOTE_HAND,def/ep-statuses/LAPSED,,,,Other motions for resolutions,False
eli/dl/event/MTG-PL-2024-02-29-VOT-ITM-940357,eli/dl/event/MTG-PL-2024-02-29-DEC-164797,2024-02-29T12:05:18+01:00,def/ep-decision-methods/VOTE_ELECTRONIC_ROLLCALL,def/ep-statuses/ADOPTED,546.0,376.0,114.0,,False
eli/dl/event/MTG-PL-2023-12-14-VOT-ITM-939844,,,Unknown,Unknown,,,,,False
eli/dl/event/MTG-PL-2023-05-10-VOT-ITM-939078,,,Unknown,Unknown,,,,,False
eli/dl/event/MTG-PL-2025-10-21-VOT-ITM-974720,eli/dl/event/MTG-PL-2025-10-21-DEC-179788,2025-10-21T13:20:34+02:00,def/ep-decision-methods/VOTE_ELECTRONIC_ROLLCALL,def/ep-statuses/ADOPTED,646.0,477.0,93.0,Provisional agreement,False
eli/dl/event/MTG-PL-2025-02-13-VOT-ITM-965228,eli/dl/event/MTG-PL-2025-02-13-DEC-171890,2025-02-13T12:39:57+01:00,def/ep-decision-methods/VOTE_ELECTRONIC_ROLLCALL,def/ep-statuses/REJECTED,438.0,194.0,225.0,"Joint motion for a resolution RC-B10-0126/2025
(PPE, S&D, ECR, Renew, Verts/ALE)",False
eli/dl/event/MTG-PL-2024-03-13-VOT-ITM-941852,eli/dl/event/MTG-PL-2024-03-13-DEC-166259,2024-03-13T12:34:57+01:00,def/ep-decision-methods/VOTE_ELECTRONIC_ROLLCALL,def/ep-statuses/ADOPTED,623.0,613.0,4.0,,False
eli/dl/event/MTG-PL-2025-07-08-VOT-ITM-965787,eli/dl/event/MTG-PL-2025-07-08-DEC-177765,,def/ep-decision-methods/VOTE_ELECTRONIC,def/ep-statuses/ADOPTED,639.0,357.0,266.0,"Motion for a resolution B10-0322/2025
(PETI)",False
eli/dl/event/MTG-PL-2026-05-20-VOT-ITM-990732,eli/dl/event/MTG-PL-2026-05-20-DEC-193024,,def/ep-decision-methods/VOTE_HAND,def/ep-statuses/ADOPTED,,,,"Motion for a resolution B10-0245/2026/REV1 (PPE, S&D, Renew, Verts/ALE, The Left)",False
eli/dl/event/MTG-PL-2025-05-06-VOT-ITM-965508,eli/dl/event/MTG-PL-2025-05-06-DEC-175025,2025-05-06T13:14:30+02:00,def/ep-decision-methods/VOTE_ELECTRONIC_ROLLCALL,def/ep-statuses/ADOPTED,646.0,514.0,126.0,,False
eli/dl/event/MTG-PL-2023-11-20-VOT-ITM-000001,eli/dl/event/MTG-PL-2023-11-20-DEC-161068,2023-11-20T17:16:36+01:00,def/ep-decision-methods/VOTE_ELECTRONIC_ROLLCALL,Unknown,,160.0,217.0,,False
eli/dl/event/MTG-PL-2025-09-10-VOT-ITM-970867,eli/dl/event/MTG-PL-2025-09-10-DEC-178817,,def/ep-decision-methods/VOTE_HAND,def/ep-statuses/ADOPTED,,,,,False
eli/dl/event/MTG-PL-2023-12-13-VOT-ITM-939840,,,Unknown,Unknown,,,,,False
eli/dl/event/MTG-PL-2026-02-10-VOT-ITM-983639,eli/dl/event/MTG-PL-2026-02-10-DEC-184118,2026-02-10T13:06:35+01:00,def/ep-decision-methods/VOTE_ELECTRONIC_ROLLCALL,def/ep-statuses/ADOPTED,647.0,613.0,5.0,,False
eli/dl/event/MTG-PL-2024-04-25-VOT-ITM-946511,eli/dl/event/MTG-PL-2024-04-25-DEC-169010,,def/ep-decision-methods/VOTE_HAND,def/ep-statuses/LAPSED,,,,Other motions for resolutions,False
eli/dl/event/MTG-PL-2026-07-09-VOT-ITM-992995,eli/dl/event/MTG-PL-2026-07-09-DEC-195719,2026-07-09T13:19:55+02:00,def/ep-decision-methods/VOTE_ELECTRONIC_ROLLCALL,def/ep-statuses/ADOPTED,607.0,416.0,169.0,,False
eli/dl/event/MTG-PL-2025-01-20-VOT-ITM-000001,eli/dl/event/MTG-PL-2025-01-20-DEC-171426,2025-01-20T17:14:56+01:00,def/ep-decision-methods/VOTE_ELECTRONIC_ROLLCALL,def/ep-statuses/REJECTED,427.0,108.0,313.0,,False
eli/dl/event/MTG-PL-2025-02-12-VOT-ITM-965208,eli/dl/event/MTG-PL-2025-02-12-DEC-171706,2025-02-12T12:07:39+01:00,def/ep-decision-methods/VOTE_ELECTRONIC_ROLLCALL,def/ep-statuses/ADOPTED,641.0,589.0,42.0,,False
eli/dl/event/MTG-PL-2023-10-18-VOT-ITM-939597,,,Unknown,Unknown,,,,,False
eli/dl/event/MTG-PL-2025-05-06-VOT-ITM-965486,eli/dl/event/MTG-PL-2025-05-06-DEC-175021,,def/ep-decision-methods/VOTE_HAND,def/ep-statuses/ADOPTED,,,,,False
eli/dl/event/MTG-PL-2023-05-10-VOT-ITM-939115,,,Unknown,Unknown,,,,,False
eli/dl/event/MTG-PL-2025-09-11-VOT-ITM-971243,eli/dl/event/MTG-PL-2025-09-11-DEC-178860,,def/ep-decision-methods/VOTE_HAND,def/ep-statuses/ADOPTED,,,,,False
eli/dl/event/MTG-PL-2025-11-27-VOT-ITM-976293,eli/dl/event/MTG-PL-2025-11-27-DEC-182054,2025-11-27T12:10:33+01:00,def/ep-decision-methods/VOTE_ELECTRONIC_ROLLCALL,def/ep-statuses/REJECTED,607.0,174.0,415.0,,False
eli/dl/event/MTG-PL-2024-04-10-VOT-ITM-944631,eli/dl/event/MTG-PL-2024-04-10-DEC-167669,,def/ep-decision-methods/VOTE_ELECTRONIC_ROLLCALL,def/ep-statuses/LAPSED,,,,Draft legislative act,False
eli/dl/event/MTG-PL-2026-05-21-VOT-ITM-990679,eli/dl/event/MTG-PL-2026-05-21-DEC-193092,2026-05-21T13:51:51+02:00,def/ep-decision-methods/VOTE_ELECTRONIC_ROLLCALL,def/ep-statuses/ADOPTED,533.0,286.0,182.0,,False
eli/dl/event/MTG-PL-2025-09-11-VOT-ITM-971229,eli/dl/event/MTG-PL-2025-09-11-DEC-178865,,def/ep-decision-methods/VOTE_HAND,def/ep-statuses/LAPSED,,,,Other motions for resolutions,False
eli/dl/event/MTG-PL-2026-03-10-VOT-ITM-986137,eli/dl/event/MTG-PL-2026-03-10-DEC-188559,2026-03-10T14:15:27+01:00,def/ep-decision-methods/VOTE_ELECTRONIC_ROLLCALL,def/ep-statuses/ADOPTED,605.0,283.0,262.0,"Motion for a resolution B10-0156/2026
(ITRE Committee) ",False
eli/dl/event/MTG-PL-2023-05-10-VOT-ITM-939020,,,Unknown,Unknown,,,,,False
eli/dl/event/MTG-PL-2025-10-20-VOT-ITM-000002,eli/dl/event/MTG-PL-2025-10-20-DEC-179910,2025-10-20T18:12:25+02:00,def/ep-decision-methods/VOTE_ELECTRONIC_ROLLCALL,def/ep-statuses/REJECTED,421.0,124.0,281.0,,False
eli/dl/event/MTG-PL-2026-03-10-VOT-ITM-986075,eli/dl/event/MTG-PL-2026-03-10-DEC-186120,,def/ep-decision-methods/VOTE_ELECTRONIC_SECRET,def/ep-statuses/ADOPTED,615.0,536.0,50.0,,False
eli/dl/event/MTG-PL-2025-10-08-VOT-ITM-973340,eli/dl/event/MTG-PL-2025-10-08-DEC-179219,2025-10-08T14:01:11+02:00,def/ep-decision-methods/VOTE_ELECTRONIC_ROLLCALL,def/ep-statuses/ADOPTED,639.0,577.0,47.0,,False
eli/dl/event/MTG-PL-2026-02-10-VOT-ITM-983545,eli/dl/event/MTG-PL-2026-02-10-DEC-184142,,def/ep-decision-methods/VOTE_HAND,def/ep-statuses/REJECTED,,,,,False
eli/dl/event/MTG-PL-2024-04-24-VOT-ITM-945989,eli/dl/event/MTG-PL-2024-04-24-DEC-168286,2024-04-24T18:38:43+02:00,def/ep-decision-methods/VOTE_ELECTRONIC_ROLLCALL,def/ep-statuses/ADOPTED,588.0,530.0,5.0,Provisional agreement,False
eli/dl/event/MTG-PL-2024-04-10-VOT-ITM-944771,eli/dl/event/MTG-PL-2024-04-10-DEC-167417,2024-04-10T19:14:02+02:00,def/ep-decision-methods/VOTE_ELECTRONIC_ROLLCALL,def/ep-statuses/ADOPTED,605.0,493.0,5.0,,False
eli/dl/event/MTG-PL-2023-10-04-VOT-ITM-939515,,,Unknown,Unknown,,,,,False
eli/dl/event/MTG-PL-2025-03-11-VOT-ITM-965274,eli/dl/event/MTG-PL-2025-03-11-DEC-172112,,def/ep-decision-methods/VOTE_ELECTRONIC_SECRET,def/ep-statuses/ADOPTED,619.0,539.0,43.0,,False
eli/dl/event/MTG-PL-2025-11-27-VOT-ITM-976862,eli/dl/event/MTG-PL-2025-11-27-DEC-182104,,def/ep-decision-methods/VOTE_HAND,def/ep-statuses/LAPSED,,,,Other motions for resolutions,False
eli/dl/event/MTG-PL-2024-11-26-VOT-ITM-964973,eli/dl/event/MTG-PL-2024-11-26-DEC-170624,2024-11-26T12:08:16+01:00,def/ep-decision-methods/VOTE_ELECTRONIC_ROLLCALL,def/ep-statuses/ADOPTED,658.0,474.0,171.0,"Motion for a resolution B10-0148/2024
(ENVI Committee)",False
eli/dl/event/MTG-PL-2026-04-28-VOT-ITM-989959,eli/dl/event/MTG-PL-2026-04-28-DEC-190049,,def/ep-decision-methods/VOTE_HAND,def/ep-statuses/REJECTED,,,,,False
eli/dl/event/MTG-PL-2024-04-22-VOT-ITM-000003,eli/dl/event/MTG-PL-2024-04-22-DEC-168686,2024-04-22T18:26:24+02:00,def/ep-decision-methods/VOTE_ELECTRONIC_ROLLCALL,def/ep-statuses/REJECTED,324.0,146.0,169.0,,False
eli/dl/event/MTG-PL-2024-04-25-VOT-ITM-946512,eli/dl/event/MTG-PL-2024-04-25-DEC-169121,,def/ep-decision-methods/VOTE_ELECTRONIC,def/ep-statuses/ADOPTED,539.0,298.0,236.0,Proposal for a decision,False
eli/dl/event/MTG-PL-2024-04-25-VOT-ITM-946504,eli/dl/event/MTG-PL-2024-04-25-DEC-169048,,def/ep-decision-methods/VOTE_HAND,def/ep-statuses/LAPSED,,,,Other motions for resolutions,False
eli/dl/event/MTG-PL-2023-05-11-VOT-ITM-939127,,,Unknown,Unknown,,,,,False
eli/dl/event/MTG-PL-2023-10-19-VOT-ITM-939589,,,Unknown,Unknown,,,,,False
eli/dl/event/MTG-PL-2026-03-12-VOT-ITM-986228,eli/dl/event/MTG-PL-2026-03-12-DEC-189161,,def/ep-decision-methods/VOTE_HAND,def/ep-statuses/LAPSED,,,,Other motions for resolutions,False
eli/dl/event/MTG-PL-2025-11-13-VOT-ITM-975493,eli/dl/event/MTG-PL-2025-11-13-DEC-181343,2025-11-13T10:47:16+01:00,def/ep-decision-methods/VOTE_ELECTRONIC_ROLLCALL,def/ep-statuses/ADOPTED,640.0,605.0,30.0,Motion for a resolution,False
eli/dl/event/MTG-PL-2026-02-12-VOT-ITM-984110,eli/dl/event/MTG-PL-2026-02-12-DEC-185254,,def/ep-decision-methods/VOTE_HAND,def/ep-statuses/LAPSED,,,,Other motions for resolutions,False
eli/dl/event/MTG-PL-2025-03-12-VOT-ITM-965285,eli/dl/event/MTG-PL-2025-03-12-DEC-172618,2025-03-12T12:37:05+01:00,def/ep-decision-methods/VOTE_ELECTRONIC_ROLLCALL,def/ep-statuses/ADOPTED,669.0,423.0,160.0,"Joint motion for a resolution RC-B10-0156/2025
(PPE, S&D, ECR, Renew, Verts/ALE, Members)",False
eli/dl/event/MTG-PL-2025-05-21-VOT-ITM-408272,eli/dl/event/MTG-PL-2025-05-21-DEC-176947,,def/ep-decision-methods/VOTE_HAND,def/ep-statuses/ADOPTED,,,,,False
eli/dl/event/MTG-PL-2026-06-17-VOT-ITM-992874,eli/dl/event/MTG-PL-2026-06-17-DEC-194440,2026-06-17T13:48:58+02:00,def/ep-decision-methods/VOTE_ELECTRONIC_ROLLCALL,def/ep-statuses/REJECTED,657.0,270.0,349.0,,False
eli/dl/event/MTG-PL-2023-05-09-VOT-ITM-939069,,,Unknown,Unknown,,,,,False
eli/dl/event/MTG-PL-2024-04-10-VOT-ITM-944533,eli/dl/event/MTG-PL-2024-04-10-DEC-167758,,def/ep-decision-methods/VOTE_HAND,def/ep-statuses/ADOPTED,,,,,False
eli/dl/event/MTG-PL-2024-04-11-VOT-ITM-943066,eli/dl/event/MTG-PL-2024-04-11-DEC-167100,2024-04-11T13:17:12+02:00,def/ep-decision-methods/VOTE_ELECTRONIC_ROLLCALL,def/ep-statuses/ADOPTED,603.0,559.0,22.0,Motion for a resolution,False
eli/dl/event/MTG-PL-2025-12-17-VOT-ITM-978515,eli/dl/event/MTG-PL-2025-12-17-DEC-182704,2025-12-17T12:28:58+01:00,def/ep-decision-methods/VOTE_ELECTRONIC_ROLLCALL,def/ep-statuses/REJECTED,660.0,230.0,402.0,"Motion for a resolution B10-0566/2025 (S&D, Verts/ALE, The Left)",False
eli/dl/event/MTG-PL-2023-06-01-VOT-ITM-939203,,,Unknown,Unknown,,,,,False
eli/dl/event/MTG-PL-2023-05-10-VOT-ITM-939068,,,Unknown,Unknown,,,,,False
eli/dl/event/MTG-PL-2024-02-28-VOT-ITM-940105,eli/dl/event/MTG-PL-2024-02-28-DEC-165312,,def/ep-decision-methods/VOTE_ELECTRONIC,def/ep-statuses/ADOPTED,609.0,362.0,234.0,,False
eli/dl/event/MTG-PL-2026-04-28-VOT-ITM-989994,eli/dl/event/MTG-PL-2026-04-28-DEC-190541,,def/ep-decision-methods/VOTE_ELECTRONIC,def/ep-statuses/ADOPTED,646.0,444.0,194.0,,False
eli/dl/event/MTG-PL-2023-07-13-VOT-ITM-939385,,,Unknown,Unknown,,,,,False
eli/dl/event/MTG-PL-2026-05-20-VOT-ITM-990693,eli/dl/event/MTG-PL-2026-05-20-DEC-192737,2026-05-20T13:25:19+02:00,def/ep-decision-methods/VOTE_ELECTRONIC_ROLLCALL,def/ep-statuses/REJECTED,642.0,114.0,447.0,,False
eli/dl/event/MTG-PL-2024-04-24-VOT-ITM-946068,eli/dl/event/MTG-PL-2024-04-24-DEC-168353,2024-04-24T13:54:24+02:00,def/ep-decision-methods/VOTE_ELECTRONIC_ROLLCALL,def/ep-statuses/ADOPTED,629.0,547.0,33.0,,False
eli/dl/event/MTG-PL-2025-12-18-VOT-ITM-978314,eli/dl/event/MTG-PL-2025-12-18-DEC-183005,2025-12-18T12:18:43+01:00,def/ep-decision-methods/VOTE_ELECTRONIC_ROLLCALL,def/ep-statuses/REJECTED,583.0,217.0,365.0,,False
eli/dl/event/MTG-PL-2023-12-11-VOT-ITM-000007,eli/dl/event/MTG-PL-2023-12-11-DEC-162518,2023-12-11T17:33:21+01:00,def/ep-decision-methods/VOTE_ELECTRONIC_ROLLCALL,Unknown,,54.0,252.0,,False
eli/dl/event/MTG-PL-2026-06-17-VOT-ITM-992855,eli/dl/event/MTG-PL-2026-06-17-DEC-194134,2026-06-17T13:51:57+02:00,def/ep-decision-methods/VOTE_ELECTRONIC_ROLLCALL,def/ep-statuses/ADOPTED,666.0,418.0,218.0,Provisional agreement,False
eli/dl/event/MTG-PL-2025-10-21-VOT-ITM-974710,eli/dl/event/MTG-PL-2025-10-21-DEC-179800,,def/ep-decision-methods/VOTE_HAND,def/ep-statuses/ADOPTED,,,,,False
eli/dl/event/MTG-PL-2024-11-27-VOT-ITM-964986,eli/dl/event/MTG-PL-2024-11-27-DEC-170611,2024-11-27T12:24:05+01:00,def/ep-decision-methods/VOTE_ELECTRONIC_ROLLCALL,def/ep-statuses/ADOPTED,688.0,370.0,282.0,,False
eli/dl/event/MTG-PL-2026-05-21-VOT-ITM-991090,eli/dl/event/MTG-PL-2026-05-21-DEC-193375,,def/ep-decision-methods/VOTE_HAND,def/ep-statuses/LAPSED,,,,Other motions for resolutions,False
eli/dl/event/MTG-PL-2025-10-08-VOT-ITM-973826,eli/dl/event/MTG-PL-2025-10-08-DEC-179481,2025-10-08T13:54:46+02:00,def/ep-decision-methods/VOTE_ELECTRONIC_ROLLCALL,def/ep-statuses/ADOPTED,634.0,594.0,38.0,,False
eli/dl/event/MTG-PL-2024-04-24-VOT-ITM-945994,eli/dl/event/MTG-PL-2024-04-24-DEC-168311,2024-04-24T13:39:19+02:00,def/ep-decision-methods/VOTE_ELECTRONIC_ROLLCALL,def/ep-statuses/ADOPTED,624.0,408.0,63.0,Provisional agreement,False
eli/dl/event/MTG-PL-2026-03-26-VOT-ITM-987119,eli/dl/event/MTG-PL-2026-03-26-DEC-189594,2026-03-26T11:24:18+01:00,def/ep-decision-methods/VOTE_ELECTRONIC_ROLLCALL,def/ep-statuses/REJECTED,628.0,117.0,414.0,Draft legislative act ,False
eli/dl/event/MTG-PL-2025-05-22-VOT-ITM-965591,eli/dl/event/MTG-PL-2025-05-22-DEC-176949,,def/ep-decision-methods/VOTE_HAND,def/ep-statuses/ADOPTED,,,,,False
eli/dl/event/MTG-PL-2023-06-14-VOT-ITM-939247,,,Unknown,Unknown,,,,,False
eli/dl/event/MTG-PL-2025-10-09-VOT-ITM-973521,eli/dl/event/MTG-PL-2025-10-09-DEC-179427,,def/ep-decision-methods/VOTE_HAND,def/ep-statuses/ADOPTED,,,,"Motion for a resolution B10-0406/2025
(FEMM)",False
eli/dl/event/MTG-PL-2024-02-28-VOT-ITM-940075,eli/dl/event/MTG-PL-2024-02-28-DEC-165219,2024-02-28T18:19:27+01:00,def/ep-decision-methods/VOTE_ELECTRONIC_ROLLCALL,def/ep-statuses/ADOPTED,524.0,277.0,216.0,,False
eli/dl/event/MTG-PL-2023-10-03-VOT-ITM-939522,,,Unknown,Unknown,,,,,False
eli/dl/event/MTG-PL-2023-10-05-VOT-ITM-939503,,,Unknown,Unknown,,,,,False
eli/dl/event/MTG-PL-2024-04-24-VOT-ITM-946076,eli/dl/event/MTG-PL-2024-04-24-DEC-168726,,def/ep-decision-methods/VOTE_HAND,def/ep-statuses/LAPSED,,,,Draft legislative act,False
eli/dl/event/MTG-PL-2024-11-26-VOT-ITM-964966,eli/dl/event/MTG-PL-2024-11-26-DEC-170637,2024-11-26T12:14:22+01:00,def/ep-decision-methods/VOTE_ELECTRONIC_ROLLCALL,def/ep-statuses/ADOPTED,648.0,468.0,166.0,"Motion for a resolution B10-0153/2024
(ENVI Committee)",False
eli/dl/event/MTG-PL-2024-03-14-VOT-ITM-941897,eli/dl/event/MTG-PL-2024-03-14-DEC-166261,2024-03-14T12:25:41+01:00,def/ep-decision-methods/VOTE_ELECTRONIC_ROLLCALL,def/ep-statuses/ADOPTED,550.0,441.0,101.0,,False
eli/dl/event/MTG-PL-2024-03-14-VOT-ITM-941736,eli/dl/event/MTG-PL-2024-03-14-DEC-166085,2024-03-14T12:23:19+01:00,def/ep-decision-methods/VOTE_ELECTRONIC_ROLLCALL,def/ep-statuses/ADOPTED,527.0,447.0,14.0,Provisional agreement,False
eli/dl/event/MTG-PL-2023-11-22-VOT-ITM-939727,,,Unknown,Unknown,,,,,False
eli/dl/event/MTG-PL-2024-04-11-VOT-ITM-943069,eli/dl/event/MTG-PL-2024-04-11-DEC-167227,2024-04-11T13:27:06+02:00,def/ep-decision-methods/VOTE_ELECTRONIC_ROLLCALL,def/ep-statuses/ADOPTED,593.0,520.0,69.0,Motion for a resolution,False
eli/dl/event/MTG-PL-2024-11-13-VOT-ITM-000001,eli/dl/event/MTG-PL-2024-11-13-DEC-170541,2024-11-13T15:23:59+01:00,def/ep-decision-methods/VOTE_ELECTRONIC_ROLLCALL,def/ep-statuses/ADOPTED,534.0,309.0,191.0,,False
eli/dl/event/MTG-PL-2025-11-25-VOT-ITM-976291,eli/dl/event/MTG-PL-2025-11-25-DEC-181828,2025-11-25T12:24:41+01:00,def/ep-decision-methods/VOTE_ELECTRONIC_ROLLCALL,def/ep-statuses/ADOPTED,639.0,334.0,294.0,,False
eli/dl/event/MTG-PL-2023-07-12-VOT-ITM-939384,,,Unknown,Unknown,,,,,False
eli/dl/event/MTG-PL-2023-05-10-VOT-ITM-939106,,,Unknown,Unknown,,,,,False
eli/dl/event/MTG-PL-2024-01-16-VOT-ITM-939946,eli/dl/event/MTG-PL-2024-01-16-DEC-163052,2024-01-16T12:05:13+01:00,def/ep-decision-methods/VOTE_ELECTRONIC_ROLLCALL,def/ep-statuses/ADOPTED,605.0,582.0,5.0,,False
eli/dl/event/MTG-PL-2024-04-25-VOT-ITM-946077,eli/dl/event/MTG-PL-2024-04-25-DEC-168446,2024-04-25T13:43:38+02:00,def/ep-decision-methods/VOTE_ELECTRONIC_ROLLCALL,def/ep-statuses/ADOPTED,535.0,492.0,33.0,Provisional agreement,False
eli/dl/event/MTG-PL-2026-04-29-VOT-ITM-989944,eli/dl/event/MTG-PL-2026-04-29-DEC-189918,,def/ep-decision-methods/VOTE_HAND,def/ep-statuses/REJECTED,,,,,False
eli/dl/event/MTG-PL-2024-04-24-VOT-ITM-945981,eli/dl/event/MTG-PL-2024-04-24-DEC-168309,2024-04-24T13:38:57+02:00,def/ep-decision-methods/VOTE_ELECTRONIC_ROLLCALL,def/ep-statuses/ADOPTED,623.0,381.0,225.0,Provisional agreement,False
eli/dl/event/MTG-PL-2023-03-30-VOT-ITM-938904,,,Unknown,Unknown,,,,,False
eli/dl/event/MTG-PL-2023-09-14-VOT-ITM-939495,,,Unknown,Unknown,,,,,False
eli/dl/event/MTG-PL-2024-04-10-VOT-ITM-944628,eli/dl/event/MTG-PL-2024-04-10-DEC-166850,2024-04-10T18:47:13+02:00,def/ep-decision-methods/VOTE_ELECTRONIC_ROLLCALL,def/ep-statuses/ADOPTED,622.0,583.0,27.0,Provisional agreement,False
eli/dl/event/MTG-PL-2026-05-19-VOT-ITM-990701,eli/dl/event/MTG-PL-2026-05-19-DEC-192440,,def/ep-decision-methods/VOTE_ELECTRONIC_SECRET,def/ep-statuses/ADOPTED,645.0,309.0,283.0,,False
eli/dl/event/MTG-PL-2023-10-02-VOT-ITM-000003,eli/dl/event/MTG-PL-2023-10-02-DEC-158747,2023-10-02T18:18:21+02:00,def/ep-decision-methods/VOTE_ELECTRONIC_ROLLCALL,Unknown,,296.0,39.0,,False
eli/dl/event/MTG-PL-2023-07-12-VOT-ITM-939399,,,Unknown,Unknown,,,,,False
eli/dl/event/MTG-PL-2024-04-11-VOT-ITM-942397,eli/dl/event/MTG-PL-2024-04-11-DEC-167349,,def/ep-decision-methods/VOTE_HAND,def/ep-statuses/REJECTED,,,,Motion for a resolution,False
eli/dl/event/MTG-PL-2023-12-14-VOT-ITM-939884,,,Unknown,Unknown,,,,,False
eli/dl/event/MTG-PL-2025-09-11-VOT-ITM-971174,eli/dl/event/MTG-PL-2025-09-11-DEC-178908,,def/ep-decision-methods/VOTE_HAND,def/ep-statuses/REJECTED,,,,,False
eli/dl/event/MTG-PL-2024-03-14-VOT-ITM-942408,eli/dl/event/MTG-PL-2024-03-14-DEC-166593,,def/ep-decision-methods/VOTE_HAND,def/ep-statuses/LAPSED,,,,Other motions for resolutions,False
eli/dl/event/MTG-PL-2026-06-18-VOT-ITM-992760,eli/dl/event/MTG-PL-2026-06-18-DEC-193871,,def/ep-decision-methods/VOTE_HAND,def/ep-statuses/ADOPTED,,,,"Motion for a resolution B10-0273/2026
(AFET, DEVE)",False
eli/dl/event/MTG-PL-2026-02-12-VOT-ITM-984180,eli/dl/event/MTG-PL-2026-02-12-DEC-185307,,def/ep-decision-methods/VOTE_HAND,def/ep-statuses/ADOPTED,,,,"Joint motion for a resolution RC-B10-0114/2026 
(PPE, S&D, ECR, Renew, Verts/ALE, The Left)",False
eli/dl/event/MTG-PL-2023-05-09-VOT-ITM-939063,,,Unknown,Unknown,,,,,False
eli/dl/event/MTG-PL-2023-01-18-VOT-ITM-938504,,,Unknown,Unknown,,,,,False
eli/dl/event/MTG-PL-2024-04-10-VOT-ITM-944787,eli/dl/event/MTG-PL-2024-04-10-DEC-167030,2024-04-10T18:43:42+02:00,def/ep-decision-methods/VOTE_ELECTRONIC_ROLLCALL,def/ep-statuses/ADOPTED,619.0,495.0,106.0,,False
eli/dl/event/MTG-PL-2026-02-12-VOT-ITM-984127,eli/dl/event/MTG-PL-2026-02-12-DEC-184884,,def/ep-decision-methods/VOTE_HAND,def/ep-statuses/LAPSED,,,,Other motions for resolutions,False
eli/dl/event/MTG-PL-2026-02-11-VOT-ITM-983765,eli/dl/event/MTG-PL-2026-02-11-DEC-184425,,def/ep-decision-methods/VOTE_HAND,def/ep-statuses/ADOPTED,,,,,False
eli/dl/event/MTG-PL-2024-03-13-VOT-ITM-941726,eli/dl/event/MTG-PL-2024-03-13-DEC-166394,2024-03-13T17:19:14+01:00,def/ep-decision-methods/VOTE_ELECTRONIC_ROLLCALL,def/ep-statuses/REJECTED,580.0,106.0,453.0,,False
eli/dl/event/MTG-PL-2023-09-14-VOT-ITM-939462,,,Unknown,Unknown,,,,,False
eli/dl/event/MTG-PL-2024-01-16-VOT-ITM-939916,eli/dl/event/MTG-PL-2024-01-16-DEC-162976,2024-01-16T12:03:51+01:00,def/ep-decision-methods/VOTE_ELECTRONIC_ROLLCALL,def/ep-statuses/ADOPTED,559.0,538.0,8.0,Provisional agreement,False
eli/dl/event/MTG-PL-2023-09-12-VOT-ITM-939455,,,Unknown,Unknown,,,,,False
eli/dl/event/MTG-PL-2024-12-17-VOT-ITM-965065,eli/dl/event/MTG-PL-2024-12-17-DEC-171125,2024-12-17T12:57:43+01:00,def/ep-decision-methods/VOTE_ELECTRONIC_ROLLCALL,def/ep-statuses/ADOPTED,653.0,644.0,6.0,,False
eli/dl/event/MTG-PL-2026-02-10-VOT-ITM-983654,eli/dl/event/MTG-PL-2026-02-10-DEC-184172,2026-02-10T12:57:26+01:00,def/ep-decision-methods/VOTE_ELECTRONIC_ROLLCALL,def/ep-statuses/ADOPTED,652.0,408.0,184.0,Provisional agreement,False
eli/dl/event/MTG-PL-2025-12-17-VOT-ITM-978530,eli/dl/event/MTG-PL-2025-12-17-DEC-182730,2025-12-17T12:40:06+01:00,def/ep-decision-methods/VOTE_ELECTRONIC_ROLLCALL,def/ep-statuses/ADOPTED,636.0,315.0,297.0,"Motion for a resolution B10-0558/2025
(FEMM Committee)",False
eli/dl/event/MTG-PL-2026-05-21-VOT-ITM-990694,eli/dl/event/MTG-PL-2026-05-21-DEC-192434,2026-05-21T13:38:02+02:00,def/ep-decision-methods/VOTE_ELECTRONIC_ROLLCALL,def/ep-statuses/ADOPTED,573.0,440.0,49.0,Provisional agreement,False
eli/dl/event/MTG-PL-2024-02-26-VOT-ITM-260224,eli/dl/event/MTG-PL-2024-02-26-DEC-165182,,def/ep-decision-methods/VOTE_HAND,def/ep-statuses/REJECTED,,,,,False
eli/dl/event/MTG-PL-2023-09-12-VOT-ITM-939452,,,Unknown,Unknown,,,,,False
eli/dl/event/MTG-PL-2024-01-17-VOT-ITM-939951,eli/dl/event/MTG-PL-2024-01-17-DEC-163315,2024-01-17T12:18:46+01:00,def/ep-decision-methods/VOTE_ELECTRONIC_ROLLCALL,def/ep-statuses/ADOPTED,624.0,386.0,186.0,Motion for a resolution B9-0057/2024 (ENVI Committee),False
eli/dl/event/MTG-PL-2024-04-10-VOT-ITM-943767,eli/dl/event/MTG-PL-2024-04-10-DEC-166924,2024-04-10T18:39:00+02:00,def/ep-decision-methods/VOTE_ELECTRONIC_ROLLCALL,def/ep-statuses/ADOPTED,625.0,575.0,12.0,Provisional agreement,False
eli/dl/event/MTG-PL-2023-11-09-VOT-ITM-939659,,,Unknown,Unknown,,,,,False
eli/dl/event/MTG-PL-2026-05-19-VOT-ITM-990675,eli/dl/event/MTG-PL-2026-05-19-DEC-192436,2026-05-19T14:23:28+02:00,def/ep-decision-methods/VOTE_ELECTRONIC_ROLLCALL,def/ep-statuses/ADOPTED,662.0,508.0,64.0,Provisional agreement,False
eli/dl/event/MTG-PL-2024-04-24-VOT-ITM-946081,eli/dl/event/MTG-PL-2024-04-24-DEC-168354,2024-04-24T13:54:06+02:00,def/ep-decision-methods/VOTE_ELECTRONIC_ROLLCALL,def/ep-statuses/ADOPTED,629.0,602.0,24.0,,False
eli/dl/event/MTG-PL-2024-01-17-VOT-ITM-939923,eli/dl/event/MTG-PL-2024-01-17-DEC-163109,2024-01-17T12:56:13+01:00,def/ep-decision-methods/VOTE_ELECTRONIC_ROLLCALL,def/ep-statuses/ADOPTED,622.0,533.0,64.0,,False
eli/dl/event/MTG-PL-2024-03-13-VOT-ITM-941749,eli/dl/event/MTG-PL-2024-03-13-DEC-166373,2024-03-13T12:20:51+01:00,def/ep-decision-methods/VOTE_ELECTRONIC_ROLLCALL,def/ep-statuses/REJECTED,621.0,264.0,350.0,,False
eli/dl/event/MTG-PL-2025-12-18-VOT-ITM-978927,eli/dl/event/MTG-PL-2025-12-18-DEC-182931,,def/ep-decision-methods/VOTE_ELECTRONIC,def/ep-statuses/REJECTED,544.0,328.0,177.0,Motion for a resolution B10-0592/2025 (ENVI Committee),False
eli/dl/event/MTG-PL-2023-03-16-VOT-ITM-938885,,,Unknown,Unknown,,,,,False
eli/dl/event/MTG-PL-2023-05-10-VOT-ITM-939044,,,Unknown,Unknown,,,,,False
eli/dl/event/MTG-PL-2024-03-13-VOT-ITM-941745,eli/dl/event/MTG-PL-2024-03-13-DEC-166187,,def/ep-decision-methods/VOTE_HAND,def/ep-statuses/LAPSED,,,,Draft legislative act,False
eli/dl/event/MTG-PL-2024-07-17-VOT-ITM-954205,eli/dl/event/MTG-PL-2024-07-17-DEC-169357,2024-07-17T13:48:49+02:00,def/ep-decision-methods/VOTE_ELECTRONIC_ROLLCALL,def/ep-statuses/REJECTED,669.0,63.0,564.0,"Motion for a resolution B10-0007/2024
(PPE, S&D, ECR, Renew, Verts/ALE)",False
eli/dl/event/MTG-PL-2023-04-20-VOT-ITM-938990,,,Unknown,Unknown,,,,,False
eli/dl/event/MTG-PL-2024-10-10-VOT-ITM-961940,eli/dl/event/MTG-PL-2024-10-10-DEC-169818,,def/ep-decision-methods/VOTE_HAND,def/ep-statuses/ADOPTED,,,,"Joint motion for a resolution RC-B10-0089/2024
(PPE, S&D, ECR, Renew, Verts/ALE, Members)",False
eli/dl/event/MTG-PL-2025-12-16-VOT-ITM-978411,eli/dl/event/MTG-PL-2025-12-16-DEC-182509,2025-12-16T13:08:20+01:00,def/ep-decision-methods/VOTE_ELECTRONIC_ROLLCALL,def/ep-statuses/ADOPTED,662.0,629.0,17.0,Provisional agreement,False
eli/dl/event/MTG-PL-2023-02-02-VOT-ITM-938586,,,Unknown,Unknown,,,,,False
eli/dl/event/MTG-PL-2026-03-26-VOT-ITM-987017,eli/dl/event/MTG-PL-2026-03-26-DEC-189251,2026-03-26T11:38:58+01:00,def/ep-decision-methods/VOTE_ELECTRONIC_ROLLCALL,def/ep-statuses/ADOPTED,639.0,603.0,3.0,,False
eli/dl/event/MTG-PL-2025-01-23-VOT-ITM-965166,eli/dl/event/MTG-PL-2025-01-23-DEC-171579,2025-01-23T12:19:05+01:00,def/ep-decision-methods/VOTE_ELECTRONIC_ROLLCALL,def/ep-statuses/REJECTED,444.0,134.0,283.0,"Joint motion for a resolution RC-B10-0064/2025
(PPE, ECR, Renew)",False
eli/dl/event/MTG-PL-2024-10-07-VOT-ITM-000002,eli/dl/event/MTG-PL-2024-10-07-DEC-169726,2024-10-07T18:28:22+02:00,def/ep-decision-methods/VOTE_ELECTRONIC_ROLLCALL,def/ep-statuses/REJECTED,451.0,189.0,254.0,,False
eli/dl/event/MTG-PL-2026-02-11-VOT-ITM-984026,eli/dl/event/MTG-PL-2026-02-11-DEC-184700,2026-02-11T12:19:46+01:00,def/ep-decision-methods/VOTE_ELECTRONIC_ROLLCALL,def/ep-statuses/ADOPTED,645.0,473.0,140.0,,False
eli/dl/event/MTG-PL-2024-04-11-VOT-ITM-943065,eli/dl/event/MTG-PL-2024-04-11-DEC-167096,2024-04-11T13:20:36+02:00,def/ep-decision-methods/VOTE_ELECTRONIC_ROLLCALL,def/ep-statuses/ADOPTED,600.0,525.0,52.0,Motion for a resolution,False
eli/dl/event/MTG-PL-2025-10-22-VOT-ITM-974698,eli/dl/event/MTG-PL-2025-10-22-DEC-179935,2025-10-22T14:58:44+02:00,def/ep-decision-methods/VOTE_ELECTRONIC_ROLLCALL,def/ep-statuses/REJECTED,632.0,198.0,429.0,Motion for a resolution,False
eli/dl/event/MTG-PL-2025-10-09-VOT-ITM-973932,eli/dl/event/MTG-PL-2025-10-09-DEC-179673,,def/ep-decision-methods/VOTE_HAND,def/ep-statuses/LAPSED,,,,Other motions for resolutions,False
eli/dl/event/MTG-PL-2023-10-18-VOT-ITM-939603,,,Unknown,Unknown,,,,,False
eli/dl/event/MTG-PL-2026-04-28-VOT-ITM-000001,eli/dl/event/MTG-PL-2026-04-28-DEC-191728,2026-04-28T13:08:54+02:00,def/ep-decision-methods/VOTE_ELECTRONIC_ROLLCALL,def/ep-statuses/ADOPTED,633.0,422.0,202.0,,False
eli/dl/event/MTG-PL-2023-10-03-VOT-ITM-939509,,,Unknown,Unknown,,,,,False
eli/dl/event/MTG-PL-2024-04-23-VOT-ITM-946212,eli/dl/event/MTG-PL-2024-04-23-DEC-168580,2024-04-23T13:55:19+02:00,def/ep-decision-methods/VOTE_ELECTRONIC_ROLLCALL,def/ep-statuses/ADOPTED,597.0,406.0,97.0,,False
eli/dl/event/MTG-PL-2026-02-11-VOT-ITM-984104,eli/dl/event/MTG-PL-2026-02-11-DEC-184721,2026-02-11T12:20:12+01:00,def/ep-decision-methods/VOTE_ELECTRONIC_ROLLCALL,def/ep-statuses/ADOPTED,652.0,490.0,130.0,,False
eli/dl/event/MTG-PL-2024-03-14-VOT-ITM-942474,eli/dl/event/MTG-PL-2024-03-14-DEC-166626,,def/ep-decision-methods/VOTE_HAND,def/ep-statuses/LAPSED,,,,Other motions for resolutions,False
eli/dl/event/MTG-PL-2024-01-18-VOT-ITM-939919,eli/dl/event/MTG-PL-2024-01-18-DEC-163385,2024-01-18T12:38:24+01:00,def/ep-decision-methods/VOTE_ELECTRONIC_ROLLCALL,def/ep-statuses/REJECTED,531.0,115.0,408.0,,False
eli/dl/event/MTG-PL-2025-10-22-VOT-ITM-975319,eli/dl/event/MTG-PL-2025-10-22-DEC-180328,,def/ep-decision-methods/VOTE_ELECTRONIC_SECRET,def/ep-statuses/REJECTED,661.0,309.0,318.0,,False
eli/dl/event/MTG-PL-2025-11-27-VOT-ITM-976966,eli/dl/event/MTG-PL-2025-11-27-DEC-182281,2025-11-27T12:32:40+01:00,def/ep-decision-methods/VOTE_ELECTRONIC_ROLLCALL,def/ep-statuses/REJECTED,592.0,70.0,379.0,"Joint motion for a resolution RC-B10-0533/2025
(PPE, ECR, Renew, Verts/ALE)",False
eli/dl/event/MTG-PL-2023-05-10-VOT-ITM-939024,,,Unknown,Unknown,,,,,False
eli/dl/event/MTG-PL-2024-03-12-VOT-ITM-941888,eli/dl/event/MTG-PL-2024-03-12-DEC-166227,2024-03-12T13:27:29+01:00,def/ep-decision-methods/VOTE_ELECTRONIC_ROLLCALL,def/ep-statuses/ADOPTED,616.0,565.0,14.0,,False
eli/dl/event/MTG-PL-2024-04-24-VOT-ITM-945982,eli/dl/event/MTG-PL-2024-04-24-DEC-168278,2024-04-24T18:51:06+02:00,def/ep-decision-methods/VOTE_ELECTRONIC_ROLLCALL,def/ep-statuses/ADOPTED,571.0,424.0,130.0,Provisional agreement,False
eli/dl/event/MTG-PL-2023-03-30-VOT-ITM-938905,,,Unknown,Unknown,,,,,False
eli/dl/event/MTG-PL-2025-10-23-VOT-ITM-974935,eli/dl/event/MTG-PL-2025-10-23-DEC-180250,2025-10-23T13:04:28+02:00,def/ep-decision-methods/VOTE_ELECTRONIC_ROLLCALL,def/ep-statuses/REJECTED,566.0,124.0,401.0,Motion for a resolution B10-0456/2025 (The Left),False
eli/dl/event/MTG-PL-2023-05-10-VOT-ITM-939103,,,Unknown,Unknown,,,,,False
eli/dl/event/MTG-PL-2023-05-10-VOT-ITM-939111,,,Unknown,Unknown,,,,,False
eli/dl/event/MTG-PL-2024-03-13-VOT-ITM-941849,eli/dl/event/MTG-PL-2024-03-13-DEC-166258,2024-03-13T12:35:20+01:00,def/ep-decision-methods/VOTE_ELECTRONIC_ROLLCALL,def/ep-statuses/ADOPTED,620.0,609.0,3.0,,False
eli/dl/event/MTG-PL-2025-10-07-VOT-ITM-973506,eli/dl/event/MTG-PL-2025-10-07-DEC-179415,,def/ep-decision-methods/VOTE_HAND,def/ep-statuses/ADOPTED,,,,,False
eli/dl/event/MTG-PL-2026-03-25-VOT-ITM-000002,eli/dl/event/MTG-PL-2026-03-25-DEC-189876,2026-03-25T15:23:54+01:00,def/ep-decision-methods/VOTE_ELECTRONIC_ROLLCALL,def/ep-statuses/ADOPTED,517.0,426.0,77.0,,False
eli/dl/event/MTG-PL-2024-04-23-VOT-ITM-945980,eli/dl/event/MTG-PL-2024-04-23-DEC-168301,2024-04-23T13:50:36+02:00,def/ep-decision-methods/VOTE_ELECTRONIC_ROLLCALL,def/ep-statuses/ADOPTED,605.0,537.0,40.0,Provisional agreement,False
eli/dl/event/MTG-PL-2025-05-06-VOT-ITM-965485,eli/dl/event/MTG-PL-2025-05-06-DEC-175023,,def/ep-decision-methods/VOTE_HAND,def/ep-statuses/ADOPTED,,,,,False
eli/dl/event/MTG-PL-2023-05-09-VOT-ITM-939092,,,Unknown,Unknown,,,,,False
eli/dl/event/MTG-PL-2026-05-19-VOT-ITM-990672,eli/dl/event/MTG-PL-2026-05-19-DEC-192484,2026-05-19T14:24:16+02:00,def/ep-decision-methods/VOTE_ELECTRONIC_ROLLCALL,def/ep-statuses/ADOPTED,637.0,537.0,17.0,,False
eli/dl/event/MTG-PL-2024-12-19-VOT-ITM-965071,eli/dl/event/MTG-PL-2024-12-19-DEC-171314,2024-12-19T12:15:02+01:00,def/ep-decision-methods/VOTE_ELECTRONIC_ROLLCALL,def/ep-statuses/ADOPTED,571.0,421.0,89.0,,False
eli/dl/event/MTG-PL-2023-02-02-VOT-ITM-938623,,,Unknown,Unknown,,,,,False
eli/dl/event/MTG-PL-2026-03-26-VOT-ITM-987204,eli/dl/event/MTG-PL-2026-03-26-DEC-189615,,def/ep-decision-methods/VOTE_HAND,def/ep-statuses/ADOPTED,,,,,False
eli/dl/event/MTG-PL-2025-05-08-VOT-ITM-965565,eli/dl/event/MTG-PL-2025-05-08-DEC-176241,2025-05-08T13:15:30+02:00,def/ep-decision-methods/VOTE_ELECTRONIC_ROLLCALL,def/ep-statuses/ADOPTED,570.0,371.0,162.0,Proposal to reject the Commission proposal,False
eli/dl/event/MTG-PL-2024-03-11-VOT-ITM-000002,eli/dl/event/MTG-PL-2024-03-11-DEC-166326,2024-03-11T17:16:33+01:00,def/ep-decision-methods/VOTE_ELECTRONIC_ROLLCALL,def/ep-statuses/ADOPTED,312.0,156.0,151.0,,False
eli/dl/event/MTG-PL-2026-06-18-VOT-ITM-992877,eli/dl/event/MTG-PL-2026-06-18-DEC-194595,2026-06-18T13:31:26+02:00,def/ep-decision-methods/VOTE_ELECTRONIC_ROLLCALL,def/ep-statuses/REJECTED,547.0,81.0,397.0,"Joint motion for a resolution RC-B10-0304/2026
(PPE, S&D, ECR, Renew, Verts/ALE, Members)",False
eli/dl/event/MTG-PL-2025-04-01-VOT-ITM-965388,eli/dl/event/MTG-PL-2025-04-01-DEC-173695,2025-04-01T13:09:49+02:00,def/ep-decision-methods/VOTE_ELECTRONIC_ROLLCALL,def/ep-statuses/ADOPTED,673.0,481.0,170.0,,False
eli/dl/event/MTG-PL-2024-04-22-VOT-ITM-000002,eli/dl/event/MTG-PL-2024-04-22-DEC-168685,2024-04-22T18:25:17+02:00,def/ep-decision-methods/VOTE_ELECTRONIC_ROLLCALL,def/ep-statuses/REJECTED,319.0,130.0,173.0,,False
eli/dl/event/MTG-PL-2023-05-10-VOT-ITM-939100,,,Unknown,Unknown,,,,,False
eli/dl/event/MTG-PL-2025-09-10-VOT-ITM-970747,eli/dl/event/MTG-PL-2025-09-10-DEC-178386,2025-09-10T14:22:10+02:00,def/ep-decision-methods/VOTE_ELECTRONIC_ROLLCALL,def/ep-statuses/ADOPTED,664.0,627.0,4.0,,False
eli/dl/event/MTG-PL-2025-06-17-VOT-ITM-965684,eli/dl/event/MTG-PL-2025-06-17-DEC-177334,2025-06-17T13:44:52+02:00,def/ep-decision-methods/VOTE_ELECTRONIC_ROLLCALL,def/ep-statuses/ADOPTED,669.0,557.0,75.0,,False
eli/dl/event/MTG-PL-2023-06-13-VOT-ITM-939240,,,Unknown,Unknown,,,,,False
eli/dl/event/MTG-PL-2024-02-29-VOT-ITM-940163,eli/dl/event/MTG-PL-2024-02-29-DEC-165815,,def/ep-decision-methods/VOTE_HAND,def/ep-statuses/ADOPTED,,,,,False
eli/dl/event/MTG-PL-2023-12-12-VOT-ITM-939833,,,Unknown,Unknown,,,,,False
eli/dl/event/MTG-PL-2025-03-12-VOT-ITM-965267,eli/dl/event/MTG-PL-2025-03-12-DEC-172181,,def/ep-decision-methods/VOTE_HAND,def/ep-statuses/REJECTED,,,,,False
eli/dl/event/MTG-PL-2025-09-11-VOT-ITM-970662,eli/dl/event/MTG-PL-2025-09-11-DEC-178475,,def/ep-decision-methods/VOTE_HAND,def/ep-statuses/REJECTED,,,,,False
eli/dl/event/MTG-PL-2025-11-25-VOT-ITM-976298,eli/dl/event/MTG-PL-2025-11-25-DEC-181613,,def/ep-decision-methods/VOTE_HAND,def/ep-statuses/ADOPTED,,,,,False
eli/dl/event/MTG-PL-2023-10-16-VOT-ITM-000001,eli/dl/event/MTG-PL-2023-10-16-DEC-159227,2023-10-16T18:20:19+02:00,def/ep-decision-methods/VOTE_ELECTRONIC_ROLLCALL,Unknown,,23.0,323.0,,False
eli/dl/event/MTG-PL-2024-04-10-VOT-ITM-944702,eli/dl/event/MTG-PL-2024-04-10-DEC-166921,2024-04-10T19:14:38+02:00,def/ep-decision-methods/VOTE_ELECTRONIC_ROLLCALL,def/ep-statuses/ADOPTED,613.0,609.0,3.0,,False
eli/dl/event/MTG-PL-2024-03-12-VOT-ITM-941846,eli/dl/event/MTG-PL-2024-03-12-DEC-166082,2024-03-12T13:30:08+01:00,def/ep-decision-methods/VOTE_ELECTRONIC_ROLLCALL,def/ep-statuses/ADOPTED,614.0,580.0,2.0,,False
eli/dl/event/MTG-PL-2023-10-04-VOT-ITM-939516,,,Unknown,Unknown,,,,,False
eli/dl/event/MTG-PL-2024-03-12-VOT-ITM-941737,eli/dl/event/MTG-PL-2024-03-12-DEC-166077,2024-03-12T13:15:38+01:00,def/ep-decision-methods/VOTE_ELECTRONIC_ROLLCALL,def/ep-statuses/ADOPTED,615.0,543.0,45.0,Provisional agreement,False
eli/dl/event/MTG-PL-2024-11-26-VOT-ITM-964970,eli/dl/event/MTG-PL-2024-11-26-DEC-170628,2024-11-26T12:08:40+01:00,def/ep-decision-methods/VOTE_ELECTRONIC_ROLLCALL,def/ep-statuses/ADOPTED,657.0,496.0,143.0,"Motion for a resolution B10-0145/2024
(ENVI Committee)",False
eli/dl/event/MTG-PL-2025-12-16-VOT-ITM-978528,eli/dl/event/MTG-PL-2025-12-16-DEC-182649,,def/ep-decision-methods/VOTE_ELECTRONIC,def/ep-statuses/ADOPTED,651.0,497.0,139.0,,False
eli/dl/event/MTG-PL-2024-12-18-VOT-ITM-965098,eli/dl/event/MTG-PL-2024-12-18-DEC-171268,2024-12-18T12:16:06+01:00,def/ep-decision-methods/VOTE_ELECTRONIC_ROLLCALL,def/ep-statuses/REJECTED,645.0,206.0,383.0,"Proposal for a decision B10-0216/2024
(Conference of Presidents)",False
eli/dl/event/MTG-PL-2026-05-21-VOT-ITM-991070,eli/dl/event/MTG-PL-2026-05-21-DEC-193314,2026-05-21T13:16:17+02:00,def/ep-decision-methods/VOTE_ELECTRONIC_ROLLCALL,def/ep-statuses/ADOPTED,574.0,294.0,194.0,,False
eli/dl/event/MTG-PL-2023-02-13-VOT-ITM-000004,eli/dl/event/MTG-PL-2023-02-13-DEC-152668,2023-02-13T17:23:34+01:00,def/ep-decision-methods/VOTE_ELECTRONIC_ROLLCALL,Unknown,,65.0,322.0,,False
eli/dl/event/MTG-PL-2024-04-24-VOT-ITM-945993,eli/dl/event/MTG-PL-2024-04-24-DEC-168262,2024-04-24T13:56:38+02:00,def/ep-decision-methods/VOTE_ELECTRONIC_ROLLCALL,def/ep-statuses/ADOPTED,631.0,613.0,7.0,Provisional agreement,False
eli/dl/event/MTG-PL-2024-12-18-VOT-ITM-965097,eli/dl/event/MTG-PL-2024-12-18-DEC-171294,,def/ep-decision-methods/VOTE_HAND,def/ep-statuses/ADOPTED,,,,"Proposal for a decision B10-0215/2024
(Conference of Presidents)",False
eli/dl/event/MTG-PL-2023-04-18-VOT-ITM-938962,,,Unknown,Unknown,,,,,False
eli/dl/event/MTG-PL-2023-11-22-VOT-ITM-939769,,,Unknown,Unknown,,,,,False
eli/dl/event/MTG-PL-2025-05-08-VOT-ITM-965529,eli/dl/event/MTG-PL-2025-05-08-DEC-175399,2025-05-08T13:10:09+02:00,def/ep-decision-methods/VOTE_ELECTRONIC_ROLLCALL,def/ep-statuses/ADOPTED,572.0,392.0,125.0,,False
eli/dl/event/MTG-PL-2026-06-17-VOT-ITM-992777,eli/dl/event/MTG-PL-2026-06-17-DEC-193813,,def/ep-decision-methods/VOTE_ELECTRONIC,def/ep-statuses/ADOPTED,658.0,328.0,281.0,,False
eli/dl/event/MTG-PL-2023-05-31-VOT-ITM-000004,eli/dl/event/MTG-PL-2023-05-31-DEC-155795,2023-05-31T17:12:09+02:00,def/ep-decision-methods/VOTE_ELECTRONIC_ROLLCALL,Unknown,,111.0,305.0,,False
eli/dl/event/MTG-PL-2026-01-21-VOT-ITM-981683,eli/dl/event/MTG-PL-2026-01-21-DEC-183058,2026-01-21T12:50:38+01:00,def/ep-decision-methods/VOTE_ELECTRONIC_ROLLCALL,def/ep-statuses/ADOPTED,662.0,565.0,83.0,,False
eli/dl/event/MTG-PL-2024-11-26-VOT-ITM-964969,eli/dl/event/MTG-PL-2024-11-26-DEC-170638,2024-11-26T12:10:18+01:00,def/ep-decision-methods/VOTE_ELECTRONIC_ROLLCALL,def/ep-statuses/ADOPTED,654.0,464.0,163.0,"Motion for a resolution B10-0146/2024
(ENVI Committee)",False
eli/dl/event/MTG-PL-2023-01-18-VOT-ITM-938514,,,Unknown,Unknown,,,,,False
eli/dl/event/MTG-PL-2026-06-18-VOT-ITM-990711,eli/dl/event/MTG-PL-2026-06-18-DEC-194463,,def/ep-decision-methods/VOTE_ELECTRONIC_ROLLCALL,def/ep-statuses/LAPSED,,,,"Motion for a resolution B10-0238/2026
(Renew)",False
eli/dl/event/MTG-PL-2025-09-10-VOT-ITM-970860,eli/dl/event/MTG-PL-2025-09-10-DEC-178556,,def/ep-decision-methods/VOTE_HAND,def/ep-statuses/LAPSED,,,,Other motions for resolutions,False
eli/dl/event/MTG-PL-2025-05-07-VOT-ITM-965501,eli/dl/event/MTG-PL-2025-05-07-DEC-175289,,def/ep-decision-methods/VOTE_HAND,def/ep-statuses/ADOPTED,,,,Motion for a resolution,False
eli/dl/event/MTG-PL-2024-10-24-VOT-ITM-963364,eli/dl/event/MTG-PL-2024-10-24-DEC-170362,,def/ep-decision-methods/VOTE_HAND,def/ep-statuses/ADOPTED,,,,"Joint motion for a resolution RC-B10-0133/2024
(PPE, S&D, ECR, Renew, Verts/ALE)",False
eli/dl/event/MTG-PL-2025-11-25-VOT-ITM-976294,eli/dl/event/MTG-PL-2025-11-25-DEC-181564,2025-11-25T12:42:26+01:00,def/ep-decision-methods/VOTE_ELECTRONIC_ROLLCALL,def/ep-statuses/ADOPTED,650.0,590.0,28.0,,False
eli/dl/event/MTG-PL-2023-12-13-VOT-ITM-939805,,,Unknown,Unknown,,,,,False
eli/dl/event/MTG-PL-2025-04-01-VOT-ITM-965425,eli/dl/event/MTG-PL-2025-04-01-DEC-174288,2025-04-01T13:07:25+02:00,def/ep-decision-methods/VOTE_ELECTRONIC_ROLLCALL,def/ep-statuses/ADOPTED,662.0,427.0,221.0,,False
eli/dl/event/MTG-PL-2025-11-13-VOT-ITM-975424,eli/dl/event/MTG-PL-2025-11-13-DEC-181055,2025-11-13T11:20:19+01:00,def/ep-decision-methods/VOTE_ELECTRONIC_ROLLCALL,def/ep-statuses/ADOPTED,645.0,367.0,272.0,Amendments to Directive 2013/34/EU,False
eli/dl/event/MTG-PL-2023-11-09-VOT-ITM-939646,,,Unknown,Unknown,,,,,False
eli/dl/event/MTG-PL-2023-02-16-VOT-ITM-938743,,,Unknown,Unknown,,,,,False
eli/dl/event/MTG-PL-2025-07-10-VOT-ITM-965831,eli/dl/event/MTG-PL-2025-07-10-DEC-178166,,def/ep-decision-methods/VOTE_HAND,def/ep-statuses/LAPSED,,,,Other motions for resolutions,False
eli/dl/event/MTG-PL-2024-04-11-VOT-ITM-942512,eli/dl/event/MTG-PL-2024-04-11-DEC-167168,2024-04-11T13:09:21+02:00,def/ep-decision-methods/VOTE_ELECTRONIC_ROLLCALL,def/ep-statuses/ADOPTED,605.0,536.0,32.0,Motion for a resolution,False
eli/dl/event/MTG-PL-2024-04-10-VOT-ITM-000003,eli/dl/event/MTG-PL-2024-04-10-DEC-168149,2024-04-10T14:17:46+02:00,def/ep-decision-methods/VOTE_ELECTRONIC_ROLLCALL,def/ep-statuses/REJECTED,336.0,125.0,180.0,,False
eli/dl/event/MTG-PL-2025-09-10-VOT-ITM-970854,eli/dl/event/MTG-PL-2025-09-10-DEC-178788,2025-09-10T14:32:25+02:00,def/ep-decision-methods/VOTE_ELECTRONIC_ROLLCALL,def/ep-statuses/ADOPTED,641.0,490.0,65.0,"Joint motion for a resolution RC-B10-0355/2025
(PPE, S&D, ECR, Renew, Verts/ALE, Member)",False
eli/dl/event/MTG-PL-2025-12-15-VOT-ITM-000002,eli/dl/event/MTG-PL-2025-12-15-DEC-182686,2025-12-15T17:19:45+01:00,def/ep-decision-methods/VOTE_ELECTRONIC_ROLLCALL,def/ep-statuses/REJECTED,449.0,130.0,316.0,,False
eli/dl/event/MTG-PL-2024-03-14-VOT-ITM-941739,eli/dl/event/MTG-PL-2024-03-14-DEC-166081,2024-03-14T12:23:44+01:00,def/ep-decision-methods/VOTE_ELECTRONIC_ROLLCALL,def/ep-statuses/ADOPTED,530.0,455.0,7.0,Provisional agreement,False
eli/dl/event/MTG-PL-2024-04-24-VOT-ITM-946012,eli/dl/event/MTG-PL-2024-04-24-DEC-168402,,def/ep-decision-methods/VOTE_HAND,def/ep-statuses/REJECTED,,,,,False
eli/dl/event/MTG-PL-2026-06-17-VOT-ITM-992791,eli/dl/event/MTG-PL-2026-06-17-DEC-193587,2026-06-17T14:03:05+02:00,def/ep-decision-methods/VOTE_ELECTRONIC_ROLLCALL,def/ep-statuses/ADOPTED,666.0,549.0,33.0,,False
eli/dl/event/MTG-PL-2024-04-24-VOT-ITM-946001,eli/dl/event/MTG-PL-2024-04-24-DEC-168456,2024-04-24T18:52:47+02:00,def/ep-decision-methods/VOTE_ELECTRONIC_ROLLCALL,def/ep-statuses/ADOPTED,567.0,482.0,47.0,Provisional agreement,False
eli/dl/event/MTG-PL-2025-05-07-VOT-ITM-965495,eli/dl/event/MTG-PL-2025-05-07-DEC-175130,,def/ep-decision-methods/VOTE_HAND,def/ep-statuses/REJECTED,,,,Motion for a resolution,False
eli/dl/event/MTG-PL-2026-04-27-VOT-ITM-000001,eli/dl/event/MTG-PL-2026-04-27-DEC-191134,2026-04-27T18:12:46+02:00,def/ep-decision-methods/VOTE_ELECTRONIC_ROLLCALL,def/ep-statuses/REJECTED,462.0,132.0,327.0,,False
eli/dl/event/MTG-PL-2024-04-10-VOT-ITM-944503,eli/dl/event/MTG-PL-2024-04-10-DEC-166858,2024-04-10T18:44:41+02:00,def/ep-decision-methods/VOTE_ELECTRONIC_ROLLCALL,def/ep-statuses/ADOPTED,623.0,613.0,3.0,Provisional agreement,False
eli/dl/event/MTG-PL-2026-06-16-VOT-ITM-992836,eli/dl/event/MTG-PL-2026-06-16-DEC-193588,,def/ep-decision-methods/VOTE_HAND,def/ep-statuses/ADOPTED,,,,,False
eli/dl/event/MTG-PL-2023-11-23-VOT-ITM-939770,,,Unknown,Unknown,,,,,False
eli/dl/event/MTG-PL-2025-09-09-VOT-ITM-970668,eli/dl/event/MTG-PL-2025-09-09-DEC-178528,,def/ep-decision-methods/VOTE_HAND,def/ep-statuses/ADOPTED,,,,,False
eli/dl/event/MTG-PL-2024-10-07-VOT-ITM-000001,eli/dl/event/MTG-PL-2024-10-07-DEC-169725,2024-10-07T18:26:10+02:00,def/ep-decision-methods/VOTE_ELECTRONIC_ROLLCALL,def/ep-statuses/REJECTED,425.0,85.0,335.0,,False
eli/dl/event/MTG-PL-2023-05-09-VOT-ITM-939119,,,Unknown,Unknown,,,,,False
eli/dl/event/MTG-PL-2023-11-23-VOT-ITM-939734,,,Unknown,Unknown,,,,,False
eli/dl/event/MTG-PL-2024-03-13-VOT-ITM-941768,eli/dl/event/MTG-PL-2024-03-13-DEC-166034,2024-03-13T12:36:33+01:00,def/ep-decision-methods/VOTE_ELECTRONIC_ROLLCALL,def/ep-statuses/ADOPTED,622.0,482.0,120.0,Provisional agreement,False
eli/dl/event/MTG-PL-2024-04-11-VOT-ITM-942396,eli/dl/event/MTG-PL-2024-04-11-DEC-168241,,def/ep-decision-methods/VOTE_ELECTRONIC,def/ep-statuses/ADOPTED,597.0,515.0,62.0,,False
eli/dl/event/MTG-PL-2026-04-29-VOT-ITM-990125,eli/dl/event/MTG-PL-2026-04-29-DEC-191581,2026-04-29T13:14:48+02:00,def/ep-decision-methods/VOTE_ELECTRONIC_ROLLCALL,def/ep-statuses/ADOPTED,648.0,616.0,24.0,,False
eli/dl/event/MTG-PL-2026-05-20-VOT-ITM-990714,eli/dl/event/MTG-PL-2026-05-20-DEC-192529,2026-05-20T13:24:11+02:00,def/ep-decision-methods/VOTE_ELECTRONIC_ROLLCALL,def/ep-statuses/ADOPTED,649.0,466.0,169.0,,False
eli/dl/event/MTG-PL-2025-02-11-VOT-ITM-965210,eli/dl/event/MTG-PL-2025-02-11-DEC-171705,2025-02-11T12:43:46+01:00,def/ep-decision-methods/VOTE_ELECTRONIC_ROLLCALL,def/ep-statuses/ADOPTED,609.0,591.0,9.0,,False
eli/dl/event/MTG-PL-2025-05-06-VOT-ITM-965487,eli/dl/event/MTG-PL-2025-05-06-DEC-175022,,def/ep-decision-methods/VOTE_HAND,def/ep-statuses/ADOPTED,,,,,False
eli/dl/event/MTG-PL-2026-04-28-VOT-ITM-990000,eli/dl/event/MTG-PL-2026-04-28-DEC-190543,,def/ep-decision-methods/VOTE_ELECTRONIC,def/ep-statuses/ADOPTED,641.0,484.0,150.0,,False
eli/dl/event/MTG-PL-2026-06-16-VOT-ITM-992808,eli/dl/event/MTG-PL-2026-06-16-DEC-193531,,def/ep-decision-methods/VOTE_HAND,def/ep-statuses/REJECTED,,,,,False
eli/dl/event/MTG-PL-2026-05-20-VOT-ITM-990691,eli/dl/event/MTG-PL-2026-05-20-DEC-192726,2026-05-20T13:16:10+02:00,def/ep-decision-methods/VOTE_ELECTRONIC_ROLLCALL,def/ep-statuses/REJECTED,651.0,122.0,454.0,,False
eli/dl/event/MTG-PL-2023-11-09-VOT-ITM-939687,,,Unknown,Unknown,,,,,False
eli/dl/event/MTG-PL-2024-09-16-VOT-ITM-000001,eli/dl/event/MTG-PL-2024-09-16-DEC-169406,2024-09-16T18:28:44+02:00,def/ep-decision-methods/VOTE_ELECTRONIC_ROLLCALL,def/ep-statuses/REJECTED,394.0,102.0,279.0,,False
eli/dl/event/MTG-PL-2026-05-21-VOT-ITM-990913,eli/dl/event/MTG-PL-2026-05-21-DEC-193333,2026-05-21T14:01:59+02:00,def/ep-decision-methods/VOTE_ELECTRONIC_ROLLCALL,def/ep-statuses/REJECTED,474.0,168.0,300.0,"Motion for a resolution B10-0244/2026
(EMPL)",False
eli/dl/event/MTG-PL-2025-11-13-VOT-ITM-975409,eli/dl/event/MTG-PL-2025-11-13-DEC-180621,2025-11-13T11:55:08+01:00,def/ep-decision-methods/VOTE_ELECTRONIC_ROLLCALL,def/ep-statuses/ADOPTED,641.0,515.0,93.0,,False
eli/dl/event/MTG-PL-2023-05-09-VOT-ITM-939064,,,Unknown,Unknown,,,,,False
eli/dl/event/MTG-PL-2023-12-13-VOT-ITM-939810,,,Unknown,Unknown,,,,,False
eli/dl/event/MTG-PL-2025-10-20-VOT-ITM-000003,eli/dl/event/MTG-PL-2025-10-20-DEC-179911,2025-10-20T18:14:24+02:00,def/ep-decision-methods/VOTE_ELECTRONIC_ROLLCALL,def/ep-statuses/ADOPTED,430.0,331.0,37.0,,False
eli/dl/event/MTG-PL-2024-01-18-VOT-ITM-939945,eli/dl/event/MTG-PL-2024-01-18-DEC-163322,2024-01-18T12:12:25+01:00,def/ep-decision-methods/VOTE_ELECTRONIC_ROLLCALL,def/ep-statuses/REJECTED,529.0,119.0,404.0,,False
eli/dl/event/MTG-PL-2025-02-12-VOT-ITM-965206,eli/dl/event/MTG-PL-2025-02-12-DEC-171787,2025-02-12T12:10:37+01:00,def/ep-decision-methods/VOTE_ELECTRONIC_ROLLCALL,def/ep-statuses/REJECTED,650.0,209.0,408.0,"Motion for a resolution B10-0060/2025
(ENVI Committee)",False
eli/dl/event/MTG-PL-2023-06-15-VOT-ITM-939309,,,Unknown,Unknown,,,,,False
eli/dl/event/MTG-PL-2023-11-23-VOT-ITM-939787,,,Unknown,Unknown,,,,,False
eli/dl/event/MTG-PL-2024-03-13-VOT-ITM-941844,eli/dl/event/MTG-PL-2024-03-13-DEC-166086,2024-03-13T12:16:34+01:00,def/ep-decision-methods/VOTE_ELECTRONIC_ROLLCALL,def/ep-statuses/ADOPTED,622.0,618.0,3.0,,False
eli/dl/event/MTG-PL-2024-02-06-VOT-ITM-939989,eli/dl/event/MTG-PL-2024-02-06-DEC-163744,2024-02-06T13:00:35+01:00,def/ep-decision-methods/VOTE_ELECTRONIC_ROLLCALL,def/ep-statuses/ADOPTED,639.0,524.0,18.0,Provisional agreement,False
eli/dl/event/MTG-PL-2024-01-16-VOT-ITM-939932,eli/dl/event/MTG-PL-2024-01-16-DEC-163077,2024-01-16T12:10:26+01:00,def/ep-decision-methods/VOTE_ELECTRONIC_ROLLCALL,def/ep-statuses/ADOPTED,620.0,476.0,130.0,,False
eli/dl/event/MTG-PL-2026-06-16-VOT-ITM-992799,eli/dl/event/MTG-PL-2026-06-16-DEC-193489,,def/ep-decision-methods/VOTE_ELECTRONIC_SECRET,def/ep-statuses/ADOPTED,603.0,344.0,234.0,,False
eli/dl/event/MTG-PL-2025-10-07-VOT-ITM-973338,eli/dl/event/MTG-PL-2025-10-07-DEC-179222,2025-10-07T13:27:56+02:00,def/ep-decision-methods/VOTE_ELECTRONIC_ROLLCALL,def/ep-statuses/ADOPTED,639.0,552.0,52.0,,False
eli/dl/event/MTG-PL-2025-04-01-VOT-ITM-965389,eli/dl/event/MTG-PL-2025-04-01-DEC-173692,,def/ep-decision-methods/VOTE_HAND,def/ep-statuses/ADOPTED,,,,,False
eli/dl/event/MTG-PL-2023-06-01-VOT-ITM-939193,,,Unknown,Unknown,,,,,False
eli/dl/event/MTG-PL-2024-03-13-VOT-ITM-941837,eli/dl/event/MTG-PL-2024-03-13-DEC-166241,2024-03-13T12:33:41+01:00,def/ep-decision-methods/VOTE_ELECTRONIC_ROLLCALL,def/ep-statuses/ADOPTED,625.0,514.0,20.0,,False
eli/dl/event/MTG-PL-2023-07-12-VOT-ITM-939393,,,Unknown,Unknown,,,,,False
eli/dl/event/MTG-PL-2025-03-12-VOT-ITM-965272,eli/dl/event/MTG-PL-2025-03-12-DEC-172443,2025-03-12T12:02:52+01:00,def/ep-decision-methods/VOTE_ELECTRONIC_ROLLCALL,def/ep-statuses/ADOPTED,378.0,294.0,77.0,,False
eli/dl/event/MTG-PL-2026-07-07-VOT-ITM-992974,eli/dl/event/MTG-PL-2026-07-07-DEC-195272,,def/ep-decision-methods/VOTE_ELECTRONIC,def/ep-statuses/ADOPTED,644.0,339.0,264.0,,False
eli/dl/event/MTG-PL-2024-02-07-VOT-ITM-939983,eli/dl/event/MTG-PL-2024-02-07-DEC-164115,2024-02-07T13:00:10+01:00,def/ep-decision-methods/VOTE_ELECTRONIC_ROLLCALL,def/ep-statuses/REJECTED,626.0,221.0,313.0,Draft legislative act,False
eli/dl/event/MTG-PL-2024-04-10-VOT-ITM-944508,eli/dl/event/MTG-PL-2024-04-10-DEC-166920,,def/ep-decision-methods/VOTE_HAND,def/ep-statuses/ADOPTED,,,,"Motion for a resolution B9-0201/2024
(PETI Committee)",False
eli/dl/event/MTG-PL-2026-04-29-VOT-ITM-989767,eli/dl/event/MTG-PL-2026-04-29-DEC-190347,,def/ep-decision-methods/VOTE_HAND,def/ep-statuses/ADOPTED,,,,Circular Bio-based Europe Joint Undertaking,False
eli/dl/event/MTG-PL-2024-04-22-VOT-ITM-000010,eli/dl/event/MTG-PL-2024-04-22-DEC-168693,2024-04-22T18:40:43+02:00,def/ep-decision-methods/VOTE_ELECTRONIC_ROLLCALL,def/ep-statuses/ADOPTED,311.0,205.0,100.0,,False
eli/dl/event/MTG-PL-2023-11-22-VOT-ITM-939708,,,Unknown,Unknown,,,,,False
eli/dl/event/MTG-PL-2023-05-10-VOT-ITM-939075,,,Unknown,Unknown,,,,,False
eli/dl/event/MTG-PL-2025-06-16-VOT-ITM-000001,eli/dl/event/MTG-PL-2025-06-16-DEC-177125,2025-06-16T18:28:23+02:00,def/ep-decision-methods/VOTE_ELECTRONIC_ROLLCALL,def/ep-statuses/ADOPTED,443.0,300.0,66.0,,False
eli/dl/event/MTG-PL-2023-03-13-VOT-ITM-000007,eli/dl/event/MTG-PL-2023-03-13-DEC-153639,2023-03-13T17:34:04+01:00,def/ep-decision-methods/VOTE_ELECTRONIC_ROLLCALL,Unknown,,166.0,204.0,,False
eli/dl/event/MTG-PL-2025-04-01-VOT-ITM-965396,eli/dl/event/MTG-PL-2025-04-01-DEC-173683,,def/ep-decision-methods/VOTE_HAND,def/ep-statuses/ADOPTED,,,,,False
eli/dl/event/MTG-PL-2024-02-26-VOT-ITM-000001,eli/dl/event/MTG-PL-2024-02-26-DEC-165172,2024-02-26T17:22:33+01:00,def/ep-decision-methods/VOTE_ELECTRONIC_ROLLCALL,def/ep-statuses/REJECTED,319.0,137.0,173.0,,False
eli/dl/event/MTG-PL-2025-05-07-VOT-ITM-965511,eli/dl/event/MTG-PL-2025-05-07-DEC-176060,,def/ep-decision-methods/VOTE_ELECTRONIC_ROLLCALL,def/ep-statuses/LAPSED,,,,,False
eli/dl/event/MTG-PL-2024-04-10-VOT-ITM-944422,eli/dl/event/MTG-PL-2024-04-10-DEC-167680,2024-04-10T19:23:36+02:00,def/ep-decision-methods/VOTE_ELECTRONIC_ROLLCALL,def/ep-statuses/ADOPTED,586.0,481.0,79.0,Provisional agreement,False
eli/dl/event/MTG-PL-2025-04-02-VOT-ITM-965387,eli/dl/event/MTG-PL-2025-04-02-DEC-173688,2025-04-02T13:27:26+02:00,def/ep-decision-methods/VOTE_ELECTRONIC_ROLLCALL,def/ep-statuses/ADOPTED,681.0,528.0,121.0,,False
eli/dl/event/MTG-PL-2023-05-10-VOT-ITM-939071,,,Unknown,Unknown,,,,,False
eli/dl/event/MTG-PL-2023-07-12-VOT-ITM-939383,,,Unknown,Unknown,,,,,False
eli/dl/event/MTG-PL-2025-06-17-VOT-ITM-965683,eli/dl/event/MTG-PL-2025-06-17-DEC-177333,2025-06-17T13:44:27+02:00,def/ep-decision-methods/VOTE_ELECTRONIC_ROLLCALL,def/ep-statuses/ADOPTED,669.0,583.0,78.0,,False
eli/dl/event/MTG-PL-2023-07-12-VOT-ITM-939380,,,Unknown,Unknown,,,,,False
eli/dl/event/MTG-PL-2024-04-24-VOT-ITM-946115,eli/dl/event/MTG-PL-2024-04-24-DEC-168454,2024-04-24T18:50:36+02:00,def/ep-decision-methods/VOTE_ELECTRONIC_ROLLCALL,def/ep-statuses/ADOPTED,568.0,486.0,56.0,Provisional agreement,False
eli/dl/event/MTG-PL-2023-03-14-VOT-ITM-938815,,,Unknown,Unknown,,,,,False
eli/dl/event/MTG-PL-2025-09-11-VOT-ITM-970648,eli/dl/event/MTG-PL-2025-09-11-DEC-178291,2025-09-11T13:20:01+02:00,def/ep-decision-methods/VOTE_ELECTRONIC_ROLLCALL,def/ep-statuses/ADOPTED,609.0,461.0,100.0,,False
eli/dl/event/MTG-PL-2023-06-14-VOT-ITM-939233,,,Unknown,Unknown,,,,,False
eli/dl/event/MTG-PL-2023-10-03-VOT-ITM-939505,,,Unknown,Unknown,,,,,False
eli/dl/event/MTG-PL-2024-01-17-VOT-ITM-939909,eli/dl/event/MTG-PL-2024-01-17-DEC-163216,,def/ep-decision-methods/VOTE_HAND,def/ep-statuses/ADOPTED,,,,,False
eli/dl/event/MTG-PL-2025-11-26-VOT-ITM-976280,eli/dl/event/MTG-PL-2025-11-26-DEC-181524,,def/ep-decision-methods/VOTE_HAND,def/ep-statuses/LAPSED,,,,Draft legislative act,False
eli/dl/event/MTG-PL-2024-01-16-VOT-ITM-939939,eli/dl/event/MTG-PL-2024-01-16-DEC-163099,2024-01-16T12:18:03+01:00,def/ep-decision-methods/VOTE_ELECTRONIC_ROLLCALL,def/ep-statuses/ADOPTED,620.0,492.0,73.0,,False
eli/dl/event/MTG-PL-2026-06-18-VOT-ITM-992892,eli/dl/event/MTG-PL-2026-06-18-DEC-194635,2026-06-18T13:14:17+02:00,def/ep-decision-methods/VOTE_ELECTRONIC_ROLLCALL,def/ep-statuses/REJECTED,559.0,119.0,407.0,"Joint motion for a resolution RC-B10-0318/2026
(PPE, S&D, ECR, Renew, Verts/ALE)",False
eli/dl/event/MTG-PL-2026-04-28-VOT-ITM-989946,eli/dl/event/MTG-PL-2026-04-28-DEC-191109,,Auto-adopted,Approved,,,,,False
eli/dl/event/MTG-PL-2024-04-10-VOT-ITM-000006,eli/dl/event/MTG-PL-2024-04-10-DEC-168152,2024-04-10T14:23:51+02:00,def/ep-decision-methods/VOTE_ELECTRONIC_ROLLCALL,def/ep-statuses/ADOPTED,338.0,268.0,62.0,,False
eli/dl/event/MTG-PL-2023-06-01-VOT-ITM-939195,,,Unknown,Unknown,,,,,False
eli/dl/event/MTG-PL-2026-03-26-VOT-ITM-987077,eli/dl/event/MTG-PL-2026-03-26-DEC-189897,,Auto-adopted,Approved,,,,,False
eli/dl/event/MTG-PL-2025-06-19-VOT-ITM-965670,eli/dl/event/MTG-PL-2025-06-19-DEC-177509,2025-06-19T13:21:59+02:00,def/ep-decision-methods/VOTE_ELECTRONIC_ROLLCALL,def/ep-statuses/REJECTED,579.0,158.0,389.0,,False
eli/dl/event/MTG-PL-2023-10-17-VOT-ITM-939598,,,Unknown,Unknown,,,,,False
eli/dl/event/MTG-PL-2024-04-11-VOT-ITM-944419,eli/dl/event/MTG-PL-2024-04-11-DEC-167280,,def/ep-decision-methods/VOTE_HAND,def/ep-statuses/ADOPTED,,,,Decision on discharge,False
eli/dl/event/MTG-PL-2024-04-10-VOT-ITM-944647,eli/dl/event/MTG-PL-2024-04-10-DEC-167977,,def/ep-decision-methods/VOTE_ELECTRONIC_ROLLCALL,def/ep-statuses/LAPSED,,,,,False
eli/dl/event/MTG-PL-2023-09-14-VOT-ITM-939496,,,Unknown,Unknown,,,,,False
eli/dl/event/MTG-PL-2024-01-17-VOT-ITM-939915,eli/dl/event/MTG-PL-2024-01-17-DEC-163059,2024-01-17T12:19:42+01:00,def/ep-decision-methods/VOTE_ELECTRONIC_ROLLCALL,def/ep-statuses/ADOPTED,628.0,593.0,21.0,Provisional agreement,False
eli/dl/event/MTG-PL-2023-12-13-VOT-ITM-939839,,,Unknown,Unknown,,,,,False
eli/dl/event/MTG-PL-2026-07-07-VOT-ITM-992913,eli/dl/event/MTG-PL-2026-07-07-DEC-195010,2026-07-07T13:35:01+02:00,def/ep-decision-methods/VOTE_ELECTRONIC_ROLLCALL,def/ep-statuses/ADOPTED,659.0,654.0,4.0,,False
eli/dl/event/MTG-PL-2024-03-13-VOT-ITM-941746,eli/dl/event/MTG-PL-2024-03-13-DEC-166492,2024-03-13T17:41:14+01:00,def/ep-decision-methods/VOTE_ELECTRONIC_ROLLCALL,def/ep-statuses/ADOPTED,575.0,461.0,56.0,,False
eli/dl/event/MTG-PL-2026-01-22-VOT-ITM-981686,,,Unknown,Unknown,,,,,False
eli/dl/event/MTG-PL-2023-05-10-VOT-ITM-939080,,,Unknown,Unknown,,,,,False
eli/dl/event/MTG-PL-2023-10-17-VOT-ITM-939590,,,Unknown,Unknown,,,,,False
eli/dl/event/MTG-PL-2024-02-29-VOT-ITM-940136,eli/dl/event/MTG-PL-2024-02-29-DEC-164580,2024-02-29T12:11:40+01:00,def/ep-decision-methods/VOTE_ELECTRONIC_ROLLCALL,def/ep-statuses/ADOPTED,503.0,440.0,32.0,Provisional agreement,False
eli/dl/event/MTG-PL-2026-05-19-VOT-ITM-990673,eli/dl/event/MTG-PL-2026-05-19-DEC-192454,,def/ep-decision-methods/VOTE_HAND,def/ep-statuses/REJECTED,,,,Draft legislative act,False
eli/dl/event/MTG-PL-2024-04-24-VOT-ITM-946112,eli/dl/event/MTG-PL-2024-04-24-DEC-168452,2024-04-24T18:34:11+02:00,def/ep-decision-methods/VOTE_ELECTRONIC_ROLLCALL,def/ep-statuses/ADOPTED,585.0,353.0,118.0,Provisional agreement,False
eli/dl/event/MTG-PL-2024-02-29-VOT-ITM-940956,eli/dl/event/MTG-PL-2024-02-29-DEC-165971,2024-02-29T12:27:00+01:00,def/ep-decision-methods/VOTE_ELECTRONIC_ROLLCALL,def/ep-statuses/ADOPTED,528.0,296.0,191.0,"Joint motion for a resolution RC-B9-0144/2024 (PPE, Renew, ECR)",False
eli/dl/event/MTG-PL-2024-04-10-VOT-ITM-944516,eli/dl/event/MTG-PL-2024-04-10-DEC-166860,2024-04-10T18:43:21+02:00,def/ep-decision-methods/VOTE_ELECTRONIC_ROLLCALL,def/ep-statuses/ADOPTED,620.0,479.0,116.0,Provisional agreement,False
eli/dl/event/MTG-PL-2025-04-03-VOT-ITM-965447,eli/dl/event/MTG-PL-2025-04-03-DEC-174691,2025-04-03T13:34:28+02:00,def/ep-decision-methods/VOTE_ELECTRONIC_ROLLCALL,def/ep-statuses/ADOPTED,611.0,348.0,260.0,"Motion for a resolution B10-0209/2025
(ITRE Committee)",False
eli/dl/event/MTG-PL-2024-02-26-VOT-ITM-000007,eli/dl/event/MTG-PL-2024-02-26-DEC-165178,2024-02-26T17:32:00+01:00,def/ep-decision-methods/VOTE_ELECTRONIC_ROLLCALL,def/ep-statuses/ADOPTED,317.0,166.0,145.0,,False
eli/dl/event/MTG-PL-2024-10-24-VOT-ITM-963194,eli/dl/event/MTG-PL-2024-10-24-DEC-170346,,def/ep-decision-methods/VOTE_HAND,def/ep-statuses/ADOPTED,,,,"Joint motion for a resolution RC-B10-0134/2024
(PPE, S&D, ECR, Renew, Verts/ALE)",False
eli/dl/event/MTG-PL-2026-04-30-VOT-ITM-990175,eli/dl/event/MTG-PL-2026-04-30-DEC-192297,,def/ep-decision-methods/VOTE_HAND,def/ep-statuses/ADOPTED,,,,"Joint motion for a resolution RC-B10-0206/2026 
(PPE, S&D, Renew)",False
eli/dl/event/MTG-PL-2024-10-10-VOT-ITM-962026,eli/dl/event/MTG-PL-2024-10-10-DEC-169849,,def/ep-decision-methods/VOTE_HAND,def/ep-statuses/LAPSED,,,,Other motions for resolutions,False
eli/dl/event/MTG-PL-2023-06-15-VOT-ITM-939246,,,Unknown,Unknown,,,,,False
eli/dl/event/MTG-PL-2024-04-24-VOT-ITM-945975,eli/dl/event/MTG-PL-2024-04-24-DEC-168268,2024-04-24T13:43:21+02:00,def/ep-decision-methods/VOTE_ELECTRONIC_ROLLCALL,def/ep-statuses/ADOPTED,630.0,570.0,36.0,Provisional agreement,False
eli/dl/event/MTG-PL-2025-11-13-VOT-ITM-975425,eli/dl/event/MTG-PL-2025-11-13-DEC-180954,2025-11-13T11:06:48+01:00,def/ep-decision-methods/VOTE_ELECTRONIC_ROLLCALL,def/ep-statuses/ADOPTED,645.0,454.0,172.0,,False
eli/dl/event/MTG-PL-2023-06-01-VOT-ITM-939206,,,Unknown,Unknown,,,,,False
eli/dl/event/MTG-PL-2026-03-11-VOT-ITM-986073,eli/dl/event/MTG-PL-2026-03-11-DEC-188637,2026-03-11T13:08:14+01:00,def/ep-decision-methods/VOTE_ELECTRONIC_ROLLCALL,def/ep-statuses/REJECTED,632.0,110.0,494.0,,False
eli/dl/event/MTG-PL-2024-12-17-VOT-ITM-965067,eli/dl/event/MTG-PL-2024-12-17-DEC-171122,,def/ep-decision-methods/VOTE_HAND,def/ep-statuses/REJECTED,,,,,False
eli/dl/event/MTG-PL-2025-11-25-VOT-ITM-976393,eli/dl/event/MTG-PL-2025-11-25-DEC-181884,,def/ep-decision-methods/VOTE_ELECTRONIC_ROLLCALL,def/ep-statuses/LAPSED,,,,Draft legislative act,False
eli/dl/event/MTG-PL-2023-06-15-VOT-ITM-939303,,,Unknown,Unknown,,,,,False
eli/dl/event/MTG-PL-2026-04-29-VOT-ITM-989997,eli/dl/event/MTG-PL-2026-04-29-DEC-190097,2026-04-29T14:29:31+02:00,def/ep-decision-methods/VOTE_ELECTRONIC_ROLLCALL,def/ep-statuses/ADOPTED,648.0,601.0,13.0,,False
eli/dl/event/MTG-PL-2023-07-11-VOT-ITM-939390,,,Unknown,Unknown,,,,,False
eli/dl/event/MTG-PL-2024-04-23-VOT-ITM-946106,eli/dl/event/MTG-PL-2024-04-23-DEC-168433,,def/ep-decision-methods/VOTE_HAND,def/ep-statuses/ADOPTED,,,,,False
eli/dl/event/MTG-PL-2025-02-13-VOT-ITM-965245,eli/dl/event/MTG-PL-2025-02-13-DEC-171916,2025-02-13T12:37:32+01:00,def/ep-decision-methods/VOTE_ELECTRONIC_ROLLCALL,def/ep-statuses/REJECTED,541.0,114.0,415.0,"Joint motion for a resolution RC-B10-0100/2025
(PPE, S&D, ECR, Renew, Verts/ALE, The Left)",False
eli/dl/event/MTG-PL-2025-03-12-VOT-ITM-965271,eli/dl/event/MTG-PL-2025-03-12-DEC-172304,,def/ep-decision-methods/VOTE_ELECTRONIC,def/ep-statuses/REJECTED,664.0,310.0,329.0,,False
eli/dl/event/MTG-PL-2023-05-10-VOT-ITM-939035,,,Unknown,Unknown,,,,,False
eli/dl/event/MTG-PL-2026-01-21-VOT-ITM-982146,eli/dl/event/MTG-PL-2026-01-21-DEC-183870,2026-01-21T12:50:13+01:00,def/ep-decision-methods/VOTE_ELECTRONIC_ROLLCALL,def/ep-statuses/ADOPTED,658.0,499.0,135.0,,False
eli/dl/event/MTG-PL-2024-12-18-VOT-ITM-965108,eli/dl/event/MTG-PL-2024-12-18-DEC-171248,,def/ep-decision-methods/VOTE_ELECTRONIC_SECRET,def/ep-statuses/ADOPTED,650.0,569.0,20.0,,False
eli/dl/event/MTG-PL-2024-04-24-VOT-ITM-946006,eli/dl/event/MTG-PL-2024-04-24-DEC-168272,2024-04-24T13:42:59+02:00,def/ep-decision-methods/VOTE_ELECTRONIC_ROLLCALL,def/ep-statuses/ADOPTED,631.0,311.0,267.0,Provisional agreement,False
eli/dl/event/MTG-PL-2023-11-09-VOT-ITM-939656,,,Unknown,Unknown,,,,,False
eli/dl/event/MTG-PL-2023-02-15-VOT-ITM-938683,,,Unknown,Unknown,,,,,False
eli/dl/event/MTG-PL-2023-10-05-VOT-ITM-939517,,,Unknown,Unknown,,,,,False
eli/dl/event/MTG-PL-2024-04-25-VOT-ITM-946510,eli/dl/event/MTG-PL-2024-04-25-DEC-169187,2024-04-25T13:53:44+02:00,def/ep-decision-methods/VOTE_ELECTRONIC_ROLLCALL,def/ep-statuses/ADOPTED,480.0,425.0,25.0,"Joint motion for a resolution RC-B9-0244/2024 (PPE, S&D, Renew, Verts/ALE, ECR)",False
eli/dl/event/MTG-PL-2024-12-18-VOT-ITM-965075,eli/dl/event/MTG-PL-2024-12-18-DEC-171160,2024-12-18T12:22:13+01:00,def/ep-decision-methods/VOTE_ELECTRONIC_ROLLCALL,def/ep-statuses/ADOPTED,633.0,533.0,74.0,,False
eli/dl/event/MTG-PL-2023-12-13-VOT-ITM-939813,,,Unknown,Unknown,,,,,False
eli/dl/event/MTG-PL-2024-04-11-VOT-ITM-942398,eli/dl/event/MTG-PL-2024-04-11-DEC-167125,,def/ep-decision-methods/VOTE_HAND,def/ep-statuses/ADOPTED,,,,Motion for a resolution,False
eli/dl/event/MTG-PL-2025-11-27-VOT-ITM-976296,eli/dl/event/MTG-PL-2025-11-27-DEC-182120,2025-11-27T12:26:11+01:00,def/ep-decision-methods/VOTE_ELECTRONIC_ROLLCALL,def/ep-statuses/REJECTED,607.0,262.0,327.0,,False
eli/dl/event/MTG-PL-2026-07-09-VOT-ITM-992992,eli/dl/event/MTG-PL-2026-07-09-DEC-195772,2026-07-09T13:44:49+02:00,def/ep-decision-methods/VOTE_ELECTRONIC_ROLLCALL,def/ep-statuses/ADOPTED,594.0,334.0,231.0,"Joint motion for a resolution RC-B10-0346/2026
(PPE, S&D, ECR, Renew, Verts/ALE)",False
eli/dl/event/MTG-PL-2023-03-15-VOT-ITM-938810,,,Unknown,Unknown,,,,,False
eli/dl/event/MTG-PL-2026-02-11-VOT-ITM-983766,eli/dl/event/MTG-PL-2026-02-11-DEC-184689,2026-02-11T12:26:41+01:00,def/ep-decision-methods/VOTE_ELECTRONIC_ROLLCALL,def/ep-statuses/ADOPTED,652.0,461.0,169.0,"Motion for a resolution B10-0107/2026
(ENVI Committee)",False
eli/dl/event/MTG-PL-2023-04-18-VOT-ITM-938948,,,Unknown,Unknown,,,,,False
eli/dl/event/MTG-PL-2025-03-12-VOT-ITM-965280,eli/dl/event/MTG-PL-2025-03-12-DEC-172749,,def/ep-decision-methods/VOTE_HAND,def/ep-statuses/ADOPTED,,,,"Joint motion for a resolution RC-B10-0146/2025/REV1
(PPE, S&D, ECR, Renew, Verts/ALE)",False
eli/dl/event/MTG-PL-2024-11-26-VOT-ITM-964972,eli/dl/event/MTG-PL-2024-11-26-DEC-170626,2024-11-26T12:09:33+01:00,def/ep-decision-methods/VOTE_ELECTRONIC_ROLLCALL,def/ep-statuses/REJECTED,632.0,273.0,290.0,"Motion for a resolution B10-0147/2024
(ENVI Committee)",False
eli/dl/event/MTG-PL-2024-01-18-VOT-ITM-939926,eli/dl/event/MTG-PL-2024-01-18-DEC-163476,,def/ep-decision-methods/VOTE_HAND,def/ep-statuses/ADOPTED,,,,,False
eli/dl/event/MTG-PL-2023-04-18-VOT-ITM-938946,,,Unknown,Unknown,,,,,False
eli/dl/event/MTG-PL-2023-11-22-VOT-ITM-939717,,,Unknown,Unknown,,,,,False
eli/dl/event/MTG-PL-2026-06-18-VOT-ITM-992852,eli/dl/event/MTG-PL-2026-06-18-DEC-194415,,def/ep-decision-methods/VOTE_HAND,def/ep-statuses/ADOPTED,,,,"Motion for a resolution B10-0275/2026
(PPE, S&D, Renew, Verts/ALE, The Left)",False
eli/dl/event/MTG-PL-2024-04-10-VOT-ITM-944773,eli/dl/event/MTG-PL-2024-04-10-DEC-167034,2024-04-10T19:14:19+02:00,def/ep-decision-methods/VOTE_ELECTRONIC_ROLLCALL,def/ep-statuses/ADOPTED,615.0,545.0,34.0,,False
eli/dl/event/MTG-PL-2025-03-11-VOT-ITM-965278,eli/dl/event/MTG-PL-2025-03-11-DEC-172110,2025-03-11T12:57:57+01:00,def/ep-decision-methods/VOTE_ELECTRONIC_ROLLCALL,def/ep-statuses/ADOPTED,668.0,643.0,10.0,,False
eli/dl/event/MTG-PL-2023-04-20-VOT-ITM-938992,,,Unknown,Unknown,,,,,False
eli/dl/event/MTG-PL-2026-07-08-VOT-ITM-992930,eli/dl/event/MTG-PL-2026-07-08-DEC-195441,,def/ep-decision-methods/VOTE_HAND,def/ep-statuses/ADOPTED,,,,,False
eli/dl/event/MTG-PL-2024-02-28-VOT-ITM-940102,eli/dl/event/MTG-PL-2024-02-28-DEC-164723,,def/ep-decision-methods/VOTE_ELECTRONIC,def/ep-statuses/REJECTED,529.0,214.0,304.0,,False
eli/dl/event/MTG-PL-2026-06-17-VOT-ITM-992837,eli/dl/event/MTG-PL-2026-06-17-DEC-193947,,def/ep-decision-methods/VOTE_HAND,def/ep-statuses/ADOPTED,,,,,False
eli/dl/event/MTG-PL-2025-01-20-VOT-ITM-000002,eli/dl/event/MTG-PL-2025-01-20-DEC-171427,2025-01-20T17:17:17+01:00,def/ep-decision-methods/VOTE_ELECTRONIC_ROLLCALL,def/ep-statuses/REJECTED,427.0,196.0,221.0,,False
eli/dl/event/MTG-PL-2025-02-11-VOT-ITM-965207,eli/dl/event/MTG-PL-2025-02-11-DEC-171703,2025-02-11T12:43:00+01:00,def/ep-decision-methods/VOTE_ELECTRONIC_ROLLCALL,def/ep-statuses/ADOPTED,582.0,562.0,17.0,,False
eli/dl/event/MTG-PL-2026-07-08-VOT-ITM-992941,eli/dl/event/MTG-PL-2026-07-08-DEC-195414,2026-07-08T13:12:56+02:00,def/ep-decision-methods/VOTE_ELECTRONIC_ROLLCALL,def/ep-statuses/REJECTED,659.0,197.0,455.0,"Motion for a resolution B10-0344/2026
(PfE)",False
eli/dl/event/MTG-PL-2023-10-18-VOT-ITM-939583,,,Unknown,Unknown,,,,,False
eli/dl/event/MTG-PL-2023-02-02-VOT-ITM-938625,,,Unknown,Unknown,,,,,False
eli/dl/event/MTG-PL-2025-05-06-VOT-ITM-965497,eli/dl/event/MTG-PL-2025-05-06-DEC-175032,,def/ep-decision-methods/VOTE_ELECTRONIC,def/ep-statuses/ADOPTED,643.0,508.0,123.0,,False
eli/dl/event/MTG-PL-2023-12-14-VOT-ITM-939846,,,Unknown,Unknown,,,,,False
eli/dl/event/MTG-PL-2026-01-22-VOT-ITM-981685,eli/dl/event/MTG-PL-2026-01-22-DEC-183905,2026-01-22T12:10:20+01:00,def/ep-decision-methods/VOTE_ELECTRONIC_ROLLCALL,def/ep-statuses/ADOPTED,633.0,459.0,140.0,,False
eli/dl/event/MTG-PL-2023-11-21-VOT-ITM-939705,,,Unknown,Unknown,,,,,False
eli/dl/event/MTG-PL-2024-04-23-VOT-ITM-946108,eli/dl/event/MTG-PL-2024-04-23-DEC-168448,2024-04-23T13:59:12+02:00,def/ep-decision-methods/VOTE_ELECTRONIC_ROLLCALL,def/ep-statuses/ADOPTED,606.0,555.0,6.0,Provisional agreement,False
eli/dl/event/MTG-PL-2025-07-09-VOT-ITM-965779,eli/dl/event/MTG-PL-2025-07-09-DEC-178065,2025-07-09T13:16:37+02:00,def/ep-decision-methods/VOTE_ELECTRONIC_ROLLCALL,def/ep-statuses/REJECTED,684.0,218.0,431.0,"Motion for a resolution B10-0315/2025
(Verts/ALE, Members)",False
eli/dl/event/MTG-PL-2024-03-12-VOT-ITM-941864,eli/dl/event/MTG-PL-2024-03-12-DEC-166379,2024-03-12T13:07:48+01:00,def/ep-decision-methods/VOTE_ELECTRONIC_ROLLCALL,def/ep-statuses/REJECTED,597.0,131.0,431.0,Motion for a resolution B9-0161/2024 (Verts/ALE),False
eli/dl/event/MTG-PL-2023-03-15-VOT-ITM-938834,,,Unknown,Unknown,,,,,False
eli/dl/event/MTG-PL-2024-11-13-VOT-ITM-000002,eli/dl/event/MTG-PL-2024-11-13-DEC-170542,2024-11-13T15:26:48+01:00,def/ep-decision-methods/VOTE_ELECTRONIC_ROLLCALL,def/ep-statuses/REJECTED,561.0,201.0,353.0,,False
eli/dl/event/MTG-PL-2024-03-14-VOT-ITM-941966,eli/dl/event/MTG-PL-2024-03-14-DEC-166601,2024-03-14T12:34:50+01:00,def/ep-decision-methods/VOTE_ELECTRONIC_ROLLCALL,def/ep-statuses/REJECTED,528.0,170.0,341.0,Motion for a resolution B9-0162/2024 (LIBE Committee),False
eli/dl/event/MTG-PL-2026-05-19-VOT-ITM-990702,eli/dl/event/MTG-PL-2026-05-19-DEC-192441,,def/ep-decision-methods/VOTE_HAND,def/ep-statuses/ADOPTED,,,,,False
eli/dl/event/MTG-PL-2024-04-23-VOT-ITM-945953,eli/dl/event/MTG-PL-2024-04-23-DEC-168588,,def/ep-decision-methods/VOTE_HAND,def/ep-statuses/ADOPTED,,,,Draft legislative resolution,False
eli/dl/event/MTG-PL-2025-04-02-VOT-ITM-965403,eli/dl/event/MTG-PL-2025-04-02-DEC-174790,,def/ep-decision-methods/VOTE_HAND,def/ep-statuses/ADOPTED,,,,,False
eli/dl/event/MTG-PL-2024-04-11-VOT-ITM-943373,eli/dl/event/MTG-PL-2024-04-11-DEC-167308,,def/ep-decision-methods/VOTE_HAND,def/ep-statuses/ADOPTED,,,,Decision on discharge,False
eli/dl/event/MTG-PL-2026-04-29-VOT-ITM-989948,eli/dl/event/MTG-PL-2026-04-29-DEC-190932,,def/ep-decision-methods/VOTE_HAND,def/ep-statuses/REJECTED,,,,Draft legislative act ,False
eli/dl/event/MTG-PL-2024-02-28-VOT-ITM-940103,eli/dl/event/MTG-PL-2024-02-28-DEC-165521,2024-02-28T17:25:03+01:00,def/ep-decision-methods/VOTE_ELECTRONIC_ROLLCALL,def/ep-statuses/REJECTED,549.0,51.0,462.0,,False
eli/dl/event/MTG-PL-2025-07-08-VOT-ITM-965780,eli/dl/event/MTG-PL-2025-07-08-DEC-177691,2025-07-08T13:36:25+02:00,def/ep-decision-methods/VOTE_ELECTRONIC_ROLLCALL,def/ep-statuses/ADOPTED,681.0,616.0,29.0,,False
eli/dl/event/MTG-PL-2026-04-28-VOT-ITM-989893,eli/dl/event/MTG-PL-2026-04-28-DEC-189928,2026-04-28T14:27:52+02:00,def/ep-decision-methods/VOTE_ELECTRONIC_ROLLCALL,def/ep-statuses/ADOPTED,652.0,430.0,107.0,,False
eli/dl/event/MTG-PL-2026-03-10-VOT-ITM-986071,eli/dl/event/MTG-PL-2026-03-10-DEC-187301,2026-03-10T13:43:07+01:00,def/ep-decision-methods/VOTE_ELECTRONIC_ROLLCALL,def/ep-statuses/REJECTED,627.0,142.0,461.0,,False
eli/dl/event/MTG-PL-2023-05-10-VOT-ITM-939109,,,Unknown,Unknown,,,,,False
eli/dl/event/MTG-PL-2025-05-06-VOT-ITM-965490,eli/dl/event/MTG-PL-2025-05-06-DEC-175047,,def/ep-decision-methods/VOTE_HAND,def/ep-statuses/ADOPTED,,,,,False
eli/dl/event/MTG-PL-2024-02-27-VOT-ITM-940092,eli/dl/event/MTG-PL-2024-02-27-DEC-164813,,def/ep-decision-methods/VOTE_ELECTRONIC_ROLLCALL,def/ep-statuses/LAPSED,,,,Draft legislative act,False
eli/dl/event/MTG-PL-2025-10-08-VOT-ITM-973327,eli/dl/event/MTG-PL-2025-10-08-DEC-179258,,def/ep-decision-methods/VOTE_HAND,def/ep-statuses/ADOPTED,,,,,False
eli/dl/event/MTG-PL-2025-05-06-VOT-ITM-965510,eli/dl/event/MTG-PL-2025-05-06-DEC-175031,2025-05-06T13:15:54+02:00,def/ep-decision-methods/VOTE_ELECTRONIC_ROLLCALL,def/ep-statuses/ADOPTED,651.0,598.0,48.0,,False
eli/dl/event/MTG-PL-2024-02-27-VOT-ITM-940144,eli/dl/event/MTG-PL-2024-02-27-DEC-164487,2024-02-27T12:30:36+01:00,def/ep-decision-methods/VOTE_ELECTRONIC_ROLLCALL,def/ep-statuses/ADOPTED,628.0,544.0,6.0,,False
eli/dl/event/MTG-PL-2023-04-20-VOT-ITM-938987,,,Unknown,Unknown,,,,,False
eli/dl/event/MTG-PL-2026-05-20-VOT-ITM-990715,eli/dl/event/MTG-PL-2026-05-20-DEC-192450,2026-05-20T13:45:00+02:00,def/ep-decision-methods/VOTE_ELECTRONIC_ROLLCALL,def/ep-statuses/ADOPTED,648.0,527.0,62.0,,False
eli/dl/event/MTG-PL-2024-03-11-VOT-ITM-000003,eli/dl/event/MTG-PL-2024-03-11-DEC-166327,2024-03-11T17:21:17+01:00,def/ep-decision-methods/VOTE_ELECTRONIC_ROLLCALL,def/ep-statuses/ADOPTED,315.0,268.0,36.0,,False
eli/dl/event/MTG-PL-2026-04-30-VOT-ITM-990169,eli/dl/event/MTG-PL-2026-04-30-DEC-191857,2026-04-30T13:11:48+02:00,def/ep-decision-methods/VOTE_ELECTRONIC_ROLLCALL,def/ep-statuses/ADOPTED,569.0,465.0,57.0,,False
eli/dl/event/MTG-PL-2024-02-26-VOT-ITM-000006,eli/dl/event/MTG-PL-2024-02-26-DEC-165177,2024-02-26T17:29:24+01:00,def/ep-decision-methods/VOTE_ELECTRONIC_ROLLCALL,def/ep-statuses/REJECTED,315.0,120.0,187.0,,False
eli/dl/event/MTG-PL-2026-05-21-VOT-ITM-990716,eli/dl/event/MTG-PL-2026-05-21-DEC-192524,,def/ep-decision-methods/VOTE_HAND,def/ep-statuses/REJECTED,,,,,False
eli/dl/event/MTG-PL-2023-11-09-VOT-ITM-939653,,,Unknown,Unknown,,,,,False
eli/dl/event/MTG-PL-2026-04-29-VOT-ITM-989966,eli/dl/event/MTG-PL-2026-04-29-DEC-191888,,def/ep-decision-methods/VOTE_HAND,def/ep-statuses/ADOPTED,,,,Decision on discharge,False
eli/dl/event/MTG-PL-2026-04-27-VOT-ITM-000002,eli/dl/event/MTG-PL-2026-04-27-DEC-191135,2026-04-27T18:15:33+02:00,def/ep-decision-methods/VOTE_ELECTRONIC_ROLLCALL,def/ep-statuses/REJECTED,470.0,127.0,338.0,,False
eli/dl/event/MTG-PL-2023-07-12-VOT-ITM-939404,,,Unknown,Unknown,,,,,False
eli/dl/event/MTG-PL-2026-07-07-VOT-ITM-992953,eli/dl/event/MTG-PL-2026-07-07-DEC-195412,,def/ep-decision-methods/VOTE_HAND,def/ep-statuses/REJECTED,,,,Proposal for a decision B10-0343/2026 (Conference of Presidents),False
eli/dl/event/MTG-PL-2025-10-08-VOT-ITM-973334,eli/dl/event/MTG-PL-2025-10-08-DEC-179205,,def/ep-decision-methods/VOTE_HAND,def/ep-statuses/REJECTED,,,,"Motion for a resolution B10-0407/2025
(ENVI)",False
eli/dl/event/MTG-PL-2025-10-07-VOT-ITM-973504,eli/dl/event/MTG-PL-2025-10-07-DEC-179414,,def/ep-decision-methods/VOTE_HAND,def/ep-statuses/ADOPTED,,,,,False
eli/dl/event/MTG-PL-2023-05-10-VOT-ITM-939042,,,Unknown,Unknown,,,,,False
eli/dl/event/MTG-PL-2024-04-10-VOT-ITM-944694,eli/dl/event/MTG-PL-2024-04-10-DEC-167675,,def/ep-decision-methods/VOTE_ELECTRONIC_ROLLCALL,def/ep-statuses/LAPSED,,,,Draft legislative act,False
eli/dl/event/MTG-PL-2026-02-12-VOT-ITM-984084,eli/dl/event/MTG-PL-2026-02-12-DEC-185271,,def/ep-decision-methods/VOTE_HAND,def/ep-statuses/LAPSED,,,,Other motions for resolutions,False
eli/dl/event/MTG-PL-2025-12-17-VOT-ITM-978319,eli/dl/event/MTG-PL-2025-12-17-DEC-182712,2025-12-17T12:30:19+01:00,def/ep-decision-methods/VOTE_ELECTRONIC_ROLLCALL,def/ep-statuses/ADOPTED,648.0,335.0,243.0,,False
eli/dl/event/MTG-PL-2026-04-29-VOT-ITM-990072,eli/dl/event/MTG-PL-2026-04-29-DEC-190289,,def/ep-decision-methods/VOTE_ELECTRONIC,def/ep-statuses/REJECTED,646.0,205.0,438.0,Motion for a resolution,False
eli/dl/event/MTG-PL-2026-01-22-VOT-ITM-981674,eli/dl/event/MTG-PL-2026-01-22-DEC-183055,,def/ep-decision-methods/VOTE_ELECTRONIC,def/ep-statuses/ADOPTED,632.0,360.0,266.0,,False
eli/dl/event/MTG-PL-2023-05-11-VOT-ITM-939090,,,Unknown,Unknown,,,,,False
eli/dl/event/MTG-PL-2023-10-02-VOT-ITM-000006,eli/dl/event/MTG-PL-2023-10-02-DEC-158750,2023-10-02T18:28:32+02:00,def/ep-decision-methods/VOTE_ELECTRONIC_ROLLCALL,Unknown,,269.0,67.0,,False
eli/dl/event/MTG-PL-2023-05-10-VOT-ITM-939072,,,Unknown,Unknown,,,,,False
eli/dl/event/MTG-PL-2026-02-24-VOT-ITM-984821,eli/dl/event/MTG-PL-2026-02-24-DEC-185861,,def/ep-decision-methods/VOTE_HAND,def/ep-statuses/ADOPTED,,,,"Joint motion for a resolution RC-B10-0143/2026
(PPE, S&D, ECR, Renew, Verts/ALE, Members)",False
eli/dl/event/MTG-PL-2024-04-22-VOT-ITM-000007,eli/dl/event/MTG-PL-2024-04-22-DEC-168690,2024-04-22T18:33:55+02:00,def/ep-decision-methods/VOTE_ELECTRONIC_ROLLCALL,def/ep-statuses/REJECTED,321.0,22.0,289.0,,False
eli/dl/event/MTG-PL-2025-10-07-VOT-ITM-973514,eli/dl/event/MTG-PL-2025-10-07-DEC-179418,,def/ep-decision-methods/VOTE_HAND,def/ep-statuses/ADOPTED,,,,,False
eli/dl/event/MTG-PL-2024-04-24-VOT-ITM-945923,eli/dl/event/MTG-PL-2024-04-24-DEC-168350,2024-04-24T18:46:18+02:00,def/ep-decision-methods/VOTE_ELECTRONIC_ROLLCALL,def/ep-statuses/ADOPTED,572.0,550.0,3.0,Provisional agreement,False
eli/dl/event/MTG-PL-2024-02-28-VOT-ITM-940101,eli/dl/event/MTG-PL-2024-02-28-DEC-164600,2024-02-28T12:51:57+01:00,def/ep-decision-methods/VOTE_ELECTRONIC_ROLLCALL,def/ep-statuses/ADOPTED,619.0,526.0,23.0,,False
eli/dl/event/MTG-PL-2026-02-10-VOT-ITM-983790,eli/dl/event/MTG-PL-2026-02-10-DEC-184683,,def/ep-decision-methods/VOTE_HAND,def/ep-statuses/ADOPTED,,,,,False
eli/dl/event/MTG-PL-2025-07-10-VOT-ITM-965829,eli/dl/event/MTG-PL-2025-07-10-DEC-178229,2025-07-10T13:17:46+02:00,def/ep-decision-methods/VOTE_ELECTRONIC_ROLLCALL,def/ep-statuses/REJECTED,634.0,95.0,420.0,"Joint motion for a resolution RC-B10-0324/2025/REV1
(PPE, S&D, ECR, Renew, Verts/ALE)",False
eli/dl/event/MTG-PL-2024-01-16-VOT-ITM-939910,eli/dl/event/MTG-PL-2024-01-16-DEC-163038,2024-01-16T12:16:28+01:00,def/ep-decision-methods/VOTE_ELECTRONIC_ROLLCALL,def/ep-statuses/ADOPTED,616.0,481.0,42.0,,False
eli/dl/event/MTG-PL-2024-11-28-VOT-ITM-965026,eli/dl/event/MTG-PL-2024-11-28-DEC-170692,,def/ep-decision-methods/VOTE_HAND,def/ep-statuses/REJECTED,,,,"Joint motion for a resolution RC-B10-0173/2024
(PPE, S&D, Renew, Verts/ALE)",False
eli/dl/event/MTG-PL-2024-01-16-VOT-ITM-939925,eli/dl/event/MTG-PL-2024-01-16-DEC-162984,2024-01-16T12:18:38+01:00,def/ep-decision-methods/VOTE_ELECTRONIC_ROLLCALL,def/ep-statuses/ADOPTED,625.0,414.0,118.0,,False
eli/dl/event/MTG-PL-2024-04-22-VOT-ITM-000005,eli/dl/event/MTG-PL-2024-04-22-DEC-168688,2024-04-22T18:29:46+02:00,def/ep-decision-methods/VOTE_ELECTRONIC_ROLLCALL,def/ep-statuses/REJECTED,324.0,145.0,175.0,,False
eli/dl/event/MTG-PL-2025-07-10-VOT-ITM-965830,eli/dl/event/MTG-PL-2025-07-10-DEC-178160,,def/ep-decision-methods/VOTE_HAND,def/ep-statuses/LAPSED,,,,Other motions for resolutions,False
eli/dl/event/MTG-PL-2026-04-30-VOT-ITM-990081,eli/dl/event/MTG-PL-2026-04-30-DEC-191864,2026-04-30T13:29:58+02:00,def/ep-decision-methods/VOTE_ELECTRONIC_ROLLCALL,def/ep-statuses/ADOPTED,567.0,297.0,248.0,,False
eli/dl/event/MTG-PL-2023-01-17-VOT-ITM-938506,,,Unknown,Unknown,,,,,False
eli/dl/event/MTG-PL-2025-11-13-VOT-ITM-975414,eli/dl/event/MTG-PL-2025-11-13-DEC-180627,2025-11-13T12:01:15+01:00,def/ep-decision-methods/VOTE_ELECTRONIC_ROLLCALL,def/ep-statuses/ADOPTED,633.0,605.0,26.0,,False
eli/dl/event/MTG-PL-2024-04-23-VOT-ITM-946145,eli/dl/event/MTG-PL-2024-04-23-DEC-168486,2024-04-23T13:55:45+02:00,def/ep-decision-methods/VOTE_ELECTRONIC_ROLLCALL,def/ep-statuses/ADOPTED,599.0,456.0,53.0,,False
eli/dl/event/MTG-PL-2024-04-11-VOT-ITM-944669,eli/dl/event/MTG-PL-2024-04-11-DEC-168001,2024-04-11T13:18:55+02:00,def/ep-decision-methods/VOTE_ELECTRONIC_ROLLCALL,def/ep-statuses/REJECTED,604.0,290.0,304.0,Motion for a resolution,False
eli/dl/event/MTG-PL-2024-02-05-VOT-ITM-000005,eli/dl/event/MTG-PL-2024-02-05-DEC-164070,2024-02-05T17:21:29+01:00,def/ep-decision-methods/VOTE_ELECTRONIC_ROLLCALL,def/ep-statuses/ADOPTED,353.0,319.0,31.0,,False
eli/dl/event/MTG-PL-2026-02-11-VOT-ITM-983641,eli/dl/event/MTG-PL-2026-02-11-DEC-184696,2026-02-11T12:23:26+01:00,def/ep-decision-methods/VOTE_ELECTRONIC_ROLLCALL,def/ep-statuses/REJECTED,649.0,170.0,472.0,,False
eli/dl/event/MTG-PL-2023-05-10-VOT-ITM-939117,,,Unknown,Unknown,,,,,False
eli/dl/event/MTG-PL-2024-04-11-VOT-ITM-943261,eli/dl/event/MTG-PL-2024-04-11-DEC-167201,,def/ep-decision-methods/VOTE_HAND,def/ep-statuses/ADOPTED,,,,Decision on discharge,False
eli/dl/event/MTG-PL-2023-09-13-VOT-ITM-939456,,,Unknown,Unknown,,,,,False
eli/dl/event/MTG-PL-2026-01-21-VOT-ITM-981675,eli/dl/event/MTG-PL-2026-01-21-DEC-183557,2026-01-21T12:49:48+01:00,def/ep-decision-methods/VOTE_ELECTRONIC_ROLLCALL,def/ep-statuses/ADOPTED,656.0,632.0,15.0,,False
eli/dl/event/MTG-PL-2024-11-14-VOT-ITM-964545,eli/dl/event/MTG-PL-2024-11-14-DEC-170381,2024-11-14T11:23:31+01:00,def/ep-decision-methods/VOTE_ELECTRONIC_ROLLCALL,def/ep-statuses/ADOPTED,645.0,555.0,48.0,,False
eli/dl/event/MTG-PL-2025-09-09-VOT-ITM-970757,eli/dl/event/MTG-PL-2025-09-09-DEC-178402,,def/ep-decision-methods/VOTE_HAND,def/ep-statuses/ADOPTED,,,,,False
eli/dl/event/MTG-PL-2024-04-23-VOT-ITM-946065,eli/dl/event/MTG-PL-2024-04-23-DEC-168426,2024-04-23T14:01:05+02:00,def/ep-decision-methods/VOTE_ELECTRONIC_ROLLCALL,def/ep-statuses/ADOPTED,598.0,368.0,166.0,,False
eli/dl/event/MTG-PL-2023-01-17-VOT-ITM-938525,,,Unknown,Unknown,,,,,False
eli/dl/event/MTG-PL-2026-06-16-VOT-ITM-992776,eli/dl/event/MTG-PL-2026-06-16-DEC-193487,,def/ep-decision-methods/VOTE_HAND,def/ep-statuses/ADOPTED,,,,,False
eli/dl/event/MTG-PL-2024-03-14-VOT-ITM-942473,eli/dl/event/MTG-PL-2024-03-14-DEC-166693,2024-03-14T12:39:49+01:00,def/ep-decision-methods/VOTE_ELECTRONIC_ROLLCALL,def/ep-statuses/REJECTED,492.0,230.0,249.0,Motion for a resolution B9-0173/2024 (AFET Committee),False
eli/dl/event/MTG-PL-2026-02-10-VOT-ITM-983636,eli/dl/event/MTG-PL-2026-02-10-DEC-184174,2026-02-10T13:00:20+01:00,def/ep-decision-methods/VOTE_ELECTRONIC_ROLLCALL,def/ep-statuses/ADOPTED,642.0,594.0,25.0,Provisional agreement,False
eli/dl/event/MTG-PL-2024-01-17-VOT-ITM-939930,eli/dl/event/MTG-PL-2024-01-17-DEC-162987,2024-01-17T12:39:36+01:00,def/ep-decision-methods/VOTE_ELECTRONIC_ROLLCALL,def/ep-statuses/ADOPTED,622.0,565.0,26.0,,False
eli/dl/event/MTG-PL-2026-04-29-VOT-ITM-989879,eli/dl/event/MTG-PL-2026-04-29-DEC-190203,2026-04-29T13:57:32+02:00,def/ep-decision-methods/VOTE_ELECTRONIC_ROLLCALL,def/ep-statuses/ADOPTED,651.0,478.0,146.0,Motion for a resolution,False
eli/dl/event/MTG-PL-2024-10-10-VOT-ITM-962028,eli/dl/event/MTG-PL-2024-10-10-DEC-169836,,def/ep-decision-methods/VOTE_HAND,def/ep-statuses/LAPSED,,,,Other motions for resolutions,False
eli/dl/event/MTG-PL-2023-01-19-VOT-ITM-938523,,,Unknown,Unknown,,,,,False
eli/dl/event/MTG-PL-2023-02-16-VOT-ITM-938665,,,Unknown,Unknown,,,,,False
eli/dl/event/MTG-PL-2025-10-22-VOT-ITM-974702,eli/dl/event/MTG-PL-2025-10-22-DEC-179949,2025-10-22T15:08:35+02:00,def/ep-decision-methods/VOTE_ELECTRONIC_ROLLCALL,def/ep-statuses/ADOPTED,583.0,476.0,42.0,"Joint motion for a resolution RC-B10-0451/2025
(PPE, S&D, ECR, Renew, Verts/ALE)",False
eli/dl/event/MTG-PL-2023-07-11-VOT-ITM-939378,,,Unknown,Unknown,,,,,False
eli/dl/event/MTG-PL-2024-03-12-VOT-ITM-941734,eli/dl/event/MTG-PL-2024-03-12-DEC-166133,2024-03-12T13:15:01+01:00,def/ep-decision-methods/VOTE_ELECTRONIC_ROLLCALL,def/ep-statuses/ADOPTED,613.0,506.0,82.0,Provisional agreement,False
eli/dl/event/MTG-PL-2024-04-11-VOT-ITM-945270,eli/dl/event/MTG-PL-2024-04-11-DEC-168229,2024-04-11T12:24:37+02:00,def/ep-decision-methods/VOTE_ELECTRONIC_ROLLCALL,def/ep-statuses/REJECTED,610.0,179.0,403.0,Motion for a resolution B9-0211/2024 (PPE),False
eli/dl/event/MTG-PL-2023-05-10-VOT-ITM-939083,,,Unknown,Unknown,,,,,False
eli/dl/event/MTG-PL-2024-02-28-VOT-ITM-940326,eli/dl/event/MTG-PL-2024-02-28-DEC-164819,,def/ep-decision-methods/VOTE_HAND,def/ep-statuses/ADOPTED,,,,,False
eli/dl/event/MTG-PL-2025-11-24-VOT-ITM-000001,eli/dl/event/MTG-PL-2025-11-24-DEC-181825,2025-11-24T17:12:08+01:00,def/ep-decision-methods/VOTE_ELECTRONIC_ROLLCALL,def/ep-statuses/ADOPTED,438.0,424.0,,,False
eli/dl/event/MTG-PL-2024-03-12-VOT-ITM-941752,eli/dl/event/MTG-PL-2024-03-12-DEC-166040,2024-03-12T13:41:38+01:00,def/ep-decision-methods/VOTE_ELECTRONIC_ROLLCALL,def/ep-statuses/ADOPTED,608.0,596.0,7.0,Provisional agreement,False
eli/dl/event/MTG-PL-2023-02-15-VOT-ITM-938651,,,Unknown,Unknown,,,,,False
eli/dl/event/MTG-PL-2023-12-12-VOT-ITM-939808,,,Unknown,Unknown,,,,,False
eli/dl/event/MTG-PL-2024-04-10-VOT-ITM-000004,eli/dl/event/MTG-PL-2024-04-10-DEC-168150,2024-04-10T14:19:27+02:00,def/ep-decision-methods/VOTE_ELECTRONIC_ROLLCALL,def/ep-statuses/REJECTED,343.0,111.0,228.0,,False
eli/dl/event/MTG-PL-2024-09-19-VOT-ITM-959498,eli/dl/event/MTG-PL-2024-09-19-DEC-169401,2024-09-19T13:13:40+02:00,def/ep-decision-methods/VOTE_ELECTRONIC_ROLLCALL,def/ep-statuses/ADOPTED,615.0,582.0,16.0,,False
eli/dl/event/MTG-PL-2025-12-16-VOT-ITM-978512,eli/dl/event/MTG-PL-2025-12-16-DEC-182703,2025-12-16T13:14:34+01:00,def/ep-decision-methods/VOTE_ELECTRONIC_ROLLCALL,def/ep-statuses/ADOPTED,660.0,479.0,173.0,"Motion for a resolution B10-0562/2025
(ENVI Committee)",False
eli/dl/event/MTG-PL-2024-12-17-VOT-ITM-965066,eli/dl/event/MTG-PL-2024-12-17-DEC-171162,,def/ep-decision-methods/VOTE_HAND,def/ep-statuses/ADOPTED,,,,,False
eli/dl/event/MTG-PL-2024-04-24-VOT-ITM-946126,eli/dl/event/MTG-PL-2024-04-24-DEC-168463,2024-04-24T13:45:00+02:00,def/ep-decision-methods/VOTE_ELECTRONIC_ROLLCALL,def/ep-statuses/ADOPTED,632.0,352.0,213.0,,False
eli/dl/event/MTG-PL-2024-03-14-VOT-ITM-941848,eli/dl/event/MTG-PL-2024-03-14-DEC-166087,2024-03-14T12:39:19+01:00,def/ep-decision-methods/VOTE_ELECTRONIC_ROLLCALL,def/ep-statuses/ADOPTED,520.0,433.0,36.0,,False
eli/dl/event/MTG-PL-2026-03-26-VOT-ITM-987080,eli/dl/event/MTG-PL-2026-03-26-DEC-189572,2026-03-26T11:16:03+01:00,def/ep-decision-methods/VOTE_ELECTRONIC_ROLLCALL,def/ep-statuses/REJECTED,636.0,303.0,314.0,Amendments to Regulation (EU) 2021/1232,False
eli/dl/event/MTG-PL-2023-01-17-VOT-ITM-938510,,,Unknown,Unknown,,,,,False
eli/dl/event/MTG-PL-2023-11-23-VOT-ITM-939786,,,Unknown,Unknown,,,,,False
eli/dl/event/MTG-PL-2024-04-10-VOT-ITM-944668,eli/dl/event/MTG-PL-2024-04-10-DEC-167370,,def/ep-decision-methods/VOTE_HAND,def/ep-statuses/LAPSED,,,,Draft legislative act,False
eli/dl/event/MTG-PL-2024-04-24-VOT-ITM-945991,eli/dl/event/MTG-PL-2024-04-24-DEC-168264,2024-04-24T18:52:23+02:00,def/ep-decision-methods/VOTE_ELECTRONIC_ROLLCALL,def/ep-statuses/ADOPTED,572.0,479.0,61.0,Provisional agreement,False
eli/dl/event/MTG-PL-2026-07-09-VOT-ITM-992948,eli/dl/event/MTG-PL-2026-07-09-DEC-195598,,def/ep-decision-methods/VOTE_HAND,def/ep-statuses/REJECTED,,,,"Motion for a resolution B10-0339/2026
(DEVE)",False
eli/dl/event/MTG-PL-2025-09-10-VOT-ITM-970667,eli/dl/event/MTG-PL-2025-09-10-DEC-178494,,def/ep-decision-methods/VOTE_HAND,def/ep-statuses/ADOPTED,,,,,False
eli/dl/event/MTG-PL-2024-04-11-VOT-ITM-944666,eli/dl/event/MTG-PL-2024-04-11-DEC-167146,,def/ep-decision-methods/VOTE_HAND,def/ep-statuses/ADOPTED,,,,Decision on discharge,False
eli/dl/event/MTG-PL-2023-02-13-VOT-ITM-000003,eli/dl/event/MTG-PL-2023-02-13-DEC-152667,2023-02-13T17:23:05+01:00,def/ep-decision-methods/VOTE_ELECTRONIC_ROLLCALL,Unknown,,165.0,215.0,,False
eli/dl/event/MTG-PL-2023-03-15-VOT-ITM-938866,,,Unknown,Unknown,,,,,False
eli/dl/event/MTG-PL-2026-04-29-VOT-ITM-989774,eli/dl/event/MTG-PL-2026-04-29-DEC-190809,,def/ep-decision-methods/VOTE_HAND,def/ep-statuses/REJECTED,,,,Motion for a resolution,False
eli/dl/event/MTG-PL-2023-05-09-VOT-ITM-939094,,,Unknown,Unknown,,,,,False
eli/dl/event/MTG-PL-2026-06-17-VOT-ITM-992834,eli/dl/event/MTG-PL-2026-06-17-DEC-193573,2026-06-17T13:52:46+02:00,def/ep-decision-methods/VOTE_ELECTRONIC_ROLLCALL,def/ep-statuses/ADOPTED,298.0,276.0,13.0,,False
eli/dl/event/MTG-PL-2023-04-18-VOT-ITM-938945,,,Unknown,Unknown,,,,,False
eli/dl/event/MTG-PL-2026-04-28-VOT-ITM-990080,eli/dl/event/MTG-PL-2026-04-28-DEC-190186,2026-04-28T14:29:46+02:00,def/ep-decision-methods/VOTE_ELECTRONIC_ROLLCALL,def/ep-statuses/ADOPTED,645.0,527.0,85.0,,False
eli/dl/event/MTG-PL-2026-04-29-VOT-ITM-989894,eli/dl/event/MTG-PL-2026-04-29-DEC-190377,,def/ep-decision-methods/VOTE_ELECTRONIC,def/ep-statuses/REJECTED,646.0,221.0,264.0,Motion for a resolution,False
eli/dl/event/MTG-PL-2025-11-24-VOT-ITM-000003,eli/dl/event/MTG-PL-2025-11-24-DEC-181827,2025-11-24T17:15:20+01:00,def/ep-decision-methods/VOTE_ELECTRONIC_ROLLCALL,def/ep-statuses/REJECTED,433.0,173.0,244.0,,False
eli/dl/event/MTG-PL-2024-09-19-VOT-ITM-960003,eli/dl/event/MTG-PL-2024-09-19-DEC-169543,2024-09-19T13:10:32+02:00,def/ep-decision-methods/VOTE_ELECTRONIC_ROLLCALL,def/ep-statuses/REJECTED,594.0,255.0,316.0,"Joint motion for a resolution RC-B10-0026/2024
(PPE, S&D, ECR, Renew, Verts/ALE, The Left)",False
eli/dl/event/MTG-PL-2026-07-07-VOT-ITM-992932,eli/dl/event/MTG-PL-2026-07-07-DEC-194896,,def/ep-decision-methods/VOTE_HAND,def/ep-statuses/ADOPTED,,,,,False
eli/dl/event/MTG-PL-2023-11-09-VOT-ITM-939661,,,Unknown,Unknown,,,,,False
eli/dl/event/MTG-PL-2025-10-09-VOT-ITM-974022,eli/dl/event/MTG-PL-2025-10-09-DEC-179771,,def/ep-decision-methods/VOTE_HAND,def/ep-statuses/ADOPTED,,,,"Joint motion for a resolution RC-B10-0439/2025
(PPE, S&D, ECR, Renew, Verts/ALE)",False
eli/dl/event/MTG-PL-2025-04-01-VOT-ITM-965408,eli/dl/event/MTG-PL-2025-04-01-DEC-173681,,def/ep-decision-methods/VOTE_HAND,def/ep-statuses/ADOPTED,,,,,False
eli/dl/event/MTG-PL-2024-11-28-VOT-ITM-965008,eli/dl/event/MTG-PL-2024-11-28-DEC-170865,2024-11-28T12:18:10+01:00,def/ep-decision-methods/VOTE_ELECTRONIC_ROLLCALL,def/ep-statuses/ADOPTED,600.0,412.0,120.0,"Joint motion for a resolution RC-B10-0179/2024
(PPE, S&D, ECR, Renew, Verts/ALE, Members)",False
eli/dl/event/MTG-PL-2025-10-07-VOT-ITM-973507,eli/dl/event/MTG-PL-2025-10-07-DEC-179419,,def/ep-decision-methods/VOTE_HAND,def/ep-statuses/ADOPTED,,,,,False
eli/dl/event/MTG-PL-2025-04-02-VOT-ITM-965395,eli/dl/event/MTG-PL-2025-04-02-DEC-173687,2025-04-02T13:29:16+02:00,def/ep-decision-methods/VOTE_ELECTRONIC_ROLLCALL,def/ep-statuses/ADOPTED,683.0,518.0,104.0,,False
eli/dl/event/MTG-PL-2025-06-18-VOT-ITM-965673,eli/dl/event/MTG-PL-2025-06-18-DEC-177321,2025-06-18T13:16:19+02:00,def/ep-decision-methods/VOTE_ELECTRONIC_ROLLCALL,def/ep-statuses/ADOPTED,653.0,418.0,200.0,,False
eli/dl/event/MTG-PL-2025-05-07-VOT-ITM-965546,eli/dl/event/MTG-PL-2025-05-07-DEC-176090,2025-05-07T13:23:04+02:00,def/ep-decision-methods/VOTE_ELECTRONIC_ROLLCALL,def/ep-statuses/ADOPTED,634.0,316.0,291.0,,False
eli/dl/event/MTG-PL-2023-11-23-VOT-ITM-939735,,,Unknown,Unknown,,,,,False
eli/dl/event/MTG-PL-2023-02-16-VOT-ITM-938744,,,Unknown,Unknown,,,,,False
eli/dl/event/MTG-PL-2025-05-05-VOT-ITM-000001,eli/dl/event/MTG-PL-2025-05-05-DEC-175669,2025-05-05T18:37:32+02:00,def/ep-decision-methods/VOTE_ELECTRONIC_ROLLCALL,def/ep-statuses/REJECTED,428.0,164.0,256.0,,False
eli/dl/event/MTG-PL-2025-12-18-VOT-ITM-978888,eli/dl/event/MTG-PL-2025-12-18-DEC-182865,,def/ep-decision-methods/VOTE_ELECTRONIC_SECRET,def/ep-statuses/ADOPTED,567.0,511.0,29.0,,False
eli/dl/event/MTG-PL-2025-09-11-VOT-ITM-970665,eli/dl/event/MTG-PL-2025-09-11-DEC-178822,2025-09-11T13:22:49+02:00,def/ep-decision-methods/VOTE_ELECTRONIC_ROLLCALL,def/ep-statuses/REJECTED,616.0,153.0,422.0,,False
eli/dl/event/MTG-PL-2023-02-15-VOT-ITM-938725,,,Unknown,Unknown,,,,,False
eli/dl/event/MTG-PL-2023-04-20-VOT-ITM-938995,,,Unknown,Unknown,,,,,False
eli/dl/event/MTG-PL-2023-04-18-VOT-ITM-938950,,,Unknown,Unknown,,,,,False
eli/dl/event/MTG-PL-2023-04-19-VOT-ITM-938984,,,Unknown,Unknown,,,,,False
eli/dl/event/MTG-PL-2023-05-10-VOT-ITM-939102,,,Unknown,Unknown,,,,,False
eli/dl/event/MTG-PL-2025-09-11-VOT-ITM-971344,eli/dl/event/MTG-PL-2025-09-11-DEC-178905,,def/ep-decision-methods/VOTE_HAND,def/ep-statuses/LAPSED,,,,Other motions for resolutions,False
eli/dl/event/MTG-PL-2023-03-16-VOT-ITM-938809,,,Unknown,Unknown,,,,,False
eli/dl/event/MTG-PL-2024-12-17-VOT-ITM-965070,eli/dl/event/MTG-PL-2024-12-17-DEC-171137,,def/ep-decision-methods/VOTE_HAND,def/ep-statuses/ADOPTED,,,,Draft legislative act ,False
eli/dl/event/MTG-PL-2023-12-11-VOT-ITM-000002,eli/dl/event/MTG-PL-2023-12-11-DEC-162513,2023-12-11T17:19:12+01:00,def/ep-decision-methods/VOTE_ELECTRONIC_ROLLCALL,Unknown,,128.0,198.0,,False
eli/dl/event/MTG-PL-2023-03-14-VOT-ITM-938811,,,Unknown,Unknown,,,,,False
eli/dl/event/MTG-PL-2026-03-26-VOT-ITM-987075,eli/dl/event/MTG-PL-2026-03-26-DEC-189597,2026-03-26T11:06:44+01:00,def/ep-decision-methods/VOTE_ELECTRONIC_ROLLCALL,def/ep-statuses/ADOPTED,627.0,389.0,206.0,,False
eli/dl/event/MTG-PL-2025-10-07-VOT-ITM-973508,eli/dl/event/MTG-PL-2025-10-07-DEC-179416,,def/ep-decision-methods/VOTE_HAND,def/ep-statuses/ADOPTED,,,,,False
eli/dl/event/MTG-PL-2025-10-06-VOT-ITM-000001,eli/dl/event/MTG-PL-2025-10-06-DEC-179465,2025-10-06T18:20:09+02:00,def/ep-decision-methods/VOTE_ELECTRONIC_ROLLCALL,def/ep-statuses/REJECTED,438.0,196.0,234.0,,False
eli/dl/event/MTG-PL-2024-01-16-VOT-ITM-939927,eli/dl/event/MTG-PL-2024-01-16-DEC-162974,2024-01-16T12:04:11+01:00,def/ep-decision-methods/VOTE_ELECTRONIC_ROLLCALL,def/ep-statuses/ADOPTED,581.0,457.0,92.0,Provisional agreement,False
eli/dl/event/MTG-PL-2023-02-16-VOT-ITM-938729,,,Unknown,Unknown,,,,,False
eli/dl/event/MTG-PL-2024-11-14-VOT-ITM-964962,eli/dl/event/MTG-PL-2024-11-14-DEC-170544,,def/ep-decision-methods/VOTE_HAND,def/ep-statuses/ADOPTED,,,,,False
eli/dl/event/MTG-PL-2024-02-27-VOT-ITM-940104,eli/dl/event/MTG-PL-2024-02-27-DEC-164468,2024-02-27T12:26:42+01:00,def/ep-decision-methods/VOTE_ELECTRONIC_ROLLCALL,def/ep-statuses/ADOPTED,624.0,485.0,35.0,Provisional agreement,False
eli/dl/event/MTG-PL-2025-06-18-VOT-ITM-965686,eli/dl/event/MTG-PL-2025-06-18-DEC-177411,2025-06-18T13:05:55+02:00,def/ep-decision-methods/VOTE_ELECTRONIC_ROLLCALL,def/ep-statuses/ADOPTED,650.0,557.0,47.0,,False
eli/dl/event/MTG-PL-2023-07-11-VOT-ITM-939375,,,Unknown,Unknown,,,,,False
eli/dl/event/MTG-PL-2025-11-13-VOT-ITM-975408,eli/dl/event/MTG-PL-2025-11-13-DEC-180624,2025-11-13T11:59:48+01:00,def/ep-decision-methods/VOTE_ELECTRONIC_ROLLCALL,def/ep-statuses/ADOPTED,634.0,605.0,29.0,,False
eli/dl/event/MTG-PL-2025-09-09-VOT-ITM-970634,eli/dl/event/MTG-PL-2025-09-09-DEC-178599,2025-09-09T13:47:37+02:00,def/ep-decision-methods/VOTE_ELECTRONIC_ROLLCALL,def/ep-statuses/REJECTED,646.0,105.0,538.0,,False
eli/dl/event/MTG-PL-2025-12-17-VOT-ITM-978831,eli/dl/event/MTG-PL-2025-12-17-DEC-182885,2025-12-17T12:25:21+01:00,def/ep-decision-methods/VOTE_ELECTRONIC_ROLLCALL,def/ep-statuses/REJECTED,656.0,138.0,512.0,Proposal to reject the Commission proposal,False
eli/dl/event/MTG-PL-2026-03-25-VOT-ITM-000001,eli/dl/event/MTG-PL-2026-03-25-DEC-189875,2026-03-25T15:17:14+01:00,def/ep-decision-methods/VOTE_ELECTRONIC_ROLLCALL,def/ep-statuses/REJECTED,498.0,134.0,350.0,,False
eli/dl/event/MTG-PL-2025-07-07-VOT-ITM-000001,eli/dl/event/MTG-PL-2025-07-07-DEC-177945,2025-07-07T18:08:09+02:00,def/ep-decision-methods/VOTE_ELECTRONIC_ROLLCALL,def/ep-statuses/ADOPTED,409.0,308.0,101.0,,False
eli/dl/event/MTG-PL-2026-02-09-VOT-ITM-000002,eli/dl/event/MTG-PL-2026-02-09-DEC-184682,2026-02-09T17:12:19+01:00,def/ep-decision-methods/VOTE_ELECTRONIC_ROLLCALL,def/ep-statuses/REJECTED,422.0,171.0,217.0,,False
eli/dl/event/MTG-PL-2023-12-14-VOT-ITM-939863,,,Unknown,Unknown,,,,,False
eli/dl/event/MTG-PL-2026-04-30-VOT-ITM-990122,eli/dl/event/MTG-PL-2026-04-30-DEC-192341,2026-04-30T13:35:08+02:00,def/ep-decision-methods/VOTE_ELECTRONIC_ROLLCALL,def/ep-statuses/ADOPTED,561.0,446.0,63.0,"Joint motion for a resolution RC-B10-0201/2026
(PPE, S&D, ECR, Renew, Verts/ALE, Members)",False
eli/dl/event/MTG-PL-2023-12-12-VOT-ITM-939818,,,Unknown,Unknown,,,,,False
eli/dl/event/MTG-PL-2026-07-07-VOT-ITM-992942,eli/dl/event/MTG-PL-2026-07-07-DEC-195009,,def/ep-decision-methods/VOTE_HAND,def/ep-statuses/ADOPTED,,,,,False
eli/dl/event/MTG-PL-2023-10-04-VOT-ITM-939510,,,Unknown,Unknown,,,,,False
eli/dl/event/MTG-PL-2025-10-23-VOT-ITM-975301,eli/dl/event/MTG-PL-2025-10-23-DEC-180291,2025-10-23T13:05:16+02:00,def/ep-decision-methods/VOTE_ELECTRONIC_ROLLCALL,def/ep-statuses/REJECTED,574.0,175.0,374.0,Motion for a resolution B10-0464/2025 (Members),False
eli/dl/event/MTG-PL-2024-01-17-VOT-ITM-939904,eli/dl/event/MTG-PL-2024-01-17-DEC-163032,2024-01-17T12:29:07+01:00,def/ep-decision-methods/VOTE_ELECTRONIC_ROLLCALL,def/ep-statuses/ADOPTED,635.0,461.0,34.0,,False
eli/dl/event/MTG-PL-2023-02-14-VOT-ITM-938652,,,Unknown,Unknown,,,,,False
eli/dl/event/MTG-PL-2025-10-09-VOT-ITM-973400,eli/dl/event/MTG-PL-2025-10-09-DEC-179597,,def/ep-decision-methods/VOTE_HAND,def/ep-statuses/ADOPTED,,,,"Motion for a resolution B10-0408/2025
(EMPL)",False
eli/dl/event/MTG-PL-2025-09-10-VOT-ITM-970660,eli/dl/event/MTG-PL-2025-09-10-DEC-178778,2025-09-10T14:23:27+02:00,def/ep-decision-methods/VOTE_ELECTRONIC_ROLLCALL,def/ep-statuses/ADOPTED,661.0,328.0,306.0,,False
eli/dl/event/MTG-PL-2026-01-20-VOT-ITM-981707,eli/dl/event/MTG-PL-2026-01-20-DEC-183241,,def/ep-decision-methods/VOTE_HAND,def/ep-statuses/ADOPTED,,,,,False
eli/dl/event/MTG-PL-2023-02-02-VOT-ITM-938509,,,Unknown,Unknown,,,,,False
eli/dl/event/MTG-PL-2025-03-10-VOT-ITM-325012,eli/dl/event/MTG-PL-2025-03-10-DEC-172161,,def/ep-decision-methods/VOTE_HAND,def/ep-statuses/ADOPTED,,,,,False
eli/dl/event/MTG-PL-2025-07-10-VOT-ITM-965778,eli/dl/event/MTG-PL-2025-07-10-DEC-178135,,def/ep-decision-methods/VOTE_HAND,def/ep-statuses/ADOPTED,,,,,False
eli/dl/event/MTG-PL-2025-07-09-VOT-ITM-965786,eli/dl/event/MTG-PL-2025-07-09-DEC-177974,,def/ep-decision-methods/VOTE_HAND,def/ep-statuses/ADOPTED,,,,,False
eli/dl/event/MTG-PL-2023-07-11-VOT-ITM-939398,,,Unknown,Unknown,,,,,False
eli/dl/event/MTG-PL-2023-03-13-VOT-ITM-000004,eli/dl/event/MTG-PL-2023-03-13-DEC-153636,2023-03-13T17:29:23+01:00,def/ep-decision-methods/VOTE_ELECTRONIC_ROLLCALL,Unknown,,354.0,15.0,,False
eli/dl/event/MTG-PL-2023-11-22-VOT-ITM-939743,,,Unknown,Unknown,,,,,False
eli/dl/event/MTG-PL-2024-02-27-VOT-ITM-940111,eli/dl/event/MTG-PL-2024-02-27-DEC-164462,2024-02-27T12:31:38+01:00,def/ep-decision-methods/VOTE_ELECTRONIC_ROLLCALL,def/ep-statuses/ADOPTED,622.0,499.0,100.0,Provisional agreement,False
eli/dl/event/MTG-PL-2025-12-16-VOT-ITM-978304,eli/dl/event/MTG-PL-2025-12-16-DEC-182470,2025-12-16T13:12:40+01:00,def/ep-decision-methods/VOTE_ELECTRONIC_ROLLCALL,def/ep-statuses/ADOPTED,662.0,578.0,54.0,,False
eli/dl/event/MTG-PL-2026-03-11-VOT-ITM-986140,eli/dl/event/MTG-PL-2026-03-11-DEC-186645,2026-03-11T12:43:33+01:00,def/ep-decision-methods/VOTE_ELECTRONIC_ROLLCALL,def/ep-statuses/ADOPTED,618.0,446.0,100.0,Proposal for a decision,False
eli/dl/event/MTG-PL-2023-12-12-VOT-ITM-939829,,,Unknown,Unknown,,,,,False
eli/dl/event/MTG-PL-2024-02-07-VOT-ITM-939994,eli/dl/event/MTG-PL-2024-02-07-DEC-163753,2024-02-07T12:52:39+01:00,def/ep-decision-methods/VOTE_ELECTRONIC_ROLLCALL,def/ep-statuses/ADOPTED,641.0,636.0,2.0,,False
eli/dl/event/MTG-PL-2023-10-17-VOT-ITM-939587,,,Unknown,Unknown,,,,,False
eli/dl/event/MTG-PL-2025-09-10-VOT-ITM-970746,eli/dl/event/MTG-PL-2025-09-10-DEC-178385,2025-09-10T14:21:50+02:00,def/ep-decision-methods/VOTE_ELECTRONIC_ROLLCALL,def/ep-statuses/ADOPTED,665.0,624.0,9.0,,False
eli/dl/event/MTG-PL-2025-05-06-VOT-ITM-965505,eli/dl/event/MTG-PL-2025-05-06-DEC-176084,,Auto-adopted,Approved,,,,,False
eli/dl/event/MTG-PL-2024-02-29-VOT-ITM-940361,eli/dl/event/MTG-PL-2024-02-29-DEC-164796,2024-02-29T12:04:33+01:00,def/ep-decision-methods/VOTE_ELECTRONIC_ROLLCALL,def/ep-statuses/ADOPTED,528.0,364.0,139.0,,False
eli/dl/event/MTG-PL-2023-11-08-VOT-ITM-000002,eli/dl/event/MTG-PL-2023-11-08-DEC-160017,2023-11-08T15:53:04+01:00,def/ep-decision-methods/VOTE_ELECTRONIC_ROLLCALL,Unknown,,199.0,219.0,,False
eli/dl/event/MTG-PL-2025-01-23-VOT-ITM-965188,eli/dl/event/MTG-PL-2025-01-23-DEC-171546,,def/ep-decision-methods/VOTE_HAND,def/ep-statuses/LAPSED,,,,Other motions for resolutions,False
eli/dl/event/MTG-PL-2023-05-10-VOT-ITM-939007,,,Unknown,Unknown,,,,,False
eli/dl/event/MTG-PL-2026-04-29-VOT-ITM-990083,eli/dl/event/MTG-PL-2026-04-29-DEC-190731,,def/ep-decision-methods/VOTE_HAND,def/ep-statuses/ADOPTED,,,,"Motion for a resolution B10-0185/2026
(PETI)",False
eli/dl/event/MTG-PL-2024-04-24-VOT-ITM-945955,eli/dl/event/MTG-PL-2024-04-24-DEC-168458,2024-04-24T13:57:06+02:00,def/ep-decision-methods/VOTE_ELECTRONIC_ROLLCALL,def/ep-statuses/ADOPTED,632.0,607.0,8.0,Provisional agreement,False
eli/dl/event/MTG-PL-2024-04-24-VOT-ITM-945856,eli/dl/event/MTG-PL-2024-04-24-DEC-168320,2024-04-24T18:42:41+02:00,def/ep-decision-methods/VOTE_ELECTRONIC_ROLLCALL,def/ep-statuses/ADOPTED,584.0,459.0,76.0,Draft legislative act,False
eli/dl/event/MTG-PL-2023-07-12-VOT-ITM-939403,,,Unknown,Unknown,,,,,False
eli/dl/event/MTG-PL-2025-05-07-VOT-ITM-965528,eli/dl/event/MTG-PL-2025-05-07-DEC-175941,2025-05-07T14:35:06+02:00,def/ep-decision-methods/VOTE_ELECTRONIC_ROLLCALL,def/ep-statuses/ADOPTED,624.0,431.0,60.0,,False
eli/dl/event/MTG-PL-2024-11-14-VOT-ITM-964576,eli/dl/event/MTG-PL-2024-11-14-DEC-170401,2024-11-14T11:27:41+01:00,def/ep-decision-methods/VOTE_ELECTRONIC_ROLLCALL,def/ep-statuses/ADOPTED,642.0,510.0,105.0,,False
eli/dl/event/MTG-PL-2023-06-01-VOT-ITM-939185,,,Unknown,Unknown,,,,,False
eli/dl/event/MTG-PL-2024-04-24-VOT-ITM-945959,eli/dl/event/MTG-PL-2024-04-24-DEC-168334,2024-04-24T18:29:17+02:00,def/ep-decision-methods/VOTE_ELECTRONIC_ROLLCALL,def/ep-statuses/ADOPTED,590.0,551.0,24.0,Provisional agreement,False
eli/dl/event/MTG-PL-2024-02-29-VOT-ITM-940098,eli/dl/event/MTG-PL-2024-02-29-DEC-164584,2024-02-29T12:04:55+01:00,def/ep-decision-methods/VOTE_ELECTRONIC_ROLLCALL,def/ep-statuses/ADOPTED,540.0,493.0,14.0,Provisional agreement,False
eli/dl/event/MTG-PL-2023-02-15-VOT-ITM-938685,,,Unknown,Unknown,,,,,False
eli/dl/event/MTG-PL-2026-07-07-VOT-ITM-992919,eli/dl/event/MTG-PL-2026-07-07-DEC-194878,,def/ep-decision-methods/VOTE_HAND,def/ep-statuses/ADOPTED,,,,,False
eli/dl/event/MTG-PL-2025-07-09-VOT-ITM-965806,eli/dl/event/MTG-PL-2025-07-09-DEC-178008,2025-07-09T13:18:36+02:00,def/ep-decision-methods/VOTE_ELECTRONIC_ROLLCALL,def/ep-statuses/ADOPTED,688.0,373.0,289.0,"Motion for a resolution B10-0321/2025
(ENVI Committee)",False
eli/dl/event/MTG-PL-2023-12-13-VOT-ITM-939866,,,Unknown,Unknown,,,,,False
eli/dl/event/MTG-PL-2024-02-28-VOT-ITM-940112,eli/dl/event/MTG-PL-2024-02-28-DEC-164612,2024-02-28T12:50:45+01:00,def/ep-decision-methods/VOTE_ELECTRONIC_ROLLCALL,def/ep-statuses/ADOPTED,617.0,518.0,29.0,,False
eli/dl/event/MTG-PL-2023-12-12-VOT-ITM-939809,,,Unknown,Unknown,,,,,False
eli/dl/event/MTG-PL-2023-05-10-VOT-ITM-939098,,,Unknown,Unknown,,,,,False
eli/dl/event/MTG-PL-2025-10-07-VOT-ITM-973325,eli/dl/event/MTG-PL-2025-10-07-DEC-179213,2025-10-07T13:25:00+02:00,def/ep-decision-methods/VOTE_ELECTRONIC_ROLLCALL,def/ep-statuses/ADOPTED,638.0,518.0,96.0,Provisional agreement,False
eli/dl/event/MTG-PL-2024-10-23-VOT-ITM-963288,eli/dl/event/MTG-PL-2024-10-23-DEC-170289,,def/ep-decision-methods/VOTE_HAND,def/ep-statuses/ADOPTED,,,,,False
eli/dl/event/MTG-PL-2025-09-08-VOT-ITM-000001,eli/dl/event/MTG-PL-2025-09-08-DEC-178758,2025-09-08T18:39:45+02:00,def/ep-decision-methods/VOTE_ELECTRONIC_ROLLCALL,def/ep-statuses/ADOPTED,445.0,384.0,10.0,,False
eli/dl/event/MTG-PL-2025-10-08-VOT-ITM-973421,eli/dl/event/MTG-PL-2025-10-08-DEC-179281,2025-10-08T13:53:42+02:00,def/ep-decision-methods/VOTE_ELECTRONIC_ROLLCALL,def/ep-statuses/ADOPTED,629.0,520.0,97.0,,False
eli/dl/event/MTG-PL-2025-11-26-VOT-ITM-976299,eli/dl/event/MTG-PL-2025-11-26-DEC-181544,2025-11-26T12:41:47+01:00,def/ep-decision-methods/VOTE_ELECTRONIC_ROLLCALL,def/ep-statuses/ADOPTED,666.0,360.0,298.0,,False
eli/dl/event/MTG-PL-2023-03-15-VOT-ITM-938865,,,Unknown,Unknown,,,,,False
eli/dl/event/MTG-PL-2025-06-18-VOT-ITM-965668,eli/dl/event/MTG-PL-2025-06-18-DEC-177059,,def/ep-decision-methods/VOTE_HAND,def/ep-statuses/REJECTED,,,,,False
eli/dl/event/MTG-PL-2023-11-22-VOT-ITM-939732,,,Unknown,Unknown,,,,,False
eli/dl/event/MTG-PL-2024-01-16-VOT-ITM-939918,eli/dl/event/MTG-PL-2024-01-16-DEC-163158,2024-01-16T12:17:14+01:00,def/ep-decision-methods/VOTE_ELECTRONIC_ROLLCALL,def/ep-statuses/REJECTED,617.0,123.0,361.0,,False
eli/dl/event/MTG-PL-2026-02-10-VOT-ITM-983637,eli/dl/event/MTG-PL-2026-02-10-DEC-184122,,def/ep-decision-methods/VOTE_HAND,def/ep-statuses/ADOPTED,,,,Draft legislative resolution,False
eli/dl/event/MTG-PL-2023-05-10-VOT-ITM-939031,,,Unknown,Unknown,,,,,False
eli/dl/event/MTG-PL-2026-04-29-VOT-ITM-989965,eli/dl/event/MTG-PL-2026-04-29-DEC-190402,2026-04-29T13:59:21+02:00,def/ep-decision-methods/VOTE_ELECTRONIC_ROLLCALL,def/ep-statuses/ADOPTED,649.0,528.0,59.0,Motion for a resolution,False
eli/dl/event/MTG-PL-2026-06-16-VOT-ITM-992798,eli/dl/event/MTG-PL-2026-06-16-DEC-193488,,def/ep-decision-methods/VOTE_HAND,def/ep-statuses/ADOPTED,,,,,False
eli/dl/event/MTG-PL-2023-02-14-VOT-ITM-938663,,,Unknown,Unknown,,,,,False
eli/dl/event/MTG-PL-2025-10-21-VOT-ITM-974709,eli/dl/event/MTG-PL-2025-10-21-DEC-179806,,def/ep-decision-methods/VOTE_HAND,def/ep-statuses/LAPSED,,,,Draft legislative act,False
eli/dl/event/MTG-PL-2024-01-18-VOT-ITM-939975,eli/dl/event/MTG-PL-2024-01-18-DEC-163627,2024-01-18T13:02:18+01:00,def/ep-decision-methods/VOTE_ELECTRONIC_ROLLCALL,def/ep-statuses/ADOPTED,482.0,352.0,119.0,"Motion for a resolution B9-0086/2024 (PPE, S&D, Renew, Verts/ALE, The Left)",False
eli/dl/event/MTG-PL-2023-04-19-VOT-ITM-938983,,,Unknown,Unknown,,,,,False
eli/dl/event/MTG-PL-2024-04-10-VOT-ITM-000001,eli/dl/event/MTG-PL-2024-04-10-DEC-168147,2024-04-10T14:08:37+02:00,def/ep-decision-methods/VOTE_ELECTRONIC_ROLLCALL,def/ep-statuses/REJECTED,374.0,160.0,199.0,,False
eli/dl/event/MTG-PL-2025-07-09-VOT-ITM-965765,eli/dl/event/MTG-PL-2025-07-09-DEC-178005,2025-07-09T13:34:38+02:00,def/ep-decision-methods/VOTE_ELECTRONIC_ROLLCALL,def/ep-statuses/REJECTED,690.0,133.0,536.0,,False
eli/dl/event/MTG-PL-2025-11-27-VOT-ITM-976290,eli/dl/event/MTG-PL-2025-11-27-DEC-181562,,def/ep-decision-methods/VOTE_HAND,def/ep-statuses/ADOPTED,,,,,False
eli/dl/event/MTG-PL-2023-10-05-VOT-ITM-939563,,,Unknown,Unknown,,,,,False
eli/dl/event/MTG-PL-2023-12-13-VOT-ITM-939804,,,Unknown,Unknown,,,,,False
eli/dl/event/MTG-PL-2024-02-29-VOT-ITM-940142,eli/dl/event/MTG-PL-2024-02-29-DEC-165840,,def/ep-decision-methods/VOTE_HAND,def/ep-statuses/ADOPTED,,,,,False
eli/dl/event/MTG-PL-2024-04-24-VOT-ITM-945854,eli/dl/event/MTG-PL-2024-04-24-DEC-168324,2024-04-24T13:31:02+02:00,def/ep-decision-methods/VOTE_ELECTRONIC_ROLLCALL,def/ep-statuses/ADOPTED,631.0,565.0,37.0,Provisional agreement,False
eli/dl/event/MTG-PL-2026-04-30-VOT-ITM-990151,eli/dl/event/MTG-PL-2026-04-30-DEC-191930,,def/ep-decision-methods/VOTE_HAND,def/ep-statuses/REJECTED,,,,,False
eli/dl/event/MTG-PL-2024-02-08-VOT-ITM-940035,eli/dl/event/MTG-PL-2024-02-08-DEC-164379,2024-02-08T12:03:56+01:00,def/ep-decision-methods/VOTE_ELECTRONIC_ROLLCALL,def/ep-statuses/ADOPTED,522.0,258.0,228.0,"Joint motion for a resolution RC-B9-0102/2024
(PPE, S&D, Renew, Verts/ALE, ECR, The Left, Members)",False
eli/dl/event/MTG-PL-2023-04-20-VOT-ITM-938988,,,Unknown,Unknown,,,,,False
eli/dl/event/MTG-PL-2024-03-13-VOT-ITM-942382,eli/dl/event/MTG-PL-2024-03-13-DEC-166559,2024-03-13T17:45:03+01:00,def/ep-decision-methods/VOTE_ELECTRONIC_ROLLCALL,def/ep-statuses/ADOPTED,571.0,472.0,91.0,"Joint motion for a resolution RC-B9-0163/2024
(PPE, S&D, Renew, Verts/ALE, ECR)",False
eli/dl/event/MTG-PL-2024-04-24-VOT-ITM-945977,eli/dl/event/MTG-PL-2024-04-24-DEC-168297,2024-04-24T18:33:19+02:00,def/ep-decision-methods/VOTE_ELECTRONIC_ROLLCALL,def/ep-statuses/ADOPTED,592.0,533.0,31.0,Provisional agreement,False
eli/dl/event/MTG-PL-2024-03-12-VOT-ITM-941857,eli/dl/event/MTG-PL-2024-03-12-DEC-166222,,def/ep-decision-methods/VOTE_HAND,def/ep-statuses/REJECTED,,,,,False
eli/dl/event/MTG-PL-2024-04-10-VOT-ITM-944780,eli/dl/event/MTG-PL-2024-04-10-DEC-167343,2024-04-10T19:15:08+02:00,def/ep-decision-methods/VOTE_ELECTRONIC_ROLLCALL,def/ep-statuses/ADOPTED,612.0,509.0,32.0,,False
eli/dl/event/MTG-PL-2023-03-30-VOT-ITM-938908,,,Unknown,Unknown,,,,,False
eli/dl/event/MTG-PL-2024-04-11-VOT-ITM-944681,eli/dl/event/MTG-PL-2024-04-11-DEC-168062,,def/ep-decision-methods/VOTE_ELECTRONIC_ROLLCALL,def/ep-statuses/LAPSED,,,,Draft legislative act,False
eli/dl/event/MTG-PL-2024-04-24-VOT-ITM-945944,eli/dl/event/MTG-PL-2024-04-24-DEC-168352,2024-04-24T13:39:43+02:00,def/ep-decision-methods/VOTE_ELECTRONIC_ROLLCALL,def/ep-statuses/ADOPTED,626.0,409.0,60.0,Provisional agreement,False
eli/dl/event/MTG-PL-2025-12-15-VOT-ITM-000003,eli/dl/event/MTG-PL-2025-12-15-DEC-182687,2025-12-15T17:22:00+01:00,def/ep-decision-methods/VOTE_ELECTRONIC_ROLLCALL,def/ep-statuses/REJECTED,451.0,181.0,261.0,,False
eli/dl/event/MTG-PL-2024-04-11-VOT-ITM-943262,eli/dl/event/MTG-PL-2024-04-11-DEC-167290,2024-04-11T13:08:22+02:00,def/ep-decision-methods/VOTE_ELECTRONIC_ROLLCALL,def/ep-statuses/ADOPTED,596.0,470.0,123.0,Motion for a resolution,False
eli/dl/event/MTG-PL-2024-04-11-VOT-ITM-944652,eli/dl/event/MTG-PL-2024-04-11-DEC-166842,2024-04-11T13:28:16+02:00,def/ep-decision-methods/VOTE_ELECTRONIC_ROLLCALL,def/ep-statuses/ADOPTED,589.0,425.0,64.0,Provisional agreement,False
eli/dl/event/MTG-PL-2026-07-06-VOT-ITM-000002,eli/dl/event/MTG-PL-2026-07-06-DEC-195336,2026-07-06T18:18:02+02:00,def/ep-decision-methods/VOTE_ELECTRONIC_ROLLCALL,def/ep-statuses/ADOPTED,446.0,221.0,213.0,,False
eli/dl/event/MTG-PL-2024-04-11-VOT-ITM-942468,eli/dl/event/MTG-PL-2024-04-11-DEC-167182,,def/ep-decision-methods/VOTE_HAND,def/ep-statuses/ADOPTED,,,,Decision on discharge,False
eli/dl/event/MTG-PL-2025-10-08-VOT-ITM-973335,eli/dl/event/MTG-PL-2025-10-08-DEC-179495,2025-10-08T14:01:49+02:00,def/ep-decision-methods/VOTE_ELECTRONIC_ROLLCALL,def/ep-statuses/REJECTED,623.0,176.0,419.0,,False
eli/dl/event/MTG-PL-2023-10-17-VOT-ITM-939586,,,Unknown,Unknown,,,,,False
eli/dl/event/MTG-PL-2025-07-10-VOT-ITM-965828,eli/dl/event/MTG-PL-2025-07-10-DEC-178192,,def/ep-decision-methods/VOTE_HAND,def/ep-statuses/REJECTED,,,,"Joint motion for a resolution RC-B10-0335/2025
(PPE, S&D, ECR, Renew, Verts/ALE, Member)",False
eli/dl/event/MTG-PL-2023-05-09-VOT-ITM-939120,,,Unknown,Unknown,,,,,False
eli/dl/event/MTG-PL-2025-10-22-VOT-ITM-974900,eli/dl/event/MTG-PL-2025-10-22-DEC-180080,,def/ep-decision-methods/VOTE_HAND,def/ep-statuses/REJECTED,,,,,False
eli/dl/event/MTG-PL-2024-02-08-VOT-ITM-940033,eli/dl/event/MTG-PL-2024-02-08-DEC-164307,,def/ep-decision-methods/VOTE_HAND,def/ep-statuses/LAPSED,,,,Other motions for resolutions,False
eli/dl/event/MTG-PL-2023-10-05-VOT-ITM-939544,,,Unknown,Unknown,,,,,False
eli/dl/event/MTG-PL-2023-10-02-VOT-ITM-000004,eli/dl/event/MTG-PL-2023-10-02-DEC-158748,2023-10-02T18:20:30+02:00,def/ep-decision-methods/VOTE_ELECTRONIC_ROLLCALL,Unknown,,186.0,165.0,,False
eli/dl/event/MTG-PL-2023-12-12-VOT-ITM-939817,,,Unknown,Unknown,,,,,False
eli/dl/event/MTG-PL-2025-06-17-VOT-ITM-965667,eli/dl/event/MTG-PL-2025-06-17-DEC-177027,2025-06-17T13:48:16+02:00,def/ep-decision-methods/VOTE_ELECTRONIC_ROLLCALL,def/ep-statuses/ADOPTED,668.0,653.0,,,False
eli/dl/event/MTG-PL-2023-07-12-VOT-ITM-939368,,,Unknown,Unknown,,,,,False
eli/dl/event/MTG-PL-2023-12-13-VOT-ITM-939822,,,Unknown,Unknown,,,,,False
eli/dl/event/MTG-PL-2023-11-22-VOT-ITM-221123,,,Unknown,Unknown,,,,,False
eli/dl/event/MTG-PL-2024-03-13-VOT-ITM-941843,eli/dl/event/MTG-PL-2024-03-13-DEC-166172,2024-03-13T12:34:04+01:00,def/ep-decision-methods/VOTE_ELECTRONIC_ROLLCALL,def/ep-statuses/ADOPTED,614.0,465.0,122.0,,False
eli/dl/event/MTG-PL-2024-02-29-VOT-ITM-940986,eli/dl/event/MTG-PL-2024-02-29-DEC-165931,2024-02-29T12:13:53+01:00,def/ep-decision-methods/VOTE_ELECTRONIC_ROLLCALL,def/ep-statuses/ADOPTED,522.0,474.0,17.0,"Joint motion for a resolution RC-B9-0147/2024 (PPE, S&D, Renew, Verts/ALE, ECR, Members)",False
eli/dl/event/MTG-PL-2026-01-20-VOT-ITM-981688,eli/dl/event/MTG-PL-2026-01-20-DEC-183526,,def/ep-decision-methods/VOTE_ELECTRONIC,def/ep-statuses/REJECTED,656.0,292.0,353.0,,False
eli/dl/event/MTG-PL-2023-02-16-VOT-ITM-938724,,,Unknown,Unknown,,,,,False
eli/dl/event/MTG-PL-2026-07-09-VOT-ITM-992997,eli/dl/event/MTG-PL-2026-07-09-DEC-195750,2026-07-09T13:35:15+02:00,def/ep-decision-methods/VOTE_ELECTRONIC_ROLLCALL,def/ep-statuses/ADOPTED,605.0,594.0,4.0,"Joint motion for a resolution RC-B10-0357/2026
(PPE, S&D, Renew, Verts/ALE, The Left, Member)",False
eli/dl/event/MTG-PL-2025-11-26-VOT-ITM-976396,eli/dl/event/MTG-PL-2025-11-26-DEC-181807,,def/ep-decision-methods/VOTE_ELECTRONIC,def/ep-statuses/REJECTED,663.0,262.0,397.0,"Draft legislative act
Amending Regulation (EU) 2023/1115",False
eli/dl/event/MTG-PL-2023-06-14-VOT-ITM-939243,,,Unknown,Unknown,,,,,False
eli/dl/event/MTG-PL-2025-05-08-VOT-ITM-965566,eli/dl/event/MTG-PL-2025-05-08-DEC-176313,2025-05-08T13:11:11+02:00,def/ep-decision-methods/VOTE_ELECTRONIC_ROLLCALL,def/ep-statuses/REJECTED,571.0,182.0,346.0,,False
eli/dl/event/MTG-PL-2024-04-10-VOT-ITM-944785,eli/dl/event/MTG-PL-2024-04-10-DEC-167032,2024-04-10T19:16:41+02:00,def/ep-decision-methods/VOTE_ELECTRONIC_ROLLCALL,def/ep-statuses/ADOPTED,599.0,492.0,32.0,,False
eli/dl/event/MTG-PL-2024-02-26-VOT-ITM-000004,eli/dl/event/MTG-PL-2024-02-26-DEC-165175,2024-02-26T17:27:11+01:00,def/ep-decision-methods/VOTE_ELECTRONIC_ROLLCALL,def/ep-statuses/ADOPTED,325.0,238.0,81.0,,False
eli/dl/event/MTG-PL-2025-04-01-VOT-ITM-965407,eli/dl/event/MTG-PL-2025-04-01-DEC-173682,,def/ep-decision-methods/VOTE_HAND,def/ep-statuses/ADOPTED,,,,,False
eli/dl/event/MTG-PL-2024-09-18-VOT-ITM-959805,eli/dl/event/MTG-PL-2024-09-18-DEC-169418,2024-09-18T13:18:27+02:00,def/ep-decision-methods/VOTE_ELECTRONIC_ROLLCALL,def/ep-statuses/ADOPTED,672.0,516.0,129.0,"Motion for a resolution B10-0020/2024
(ENVI Committee)",False
eli/dl/event/MTG-PL-2023-05-10-VOT-ITM-939108,,,Unknown,Unknown,,,,,False
eli/dl/event/MTG-PL-2023-05-10-VOT-ITM-939084,,,Unknown,Unknown,,,,,False
eli/dl/event/MTG-PL-2025-12-18-VOT-ITM-978996,eli/dl/event/MTG-PL-2025-12-18-DEC-182955,,def/ep-decision-methods/VOTE_HAND,def/ep-statuses/LAPSED,,,,Other motions for resolutions,False
eli/dl/event/MTG-PL-2023-02-15-VOT-ITM-938643,,,Unknown,Unknown,,,,,False
eli/dl/event/MTG-PL-2026-06-17-VOT-ITM-992802,eli/dl/event/MTG-PL-2026-06-17-DEC-194032,2026-06-17T14:19:51+02:00,def/ep-decision-methods/VOTE_ELECTRONIC_ROLLCALL,def/ep-statuses/ADOPTED,651.0,462.0,46.0,,False
eli/dl/event/MTG-PL-2024-04-23-VOT-ITM-946003,eli/dl/event/MTG-PL-2024-04-23-DEC-168600,2024-04-23T13:41:24+02:00,def/ep-decision-methods/VOTE_ELECTRONIC_ROLLCALL,def/ep-statuses/ADOPTED,604.0,343.0,152.0,,False
eli/dl/event/MTG-PL-2025-12-16-VOT-ITM-978318,eli/dl/event/MTG-PL-2025-12-16-DEC-182608,2025-12-16T13:06:22+01:00,def/ep-decision-methods/VOTE_ELECTRONIC_ROLLCALL,def/ep-statuses/REJECTED,661.0,122.0,470.0,,False
eli/dl/event/MTG-PL-2023-05-10-VOT-ITM-939033,,,Unknown,Unknown,,,,,False
eli/dl/event/MTG-PL-2024-07-17-VOT-ITM-954117,eli/dl/event/MTG-PL-2024-07-17-DEC-169314,,def/ep-decision-methods/VOTE_HAND,def/ep-statuses/ADOPTED,,,,"Proposal for a decision B10-0004/2024
(Conference of Presidents)",False
eli/dl/event/MTG-PL-2024-02-29-VOT-ITM-941199,eli/dl/event/MTG-PL-2024-02-29-DEC-165940,2024-02-29T12:15:23+01:00,def/ep-decision-methods/VOTE_ELECTRONIC_ROLLCALL,def/ep-statuses/REJECTED,539.0,93.0,414.0,"Joint motion for a resolution RC-B9-0143/2024 (PPE, S&D, Renew, Verts/ALE, ECR, Members)",False
eli/dl/event/MTG-PL-2026-03-26-VOT-ITM-987205,eli/dl/event/MTG-PL-2026-03-26-DEC-189616,,def/ep-decision-methods/VOTE_HAND,def/ep-statuses/ADOPTED,,,,,False
eli/dl/event/MTG-PL-2026-04-29-VOT-ITM-989878,eli/dl/event/MTG-PL-2026-04-29-DEC-191392,2026-04-29T13:44:12+02:00,def/ep-decision-methods/VOTE_ELECTRONIC_ROLLCALL,def/ep-statuses/REJECTED,651.0,203.0,442.0,Motion for a resolution,False
eli/dl/event/MTG-PL-2023-04-18-VOT-ITM-938967,,,Unknown,Unknown,,,,,False
eli/dl/event/MTG-PL-2024-03-14-VOT-ITM-942471,eli/dl/event/MTG-PL-2024-03-14-DEC-166652,,def/ep-decision-methods/VOTE_HAND,def/ep-statuses/ADOPTED,,,,Draft legislative act,False
eli/dl/event/MTG-PL-2025-11-13-VOT-ITM-975511,eli/dl/event/MTG-PL-2025-11-13-DEC-181421,2025-11-13T11:00:54+01:00,def/ep-decision-methods/VOTE_ELECTRONIC_ROLLCALL,def/ep-statuses/ADOPTED,639.0,384.0,242.0,Draft legislative act,False
eli/dl/event/MTG-PL-2023-09-13-VOT-ITM-939450,,,Unknown,Unknown,,,,,False
eli/dl/event/MTG-PL-2026-04-29-VOT-ITM-989900,eli/dl/event/MTG-PL-2026-04-29-DEC-191679,2026-04-29T14:46:22+02:00,def/ep-decision-methods/VOTE_ELECTRONIC_ROLLCALL,def/ep-statuses/REJECTED,634.0,73.0,443.0,,False
eli/dl/event/MTG-PL-2024-09-18-VOT-ITM-959803,eli/dl/event/MTG-PL-2024-09-18-DEC-169409,,def/ep-decision-methods/VOTE_HAND,def/ep-statuses/ADOPTED,,,,"Proposal for a decision B10-0019/2024
(Conference of Presidents)",False
eli/dl/event/MTG-PL-2026-02-11-VOT-ITM-983763,eli/dl/event/MTG-PL-2026-02-11-DEC-184690,2026-02-11T12:26:59+01:00,def/ep-decision-methods/VOTE_ELECTRONIC_ROLLCALL,def/ep-statuses/ADOPTED,653.0,462.0,169.0,"Motion for a resolution B10-0106/2026
(ENVI Committee)",False
eli/dl/event/MTG-PL-2023-11-22-VOT-ITM-939715,,,Unknown,Unknown,,,,,False
eli/dl/event/MTG-PL-2026-06-16-VOT-ITM-992873,eli/dl/event/MTG-PL-2026-06-16-DEC-194000,,def/ep-decision-methods/VOTE_HAND,def/ep-statuses/ADOPTED,,,,,False
eli/dl/event/MTG-PL-2023-11-21-VOT-ITM-939704,,,Unknown,Unknown,,,,,False
eli/dl/event/MTG-PL-2023-11-08-VOT-ITM-000004,eli/dl/event/MTG-PL-2023-11-08-DEC-160019,2023-11-08T15:58:02+01:00,def/ep-decision-methods/VOTE_ELECTRONIC_ROLLCALL,Unknown,,145.0,252.0,,False
eli/dl/event/MTG-PL-2025-06-18-VOT-ITM-965672,eli/dl/event/MTG-PL-2025-06-18-DEC-177142,2025-06-18T13:28:50+02:00,def/ep-decision-methods/VOTE_ELECTRONIC_ROLLCALL,def/ep-statuses/REJECTED,651.0,149.0,283.0,,False
eli/dl/event/MTG-PL-2024-02-05-VOT-ITM-000002,eli/dl/event/MTG-PL-2024-02-05-DEC-164067,,def/ep-decision-methods/VOTE_ELECTRONIC,def/ep-statuses/REJECTED,352.0,153.0,189.0,,False
eli/dl/event/MTG-PL-2026-07-08-VOT-ITM-992914,eli/dl/event/MTG-PL-2026-07-08-DEC-195340,2026-07-08T13:58:59+02:00,def/ep-decision-methods/VOTE_ELECTRONIC_ROLLCALL,def/ep-statuses/ADOPTED,657.0,466.0,175.0,"Motion for a resolution B10-0334/2026
(ENVI)",False
eli/dl/event/MTG-PL-2026-07-09-VOT-ITM-993016,eli/dl/event/MTG-PL-2026-07-09-DEC-195749,2026-07-09T13:43:49+02:00,def/ep-decision-methods/VOTE_ELECTRONIC_ROLLCALL,def/ep-statuses/ADOPTED,597.0,510.0,1.0,"Joint motion for a resolution RC-B10-0345/2026/REV1
(PPE, S&D, ECR, Renew, Verts/ALE)",False
eli/dl/event/MTG-PL-2026-03-10-VOT-ITM-986083,eli/dl/event/MTG-PL-2026-03-10-DEC-186380,2026-03-10T13:12:03+01:00,def/ep-decision-methods/VOTE_ELECTRONIC_ROLLCALL,def/ep-statuses/ADOPTED,616.0,498.0,90.0,Provisional agreement,False
eli/dl/event/MTG-PL-2024-04-24-VOT-ITM-946505,eli/dl/event/MTG-PL-2024-04-24-DEC-168859,2024-04-24T18:54:15+02:00,def/ep-decision-methods/VOTE_ELECTRONIC_ROLLCALL,def/ep-statuses/ADOPTED,562.0,427.0,121.0,"Motion for a resolution B9-0223/2024 (PPE, S&D, Renew, Verts/ALE, The Left)",False
eli/dl/event/MTG-PL-2024-02-08-VOT-ITM-939996,eli/dl/event/MTG-PL-2024-02-08-DEC-164084,,def/ep-decision-methods/VOTE_HAND,def/ep-statuses/ADOPTED,,,,"Motion for a resolution B9-0090/2024
(INTA Committee)",False
eli/dl/event/MTG-PL-2024-04-11-VOT-ITM-944413,eli/dl/event/MTG-PL-2024-04-11-DEC-167084,2024-04-11T13:23:37+02:00,def/ep-decision-methods/VOTE_ELECTRONIC_ROLLCALL,def/ep-statuses/ADOPTED,585.0,510.0,52.0,Motion for a resolution,False
eli/dl/event/MTG-PL-2025-11-25-VOT-ITM-976302,eli/dl/event/MTG-PL-2025-11-25-DEC-182005,,Auto-adopted,Approved,,,,,False
eli/dl/event/MTG-PL-2025-09-09-VOT-ITM-970636,eli/dl/event/MTG-PL-2025-09-09-DEC-178814,,Auto-adopted,Approved,,,,,False
eli/dl/event/MTG-PL-2023-05-10-VOT-ITM-939085,,,Unknown,Unknown,,,,,False
eli/dl/event/MTG-PL-2026-03-10-VOT-ITM-986079,eli/dl/event/MTG-PL-2026-03-10-DEC-186528,,def/ep-decision-methods/VOTE_ELECTRONIC_ROLLCALL,def/ep-statuses/LAPSED,,,,Draft legislative resolution,False
eli/dl/event/MTG-PL-2023-11-21-VOT-ITM-939712,,,Unknown,Unknown,,,,,False
eli/dl/event/MTG-PL-2024-04-11-VOT-ITM-944412,eli/dl/event/MTG-PL-2024-04-11-DEC-167086,,def/ep-decision-methods/VOTE_HAND,def/ep-statuses/ADOPTED,,,,Decision on discharge,False
eli/dl/event/MTG-PL-2023-03-15-VOT-ITM-938825,,,Unknown,Unknown,,,,,False
eli/dl/event/MTG-PL-2023-02-16-VOT-ITM-938723,,,Unknown,Unknown,,,,,False
eli/dl/event/MTG-PL-2025-04-02-VOT-ITM-965394,eli/dl/event/MTG-PL-2025-04-02-DEC-173686,2025-04-02T13:30:34+02:00,def/ep-decision-methods/VOTE_ELECTRONIC_ROLLCALL,def/ep-statuses/ADOPTED,673.0,619.0,9.0,,False
eli/dl/event/MTG-PL-2025-07-09-VOT-ITM-965775,eli/dl/event/MTG-PL-2025-07-09-DEC-177969,2025-07-09T13:37:59+02:00,def/ep-decision-methods/VOTE_ELECTRONIC_ROLLCALL,def/ep-statuses/REJECTED,681.0,114.0,547.0,,False
eli/dl/event/MTG-PL-2023-05-09-VOT-ITM-939077,,,Unknown,Unknown,,,,,False
eli/dl/event/MTG-PL-2023-04-20-VOT-ITM-938943,,,Unknown,Unknown,,,,,False
eli/dl/event/MTG-PL-2025-12-17-VOT-ITM-978933,eli/dl/event/MTG-PL-2025-12-17-DEC-182896,2025-12-17T12:22:43+01:00,def/ep-decision-methods/VOTE_ELECTRONIC_ROLLCALL,def/ep-statuses/ADOPTED,652.0,384.0,237.0,,False
eli/dl/event/MTG-PL-2025-03-13-VOT-ITM-965277,eli/dl/event/MTG-PL-2025-03-13-DEC-172924,2025-03-13T12:18:29+01:00,def/ep-decision-methods/VOTE_ELECTRONIC_ROLLCALL,def/ep-statuses/ADOPTED,618.0,385.0,137.0,"Motion for a resolution B10-0143/2025
(EMPL Committee)",False
eli/dl/event/MTG-PL-2024-11-28-VOT-ITM-965045,eli/dl/event/MTG-PL-2024-11-28-DEC-170839,,def/ep-decision-methods/VOTE_HAND,def/ep-statuses/LAPSED,,,,Other motions for resolutions,False
eli/dl/event/MTG-PL-2025-10-08-VOT-ITM-973527,eli/dl/event/MTG-PL-2025-10-08-DEC-179421,,def/ep-decision-methods/VOTE_HAND,def/ep-statuses/REJECTED,,,,,False
eli/dl/event/MTG-PL-2025-07-09-VOT-ITM-965772,eli/dl/event/MTG-PL-2025-07-09-DEC-177743,,def/ep-decision-methods/VOTE_HAND,def/ep-statuses/REJECTED,,,,,False
eli/dl/event/MTG-PL-2026-03-10-VOT-ITM-986084,eli/dl/event/MTG-PL-2026-03-10-DEC-186404,,def/ep-decision-methods/VOTE_ELECTRONIC,def/ep-statuses/REJECTED,608.0,271.0,315.0,,False
eli/dl/event/MTG-PL-2024-03-12-VOT-ITM-941847,eli/dl/event/MTG-PL-2024-03-12-DEC-166146,2024-03-12T13:41:59+01:00,def/ep-decision-methods/VOTE_ELECTRONIC_ROLLCALL,def/ep-statuses/ADOPTED,604.0,570.0,20.0,,False
eli/dl/event/MTG-PL-2023-07-13-VOT-ITM-939409,,,Unknown,Unknown,,,,,False
eli/dl/event/MTG-PL-2023-07-11-VOT-ITM-939401,,,Unknown,Unknown,,,,,False
eli/dl/event/MTG-PL-2023-07-11-VOT-ITM-939365,,,Unknown,Unknown,,,,,False
eli/dl/event/MTG-PL-2024-04-11-VOT-ITM-942510,eli/dl/event/MTG-PL-2024-04-11-DEC-167113,2024-04-11T13:25:00+02:00,def/ep-decision-methods/VOTE_ELECTRONIC_ROLLCALL,def/ep-statuses/ADOPTED,597.0,528.0,51.0,Motion for a resolution,False
eli/dl/event/MTG-PL-2025-03-31-VOT-ITM-000002,eli/dl/event/MTG-PL-2025-03-31-DEC-174286,2025-03-31T18:15:34+02:00,def/ep-decision-methods/VOTE_ELECTRONIC_ROLLCALL,def/ep-statuses/REJECTED,451.0,118.0,326.0,,False
eli/dl/event/MTG-PL-2023-07-11-VOT-ITM-939377,,,Unknown,Unknown,,,,,False
eli/dl/event/MTG-PL-2023-05-09-VOT-ITM-939070,,,Unknown,Unknown,,,,,False
eli/dl/event/MTG-PL-2025-11-25-VOT-ITM-976292,eli/dl/event/MTG-PL-2025-11-25-DEC-181652,2025-11-25T12:48:06+01:00,def/ep-decision-methods/VOTE_ELECTRONIC_ROLLCALL,def/ep-statuses/ADOPTED,647.0,320.0,280.0,,False
eli/dl/event/MTG-PL-2024-01-17-VOT-ITM-939944,eli/dl/event/MTG-PL-2024-01-17-DEC-163210,2024-01-17T12:59:45+01:00,def/ep-decision-methods/VOTE_ELECTRONIC_ROLLCALL,def/ep-statuses/REJECTED,618.0,134.0,480.0,,False
eli/dl/event/MTG-PL-2024-11-27-VOT-ITM-965027,eli/dl/event/MTG-PL-2024-11-27-DEC-170721,2024-11-27T12:27:29+01:00,def/ep-decision-methods/VOTE_ELECTRONIC_ROLLCALL,def/ep-statuses/REJECTED,676.0,123.0,511.0,"Motion for a resolution B10-0178/2024
(PfE)",False
eli/dl/event/MTG-PL-2024-01-17-VOT-ITM-939905,eli/dl/event/MTG-PL-2024-01-17-DEC-163275,2024-01-17T12:33:53+01:00,def/ep-decision-methods/VOTE_ELECTRONIC_ROLLCALL,def/ep-statuses/REJECTED,627.0,151.0,465.0,,False
eli/dl/event/MTG-PL-2026-06-17-VOT-ITM-992816,eli/dl/event/MTG-PL-2026-06-17-DEC-193517,2026-06-17T13:53:45+02:00,def/ep-decision-methods/VOTE_ELECTRONIC_ROLLCALL,def/ep-statuses/ADOPTED,661.0,608.0,38.0,,False
eli/dl/event/MTG-PL-2024-12-19-VOT-ITM-965115,eli/dl/event/MTG-PL-2024-12-19-DEC-171380,,def/ep-decision-methods/VOTE_HAND,def/ep-statuses/LAPSED,,,,Other motions for resolutions,False
eli/dl/event/MTG-PL-2023-04-20-VOT-ITM-938989,,,Unknown,Unknown,,,,,False
eli/dl/event/MTG-PL-2023-06-15-VOT-ITM-939305,,,Unknown,Unknown,,,,,False
eli/dl/event/MTG-PL-2024-04-23-VOT-ITM-946116,eli/dl/event/MTG-PL-2024-04-23-DEC-168584,,def/ep-decision-methods/VOTE_ELECTRONIC,def/ep-statuses/REJECTED,611.0,271.0,309.0,"Motion for a resolution B9-0216/2024 
(LIBE Committee)",False
eli/dl/event/MTG-PL-2025-04-02-VOT-ITM-965385,eli/dl/event/MTG-PL-2025-04-02-DEC-174451,2025-04-02T13:54:31+02:00,def/ep-decision-methods/VOTE_ELECTRONIC_ROLLCALL,def/ep-statuses/REJECTED,667.0,127.0,480.0,,False
eli/dl/event/MTG-PL-2023-03-15-VOT-ITM-938783,,,Unknown,Unknown,,,,,False
eli/dl/event/MTG-PL-2023-09-14-VOT-ITM-939465,,,Unknown,Unknown,,,,,False
eli/dl/event/MTG-PL-2023-11-08-VOT-ITM-000003,eli/dl/event/MTG-PL-2023-11-08-DEC-160018,2023-11-08T15:57:19+01:00,def/ep-decision-methods/VOTE_ELECTRONIC_ROLLCALL,Unknown,,192.0,208.0,,False
eli/dl/event/MTG-PL-2023-11-21-VOT-ITM-939719,,,Unknown,Unknown,,,,,False
eli/dl/event/MTG-PL-2024-03-12-VOT-ITM-941860,eli/dl/event/MTG-PL-2024-03-12-DEC-166075,,def/ep-decision-methods/VOTE_ELECTRONIC,def/ep-statuses/ADOPTED,513.0,303.0,200.0,Recommendation for a decision B9-0159/2024,False
eli/dl/event/MTG-PL-2024-01-18-VOT-ITM-939933,eli/dl/event/MTG-PL-2024-01-18-DEC-163055,2024-01-18T12:33:53+01:00,def/ep-decision-methods/VOTE_ELECTRONIC_ROLLCALL,def/ep-statuses/ADOPTED,553.0,531.0,2.0,,False
eli/dl/event/MTG-PL-2025-05-22-VOT-ITM-965626,eli/dl/event/MTG-PL-2025-05-22-DEC-176860,,def/ep-decision-methods/VOTE_HAND,def/ep-statuses/REJECTED,,,,,False
eli/dl/event/MTG-PL-2023-02-01-VOT-ITM-000002,eli/dl/event/MTG-PL-2023-02-01-DEC-152426,2023-02-01T15:10:50+01:00,def/ep-decision-methods/VOTE_ELECTRONIC_ROLLCALL,Unknown,,200.0,213.0,,False
eli/dl/event/MTG-PL-2023-02-16-VOT-ITM-938728,,,Unknown,Unknown,,,,,False
eli/dl/event/MTG-PL-2025-11-13-VOT-ITM-975469,eli/dl/event/MTG-PL-2025-11-13-DEC-180632,,def/ep-decision-methods/VOTE_HAND,def/ep-statuses/REJECTED,,,,,False
eli/dl/event/MTG-PL-2026-04-29-VOT-ITM-990075,eli/dl/event/MTG-PL-2026-04-29-DEC-191409,2026-04-29T14:54:11+02:00,def/ep-decision-methods/VOTE_ELECTRONIC_ROLLCALL,def/ep-statuses/REJECTED,624.0,206.0,408.0,,False
eli/dl/event/MTG-PL-2024-02-27-VOT-ITM-940073,eli/dl/event/MTG-PL-2024-02-27-DEC-164515,2024-02-27T12:20:41+01:00,def/ep-decision-methods/VOTE_ELECTRONIC_ROLLCALL,def/ep-statuses/ADOPTED,624.0,546.0,47.0,Provisional agreement,False
eli/dl/event/MTG-PL-2024-10-09-VOT-ITM-961919,eli/dl/event/MTG-PL-2024-10-09-DEC-169734,,def/ep-decision-methods/VOTE_HAND,def/ep-statuses/REJECTED,,,,"Joint motion for a resolution RC-B10-0072/2024
(PPE, S&D, ECR, Renew, Verts/ALE, The Left)",False
eli/dl/event/MTG-PL-2025-09-10-VOT-ITM-970837,eli/dl/event/MTG-PL-2025-09-10-DEC-178770,,def/ep-decision-methods/VOTE_ELECTRONIC_ROLLCALL,def/ep-statuses/LAPSED,,,,Draft legislative act,False
eli/dl/event/MTG-PL-2025-11-13-VOT-ITM-975412,eli/dl/event/MTG-PL-2025-11-13-DEC-180625,2025-11-13T12:00:32+01:00,def/ep-decision-methods/VOTE_ELECTRONIC_ROLLCALL,def/ep-statuses/ADOPTED,633.0,606.0,26.0,,False
eli/dl/event/MTG-PL-2025-12-16-VOT-ITM-978313,eli/dl/event/MTG-PL-2025-12-16-DEC-182479,2025-12-16T13:10:16+01:00,def/ep-decision-methods/VOTE_ELECTRONIC_ROLLCALL,def/ep-statuses/ADOPTED,664.0,585.0,34.0,,False
eli/dl/event/MTG-PL-2025-12-17-VOT-ITM-978935,eli/dl/event/MTG-PL-2025-12-17-DEC-182895,2025-12-17T12:23:20+01:00,def/ep-decision-methods/VOTE_ELECTRONIC_ROLLCALL,def/ep-statuses/ADOPTED,654.0,396.0,202.0,,False
eli/dl/event/MTG-PL-2023-11-09-VOT-ITM-939664,,,Unknown,Unknown,,,,,False
eli/dl/event/MTG-PL-2025-04-03-VOT-ITM-965470,eli/dl/event/MTG-PL-2025-04-03-DEC-174880,2025-04-03T13:10:32+02:00,def/ep-decision-methods/VOTE_ELECTRONIC_ROLLCALL,def/ep-statuses/ADOPTED,615.0,411.0,191.0,,False
eli/dl/event/MTG-PL-2025-09-09-VOT-ITM-970652,eli/dl/event/MTG-PL-2025-09-09-DEC-178387,2025-09-09T13:52:53+02:00,def/ep-decision-methods/VOTE_ELECTRONIC_ROLLCALL,def/ep-statuses/ADOPTED,645.0,473.0,114.0,,False
eli/dl/event/MTG-PL-2025-12-16-VOT-ITM-978814,eli/dl/event/MTG-PL-2025-12-16-DEC-182690,,def/ep-decision-methods/VOTE_HAND,def/ep-statuses/ADOPTED,,,,,False
eli/dl/event/MTG-PL-2025-05-07-VOT-ITM-965506,eli/dl/event/MTG-PL-2025-05-07-DEC-175192,,def/ep-decision-methods/VOTE_HAND,def/ep-statuses/ADOPTED,,,,European High Performance Computing Joint Undertaking,False
eli/dl/event/MTG-PL-2025-05-05-VOT-ITM-000005,eli/dl/event/MTG-PL-2025-05-05-DEC-175673,2025-05-05T18:49:22+02:00,def/ep-decision-methods/VOTE_ELECTRONIC_ROLLCALL,def/ep-statuses/REJECTED,428.0,103.0,301.0,,False
eli/dl/event/MTG-PL-2025-06-17-VOT-ITM-965669,eli/dl/event/MTG-PL-2025-06-17-DEC-177029,,def/ep-decision-methods/VOTE_HAND,def/ep-statuses/REJECTED,,,,Draft legislative act,False
eli/dl/event/MTG-PL-2026-04-30-VOT-ITM-989956,eli/dl/event/MTG-PL-2026-04-30-DEC-189917,2026-04-30T13:20:29+02:00,def/ep-decision-methods/VOTE_ELECTRONIC_ROLLCALL,def/ep-statuses/ADOPTED,590.0,502.0,46.0,,False
eli/dl/event/MTG-PL-2023-04-20-VOT-ITM-938991,,,Unknown,Unknown,,,,,False
eli/dl/event/MTG-PL-2024-01-16-VOT-ITM-939947,eli/dl/event/MTG-PL-2024-01-16-DEC-163002,,def/ep-decision-methods/VOTE_HAND,def/ep-statuses/REJECTED,,,,,False
eli/dl/event/MTG-PL-2023-09-12-VOT-ITM-939466,,,Unknown,Unknown,,,,,False
eli/dl/event/MTG-PL-2024-02-06-VOT-ITM-939991,eli/dl/event/MTG-PL-2024-02-06-DEC-163748,2024-02-06T13:00:05+01:00,def/ep-decision-methods/VOTE_ELECTRONIC_ROLLCALL,def/ep-statuses/ADOPTED,637.0,628.0,3.0,Provisional agreement,False
eli/dl/event/MTG-PL-2025-12-18-VOT-ITM-978995,eli/dl/event/MTG-PL-2025-12-18-DEC-182962,2025-12-18T12:04:13+01:00,def/ep-decision-methods/VOTE_ELECTRONIC_ROLLCALL,def/ep-statuses/ADOPTED,553.0,477.0,7.0,"Joint motion for a resolution RC-B10-0567/2025 (PPE, S&D, ECR, Renew, Verts/ALE)",False
eli/dl/event/MTG-PL-2023-11-23-VOT-ITM-939745,,,Unknown,Unknown,,,,,False
eli/dl/event/MTG-PL-2025-09-11-VOT-ITM-971240,eli/dl/event/MTG-PL-2025-09-11-DEC-178832,,def/ep-decision-methods/VOTE_HAND,def/ep-statuses/REJECTED,,,,"Joint motion for a resolution RC-B10-0366/2025
(PPE, ECR, Renew)",False
eli/dl/event/MTG-PL-2025-10-09-VOT-ITM-973331,eli/dl/event/MTG-PL-2025-10-09-DEC-179629,2025-10-09T13:15:14+02:00,def/ep-decision-methods/VOTE_ELECTRONIC_ROLLCALL,def/ep-statuses/ADOPTED,615.0,487.0,97.0,,False
eli/dl/event/MTG-PL-2026-02-11-VOT-ITM-983537,eli/dl/event/MTG-PL-2026-02-11-DEC-184101,,def/ep-decision-methods/VOTE_HAND,def/ep-statuses/REJECTED,,,,,False
eli/dl/event/MTG-PL-2023-05-10-VOT-ITM-939116,,,Unknown,Unknown,,,,,False
eli/dl/event/MTG-PL-2024-04-23-VOT-ITM-945999,eli/dl/event/MTG-PL-2024-04-23-DEC-168292,2024-04-23T14:00:27+02:00,def/ep-decision-methods/VOTE_ELECTRONIC_ROLLCALL,def/ep-statuses/ADOPTED,597.0,367.0,161.0,Provisional agreement,False
eli/dl/event/MTG-PL-2024-02-28-VOT-ITM-940108,eli/dl/event/MTG-PL-2024-02-28-DEC-164555,2024-02-28T18:25:54+01:00,def/ep-decision-methods/VOTE_ELECTRONIC_ROLLCALL,def/ep-statuses/ADOPTED,532.0,374.0,113.0,,False
eli/dl/event/MTG-PL-2025-06-19-VOT-ITM-965690,eli/dl/event/MTG-PL-2025-06-19-DEC-176984,,def/ep-decision-methods/VOTE_HAND,def/ep-statuses/ADOPTED,,,,"Motion for a resolution B10-0273/2025
(JURI Committee)",False
eli/dl/event/MTG-PL-2024-04-24-VOT-ITM-946248,eli/dl/event/MTG-PL-2024-04-24-DEC-168863,2024-04-24T13:27:16+02:00,def/ep-decision-methods/VOTE_ELECTRONIC_ROLLCALL,def/ep-statuses/ADOPTED,623.0,388.0,188.0,"Motion for a resolution B9-0225/2024
(ENVI Committee)",False
eli/dl/event/MTG-PL-2026-07-07-VOT-ITM-992928,eli/dl/event/MTG-PL-2026-07-07-DEC-195258,2026-07-07T13:55:38+02:00,def/ep-decision-methods/VOTE_ELECTRONIC_ROLLCALL,def/ep-statuses/REJECTED,656.0,189.0,456.0,,False
eli/dl/event/MTG-PL-2023-05-11-VOT-ITM-939128,,,Unknown,Unknown,,,,,False
eli/dl/event/MTG-PL-2024-04-10-VOT-ITM-944691,eli/dl/event/MTG-PL-2024-04-10-DEC-166983,,def/ep-decision-methods/VOTE_HAND,def/ep-statuses/LAPSED,,,,Draft legislative act,False
eli/dl/event/MTG-PL-2023-12-14-VOT-ITM-939825,,,Unknown,Unknown,,,,,False
eli/dl/event/MTG-PL-2024-04-25-VOT-ITM-945850,eli/dl/event/MTG-PL-2024-04-25-DEC-168326,2024-04-25T13:43:59+02:00,def/ep-decision-methods/VOTE_ELECTRONIC_ROLLCALL,def/ep-statuses/ADOPTED,533.0,438.0,35.0,Provisional agreement,False
eli/dl/event/MTG-PL-2024-09-19-VOT-ITM-959816,eli/dl/event/MTG-PL-2024-09-19-DEC-169678,2024-09-19T13:39:28+02:00,def/ep-decision-methods/VOTE_ELECTRONIC_ROLLCALL,def/ep-statuses/ADOPTED,607.0,458.0,77.0,"Joint motion for a resolution RC-B10-0057/2024
(PPE, S&D, ECR, Renew, Verts/ALE, The Left)",False
eli/dl/event/MTG-PL-2024-04-10-VOT-ITM-944539,eli/dl/event/MTG-PL-2024-04-10-DEC-167883,2024-04-10T19:19:15+02:00,def/ep-decision-methods/VOTE_ELECTRONIC_ROLLCALL,def/ep-statuses/REJECTED,582.0,112.0,464.0,,False
eli/dl/event/MTG-PL-2026-06-17-VOT-ITM-992817,eli/dl/event/MTG-PL-2026-06-17-DEC-193518,2026-06-17T13:54:14+02:00,def/ep-decision-methods/VOTE_ELECTRONIC_ROLLCALL,def/ep-statuses/ADOPTED,664.0,542.0,52.0,,False
eli/dl/event/MTG-PL-2025-05-22-VOT-ITM-965586,eli/dl/event/MTG-PL-2025-05-22-DEC-176689,,def/ep-decision-methods/VOTE_HAND,def/ep-statuses/REJECTED,,,,,False
eli/dl/event/MTG-PL-2025-01-20-VOT-ITM-191390,eli/dl/event/MTG-PL-2025-01-20-DEC-171428,,def/ep-decision-methods/VOTE_HAND,def/ep-statuses/REJECTED,,,,,False
eli/dl/event/MTG-PL-2024-04-25-VOT-ITM-946507,eli/dl/event/MTG-PL-2024-04-25-DEC-168833,2024-04-25T13:43:19+02:00,def/ep-decision-methods/VOTE_ELECTRONIC_ROLLCALL,def/ep-statuses/ADOPTED,534.0,434.0,45.0,,False
eli/dl/event/MTG-PL-2024-04-23-VOT-ITM-945845,eli/dl/event/MTG-PL-2024-04-23-DEC-168330,2024-04-23T13:32:54+02:00,def/ep-decision-methods/VOTE_ELECTRONIC_ROLLCALL,def/ep-statuses/ADOPTED,614.0,549.0,56.0,Provisional agreement,False
eli/dl/event/MTG-PL-2026-01-21-VOT-ITM-981690,eli/dl/event/MTG-PL-2026-01-21-DEC-183884,2026-01-21T12:48:35+01:00,def/ep-decision-methods/VOTE_ELECTRONIC_ROLLCALL,def/ep-statuses/ADOPTED,669.0,334.0,324.0,"Motion for a resolution B10-0060/2026
(Members)",False
eli/dl/event/MTG-PL-2023-11-23-VOT-ITM-939790,,,Unknown,Unknown,,,,,False
eli/dl/event/MTG-PL-2024-02-06-VOT-ITM-939988,eli/dl/event/MTG-PL-2024-02-06-DEC-163769,2024-02-06T12:59:37+01:00,def/ep-decision-methods/VOTE_ELECTRONIC_ROLLCALL,def/ep-statuses/ADOPTED,637.0,630.0,1.0,Provisional agreement,False
eli/dl/event/MTG-PL-2025-11-25-VOT-ITM-976275,eli/dl/event/MTG-PL-2025-11-25-DEC-181612,,def/ep-decision-methods/VOTE_ELECTRONIC_ROLLCALL,def/ep-statuses/LAPSED,,,,Draft legislative act,False
eli/dl/event/MTG-PL-2025-03-12-VOT-ITM-965266,eli/dl/event/MTG-PL-2025-03-12-DEC-172115,2025-03-12T12:03:46+01:00,def/ep-decision-methods/VOTE_ELECTRONIC_ROLLCALL,def/ep-statuses/ADOPTED,564.0,525.0,5.0,,False
eli/dl/event/MTG-PL-2026-02-10-VOT-ITM-983529,eli/dl/event/MTG-PL-2026-02-10-DEC-184107,,def/ep-decision-methods/VOTE_HAND,def/ep-statuses/ADOPTED,,,,,False
eli/dl/event/MTG-PL-2026-04-29-VOT-ITM-989978,eli/dl/event/MTG-PL-2026-04-29-DEC-190098,2026-04-29T14:30:16+02:00,def/ep-decision-methods/VOTE_ELECTRONIC_ROLLCALL,def/ep-statuses/ADOPTED,630.0,532.0,72.0,,False
eli/dl/event/MTG-PL-2023-01-17-VOT-ITM-938526,,,Unknown,Unknown,,,,,False
eli/dl/event/MTG-PL-2024-12-17-VOT-ITM-965069,eli/dl/event/MTG-PL-2024-12-17-DEC-171264,,Auto-adopted,Approved,,,,,False
eli/dl/event/MTG-PL-2024-04-10-VOT-ITM-944424,eli/dl/event/MTG-PL-2024-04-10-DEC-167747,,def/ep-decision-methods/VOTE_ELECTRONIC_ROLLCALL,def/ep-statuses/LAPSED,,,,Draft legislative act,False
eli/dl/event/MTG-PL-2023-07-13-VOT-ITM-939408,,,Unknown,Unknown,,,,,False
eli/dl/event/MTG-PL-2024-09-19-VOT-ITM-959829,eli/dl/event/MTG-PL-2024-09-19-DEC-169558,2024-09-19T13:08:15+02:00,def/ep-decision-methods/VOTE_ELECTRONIC_ROLLCALL,def/ep-statuses/ADOPTED,617.0,444.0,153.0,"Joint motion for a resolution RC-B10-0024/2024
(PPE, S&D, ECR, Renew, Verts/ALE, The Left)",False
eli/dl/event/MTG-PL-2023-02-13-VOT-ITM-000007,eli/dl/event/MTG-PL-2023-02-13-DEC-152671,2023-02-13T17:27:38+01:00,def/ep-decision-methods/VOTE_ELECTRONIC_ROLLCALL,Unknown,,283.0,69.0,,False
eli/dl/event/MTG-PL-2024-12-18-VOT-ITM-965099,eli/dl/event/MTG-PL-2024-12-18-DEC-171276,2024-12-18T12:18:29+01:00,def/ep-decision-methods/VOTE_ELECTRONIC_ROLLCALL,def/ep-statuses/REJECTED,644.0,174.0,450.0,"Proposal for a decision B10-0217/2024
(Conference of Presidents)",False
eli/dl/event/MTG-PL-2024-01-18-VOT-ITM-939974,eli/dl/event/MTG-PL-2024-01-18-DEC-163522,,def/ep-decision-methods/VOTE_HAND,def/ep-statuses/LAPSED,,,,Other motions for resolutions,False
eli/dl/event/MTG-PL-2023-11-22-VOT-ITM-939766,,,Unknown,Unknown,,,,,False
eli/dl/event/MTG-PL-2024-01-17-VOT-ITM-939950,eli/dl/event/MTG-PL-2024-01-17-DEC-163299,2024-01-17T12:21:37+01:00,def/ep-decision-methods/VOTE_ELECTRONIC_ROLLCALL,def/ep-statuses/ADOPTED,628.0,550.0,14.0,,False
eli/dl/event/MTG-PL-2025-05-08-VOT-ITM-965550,eli/dl/event/MTG-PL-2025-05-08-DEC-176339,,def/ep-decision-methods/VOTE_HAND,def/ep-statuses/LAPSED,,,,Other motions for resolutions,False
eli/dl/event/MTG-PL-2023-11-22-VOT-ITM-939767,,,Unknown,Unknown,,,,,False
eli/dl/event/MTG-PL-2026-02-10-VOT-ITM-983657,eli/dl/event/MTG-PL-2026-02-10-DEC-184418,2026-02-10T12:58:00+01:00,def/ep-decision-methods/VOTE_ELECTRONIC_ROLLCALL,def/ep-statuses/REJECTED,653.0,220.0,396.0,Proposal to reject the Commission proposal,False
eli/dl/event/MTG-PL-2026-04-29-VOT-ITM-989953,eli/dl/event/MTG-PL-2026-04-29-DEC-190027,2026-04-29T14:28:40+02:00,def/ep-decision-methods/VOTE_ELECTRONIC_ROLLCALL,def/ep-statuses/ADOPTED,651.0,526.0,56.0,,False
eli/dl/event/MTG-PL-2024-01-15-VOT-ITM-000006,eli/dl/event/MTG-PL-2024-01-15-DEC-163204,2024-01-15T17:56:27+01:00,def/ep-decision-methods/VOTE_ELECTRONIC_ROLLCALL,def/ep-statuses/ADOPTED,326.0,270.0,37.0,,False
eli/dl/event/MTG-PL-2024-04-22-VOT-ITM-000006,eli/dl/event/MTG-PL-2024-04-22-DEC-168689,2024-04-22T18:32:12+02:00,def/ep-decision-methods/VOTE_ELECTRONIC_ROLLCALL,def/ep-statuses/REJECTED,319.0,145.0,165.0,,False
eli/dl/event/MTG-PL-2023-05-10-VOT-ITM-939032,,,Unknown,Unknown,,,,,False
eli/dl/event/MTG-PL-2023-02-14-VOT-ITM-938650,,,Unknown,Unknown,,,,,False
eli/dl/event/MTG-PL-2023-03-13-VOT-ITM-000002,eli/dl/event/MTG-PL-2023-03-13-DEC-153634,2023-03-13T17:22:13+01:00,def/ep-decision-methods/VOTE_ELECTRONIC_ROLLCALL,Unknown,,315.0,41.0,,False
eli/dl/event/MTG-PL-2023-07-11-VOT-ITM-939396,,,Unknown,Unknown,,,,,False
eli/dl/event/MTG-PL-2023-09-13-VOT-ITM-939487,,,Unknown,Unknown,,,,,False
eli/dl/event/MTG-PL-2023-12-14-VOT-ITM-939865,,,Unknown,Unknown,,,,,False
eli/dl/event/MTG-PL-2024-02-27-VOT-ITM-940151,eli/dl/event/MTG-PL-2024-02-27-DEC-164489,2024-02-27T12:16:17+01:00,def/ep-decision-methods/VOTE_ELECTRONIC_ROLLCALL,def/ep-statuses/ADOPTED,627.0,517.0,59.0,Provisional agreement,False
eli/dl/event/MTG-PL-2025-10-21-VOT-ITM-974713,eli/dl/event/MTG-PL-2025-10-21-DEC-180203,,Auto-adopted,Approved,,,,,False
eli/dl/event/MTG-PL-2026-06-17-VOT-ITM-992851,eli/dl/event/MTG-PL-2026-06-17-DEC-193855,,def/ep-decision-methods/VOTE_HAND,def/ep-statuses/REJECTED,,,,,False
eli/dl/event/MTG-PL-2025-05-06-VOT-ITM-965498,eli/dl/event/MTG-PL-2025-05-06-DEC-175168,,def/ep-decision-methods/VOTE_HAND,def/ep-statuses/LAPSED,,,,,False
eli/dl/event/MTG-PL-2025-06-17-VOT-ITM-965674,eli/dl/event/MTG-PL-2025-06-17-DEC-176981,2025-06-17T13:48:45+02:00,def/ep-decision-methods/VOTE_ELECTRONIC_ROLLCALL,def/ep-statuses/ADOPTED,667.0,622.0,24.0,,False
eli/dl/event/MTG-PL-2023-04-18-VOT-ITM-938957,,,Unknown,Unknown,,,,,False
eli/dl/event/MTG-PL-2024-09-18-VOT-ITM-959776,eli/dl/event/MTG-PL-2024-09-18-DEC-169419,2024-09-18T13:18:58+02:00,def/ep-decision-methods/VOTE_ELECTRONIC_ROLLCALL,def/ep-statuses/ADOPTED,677.0,522.0,127.0,"Motion for a resolution B10-0021/2024
(ENVI Committee)",False
eli/dl/event/MTG-PL-2024-02-27-VOT-ITM-940391,eli/dl/event/MTG-PL-2024-02-27-DEC-164815,2024-02-27T12:07:45+01:00,def/ep-decision-methods/VOTE_ELECTRONIC_ROLLCALL,def/ep-statuses/ADOPTED,597.0,499.0,67.0,,False
eli/dl/event/MTG-PL-2023-09-13-VOT-ITM-939470,,,Unknown,Unknown,,,,,False
eli/dl/event/MTG-PL-2024-02-29-VOT-ITM-940375,eli/dl/event/MTG-PL-2024-02-29-DEC-164795,2024-02-29T12:05:38+01:00,def/ep-decision-methods/VOTE_ELECTRONIC_ROLLCALL,def/ep-statuses/ADOPTED,550.0,358.0,147.0,,False
eli/dl/event/MTG-PL-2025-03-13-VOT-ITM-965305,eli/dl/event/MTG-PL-2025-03-13-DEC-172988,,def/ep-decision-methods/VOTE_HAND,def/ep-statuses/LAPSED,,,,Other motions for resolutions,False
eli/dl/event/MTG-PL-2023-12-12-VOT-ITM-939826,,,Unknown,Unknown,,,,,False
eli/dl/event/MTG-PL-2026-03-26-VOT-ITM-987073,eli/dl/event/MTG-PL-2026-03-26-DEC-189900,,Auto-adopted,Approved,,,,,False
eli/dl/event/MTG-PL-2023-02-13-VOT-ITM-000005,eli/dl/event/MTG-PL-2023-02-13-DEC-152669,2023-02-13T17:23:55+01:00,def/ep-decision-methods/VOTE_ELECTRONIC_ROLLCALL,Unknown,,161.0,228.0,,False
eli/dl/event/MTG-PL-2023-07-12-VOT-ITM-939373,,,Unknown,Unknown,,,,,False
eli/dl/event/MTG-PL-2026-03-12-VOT-ITM-986343,eli/dl/event/MTG-PL-2026-03-12-DEC-189151,2026-03-12T12:05:46+01:00,def/ep-decision-methods/VOTE_ELECTRONIC_ROLLCALL,def/ep-statuses/ADOPTED,556.0,438.0,37.0,"Joint motion for a resolution RC-B10-0158/2026
(PPE, S&D, ECR, Renew, Verts/ALE, The Left)",False
eli/dl/event/MTG-PL-2024-04-10-VOT-ITM-000002,eli/dl/event/MTG-PL-2024-04-10-DEC-168148,2024-04-10T14:08:59+02:00,def/ep-decision-methods/VOTE_ELECTRONIC_ROLLCALL,def/ep-statuses/REJECTED,374.0,70.0,277.0,,False
eli/dl/event/MTG-PL-2023-05-09-VOT-ITM-939076,,,Unknown,Unknown,,,,,False
eli/dl/event/MTG-PL-2024-03-13-VOT-ITM-941834,eli/dl/event/MTG-PL-2024-03-13-DEC-166439,2024-03-13T17:27:24+01:00,def/ep-decision-methods/VOTE_ELECTRONIC_ROLLCALL,def/ep-statuses/ADOPTED,584.0,305.0,275.0,,False
eli/dl/event/MTG-PL-2025-07-09-VOT-ITM-965777,eli/dl/event/MTG-PL-2025-07-09-DEC-177956,2025-07-09T13:24:30+02:00,def/ep-decision-methods/VOTE_ELECTRONIC_ROLLCALL,def/ep-statuses/REJECTED,678.0,217.0,430.0,,False
eli/dl/event/MTG-PL-2023-05-09-VOT-ITM-939125,,,Unknown,Unknown,,,,,False
eli/dl/event/MTG-PL-2026-04-28-VOT-ITM-989873,eli/dl/event/MTG-PL-2026-04-28-DEC-189924,,def/ep-decision-methods/VOTE_HAND,def/ep-statuses/ADOPTED,,,,Draft legislative resolution,False
eli/dl/event/MTG-PL-2026-04-28-VOT-ITM-990121,eli/dl/event/MTG-PL-2026-04-28-DEC-191165,2026-04-28T13:40:59+02:00,def/ep-decision-methods/VOTE_ELECTRONIC_ROLLCALL,def/ep-statuses/REJECTED,658.0,119.0,473.0,,False
eli/dl/event/MTG-PL-2023-05-10-VOT-ITM-939026,,,Unknown,Unknown,,,,,False
eli/dl/event/MTG-PL-2026-05-20-VOT-ITM-990697,eli/dl/event/MTG-PL-2026-05-20-DEC-192445,2026-05-20T13:20:01+02:00,def/ep-decision-methods/VOTE_ELECTRONIC_ROLLCALL,def/ep-statuses/ADOPTED,638.0,581.0,12.0,,False
eli/dl/event/MTG-PL-2024-04-24-VOT-ITM-946102,eli/dl/event/MTG-PL-2024-04-24-DEC-168761,,def/ep-decision-methods/VOTE_ELECTRONIC_ROLLCALL,def/ep-statuses/LAPSED,,,,,False
eli/dl/event/MTG-PL-2023-03-30-VOT-ITM-938924,,,Unknown,Unknown,,,,,False
eli/dl/event/MTG-PL-2026-04-29-VOT-ITM-989970,eli/dl/event/MTG-PL-2026-04-29-DEC-191251,2026-04-29T14:19:18+02:00,def/ep-decision-methods/VOTE_ELECTRONIC_ROLLCALL,def/ep-statuses/REJECTED,650.0,211.0,422.0,Amendments to Regulation (EC) No 1223/2009,False
eli/dl/event/MTG-PL-2024-04-11-VOT-ITM-944640,eli/dl/event/MTG-PL-2024-04-11-DEC-168056,2024-04-11T13:10:14+02:00,def/ep-decision-methods/VOTE_ELECTRONIC_ROLLCALL,def/ep-statuses/REJECTED,598.0,96.0,485.0,Motion for a resolution,False
eli/dl/event/MTG-PL-2025-05-05-VOT-ITM-000003,eli/dl/event/MTG-PL-2025-05-05-DEC-175671,2025-05-05T18:43:09+02:00,def/ep-decision-methods/VOTE_ELECTRONIC_ROLLCALL,def/ep-statuses/ADOPTED,435.0,319.0,37.0,,False
eli/dl/event/MTG-PL-2024-04-22-VOT-ITM-000009,eli/dl/event/MTG-PL-2024-04-22-DEC-168692,2024-04-22T18:38:53+02:00,def/ep-decision-methods/VOTE_ELECTRONIC_ROLLCALL,def/ep-statuses/ADOPTED,325.0,213.0,109.0,,False
eli/dl/event/MTG-PL-2023-05-10-VOT-ITM-939112,,,Unknown,Unknown,,,,,False
eli/dl/event/MTG-PL-2023-05-10-VOT-ITM-939022,,,Unknown,Unknown,,,,,False
eli/dl/event/MTG-PL-2023-05-10-VOT-ITM-939008,,,Unknown,Unknown,,,,,False
eli/dl/event/MTG-PL-2024-04-22-VOT-ITM-000008,eli/dl/event/MTG-PL-2024-04-22-DEC-168691,2024-04-22T18:35:51+02:00,def/ep-decision-methods/VOTE_ELECTRONIC_ROLLCALL,def/ep-statuses/REJECTED,322.0,42.0,273.0,,False
eli/dl/event/MTG-PL-2025-05-07-VOT-ITM-965547,eli/dl/event/MTG-PL-2025-05-07-DEC-176091,2025-05-07T13:23:35+02:00,def/ep-decision-methods/VOTE_ELECTRONIC_ROLLCALL,def/ep-statuses/ADOPTED,654.0,370.0,268.0,,False
eli/dl/event/MTG-PL-2025-12-15-VOT-ITM-289816,eli/dl/event/MTG-PL-2025-12-15-DEC-182689,,def/ep-decision-methods/VOTE_HAND,def/ep-statuses/ADOPTED,,,,,False
eli/dl/event/MTG-PL-2023-10-19-VOT-ITM-939626,,,Unknown,Unknown,,,,,False
eli/dl/event/MTG-PL-2026-06-17-VOT-ITM-992835,eli/dl/event/MTG-PL-2026-06-17-DEC-193605,,def/ep-decision-methods/VOTE_HAND,def/ep-statuses/ADOPTED,,,,,False
eli/dl/event/MTG-PL-2023-05-10-VOT-ITM-939041,,,Unknown,Unknown,,,,,False
eli/dl/event/MTG-PL-2025-11-13-VOT-ITM-975415,eli/dl/event/MTG-PL-2025-11-13-DEC-181470,,Auto-adopted,Approved,,,,,False
eli/dl/event/MTG-PL-2023-02-02-VOT-ITM-938603,,,Unknown,Unknown,,,,,False
eli/dl/event/MTG-PL-2025-09-10-VOT-ITM-970856,eli/dl/event/MTG-PL-2025-09-10-DEC-178709,,def/ep-decision-methods/VOTE_HAND,def/ep-statuses/LAPSED,,,,Draft legislative act,False
eli/dl/event/MTG-PL-2024-04-11-VOT-ITM-944416,eli/dl/event/MTG-PL-2024-04-11-DEC-167286,2024-04-11T13:25:41+02:00,def/ep-decision-methods/VOTE_ELECTRONIC_ROLLCALL,def/ep-statuses/ADOPTED,590.0,518.0,17.0,Motion for a resolution,False
eli/dl/event/MTG-PL-2026-01-20-VOT-ITM-981689,eli/dl/event/MTG-PL-2026-01-20-DEC-183123,,def/ep-decision-methods/VOTE_HAND,def/ep-statuses/ADOPTED,,,,,False
eli/dl/event/MTG-PL-2024-01-17-VOT-ITM-939936,eli/dl/event/MTG-PL-2024-01-17-DEC-163078,2024-01-17T12:36:11+01:00,def/ep-decision-methods/VOTE_ELECTRONIC_ROLLCALL,def/ep-statuses/ADOPTED,631.0,391.0,157.0,,False
eli/dl/event/MTG-PL-2025-03-31-VOT-ITM-000001,eli/dl/event/MTG-PL-2025-03-31-DEC-174285,2025-03-31T18:14:51+02:00,def/ep-decision-methods/VOTE_ELECTRONIC_ROLLCALL,def/ep-statuses/REJECTED,450.0,82.0,357.0,,False
eli/dl/event/MTG-PL-2024-10-21-VOT-ITM-000002,eli/dl/event/MTG-PL-2024-10-21-DEC-170006,2024-10-21T18:27:47+02:00,def/ep-decision-methods/VOTE_ELECTRONIC_ROLLCALL,def/ep-statuses/REJECTED,480.0,158.0,288.0,,False
eli/dl/event/MTG-PL-2023-03-15-VOT-ITM-938664,,,Unknown,Unknown,,,,,False
eli/dl/event/MTG-PL-2025-07-09-VOT-ITM-965807,eli/dl/event/MTG-PL-2025-07-09-DEC-178045,,def/ep-decision-methods/VOTE_HAND,def/ep-statuses/ADOPTED,,,,"Joint motion for a resolution RC-B10-0304/2025
(PPE, S&D, ECR, Renew, Verts/ALE)",False
eli/dl/event/MTG-PL-2026-04-30-VOT-ITM-990146,eli/dl/event/MTG-PL-2026-04-30-DEC-191913,,def/ep-decision-methods/VOTE_ELECTRONIC,def/ep-statuses/REJECTED,579.0,108.0,437.0,"Motion for a resolution B10-0190/2026
(IMCO)",False
eli/dl/event/MTG-PL-2026-07-07-VOT-ITM-992947,eli/dl/event/MTG-PL-2026-07-07-DEC-195196,2026-07-07T13:38:50+02:00,def/ep-decision-methods/VOTE_ELECTRONIC_ROLLCALL,def/ep-statuses/REJECTED,654.0,202.0,426.0,,False
eli/dl/event/MTG-PL-2025-05-07-VOT-ITM-965526,eli/dl/event/MTG-PL-2025-05-07-DEC-175248,,def/ep-decision-methods/VOTE_HAND,def/ep-statuses/REJECTED,,,,,False
eli/dl/event/MTG-PL-2023-06-15-VOT-ITM-939307,,,Unknown,Unknown,,,,,False
eli/dl/event/MTG-PL-2024-04-10-VOT-ITM-944777,eli/dl/event/MTG-PL-2024-04-10-DEC-167031,2024-04-10T19:14:53+02:00,def/ep-decision-methods/VOTE_ELECTRONIC_ROLLCALL,def/ep-statuses/ADOPTED,607.0,504.0,30.0,,False
eli/dl/event/MTG-PL-2023-10-02-VOT-ITM-000002,eli/dl/event/MTG-PL-2023-10-02-DEC-158746,2023-10-02T18:16:54+02:00,def/ep-decision-methods/VOTE_ELECTRONIC_ROLLCALL,Unknown,,328.0,15.0,,False
eli/dl/event/MTG-PL-2025-10-23-VOT-ITM-974933,eli/dl/event/MTG-PL-2025-10-23-DEC-180286,2025-10-23T13:27:59+02:00,def/ep-decision-methods/VOTE_ELECTRONIC_ROLLCALL,def/ep-statuses/ADOPTED,564.0,363.0,173.0,Motion for a resolution B10-0450/2025 (ENVI Committee),False
eli/dl/event/MTG-PL-2025-11-25-VOT-ITM-976409,eli/dl/event/MTG-PL-2025-11-25-DEC-181832,2025-11-25T12:59:09+01:00,def/ep-decision-methods/VOTE_ELECTRONIC_ROLLCALL,def/ep-statuses/ADOPTED,647.0,452.0,182.0,"Motion for a resolution B10-0492/2025
(ENVI)",False
eli/dl/event/MTG-PL-2026-06-15-VOT-ITM-000001,eli/dl/event/MTG-PL-2026-06-15-DEC-193974,2026-06-15T18:10:44+02:00,def/ep-decision-methods/VOTE_ELECTRONIC_ROLLCALL,def/ep-statuses/ADOPTED,438.0,244.0,179.0,,False
eli/dl/event/MTG-PL-2023-10-16-VOT-ITM-000003,eli/dl/event/MTG-PL-2023-10-16-DEC-159229,2023-10-16T18:26:05+02:00,def/ep-decision-methods/VOTE_ELECTRONIC_ROLLCALL,Unknown,,316.0,38.0,,False
eli/dl/event/MTG-PL-2026-04-30-VOT-ITM-990073,eli/dl/event/MTG-PL-2026-04-30-DEC-192001,,def/ep-decision-methods/VOTE_ELECTRONIC,def/ep-statuses/REJECTED,583.0,253.0,322.0,,False
eli/dl/event/MTG-PL-2025-12-15-VOT-ITM-000004,eli/dl/event/MTG-PL-2025-12-15-DEC-182688,2025-12-15T17:24:14+01:00,def/ep-decision-methods/VOTE_ELECTRONIC_ROLLCALL,def/ep-statuses/ADOPTED,447.0,323.0,112.0,,False
eli/dl/event/MTG-PL-2024-02-08-VOT-ITM-940028,eli/dl/event/MTG-PL-2024-02-08-DEC-164251,2024-02-08T12:14:06+01:00,def/ep-decision-methods/VOTE_ELECTRONIC_ROLLCALL,def/ep-statuses/ADOPTED,547.0,391.0,77.0,"Motion for a resolution B9-0091/2024
(FEMM Committee)",False
eli/dl/event/MTG-PL-2025-11-13-VOT-ITM-975468,eli/dl/event/MTG-PL-2025-11-13-DEC-181452,,def/ep-decision-methods/VOTE_ELECTRONIC_SECRET,def/ep-statuses/ADOPTED,633.0,441.0,170.0,"Proposal for a decision B10-0486/2025
(JURI Committee)",False
eli/dl/event/MTG-PL-2025-04-01-VOT-ITM-965446,eli/dl/event/MTG-PL-2025-04-01-DEC-174055,2025-04-01T13:27:15+02:00,def/ep-decision-methods/VOTE_ELECTRONIC_ROLLCALL,def/ep-statuses/ADOPTED,635.0,593.0,7.0,Provisional agreement,False
eli/dl/event/MTG-PL-2026-06-18-VOT-ITM-992878,eli/dl/event/MTG-PL-2026-06-18-DEC-194580,,def/ep-decision-methods/VOTE_HAND,def/ep-statuses/LAPSED,,,,Other motions for resolutions,False
eli/dl/event/MTG-PL-2025-05-21-VOT-ITM-000001,eli/dl/event/MTG-PL-2025-05-21-DEC-176944,2025-05-21T17:03:29+02:00,def/ep-decision-methods/VOTE_ELECTRONIC_ROLLCALL,def/ep-statuses/REJECTED,471.0,132.0,334.0,,False
eli/dl/event/MTG-PL-2025-11-27-VOT-ITM-976283,eli/dl/event/MTG-PL-2025-11-27-DEC-181559,2025-11-27T12:09:23+01:00,def/ep-decision-methods/VOTE_ELECTRONIC_ROLLCALL,def/ep-statuses/ADOPTED,613.0,392.0,88.0,,False
eli/dl/event/MTG-PL-2026-06-16-VOT-ITM-992831,eli/dl/event/MTG-PL-2026-06-16-DEC-193552,,def/ep-decision-methods/VOTE_ELECTRONIC,def/ep-statuses/REJECTED,664.0,218.0,340.0,,False
eli/dl/event/MTG-PL-2023-05-11-VOT-ITM-939131,,,Unknown,Unknown,,,,,False
eli/dl/event/MTG-PL-2024-04-10-VOT-ITM-943776,eli/dl/event/MTG-PL-2024-04-10-DEC-166854,2024-04-10T18:46:52+02:00,def/ep-decision-methods/VOTE_ELECTRONIC_ROLLCALL,def/ep-statuses/ADOPTED,624.0,593.0,3.0,Provisional agreement,False
eli/dl/event/MTG-PL-2023-03-14-VOT-ITM-938843,,,Unknown,Unknown,,,,,False
eli/dl/event/MTG-PL-2025-11-13-VOT-ITM-975405,eli/dl/event/MTG-PL-2025-11-13-DEC-180640,,def/ep-decision-methods/VOTE_HAND,def/ep-statuses/ADOPTED,,,,,False
eli/dl/event/MTG-PL-2026-03-26-VOT-ITM-987074,eli/dl/event/MTG-PL-2026-03-26-DEC-189257,2026-03-26T11:39:22+01:00,def/ep-decision-methods/VOTE_ELECTRONIC_ROLLCALL,def/ep-statuses/ADOPTED,633.0,575.0,48.0,,False
eli/dl/event/MTG-PL-2026-05-21-VOT-ITM-990986,eli/dl/event/MTG-PL-2026-05-21-DEC-193315,2026-05-21T13:25:49+02:00,def/ep-decision-methods/VOTE_ELECTRONIC_ROLLCALL,def/ep-statuses/ADOPTED,579.0,369.0,126.0,,False
eli/dl/event/MTG-PL-2024-09-19-VOT-ITM-959972,eli/dl/event/MTG-PL-2024-09-19-DEC-169535,2024-09-19T13:11:40+02:00,def/ep-decision-methods/VOTE_ELECTRONIC_ROLLCALL,def/ep-statuses/ADOPTED,615.0,356.0,204.0,"Joint motion for a resolution RC-B10-0022/2024
(PPE, ECR, Renew)",False
eli/dl/event/MTG-PL-2025-11-25-VOT-ITM-976410,eli/dl/event/MTG-PL-2025-11-25-DEC-181833,2025-11-25T12:59:53+01:00,def/ep-decision-methods/VOTE_ELECTRONIC_ROLLCALL,def/ep-statuses/ADOPTED,646.0,453.0,179.0,"Motion for a resolution B10-0493/2025
(ENVI)",False
eli/dl/event/MTG-PL-2023-10-16-VOT-ITM-000002,eli/dl/event/MTG-PL-2023-10-16-DEC-159228,2023-10-16T18:23:53+02:00,def/ep-decision-methods/VOTE_ELECTRONIC_ROLLCALL,Unknown,,33.0,322.0,,False
eli/dl/event/MTG-PL-2025-09-09-VOT-ITM-970742,eli/dl/event/MTG-PL-2025-09-09-DEC-178336,2025-09-09T13:51:18+02:00,def/ep-decision-methods/VOTE_ELECTRONIC_ROLLCALL,def/ep-statuses/ADOPTED,630.0,606.0,5.0,,False
eli/dl/event/MTG-PL-2026-04-28-VOT-ITM-989891,eli/dl/event/MTG-PL-2026-04-28-DEC-190272,,def/ep-decision-methods/VOTE_HAND,def/ep-statuses/LAPSED,,,,,False
eli/dl/event/MTG-PL-2024-12-18-VOT-ITM-965074,eli/dl/event/MTG-PL-2024-12-18-DEC-171161,2024-12-18T12:21:42+01:00,def/ep-decision-methods/VOTE_ELECTRONIC_ROLLCALL,def/ep-statuses/ADOPTED,651.0,543.0,77.0,,False
eli/dl/event/MTG-PL-2023-07-13-VOT-ITM-939424,,,Unknown,Unknown,,,,,False
eli/dl/event/MTG-PL-2024-04-11-VOT-ITM-944662,eli/dl/event/MTG-PL-2024-04-11-DEC-167152,2024-04-11T13:17:32+02:00,def/ep-decision-methods/VOTE_ELECTRONIC_ROLLCALL,def/ep-statuses/ADOPTED,603.0,531.0,69.0,Motion for a resolution,False
eli/dl/event/MTG-PL-2024-02-27-VOT-ITM-940161,eli/dl/event/MTG-PL-2024-02-27-DEC-164539,,def/ep-decision-methods/VOTE_HAND,def/ep-statuses/ADOPTED,,,,Draft legislative resolution,False
eli/dl/event/MTG-PL-2023-02-01-VOT-ITM-000007,eli/dl/event/MTG-PL-2023-02-01-DEC-152431,2023-02-01T15:20:55+01:00,def/ep-decision-methods/VOTE_ELECTRONIC_ROLLCALL,Unknown,,364.0,43.0,,False
eli/dl/event/MTG-PL-2026-07-07-VOT-ITM-992933,eli/dl/event/MTG-PL-2026-07-07-DEC-195007,2026-07-07T13:33:23+02:00,def/ep-decision-methods/VOTE_ELECTRONIC_ROLLCALL,def/ep-statuses/ADOPTED,661.0,646.0,12.0,,False
eli/dl/event/MTG-PL-2025-11-13-VOT-ITM-975411,eli/dl/event/MTG-PL-2025-11-13-DEC-180622,2025-11-13T11:55:30+01:00,def/ep-decision-methods/VOTE_ELECTRONIC_ROLLCALL,def/ep-statuses/ADOPTED,631.0,572.0,18.0,,False
eli/dl/event/MTG-PL-2024-03-13-VOT-ITM-942380,eli/dl/event/MTG-PL-2024-03-13-DEC-166571,2024-03-13T17:10:04+01:00,def/ep-decision-methods/VOTE_ELECTRONIC_ROLLCALL,def/ep-statuses/REJECTED,578.0,124.0,438.0,Draft legislative act,False
eli/dl/event/MTG-PL-2024-04-11-VOT-ITM-942387,eli/dl/event/MTG-PL-2024-04-11-DEC-167224,,def/ep-decision-methods/VOTE_HAND,def/ep-statuses/REJECTED,,,,Motion for a resolution,False
eli/dl/event/MTG-PL-2026-02-10-VOT-ITM-983659,eli/dl/event/MTG-PL-2026-02-10-DEC-184183,,def/ep-decision-methods/VOTE_ELECTRONIC_ROLLCALL,def/ep-statuses/LAPSED,,,,Draft legislative act ,False
eli/dl/event/MTG-PL-2023-12-12-VOT-ITM-939821,,,Unknown,Unknown,,,,,False
eli/dl/event/MTG-PL-2023-07-11-VOT-ITM-939344,,,Unknown,Unknown,,,,,False
eli/dl/event/MTG-PL-2024-03-11-VOT-ITM-000006,eli/dl/event/MTG-PL-2024-03-11-DEC-166330,2024-03-11T17:28:54+01:00,def/ep-decision-methods/VOTE_ELECTRONIC_ROLLCALL,def/ep-statuses/ADOPTED,316.0,208.0,88.0,,False
eli/dl/event/MTG-PL-2023-09-13-VOT-ITM-939485,,,Unknown,Unknown,,,,,False
eli/dl/event/MTG-PL-2026-06-17-VOT-ITM-992820,eli/dl/event/MTG-PL-2026-06-17-DEC-193543,2026-06-17T14:03:37+02:00,def/ep-decision-methods/VOTE_ELECTRONIC_ROLLCALL,def/ep-statuses/ADOPTED,661.0,659.0,1.0,,False
eli/dl/event/MTG-PL-2026-01-22-VOT-ITM-982262,eli/dl/event/MTG-PL-2026-01-22-DEC-184011,,def/ep-decision-methods/VOTE_HAND,def/ep-statuses/LAPSED,,,,Other motions for resolutions,False
eli/dl/event/MTG-PL-2024-03-14-VOT-ITM-942310,eli/dl/event/MTG-PL-2024-03-14-DEC-166769,2024-03-14T12:14:21+01:00,def/ep-decision-methods/VOTE_ELECTRONIC_ROLLCALL,def/ep-statuses/REJECTED,534.0,264.0,241.0,"Joint motion for a resolution RC-B9-0187/2024 (PPE, S&D, Renew, Verts/ALE)",False
eli/dl/event/MTG-PL-2024-04-10-VOT-ITM-944654,eli/dl/event/MTG-PL-2024-04-10-DEC-166922,2024-04-10T19:17:11+02:00,def/ep-decision-methods/VOTE_ELECTRONIC_ROLLCALL,def/ep-statuses/ADOPTED,600.0,438.0,99.0,,False
eli/dl/event/MTG-PL-2023-03-13-VOT-ITM-000003,eli/dl/event/MTG-PL-2023-03-13-DEC-153635,2023-03-13T17:25:26+01:00,def/ep-decision-methods/VOTE_ELECTRONIC_ROLLCALL,Unknown,,73.0,295.0,,False
eli/dl/event/MTG-PL-2025-12-16-VOT-ITM-978518,eli/dl/event/MTG-PL-2025-12-16-DEC-182705,2025-12-16T13:15:02+01:00,def/ep-decision-methods/VOTE_ELECTRONIC_ROLLCALL,def/ep-statuses/ADOPTED,632.0,455.0,169.0,"Motion for a resolution B10-0559/2025
(ENVI Committee)",False
eli/dl/event/MTG-PL-2023-07-13-VOT-ITM-939406,,,Unknown,Unknown,,,,,False
eli/dl/event/MTG-PL-2023-06-14-VOT-ITM-939245,,,Unknown,Unknown,,,,,False
eli/dl/event/MTG-PL-2026-01-20-VOT-ITM-981678,eli/dl/event/MTG-PL-2026-01-20-DEC-183136,,def/ep-decision-methods/VOTE_HAND,def/ep-statuses/REJECTED,,,,,False
eli/dl/event/MTG-PL-2023-03-30-VOT-ITM-938906,,,Unknown,Unknown,,,,,False
eli/dl/event/MTG-PL-2023-05-11-VOT-ITM-939144,,,Unknown,Unknown,,,,,False
eli/dl/event/MTG-PL-2023-05-31-VOT-ITM-000002,eli/dl/event/MTG-PL-2023-05-31-DEC-155793,2023-05-31T17:03:56+02:00,def/ep-decision-methods/VOTE_ELECTRONIC_ROLLCALL,Unknown,,344.0,97.0,,False
eli/dl/event/MTG-PL-2026-04-29-VOT-ITM-989968,eli/dl/event/MTG-PL-2026-04-29-DEC-191318,,def/ep-decision-methods/VOTE_HAND,def/ep-statuses/ADOPTED,,,,Motion for a resolution,False
eli/dl/event/MTG-PL-2024-03-13-VOT-ITM-941866,eli/dl/event/MTG-PL-2024-03-13-DEC-166160,,def/ep-decision-methods/VOTE_ELECTRONIC,def/ep-statuses/ADOPTED,623.0,532.0,77.0,,False
eli/dl/event/MTG-PL-2023-10-05-VOT-ITM-939550,,,Unknown,Unknown,,,,,False
eli/dl/event/MTG-PL-2025-10-23-VOT-ITM-974928,eli/dl/event/MTG-PL-2025-10-23-DEC-180271,2025-10-23T13:23:34+02:00,def/ep-decision-methods/VOTE_ELECTRONIC_ROLLCALL,def/ep-statuses/ADOPTED,572.0,357.0,200.0,Motion for a resolution B10-0445/2025 (ENVI Committee),False
eli/dl/event/MTG-PL-2026-07-07-VOT-ITM-992973,eli/dl/event/MTG-PL-2026-07-07-DEC-195335,,def/ep-decision-methods/VOTE_HAND,def/ep-statuses/ADOPTED,,,,,False
eli/dl/event/MTG-PL-2025-09-11-VOT-ITM-971346,eli/dl/event/MTG-PL-2025-09-11-DEC-178987,2025-09-11T13:13:09+02:00,def/ep-decision-methods/VOTE_ELECTRONIC_ROLLCALL,def/ep-statuses/REJECTED,600.0,182.0,406.0,"Joint motion for a resolution RC-B10-0371/2025
(PPE, S&D, ECR, Renew, The Left)",False
eli/dl/event/MTG-PL-2026-05-19-VOT-ITM-990692,eli/dl/event/MTG-PL-2026-05-19-DEC-192475,,def/ep-decision-methods/VOTE_HAND,def/ep-statuses/REJECTED,,,,,False
eli/dl/event/MTG-PL-2025-11-26-VOT-ITM-976399,eli/dl/event/MTG-PL-2025-11-26-DEC-181710,,def/ep-decision-methods/VOTE_HAND,def/ep-statuses/REJECTED,,,,"Motion for a resolution B10-0502/2025
(Verts/ALE)",False
eli/dl/event/MTG-PL-2024-04-10-VOT-ITM-943747,eli/dl/event/MTG-PL-2024-04-10-DEC-167460,,def/ep-decision-methods/VOTE_ELECTRONIC,def/ep-statuses/ADOPTED,616.0,316.0,264.0,Draft legislative act,False
eli/dl/event/MTG-PL-2023-05-09-VOT-ITM-939096,,,Unknown,Unknown,,,,,False
eli/dl/event/MTG-PL-2025-07-09-VOT-ITM-965767,eli/dl/event/MTG-PL-2025-07-09-DEC-177737,2025-07-09T13:21:14+02:00,def/ep-decision-methods/VOTE_ELECTRONIC_ROLLCALL,def/ep-statuses/ADOPTED,689.0,681.0,4.0,Provisional agreement,False
eli/dl/event/MTG-PL-2024-04-23-VOT-ITM-945970,eli/dl/event/MTG-PL-2024-04-23-DEC-168274,2024-04-23T13:49:21+02:00,def/ep-decision-methods/VOTE_ELECTRONIC_ROLLCALL,def/ep-statuses/ADOPTED,606.0,571.0,18.0,Provisional agreement,False
eli/dl/event/MTG-PL-2026-04-30-VOT-ITM-990245,eli/dl/event/MTG-PL-2026-04-30-DEC-192250,,def/ep-decision-methods/VOTE_HAND,def/ep-statuses/LAPSED,,,,Other motions for resolutions,False
eli/dl/event/MTG-PL-2026-07-08-VOT-ITM-992931,eli/dl/event/MTG-PL-2026-07-08-DEC-194935,2026-07-08T13:54:00+02:00,def/ep-decision-methods/VOTE_ELECTRONIC_ROLLCALL,def/ep-statuses/ADOPTED,663.0,468.0,116.0,,False
eli/dl/event/MTG-PL-2024-04-24-VOT-ITM-946129,eli/dl/event/MTG-PL-2024-04-24-DEC-168703,2024-04-24T13:55:57+02:00,def/ep-decision-methods/VOTE_ELECTRONIC_ROLLCALL,def/ep-statuses/REJECTED,623.0,90.0,518.0,Request to vote on the amendments instead of the provisional agreement,False
eli/dl/event/MTG-PL-2026-06-16-VOT-ITM-992774,eli/dl/event/MTG-PL-2026-06-16-DEC-193479,,def/ep-decision-methods/VOTE_HAND,def/ep-statuses/LAPSED,,,,Draft legislative act,False
eli/dl/event/MTG-PL-2024-04-24-VOT-ITM-946228,eli/dl/event/MTG-PL-2024-04-24-DEC-168589,2024-04-24T13:54:42+02:00,def/ep-decision-methods/VOTE_ELECTRONIC_ROLLCALL,def/ep-statuses/ADOPTED,630.0,560.0,43.0,,False
eli/dl/event/MTG-PL-2023-04-19-VOT-ITM-938968,,,Unknown,Unknown,,,,,False
eli/dl/event/MTG-PL-2023-06-13-VOT-ITM-939234,,,Unknown,Unknown,,,,,False
eli/dl/event/MTG-PL-2024-04-23-VOT-ITM-946144,eli/dl/event/MTG-PL-2024-04-23-DEC-168487,,def/ep-decision-methods/VOTE_ELECTRONIC_SECRET,def/ep-statuses/ADOPTED,589.0,435.0,49.0,,False
eli/dl/event/MTG-PL-2023-05-10-VOT-ITM-939018,,,Unknown,Unknown,,,,,False
eli/dl/event/MTG-PL-2023-07-11-VOT-ITM-939389,,,Unknown,Unknown,,,,,False
eli/dl/event/MTG-PL-2024-04-10-VOT-ITM-944624,eli/dl/event/MTG-PL-2024-04-10-DEC-166848,2024-04-10T18:42:14+02:00,def/ep-decision-methods/VOTE_ELECTRONIC_ROLLCALL,def/ep-statuses/ADOPTED,622.0,603.0,9.0,Provisional agreement,False
eli/dl/event/MTG-PL-2023-11-21-VOT-ITM-939710,,,Unknown,Unknown,,,,,False
eli/dl/event/MTG-PL-2024-04-24-VOT-ITM-946130,eli/dl/event/MTG-PL-2024-04-24-DEC-168559,2024-04-24T18:43:11+02:00,def/ep-decision-methods/VOTE_ELECTRONIC_ROLLCALL,def/ep-statuses/ADOPTED,580.0,530.0,36.0,,False
eli/dl/event/MTG-PL-2026-01-22-VOT-ITM-982151,eli/dl/event/MTG-PL-2026-01-22-DEC-184062,,def/ep-decision-methods/VOTE_HAND,def/ep-statuses/ADOPTED,,,,"Joint motion for a resolution RC-B10-0070/2026
(PPE, S&D, Renew, Verts/ALE, The Left)",False
eli/dl/event/MTG-PL-2023-03-13-VOT-ITM-000001,eli/dl/event/MTG-PL-2023-03-13-DEC-153633,2023-03-13T17:19:23+01:00,def/ep-decision-methods/VOTE_ELECTRONIC_ROLLCALL,Unknown,,373.0,6.0,,False
eli/dl/event/MTG-PL-2026-05-18-VOT-ITM-000001,eli/dl/event/MTG-PL-2026-05-18-DEC-192713,2026-05-18T18:12:14+02:00,def/ep-decision-methods/VOTE_ELECTRONIC_ROLLCALL,def/ep-statuses/REJECTED,446.0,134.0,309.0,,False
eli/dl/event/MTG-PL-2023-02-16-VOT-ITM-938662,,,Unknown,Unknown,,,,,False
eli/dl/event/MTG-PL-2025-02-13-VOT-ITM-965246,eli/dl/event/MTG-PL-2025-02-13-DEC-171863,,def/ep-decision-methods/VOTE_HAND,def/ep-statuses/ADOPTED,,,,"Joint motion for a resolution RC-B10-0101/2025
(PPE, S&D, ECR, Renew, Verts/ALE, The Left)",False
eli/dl/event/MTG-PL-2026-01-22-VOT-ITM-982263,eli/dl/event/MTG-PL-2026-01-22-DEC-184003,,def/ep-decision-methods/VOTE_HAND,def/ep-statuses/LAPSED,,,,Other motions for resolutions,False
eli/dl/event/MTG-PL-2023-03-14-VOT-ITM-938835,,,Unknown,Unknown,,,,,False
eli/dl/event/MTG-PL-2025-12-17-VOT-ITM-978300,eli/dl/event/MTG-PL-2025-12-17-DEC-182511,2025-12-17T12:29:28+01:00,def/ep-decision-methods/VOTE_ELECTRONIC_ROLLCALL,def/ep-statuses/ADOPTED,658.0,493.0,127.0,,False
eli/dl/event/MTG-PL-2026-07-08-VOT-ITM-992927,eli/dl/event/MTG-PL-2026-07-08-DEC-195543,2026-07-08T13:58:34+02:00,def/ep-decision-methods/VOTE_ELECTRONIC_ROLLCALL,def/ep-statuses/ADOPTED,663.0,460.0,189.0,"Motion for a resolution B10-0335/2026
(ENVI)",False
eli/dl/event/MTG-PL-2026-01-20-VOT-ITM-981691,eli/dl/event/MTG-PL-2026-01-20-DEC-183053,,def/ep-decision-methods/VOTE_ELECTRONIC,def/ep-statuses/REJECTED,664.0,129.0,406.0,"Motion for a resolution B10-0056/2026
(Verts/ALE)",False
eli/dl/event/MTG-PL-2024-01-17-VOT-ITM-939924,eli/dl/event/MTG-PL-2024-01-17-DEC-163060,2024-01-17T12:51:51+01:00,def/ep-decision-methods/VOTE_ELECTRONIC_ROLLCALL,def/ep-statuses/ADOPTED,627.0,484.0,45.0,,False
eli/dl/event/MTG-PL-2024-04-24-VOT-ITM-946073,eli/dl/event/MTG-PL-2024-04-24-DEC-168444,2024-04-24T13:53:31+02:00,def/ep-decision-methods/VOTE_ELECTRONIC_ROLLCALL,def/ep-statuses/ADOPTED,626.0,445.0,142.0,Provisional agreement,False
eli/dl/event/MTG-PL-2025-11-27-VOT-ITM-976483,eli/dl/event/MTG-PL-2025-11-27-DEC-181958,,def/ep-decision-methods/VOTE_HAND,def/ep-statuses/ADOPTED,,,,"Motion for a resolution B10-0505/2025
(AFET, DEVE)",False
eli/dl/event/MTG-PL-2024-10-21-VOT-ITM-000001,eli/dl/event/MTG-PL-2024-10-21-DEC-170005,2024-10-21T18:27:14+02:00,def/ep-decision-methods/VOTE_ELECTRONIC_ROLLCALL,def/ep-statuses/REJECTED,484.0,164.0,319.0,,False
eli/dl/event/MTG-PL-2023-01-19-VOT-ITM-938563,,,Unknown,Unknown,,,,,False
eli/dl/event/MTG-PL-2024-02-27-VOT-ITM-940067,eli/dl/event/MTG-PL-2024-02-27-DEC-164481,,def/ep-decision-methods/VOTE_HAND,def/ep-statuses/REJECTED,,,,,False
eli/dl/event/MTG-PL-2026-01-22-VOT-ITM-981682,eli/dl/event/MTG-PL-2026-01-22-DEC-183021,2026-01-22T12:06:20+01:00,def/ep-decision-methods/VOTE_ELECTRONIC_ROLLCALL,def/ep-statuses/ADOPTED,627.0,483.0,68.0,,False
eli/dl/event/MTG-PL-2025-05-08-VOT-ITM-965499,eli/dl/event/MTG-PL-2025-05-08-DEC-176145,2025-05-08T13:41:09+02:00,def/ep-decision-methods/VOTE_ELECTRONIC_ROLLCALL,def/ep-statuses/REJECTED,565.0,66.0,477.0,,False
eli/dl/event/MTG-PL-2026-03-12-VOT-ITM-986093,eli/dl/event/MTG-PL-2026-03-12-DEC-186091,2026-03-12T12:07:41+01:00,def/ep-decision-methods/VOTE_ELECTRONIC_ROLLCALL,def/ep-statuses/ADOPTED,563.0,537.0,2.0,Provisional agreement,False
eli/dl/event/MTG-PL-2023-07-10-VOT-ITM-000001,eli/dl/event/MTG-PL-2023-07-10-DEC-156567,2023-07-10T18:11:57+02:00,def/ep-decision-methods/VOTE_ELECTRONIC_ROLLCALL,Unknown,,32.0,306.0,,False
eli/dl/event/MTG-PL-2023-05-10-VOT-ITM-939074,,,Unknown,Unknown,,,,,False
eli/dl/event/MTG-PL-2026-07-07-VOT-ITM-992946,eli/dl/event/MTG-PL-2026-07-07-DEC-195406,,def/ep-decision-methods/VOTE_ELECTRONIC_SECRET,def/ep-statuses/ADOPTED,656.0,414.0,224.0,"Motion for a resolution B10-0338/2026
(Members)",False
eli/dl/event/MTG-PL-2023-07-12-VOT-ITM-939374,,,Unknown,Unknown,,,,,False
eli/dl/event/MTG-PL-2024-04-10-VOT-ITM-944696,eli/dl/event/MTG-PL-2024-04-10-DEC-167351,2024-04-10T19:13:46+02:00,def/ep-decision-methods/VOTE_ELECTRONIC_ROLLCALL,def/ep-statuses/ADOPTED,610.0,521.0,11.0,,False
eli/dl/event/MTG-PL-2025-11-27-VOT-ITM-976485,eli/dl/event/MTG-PL-2025-11-27-DEC-182043,,def/ep-decision-methods/VOTE_HAND,def/ep-statuses/ADOPTED,,,,"Motion for a resolution B10-0497/2025
(PETI)",False
eli/dl/event/MTG-PL-2026-03-26-VOT-ITM-987011,eli/dl/event/MTG-PL-2026-03-26-DEC-189210,2026-03-26T11:40:25+01:00,def/ep-decision-methods/VOTE_ELECTRONIC_ROLLCALL,def/ep-statuses/ADOPTED,597.0,371.0,146.0,,False
eli/dl/event/MTG-PL-2026-07-07-VOT-ITM-992920,eli/dl/event/MTG-PL-2026-07-07-DEC-194881,2026-07-07T13:33:54+02:00,def/ep-decision-methods/VOTE_ELECTRONIC_ROLLCALL,def/ep-statuses/ADOPTED,659.0,511.0,87.0,Provisional agreement,False
eli/dl/event/MTG-PL-2023-05-31-VOT-ITM-000001,eli/dl/event/MTG-PL-2023-05-31-DEC-155792,2023-05-31T16:57:13+02:00,def/ep-decision-methods/VOTE_ELECTRONIC_ROLLCALL,Unknown,,463.0,3.0,,False
eli/dl/event/MTG-PL-2023-05-10-VOT-ITM-939122,,,Unknown,Unknown,,,,,False
eli/dl/event/MTG-PL-2023-11-09-VOT-ITM-939655,,,Unknown,Unknown,,,,,False
eli/dl/event/MTG-PL-2024-04-10-VOT-ITM-944622,eli/dl/event/MTG-PL-2024-04-10-DEC-166856,2024-04-10T18:38:15+02:00,def/ep-decision-methods/VOTE_ELECTRONIC_ROLLCALL,def/ep-statuses/ADOPTED,621.0,562.0,44.0,Provisional agreement,False
eli/dl/event/MTG-PL-2023-06-15-VOT-ITM-939304,,,Unknown,Unknown,,,,,False
eli/dl/event/MTG-PL-2023-09-14-VOT-ITM-939483,,,Unknown,Unknown,,,,,False
eli/dl/event/MTG-PL-2023-03-15-VOT-ITM-938829,,,Unknown,Unknown,,,,,False
eli/dl/event/MTG-PL-2025-12-15-VOT-ITM-000001,eli/dl/event/MTG-PL-2025-12-15-DEC-182685,2025-12-15T17:14:29+01:00,def/ep-decision-methods/VOTE_ELECTRONIC_ROLLCALL,def/ep-statuses/ADOPTED,436.0,240.0,194.0,,False
eli/dl/event/MTG-PL-2025-11-26-VOT-ITM-976279,eli/dl/event/MTG-PL-2025-11-26-DEC-181563,2025-11-26T12:31:03+01:00,def/ep-decision-methods/VOTE_ELECTRONIC_ROLLCALL,def/ep-statuses/ADOPTED,666.0,521.0,110.0,,False
eli/dl/event/MTG-PL-2023-05-10-VOT-ITM-939121,,,Unknown,Unknown,,,,,False
eli/dl/event/MTG-PL-2025-01-23-VOT-ITM-965186,eli/dl/event/MTG-PL-2025-01-23-DEC-171624,2025-01-23T12:15:05+01:00,def/ep-decision-methods/VOTE_ELECTRONIC_ROLLCALL,def/ep-statuses/REJECTED,608.0,147.0,405.0,"Joint motion for a resolution RC-B10-0074/2025
(PPE, S&D, ECR, Renew, Verts/ALE)",False
eli/dl/event/MTG-PL-2024-04-11-VOT-ITM-944514,eli/dl/event/MTG-PL-2024-04-11-DEC-167413,,def/ep-decision-methods/VOTE_HAND,def/ep-statuses/LAPSED,,,,Draft legislative act,False
eli/dl/event/MTG-PL-2024-04-24-VOT-ITM-946101,eli/dl/event/MTG-PL-2024-04-24-DEC-168322,2024-04-24T18:45:57+02:00,def/ep-decision-methods/VOTE_ELECTRONIC_ROLLCALL,def/ep-statuses/ADOPTED,578.0,525.0,32.0,,False
eli/dl/event/MTG-PL-2023-05-10-VOT-ITM-939073,,,Unknown,Unknown,,,,,False
eli/dl/event/MTG-PL-2024-04-23-VOT-ITM-945926,eli/dl/event/MTG-PL-2024-04-23-DEC-168481,2024-04-23T13:52:42+02:00,def/ep-decision-methods/VOTE_ELECTRONIC_ROLLCALL,def/ep-statuses/ADOPTED,608.0,455.0,99.0,Provisional agreement,False
eli/dl/event/MTG-PL-2026-06-16-VOT-ITM-992794,eli/dl/event/MTG-PL-2026-06-16-DEC-193516,2026-06-16T13:49:09+02:00,def/ep-decision-methods/VOTE_ELECTRONIC_ROLLCALL,def/ep-statuses/ADOPTED,662.0,415.0,105.0,,False
eli/dl/event/MTG-PL-2026-03-26-VOT-ITM-987072,eli/dl/event/MTG-PL-2026-03-26-DEC-189250,2026-03-26T11:38:11+01:00,def/ep-decision-methods/VOTE_ELECTRONIC_ROLLCALL,def/ep-statuses/ADOPTED,617.0,605.0,3.0,,False
eli/dl/event/MTG-PL-2023-05-10-VOT-ITM-939066,,,Unknown,Unknown,,,,,False
eli/dl/event/MTG-PL-2023-07-11-VOT-ITM-939392,,,Unknown,Unknown,,,,,False
eli/dl/event/MTG-PL-2023-10-17-VOT-ITM-939595,,,Unknown,Unknown,,,,,False
eli/dl/event/MTG-PL-2026-05-21-VOT-ITM-991069,eli/dl/event/MTG-PL-2026-05-21-DEC-193313,2026-05-21T13:16:53+02:00,def/ep-decision-methods/VOTE_ELECTRONIC_ROLLCALL,def/ep-statuses/ADOPTED,576.0,294.0,192.0,,False
eli/dl/event/MTG-PL-2023-04-18-VOT-ITM-938947,,,Unknown,Unknown,,,,,False
eli/dl/event/MTG-PL-2026-04-28-VOT-ITM-989957,eli/dl/event/MTG-PL-2026-04-28-DEC-190052,2026-04-28T14:32:06+02:00,def/ep-decision-methods/VOTE_ELECTRONIC_ROLLCALL,def/ep-statuses/ADOPTED,610.0,439.0,42.0,,False
eli/dl/event/MTG-PL-2024-02-27-VOT-ITM-940081,eli/dl/event/MTG-PL-2024-02-27-DEC-164464,2024-02-27T12:30:08+01:00,def/ep-decision-methods/VOTE_ELECTRONIC_ROLLCALL,def/ep-statuses/ADOPTED,625.0,470.0,50.0,Provisional agreement,False
eli/dl/event/MTG-PL-2023-07-11-VOT-ITM-939370,,,Unknown,Unknown,,,,,False
eli/dl/event/MTG-PL-2023-03-14-VOT-ITM-938831,,,Unknown,Unknown,,,,,False
eli/dl/event/MTG-PL-2025-12-17-VOT-ITM-978432,eli/dl/event/MTG-PL-2025-12-17-DEC-182512,2025-12-17T12:27:28+01:00,def/ep-decision-methods/VOTE_ELECTRONIC_ROLLCALL,def/ep-statuses/ADOPTED,645.0,627.0,13.0,,False
eli/dl/event/MTG-PL-2026-03-26-VOT-ITM-987115,eli/dl/event/MTG-PL-2026-03-26-DEC-189313,2026-03-26T11:26:31+01:00,def/ep-decision-methods/VOTE_ELECTRONIC_ROLLCALL,def/ep-statuses/ADOPTED,641.0,437.0,144.0,Draft legislative act ,False
eli/dl/event/MTG-PL-2024-02-28-VOT-ITM-940083,eli/dl/event/MTG-PL-2024-02-28-DEC-164700,,def/ep-decision-methods/VOTE_HAND,def/ep-statuses/REJECTED,,,,,False
eli/dl/event/MTG-PL-2026-04-30-VOT-ITM-990123,eli/dl/event/MTG-PL-2026-04-30-DEC-192263,,def/ep-decision-methods/VOTE_HAND,def/ep-statuses/REJECTED,,,,"Joint motion for a resolution RC-B10-0209/2026
(PPE, S&D, ECR, Renew, Verts/ALE)",False
eli/dl/event/MTG-PL-2025-04-02-VOT-ITM-965410,eli/dl/event/MTG-PL-2025-04-02-DEC-173699,,def/ep-decision-methods/VOTE_HAND,def/ep-statuses/REJECTED,,,,,False
eli/dl/event/MTG-PL-2023-10-04-VOT-ITM-939513,,,Unknown,Unknown,,,,,False
eli/dl/event/MTG-PL-2025-12-16-VOT-ITM-978312,eli/dl/event/MTG-PL-2025-12-16-DEC-182591,2025-12-16T12:55:17+01:00,def/ep-decision-methods/VOTE_ELECTRONIC_ROLLCALL,def/ep-statuses/REJECTED,657.0,283.0,348.0,,False
eli/dl/event/MTG-PL-2024-03-14-VOT-ITM-941987,eli/dl/event/MTG-PL-2024-03-14-DEC-166299,2024-03-14T12:25:06+01:00,def/ep-decision-methods/VOTE_ELECTRONIC_ROLLCALL,def/ep-statuses/ADOPTED,547.0,453.0,34.0,,False
eli/dl/event/MTG-PL-2025-06-17-VOT-ITM-965685,eli/dl/event/MTG-PL-2025-06-17-DEC-177335,2025-06-17T13:43:57+02:00,def/ep-decision-methods/VOTE_ELECTRONIC_ROLLCALL,def/ep-statuses/ADOPTED,659.0,488.0,137.0,,False
eli/dl/event/MTG-PL-2023-02-02-VOT-ITM-938584,,,Unknown,Unknown,,,,,False
eli/dl/event/MTG-PL-2023-12-12-VOT-ITM-939836,,,Unknown,Unknown,,,,,False
eli/dl/event/MTG-PL-2024-02-07-VOT-ITM-940003,eli/dl/event/MTG-PL-2024-02-07-DEC-164080,,def/ep-decision-methods/VOTE_HAND,def/ep-statuses/LAPSED,,,,Motion for a resolution B9-0099/2024 (PPE),False
eli/dl/event/MTG-PL-2024-04-11-VOT-ITM-944715,eli/dl/event/MTG-PL-2024-04-11-DEC-168024,2024-04-11T13:34:00+02:00,def/ep-decision-methods/VOTE_ELECTRONIC_ROLLCALL,def/ep-statuses/REJECTED,544.0,85.0,407.0,"Motion for a resolution B9-0205/2024 (S&D, Renew, Verts/ALE, The Left, Members)",False
eli/dl/event/MTG-PL-2023-03-15-VOT-ITM-938836,,,Unknown,Unknown,,,,,False
eli/dl/event/MTG-PL-2025-07-08-VOT-ITM-965766,eli/dl/event/MTG-PL-2025-07-08-DEC-177865,2025-07-08T13:51:01+02:00,def/ep-decision-methods/VOTE_ELECTRONIC_ROLLCALL,def/ep-statuses/ADOPTED,667.0,481.0,115.0,,False
eli/dl/event/MTG-PL-2026-03-09-VOT-ITM-000001,eli/dl/event/MTG-PL-2026-03-09-DEC-188549,2026-03-09T17:15:26+01:00,def/ep-decision-methods/VOTE_ELECTRONIC_ROLLCALL,def/ep-statuses/REJECTED,400.0,87.0,291.0,,False
eli/dl/event/MTG-PL-2026-07-08-VOT-ITM-992943,eli/dl/event/MTG-PL-2026-07-08-DEC-195625,2026-07-08T13:55:42+02:00,def/ep-decision-methods/VOTE_ELECTRONIC_ROLLCALL,def/ep-statuses/ADOPTED,639.0,453.0,141.0,"Motion for a resolution B10-0333/2026
(FEMM)",False
eli/dl/event/MTG-PL-2025-02-11-VOT-ITM-965209,eli/dl/event/MTG-PL-2025-02-11-DEC-171704,2025-02-11T12:43:25+01:00,def/ep-decision-methods/VOTE_ELECTRONIC_ROLLCALL,def/ep-statuses/ADOPTED,599.0,507.0,76.0,,False
eli/dl/event/MTG-PL-2024-03-11-VOT-ITM-000008,eli/dl/event/MTG-PL-2024-03-11-DEC-166332,2024-03-11T17:31:07+01:00,def/ep-decision-methods/VOTE_ELECTRONIC_ROLLCALL,def/ep-statuses/ADOPTED,322.0,174.0,142.0,,False
eli/dl/event/MTG-PL-2024-10-22-VOT-ITM-962692,eli/dl/event/MTG-PL-2024-10-22-DEC-169889,2024-10-22T13:06:31+02:00,def/ep-decision-methods/VOTE_ELECTRONIC_ROLLCALL,def/ep-statuses/ADOPTED,635.0,518.0,56.0,,False
eli/dl/event/MTG-PL-2024-10-08-VOT-ITM-961346,eli/dl/event/MTG-PL-2024-10-08-DEC-169701,2024-10-08T13:33:50+02:00,def/ep-decision-methods/VOTE_ELECTRONIC_ROLLCALL,def/ep-statuses/ADOPTED,642.0,632.0,7.0,,False
eli/dl/event/MTG-PL-2023-01-18-VOT-ITM-938511,,,Unknown,Unknown,,,,,False
eli/dl/event/MTG-PL-2023-05-10-VOT-ITM-939036,,,Unknown,Unknown,,,,,False
eli/dl/event/MTG-PL-2024-01-17-VOT-ITM-939942,eli/dl/event/MTG-PL-2024-01-17-DEC-163095,2024-01-17T12:35:45+01:00,def/ep-decision-methods/VOTE_ELECTRONIC_ROLLCALL,def/ep-statuses/ADOPTED,632.0,585.0,21.0,,False
eli/dl/event/MTG-PL-2024-03-13-VOT-ITM-941769,eli/dl/event/MTG-PL-2024-03-13-DEC-166079,2024-03-13T12:40:11+01:00,def/ep-decision-methods/VOTE_ELECTRONIC_ROLLCALL,def/ep-statuses/ADOPTED,602.0,568.0,22.0,Provisional agreement,False
eli/dl/event/MTG-PL-2024-04-24-VOT-ITM-946098,eli/dl/event/MTG-PL-2024-04-24-DEC-168669,,def/ep-decision-methods/VOTE_HAND,def/ep-statuses/REJECTED,,,,Draft legislative act,False
eli/dl/event/MTG-PL-2024-01-17-VOT-ITM-939929,eli/dl/event/MTG-PL-2024-01-17-DEC-162986,2024-01-17T12:25:14+01:00,def/ep-decision-methods/VOTE_ELECTRONIC_ROLLCALL,def/ep-statuses/ADOPTED,626.0,532.0,61.0,,False
eli/dl/event/MTG-PL-2024-04-11-VOT-ITM-943256,eli/dl/event/MTG-PL-2024-04-11-DEC-167278,2024-04-11T13:08:42+02:00,def/ep-decision-methods/VOTE_ELECTRONIC_ROLLCALL,def/ep-statuses/ADOPTED,602.0,534.0,46.0,Motion for a resolution,False
eli/dl/event/MTG-PL-2023-10-05-VOT-ITM-939547,,,Unknown,Unknown,,,,,False
eli/dl/event/MTG-PL-2023-12-12-VOT-ITM-939832,,,Unknown,Unknown,,,,,False
eli/dl/event/MTG-PL-2026-03-11-VOT-ITM-986074,eli/dl/event/MTG-PL-2026-03-11-DEC-186092,2026-03-11T13:10:12+01:00,def/ep-decision-methods/VOTE_ELECTRONIC_ROLLCALL,def/ep-statuses/ADOPTED,608.0,448.0,122.0,,False
eli/dl/event/MTG-PL-2023-05-08-VOT-ITM-000001,eli/dl/event/MTG-PL-2023-05-08-DEC-155096,2023-05-08T18:15:07+02:00,def/ep-decision-methods/VOTE_ELECTRONIC_ROLLCALL,Unknown,,153.0,195.0,,False
eli/dl/event/MTG-PL-2023-10-03-VOT-ITM-939511,,,Unknown,Unknown,,,,,False
eli/dl/event/MTG-PL-2024-01-15-VOT-ITM-150124,eli/dl/event/MTG-PL-2024-01-15-DEC-163207,,def/ep-decision-methods/VOTE_HAND,def/ep-statuses/REJECTED,,,,,False
eli/dl/event/MTG-PL-2024-12-19-VOT-ITM-965114,eli/dl/event/MTG-PL-2024-12-19-DEC-171364,2024-12-19T12:11:13+01:00,def/ep-decision-methods/VOTE_ELECTRONIC_ROLLCALL,def/ep-statuses/ADOPTED,575.0,300.0,254.0,,False
eli/dl/event/MTG-PL-2024-02-07-VOT-ITM-939992,eli/dl/event/MTG-PL-2024-02-07-DEC-163746,2024-02-07T12:55:49+01:00,def/ep-decision-methods/VOTE_ELECTRONIC_ROLLCALL,def/ep-statuses/ADOPTED,641.0,599.0,7.0,Provisional agreement,False
eli/dl/event/MTG-PL-2023-07-11-VOT-ITM-939367,,,Unknown,Unknown,,,,,False
eli/dl/event/MTG-PL-2023-02-16-VOT-ITM-938745,,,Unknown,Unknown,,,,,False
eli/dl/event/MTG-PL-2024-02-08-VOT-ITM-940032,eli/dl/event/MTG-PL-2024-02-08-DEC-164273,,def/ep-decision-methods/VOTE_HAND,def/ep-statuses/LAPSED,,,,Other motions for resolutions,False
eli/dl/event/MTG-PL-2023-02-13-VOT-ITM-000001,eli/dl/event/MTG-PL-2023-02-13-DEC-152665,2023-02-13T17:14:05+01:00,def/ep-decision-methods/VOTE_ELECTRONIC_ROLLCALL,Unknown,,191.0,156.0,,False
eli/dl/event/MTG-PL-2026-05-20-VOT-ITM-990695,eli/dl/event/MTG-PL-2026-05-20-DEC-192443,2026-05-20T13:12:56+02:00,def/ep-decision-methods/VOTE_ELECTRONIC_ROLLCALL,def/ep-statuses/ADOPTED,642.0,493.0,104.0,,False
eli/dl/event/MTG-PL-2024-07-17-VOT-ITM-954113,eli/dl/event/MTG-PL-2024-07-17-DEC-169318,,def/ep-decision-methods/VOTE_HAND,def/ep-statuses/ADOPTED,,,,"Proposal for a decision B10-0005/2024
(Conference of Presidents)",False
eli/dl/event/MTG-PL-2025-05-05-VOT-ITM-000004,eli/dl/event/MTG-PL-2025-05-05-DEC-175672,2025-05-05T18:49:00+02:00,def/ep-decision-methods/VOTE_ELECTRONIC_ROLLCALL,def/ep-statuses/ADOPTED,436.0,420.0,4.0,,False
eli/dl/event/MTG-PL-2025-01-21-VOT-ITM-965146,eli/dl/event/MTG-PL-2025-01-21-DEC-171425,2025-01-21T12:28:42+01:00,def/ep-decision-methods/VOTE_ELECTRONIC_ROLLCALL,def/ep-statuses/ADOPTED,638.0,505.0,90.0,,False
eli/dl/event/MTG-PL-2025-12-17-VOT-ITM-978301,eli/dl/event/MTG-PL-2025-12-17-DEC-182462,2025-12-17T12:27:51+01:00,def/ep-decision-methods/VOTE_ELECTRONIC_ROLLCALL,def/ep-statuses/ADOPTED,659.0,604.0,37.0,,False
eli/dl/event/MTG-PL-2025-12-16-VOT-ITM-978298,eli/dl/event/MTG-PL-2025-12-16-DEC-182463,2025-12-16T13:10:37+01:00,def/ep-decision-methods/VOTE_ELECTRONIC_ROLLCALL,def/ep-statuses/ADOPTED,662.0,619.0,6.0,,False
eli/dl/event/MTG-PL-2025-06-17-VOT-ITM-965671,eli/dl/event/MTG-PL-2025-06-17-DEC-177043,2025-06-17T13:53:49+02:00,def/ep-decision-methods/VOTE_ELECTRONIC_ROLLCALL,def/ep-statuses/ADOPTED,665.0,361.0,244.0,,False
eli/dl/event/MTG-PL-2025-07-09-VOT-ITM-965826,eli/dl/event/MTG-PL-2025-07-09-DEC-178111,2025-07-09T13:12:31+02:00,def/ep-decision-methods/VOTE_ELECTRONIC_ROLLCALL,def/ep-statuses/REJECTED,687.0,300.0,379.0,,False
eli/dl/event/MTG-PL-2025-10-22-VOT-ITM-975296,eli/dl/event/MTG-PL-2025-10-22-DEC-180216,,def/ep-decision-methods/VOTE_HAND,def/ep-statuses/REJECTED,,,,"Joint motion for a resolution RC-B10-0459/2025
(PPE, S&D, ECR, Renew, Verts/ALE, Members)",False
eli/dl/event/MTG-PL-2026-07-09-VOT-ITM-993015,eli/dl/event/MTG-PL-2026-07-09-DEC-195789,2026-07-09T13:26:27+02:00,def/ep-decision-methods/VOTE_ELECTRONIC_ROLLCALL,def/ep-statuses/REJECTED,605.0,175.0,408.0,Draft legislative act ,False
eli/dl/event/MTG-PL-2025-09-10-VOT-ITM-970644,eli/dl/event/MTG-PL-2025-09-10-DEC-178405,2025-09-10T14:20:15+02:00,def/ep-decision-methods/VOTE_ELECTRONIC_ROLLCALL,def/ep-statuses/ADOPTED,664.0,612.0,7.0,Provisional agreement,False
eli/dl/event/MTG-PL-2026-04-30-VOT-ITM-990074,eli/dl/event/MTG-PL-2026-04-30-DEC-191958,2026-04-30T13:22:17+02:00,def/ep-decision-methods/VOTE_ELECTRONIC_ROLLCALL,def/ep-statuses/ADOPTED,583.0,330.0,218.0,,False
eli/dl/event/MTG-PL-2024-01-18-VOT-ITM-939943,eli/dl/event/MTG-PL-2024-01-18-DEC-163469,2024-01-18T12:28:19+01:00,def/ep-decision-methods/VOTE_ELECTRONIC_ROLLCALL,def/ep-statuses/ADOPTED,554.0,276.0,265.0,,False
eli/dl/event/MTG-PL-2026-04-29-VOT-ITM-990082,eli/dl/event/MTG-PL-2026-04-29-DEC-191320,2026-04-29T15:03:55+02:00,def/ep-decision-methods/VOTE_ELECTRONIC_ROLLCALL,def/ep-statuses/ADOPTED,568.0,412.0,145.0,"Motion for a resolution B10-0186/2026
(ENVI)",False
eli/dl/event/MTG-PL-2025-05-07-VOT-ITM-965515,eli/dl/event/MTG-PL-2025-05-07-DEC-175691,,def/ep-decision-methods/VOTE_ELECTRONIC,def/ep-statuses/ADOPTED,649.0,384.0,233.0,Motion for a resolution,False
eli/dl/event/MTG-PL-2023-02-13-VOT-ITM-000002,eli/dl/event/MTG-PL-2023-02-13-DEC-152666,2023-02-13T17:16:09+01:00,def/ep-decision-methods/VOTE_ELECTRONIC_ROLLCALL,Unknown,,234.0,104.0,,False
eli/dl/event/MTG-PL-2024-02-06-VOT-ITM-939984,eli/dl/event/MTG-PL-2024-02-06-DEC-163750,2024-02-06T13:03:33+01:00,def/ep-decision-methods/VOTE_ELECTRONIC_ROLLCALL,def/ep-statuses/ADOPTED,626.0,568.0,44.0,Provisional agreement,False
eli/dl/event/MTG-PL-2024-01-18-VOT-ITM-939803,eli/dl/event/MTG-PL-2024-01-18-DEC-162199,,def/ep-decision-methods/VOTE_HAND,def/ep-statuses/REJECTED,,,,,False
eli/dl/event/MTG-PL-2024-04-11-VOT-ITM-944661,eli/dl/event/MTG-PL-2024-04-11-DEC-167128,,def/ep-decision-methods/VOTE_HAND,def/ep-statuses/ADOPTED,,,,Decision on discharge,False
eli/dl/event/MTG-PL-2024-04-25-VOT-ITM-946099,eli/dl/event/MTG-PL-2024-04-25-DEC-168321,2024-04-25T13:43:05+02:00,def/ep-decision-methods/VOTE_ELECTRONIC_ROLLCALL,def/ep-statuses/ADOPTED,534.0,465.0,53.0,,False
eli/dl/event/MTG-PL-2024-10-22-VOT-ITM-962680,eli/dl/event/MTG-PL-2024-10-22-DEC-169881,,def/ep-decision-methods/VOTE_HAND,def/ep-statuses/REJECTED,,,,,False
eli/dl/event/MTG-PL-2026-01-20-VOT-ITM-981710,eli/dl/event/MTG-PL-2026-01-20-DEC-183242,,def/ep-decision-methods/VOTE_HAND,def/ep-statuses/ADOPTED,,,,,False
eli/dl/event/MTG-PL-2024-04-23-VOT-ITM-945983,eli/dl/event/MTG-PL-2024-04-23-DEC-168295,2024-04-23T13:31:53+02:00,def/ep-decision-methods/VOTE_ELECTRONIC_ROLLCALL,def/ep-statuses/ADOPTED,612.0,604.0,2.0,Provisional agreement,False
eli/dl/event/MTG-PL-2023-06-15-VOT-ITM-939223,,,Unknown,Unknown,,,,,False
eli/dl/event/MTG-PL-2024-02-06-VOT-ITM-940026,eli/dl/event/MTG-PL-2024-02-06-DEC-164073,,def/ep-decision-methods/VOTE_HAND,def/ep-statuses/ADOPTED,,,,,False
eli/dl/event/MTG-PL-2023-11-23-VOT-ITM-939711,,,Unknown,Unknown,,,,,False
eli/dl/event/MTG-PL-2026-07-09-VOT-ITM-992996,eli/dl/event/MTG-PL-2026-07-09-DEC-195655,,def/ep-decision-methods/VOTE_HAND,def/ep-statuses/LAPSED,,,,,False
eli/dl/event/MTG-PL-2024-01-17-VOT-ITM-939906,eli/dl/event/MTG-PL-2024-01-17-DEC-163028,,def/ep-decision-methods/VOTE_HAND,def/ep-statuses/ADOPTED,,,,,False
eli/dl/event/MTG-PL-2026-03-11-VOT-ITM-986171,eli/dl/event/MTG-PL-2026-03-11-DEC-188831,2026-03-11T12:56:29+01:00,def/ep-decision-methods/VOTE_ELECTRONIC_ROLLCALL,def/ep-statuses/ADOPTED,610.0,377.0,163.0,,False
eli/dl/event/MTG-PL-2023-10-18-VOT-ITM-939591,,,Unknown,Unknown,,,,,False
eli/dl/event/MTG-PL-2023-09-14-VOT-ITM-939493,,,Unknown,Unknown,,,,,False
eli/dl/event/MTG-PL-2025-12-16-VOT-ITM-978413,eli/dl/event/MTG-PL-2025-12-16-DEC-182541,,def/ep-decision-methods/VOTE_HAND,def/ep-statuses/LAPSED,,,,Amendments to Directive 2013/34/EU,False
eli/dl/event/MTG-PL-2025-10-08-VOT-ITM-973356,eli/dl/event/MTG-PL-2025-10-08-DEC-179505,2025-10-08T13:59:36+02:00,def/ep-decision-methods/VOTE_ELECTRONIC_ROLLCALL,def/ep-statuses/ADOPTED,631.0,406.0,181.0,,False
eli/dl/event/MTG-PL-2025-11-26-VOT-ITM-976481,eli/dl/event/MTG-PL-2025-11-26-DEC-181633,2025-11-26T12:08:59+01:00,def/ep-decision-methods/VOTE_ELECTRONIC_ROLLCALL,def/ep-statuses/ADOPTED,657.0,419.0,185.0,,False
eli/dl/event/MTG-PL-2026-02-11-VOT-ITM-984024,eli/dl/event/MTG-PL-2026-02-11-DEC-184981,,def/ep-decision-methods/VOTE_HAND,def/ep-statuses/REJECTED,,,,,False
eli/dl/event/MTG-PL-2024-04-10-VOT-ITM-944531,eli/dl/event/MTG-PL-2024-04-10-DEC-166943,,def/ep-decision-methods/VOTE_ELECTRONIC,def/ep-statuses/ADOPTED,604.0,334.0,242.0,,False
eli/dl/event/MTG-PL-2023-06-01-VOT-ITM-939196,,,Unknown,Unknown,,,,,False
eli/dl/event/MTG-PL-2026-05-20-VOT-ITM-990696,eli/dl/event/MTG-PL-2026-05-20-DEC-192444,2026-05-20T13:17:50+02:00,def/ep-decision-methods/VOTE_ELECTRONIC_ROLLCALL,def/ep-statuses/ADOPTED,647.0,644.0,1.0,,False
eli/dl/event/MTG-PL-2024-02-28-VOT-ITM-940096,eli/dl/event/MTG-PL-2024-02-28-DEC-164603,,def/ep-decision-methods/VOTE_HAND,def/ep-statuses/REJECTED,,,,,False
eli/dl/event/MTG-PL-2023-02-01-VOT-ITM-000003,eli/dl/event/MTG-PL-2023-02-01-DEC-152427,2023-02-01T15:12:48+01:00,def/ep-decision-methods/VOTE_ELECTRONIC_ROLLCALL,Unknown,,111.0,295.0,,False
eli/dl/event/MTG-PL-2023-01-18-VOT-ITM-938508,,,Unknown,Unknown,,,,,False
eli/dl/event/MTG-PL-2023-05-10-VOT-ITM-939099,,,Unknown,Unknown,,,,,False
eli/dl/event/MTG-PL-2024-04-25-VOT-ITM-946514,eli/dl/event/MTG-PL-2024-04-25-DEC-169106,,def/ep-decision-methods/VOTE_HAND,def/ep-statuses/LAPSED,,,,Other motions for resolutions,False
eli/dl/event/MTG-PL-2023-01-19-VOT-ITM-938503,,,Unknown,Unknown,,,,,False
eli/dl/event/MTG-PL-2024-11-25-VOT-ITM-000001,eli/dl/event/MTG-PL-2024-11-25-DEC-170665,2024-11-25T17:15:11+01:00,def/ep-decision-methods/VOTE_ELECTRONIC_ROLLCALL,def/ep-statuses/REJECTED,443.0,156.0,277.0,,False
eli/dl/event/MTG-PL-2023-05-09-VOT-ITM-939097,,,Unknown,Unknown,,,,,False
eli/dl/event/MTG-PL-2024-01-16-VOT-ITM-939938,eli/dl/event/MTG-PL-2024-01-16-DEC-163076,2024-01-16T12:07:59+01:00,def/ep-decision-methods/VOTE_ELECTRONIC_ROLLCALL,def/ep-statuses/ADOPTED,616.0,489.0,87.0,,False
eli/dl/event/MTG-PL-2026-01-22-VOT-ITM-982162,eli/dl/event/MTG-PL-2026-01-22-DEC-184076,,Auto-adopted,Approved,,,,,False
eli/dl/event/MTG-PL-2023-12-14-VOT-ITM-939835,,,Unknown,Unknown,,,,,False
eli/dl/event/MTG-PL-2025-09-10-VOT-ITM-970639,eli/dl/event/MTG-PL-2025-09-10-DEC-178792,,def/ep-decision-methods/VOTE_HAND,def/ep-statuses/ADOPTED,,,,,False
eli/dl/event/MTG-PL-2024-03-12-VOT-ITM-941738,eli/dl/event/MTG-PL-2024-03-12-DEC-166313,,def/ep-decision-methods/VOTE_ELECTRONIC_ROLLCALL,def/ep-statuses/LAPSED,,,,Draft legislative act,False
eli/dl/event/MTG-PL-2025-10-06-VOT-ITM-000002,eli/dl/event/MTG-PL-2025-10-06-DEC-179466,2025-10-06T18:20:59+02:00,def/ep-decision-methods/VOTE_ELECTRONIC_ROLLCALL,def/ep-statuses/REJECTED,440.0,175.0,239.0,,False
eli/dl/event/MTG-PL-2023-12-12-VOT-ITM-939834,,,Unknown,Unknown,,,,,False
eli/dl/event/MTG-PL-2024-04-24-VOT-ITM-946138,eli/dl/event/MTG-PL-2024-04-24-DEC-168479,2024-04-24T18:45:29+02:00,def/ep-decision-methods/VOTE_ELECTRONIC_ROLLCALL,def/ep-statuses/ADOPTED,578.0,452.0,43.0,,False
eli/dl/event/MTG-PL-2023-05-10-VOT-ITM-939027,,,Unknown,Unknown,,,,,False
eli/dl/event/MTG-PL-2023-12-14-VOT-ITM-939885,,,Unknown,Unknown,,,,,False
eli/dl/event/MTG-PL-2024-10-23-VOT-ITM-962687,eli/dl/event/MTG-PL-2024-10-23-DEC-170149,,def/ep-decision-methods/VOTE_HAND,def/ep-statuses/ADOPTED,,,,,False
eli/dl/event/MTG-PL-2025-04-02-VOT-ITM-965411,eli/dl/event/MTG-PL-2025-04-02-DEC-173903,2025-04-02T13:30:10+02:00,def/ep-decision-methods/VOTE_ELECTRONIC_ROLLCALL,def/ep-statuses/ADOPTED,683.0,605.0,68.0,,False
eli/dl/event/MTG-PL-2023-12-14-VOT-ITM-939883,,,Unknown,Unknown,,,,,False
eli/dl/event/MTG-PL-2023-05-31-VOT-ITM-000003,eli/dl/event/MTG-PL-2023-05-31-DEC-155794,2023-05-31T17:07:03+02:00,def/ep-decision-methods/VOTE_ELECTRONIC_ROLLCALL,Unknown,,97.0,332.0,,False
eli/dl/event/MTG-PL-2023-12-12-VOT-ITM-939847,,,Unknown,Unknown,,,,,False
eli/dl/event/MTG-PL-2025-11-25-VOT-ITM-976407,eli/dl/event/MTG-PL-2025-11-25-DEC-181830,2025-11-25T12:59:30+01:00,def/ep-decision-methods/VOTE_ELECTRONIC_ROLLCALL,def/ep-statuses/ADOPTED,643.0,456.0,166.0,"Motion for a resolution B10-0490/2025
(ENVI)",False
eli/dl/event/MTG-PL-2024-04-10-VOT-ITM-944783,eli/dl/event/MTG-PL-2024-04-10-DEC-167033,2024-04-10T19:15:22+02:00,def/ep-decision-methods/VOTE_ELECTRONIC_ROLLCALL,def/ep-statuses/ADOPTED,610.0,503.0,34.0,,False
eli/dl/event/MTG-PL-2026-02-12-VOT-ITM-983756,eli/dl/event/MTG-PL-2026-02-12-DEC-184430,,def/ep-decision-methods/VOTE_HAND,def/ep-statuses/ADOPTED,,,,"Motion for a resolution B10-0101/2026
(JURI Committee)",False
eli/dl/event/MTG-PL-2025-12-16-VOT-ITM-978307,eli/dl/event/MTG-PL-2025-12-16-DEC-182483,2025-12-16T13:07:56+01:00,def/ep-decision-methods/VOTE_ELECTRONIC_ROLLCALL,def/ep-statuses/ADOPTED,663.0,519.0,119.0,Provisional agreement,False
eli/dl/event/MTG-PL-2025-10-09-VOT-ITM-973905,eli/dl/event/MTG-PL-2025-10-09-DEC-179773,,def/ep-decision-methods/VOTE_HAND,def/ep-statuses/ADOPTED,,,,"Joint motion for a resolution RC-B10-0411/2025
(PPE, S&D, ECR, Renew, Verts/ALE)",False
eli/dl/event/MTG-PL-2024-12-17-VOT-ITM-965068,eli/dl/event/MTG-PL-2024-12-17-DEC-171185,2024-12-17T12:59:06+01:00,def/ep-decision-methods/VOTE_ELECTRONIC_ROLLCALL,def/ep-statuses/REJECTED,646.0,131.0,507.0,,False
eli/dl/event/MTG-PL-2023-05-08-VOT-ITM-000002,eli/dl/event/MTG-PL-2023-05-08-DEC-155097,2023-05-08T18:17:04+02:00,def/ep-decision-methods/VOTE_ELECTRONIC_ROLLCALL,Unknown,,188.0,167.0,,False
eli/dl/event/MTG-PL-2023-11-09-VOT-ITM-939658,,,Unknown,Unknown,,,,,False
eli/dl/event/MTG-PL-2023-11-09-VOT-ITM-939657,,,Unknown,Unknown,,,,,False
eli/dl/event/MTG-PL-2024-04-23-VOT-ITM-946114,eli/dl/event/MTG-PL-2024-04-23-DEC-168697,2024-04-23T13:29:55+02:00,def/ep-decision-methods/VOTE_ELECTRONIC_ROLLCALL,def/ep-statuses/REJECTED,607.0,245.0,331.0,"Motion for a resolution B9-0218/2024 
(Verts/ALE)",False
eli/dl/event/MTG-PL-2023-03-16-VOT-ITM-938883,,,Unknown,Unknown,,,,,False
eli/dl/event/MTG-PL-2025-11-13-VOT-ITM-975416,eli/dl/event/MTG-PL-2025-11-13-DEC-180623,2025-11-13T12:00:08+01:00,def/ep-decision-methods/VOTE_ELECTRONIC_ROLLCALL,def/ep-statuses/ADOPTED,637.0,610.0,26.0,,False
eli/dl/event/MTG-PL-2023-09-12-VOT-ITM-939447,,,Unknown,Unknown,,,,,False
eli/dl/event/MTG-PL-2023-06-14-VOT-ITM-939232,,,Unknown,Unknown,,,,,False
eli/dl/event/MTG-PL-2023-10-17-VOT-ITM-939592,,,Unknown,Unknown,,,,,False
eli/dl/event/MTG-PL-2024-03-14-VOT-ITM-941854,eli/dl/event/MTG-PL-2024-03-14-DEC-166242,2024-03-14T12:24:37+01:00,def/ep-decision-methods/VOTE_ELECTRONIC_ROLLCALL,def/ep-statuses/ADOPTED,547.0,538.0,2.0,,False
eli/dl/event/MTG-PL-2024-04-10-VOT-ITM-944633,eli/dl/event/MTG-PL-2024-04-10-DEC-166862,2024-04-10T18:44:22+02:00,def/ep-decision-methods/VOTE_ELECTRONIC_ROLLCALL,def/ep-statuses/ADOPTED,622.0,353.0,214.0,Provisional agreement,False
eli/dl/event/MTG-PL-2025-02-12-VOT-ITM-965212,eli/dl/event/MTG-PL-2025-02-12-DEC-171791,2025-02-12T12:08:48+01:00,def/ep-decision-methods/VOTE_ELECTRONIC_ROLLCALL,def/ep-statuses/REJECTED,647.0,262.0,309.0,"Motion for a resolution B10-0061/2025
(ENVI Committee)",False
eli/dl/event/MTG-PL-2026-07-07-VOT-ITM-992924,eli/dl/event/MTG-PL-2026-07-07-DEC-195295,,def/ep-decision-methods/VOTE_ELECTRONIC,def/ep-statuses/ADOPTED,636.0,440.0,146.0,,False
eli/dl/event/MTG-PL-2025-09-09-VOT-ITM-970741,eli/dl/event/MTG-PL-2025-09-09-DEC-178335,,def/ep-decision-methods/VOTE_ELECTRONIC_SECRET,def/ep-statuses/ADOPTED,616.0,462.0,129.0,,False
eli/dl/event/MTG-PL-2024-11-26-VOT-ITM-964965,eli/dl/event/MTG-PL-2024-11-26-DEC-170636,2024-11-26T12:12:37+01:00,def/ep-decision-methods/VOTE_ELECTRONIC_ROLLCALL,def/ep-statuses/ADOPTED,657.0,474.0,166.0,"Motion for a resolution B10-0150/2024
(ENVI Committee)",False
eli/dl/event/MTG-PL-2023-10-17-VOT-ITM-939588,,,Unknown,Unknown,,,,,False
eli/dl/event/MTG-PL-2026-01-22-VOT-ITM-982070,eli/dl/event/MTG-PL-2026-01-22-DEC-183982,,def/ep-decision-methods/VOTE_HAND,def/ep-statuses/REJECTED,,,,"Joint motion for a resolution RC-B10-0064/2026
(PPE, S&D, ECR, Renew, Verts/ALE)",False
eli/dl/event/MTG-PL-2025-03-13-VOT-ITM-965325,eli/dl/event/MTG-PL-2025-03-13-DEC-173000,2025-03-13T12:09:08+01:00,def/ep-decision-methods/VOTE_ELECTRONIC_ROLLCALL,def/ep-statuses/REJECTED,617.0,113.0,443.0,"Joint motion for a resolution RC-B10-0175/2025
(PPE, S&D, ECR, Renew, Verts/ALE, The Left)",False
eli/dl/event/MTG-PL-2024-12-19-VOT-ITM-965113,eli/dl/event/MTG-PL-2024-12-19-DEC-171390,,def/ep-decision-methods/VOTE_HAND,def/ep-statuses/LAPSED,,,,Other motions for resolutions,False
eli/dl/event/MTG-PL-2023-11-09-VOT-ITM-939688,,,Unknown,Unknown,,,,,False
eli/dl/event/MTG-PL-2023-03-13-VOT-ITM-000006,eli/dl/event/MTG-PL-2023-03-13-DEC-153638,2023-03-13T17:32:02+01:00,def/ep-decision-methods/VOTE_ELECTRONIC_ROLLCALL,Unknown,,157.0,210.0,,False
eli/dl/event/MTG-PL-2024-11-27-VOT-ITM-965028,eli/dl/event/MTG-PL-2024-11-27-DEC-170671,2024-11-27T12:26:56+01:00,def/ep-decision-methods/VOTE_ELECTRONIC_ROLLCALL,def/ep-statuses/ADOPTED,670.0,627.0,6.0,,False
eli/dl/event/MTG-PL-2024-03-11-VOT-ITM-000007,eli/dl/event/MTG-PL-2024-03-11-DEC-166331,2024-03-11T17:29:16+01:00,def/ep-decision-methods/VOTE_ELECTRONIC_ROLLCALL,def/ep-statuses/ADOPTED,304.0,143.0,135.0,,False
eli/dl/event/MTG-PL-2024-04-25-VOT-ITM-946508,eli/dl/event/MTG-PL-2024-04-25-DEC-168997,2024-04-25T13:19:38+02:00,def/ep-decision-methods/VOTE_ELECTRONIC_ROLLCALL,def/ep-statuses/ADOPTED,533.0,511.0,1.0,,False
eli/dl/event/MTG-PL-2024-02-26-VOT-ITM-000003,eli/dl/event/MTG-PL-2024-02-26-DEC-165174,2024-02-26T17:25:25+01:00,def/ep-decision-methods/VOTE_ELECTRONIC_ROLLCALL,def/ep-statuses/ADOPTED,328.0,288.0,33.0,,False
eli/dl/event/MTG-PL-2023-04-20-VOT-ITM-938994,,,Unknown,Unknown,,,,,False
eli/dl/event/MTG-PL-2023-02-14-VOT-ITM-938659,,,Unknown,Unknown,,,,,False
eli/dl/event/MTG-PL-2026-06-18-VOT-ITM-992875,eli/dl/event/MTG-PL-2026-06-18-DEC-194504,,def/ep-decision-methods/VOTE_HAND,def/ep-statuses/REJECTED,,,,"Joint motion for a resolution RC-B10-0285/2026
(PPE, ECR, Renew)",False
eli/dl/event/MTG-PL-2025-11-26-VOT-ITM-976281,eli/dl/event/MTG-PL-2025-11-26-DEC-181867,,def/ep-decision-methods/VOTE_HAND,def/ep-statuses/ADOPTED,,,,,False
eli/dl/event/MTG-PL-2025-10-22-VOT-ITM-974706,eli/dl/event/MTG-PL-2025-10-22-DEC-180193,,def/ep-decision-methods/VOTE_HAND,def/ep-statuses/ADOPTED,,,,,False
eli/dl/event/MTG-PL-2023-06-01-VOT-ITM-939207,,,Unknown,Unknown,,,,,False
eli/dl/event/MTG-PL-2025-07-10-VOT-ITM-965825,eli/dl/event/MTG-PL-2025-07-10-DEC-178187,2025-07-10T13:10:22+02:00,def/ep-decision-methods/VOTE_ELECTRONIC_ROLLCALL,def/ep-statuses/REJECTED,649.0,191.0,452.0,,False
eli/dl/event/MTG-PL-2024-04-10-VOT-ITM-944506,eli/dl/event/MTG-PL-2024-04-10-DEC-166844,2024-04-10T18:42:53+02:00,def/ep-decision-methods/VOTE_ELECTRONIC_ROLLCALL,def/ep-statuses/ADOPTED,621.0,441.0,139.0,Provisional agreement,False
eli/dl/event/MTG-PL-2024-04-23-VOT-ITM-945848,eli/dl/event/MTG-PL-2024-04-23-DEC-168332,2024-04-23T13:32:23+02:00,def/ep-decision-methods/VOTE_ELECTRONIC_ROLLCALL,def/ep-statuses/ADOPTED,611.0,475.0,37.0,Provisional agreement,False
eli/dl/event/MTG-PL-2023-06-14-VOT-ITM-939244,,,Unknown,Unknown,,,,,False
eli/dl/event/MTG-PL-2026-05-20-VOT-ITM-990698,eli/dl/event/MTG-PL-2026-05-20-DEC-192446,2026-05-20T13:19:35+02:00,def/ep-decision-methods/VOTE_ELECTRONIC_ROLLCALL,def/ep-statuses/ADOPTED,634.0,497.0,91.0,,False
eli/dl/event/MTG-PL-2025-05-22-VOT-ITM-965587,eli/dl/event/MTG-PL-2025-05-22-DEC-176735,,def/ep-decision-methods/VOTE_ELECTRONIC,def/ep-statuses/REJECTED,595.0,266.0,284.0,Draft legislative act,False
eli/dl/event/MTG-PL-2026-05-20-VOT-ITM-990700,eli/dl/event/MTG-PL-2026-05-20-DEC-192448,2026-05-20T13:20:53+02:00,def/ep-decision-methods/VOTE_ELECTRONIC_ROLLCALL,def/ep-statuses/ADOPTED,651.0,476.0,101.0,,False
eli/dl/event/MTG-PL-2023-10-02-VOT-ITM-000005,eli/dl/event/MTG-PL-2023-10-02-DEC-158749,2023-10-02T18:23:51+02:00,def/ep-decision-methods/VOTE_ELECTRONIC_ROLLCALL,Unknown,,68.0,279.0,,False
eli/dl/event/MTG-PL-2024-04-11-VOT-ITM-945180,eli/dl/event/MTG-PL-2024-04-11-DEC-167998,,def/ep-decision-methods/VOTE_ELECTRONIC,def/ep-statuses/ADOPTED,602.0,410.0,182.0,,False
eli/dl/event/MTG-PL-2025-09-11-VOT-ITM-970663,eli/dl/event/MTG-PL-2025-09-11-DEC-178397,2025-09-11T13:21:26+02:00,def/ep-decision-methods/VOTE_ELECTRONIC_ROLLCALL,def/ep-statuses/ADOPTED,614.0,459.0,65.0,,False
eli/dl/event/MTG-PL-2025-02-11-VOT-ITM-965205,eli/dl/event/MTG-PL-2025-02-11-DEC-171751,2025-02-11T12:49:55+01:00,def/ep-decision-methods/VOTE_ELECTRONIC_ROLLCALL,def/ep-statuses/REJECTED,636.0,141.0,461.0,,False
eli/dl/event/MTG-PL-2025-04-03-VOT-ITM-965465,eli/dl/event/MTG-PL-2025-04-03-DEC-174810,,def/ep-decision-methods/VOTE_HAND,def/ep-statuses/REJECTED,,,,"Joint motion for a resolution RC-B10-0211/2025
(PPE, S&D, ECR, Renew, Verts/ALE)",False
eli/dl/event/MTG-PL-2026-03-11-VOT-ITM-986099,eli/dl/event/MTG-PL-2026-03-11-DEC-186520,2026-03-11T12:55:46+01:00,def/ep-decision-methods/VOTE_ELECTRONIC_ROLLCALL,def/ep-statuses/ADOPTED,634.0,562.0,53.0,,False
eli/dl/event/MTG-PL-2026-04-28-VOT-ITM-989962,eli/dl/event/MTG-PL-2026-04-28-DEC-190096,2026-04-28T14:01:53+02:00,def/ep-decision-methods/VOTE_ELECTRONIC_ROLLCALL,def/ep-statuses/ADOPTED,653.0,591.0,54.0,,False
eli/dl/event/MTG-PL-2024-03-13-VOT-ITM-941757,eli/dl/event/MTG-PL-2024-03-13-DEC-166051,2024-03-13T12:14:17+01:00,def/ep-decision-methods/VOTE_ELECTRONIC_ROLLCALL,def/ep-statuses/ADOPTED,618.0,523.0,46.0,Provisional agreement,False
eli/dl/event/MTG-PL-2024-09-19-VOT-ITM-959974,eli/dl/event/MTG-PL-2024-09-19-DEC-169676,2024-09-19T13:24:22+02:00,def/ep-decision-methods/VOTE_ELECTRONIC_ROLLCALL,def/ep-statuses/ADOPTED,619.0,425.0,131.0,"Joint motion for a resolution RC-B10-0028/2024
(PPE, S&D, ECR, Renew, Verts/ALE, Members)",False
eli/dl/event/MTG-PL-2023-10-16-VOT-ITM-000005,eli/dl/event/MTG-PL-2023-10-16-DEC-159231,2023-10-16T18:38:23+02:00,def/ep-decision-methods/VOTE_ELECTRONIC_ROLLCALL,Unknown,,101.0,227.0,,False
eli/dl/event/MTG-PL-2023-03-14-VOT-ITM-938833,,,Unknown,Unknown,,,,,False
eli/dl/event/MTG-PL-2024-04-24-VOT-ITM-945961,eli/dl/event/MTG-PL-2024-04-24-DEC-168336,2024-04-24T18:51:59+02:00,def/ep-decision-methods/VOTE_ELECTRONIC_ROLLCALL,def/ep-statuses/ADOPTED,571.0,513.0,25.0,Provisional agreement,False
eli/dl/event/MTG-PL-2025-11-25-VOT-ITM-976401,eli/dl/event/MTG-PL-2025-11-25-DEC-181706,,def/ep-decision-methods/VOTE_ELECTRONIC_SECRET,def/ep-statuses/ADOPTED,642.0,411.0,206.0,,False
eli/dl/event/MTG-PL-2025-05-06-VOT-ITM-965491,eli/dl/event/MTG-PL-2025-05-06-DEC-175046,,def/ep-decision-methods/VOTE_HAND,def/ep-statuses/ADOPTED,,,,,False
eli/dl/event/MTG-PL-2026-02-09-VOT-ITM-000001,eli/dl/event/MTG-PL-2026-02-09-DEC-184681,2026-02-09T17:10:15+01:00,def/ep-decision-methods/VOTE_ELECTRONIC_ROLLCALL,def/ep-statuses/ADOPTED,415.0,278.0,121.0,,False
eli/dl/event/MTG-PL-2026-03-11-VOT-ITM-986096,eli/dl/event/MTG-PL-2026-03-11-DEC-186516,2026-03-11T12:49:39+01:00,def/ep-decision-methods/VOTE_ELECTRONIC_ROLLCALL,def/ep-statuses/ADOPTED,630.0,455.0,101.0,,False
eli/dl/event/MTG-PL-2026-06-18-VOT-ITM-992822,eli/dl/event/MTG-PL-2026-06-18-DEC-193661,,def/ep-decision-methods/VOTE_HAND,def/ep-statuses/LAPSED,,,,Draft legislative act,False
eli/dl/event/MTG-PL-2025-07-09-VOT-ITM-965769,eli/dl/event/MTG-PL-2025-07-09-DEC-177812,,def/ep-decision-methods/VOTE_HAND,def/ep-statuses/LAPSED,,,,,False
eli/dl/event/MTG-PL-2024-02-27-VOT-ITM-940099,eli/dl/event/MTG-PL-2024-02-27-DEC-164466,2024-02-27T12:23:28+01:00,def/ep-decision-methods/VOTE_ELECTRONIC_ROLLCALL,def/ep-statuses/ADOPTED,625.0,600.0,13.0,Provisional agreement,False
eli/dl/event/MTG-PL-2024-01-17-VOT-ITM-939941,eli/dl/event/MTG-PL-2024-01-17-DEC-163053,2024-01-17T12:42:58+01:00,def/ep-decision-methods/VOTE_ELECTRONIC_ROLLCALL,def/ep-statuses/ADOPTED,632.0,491.0,106.0,,False
eli/dl/event/MTG-PL-2025-09-10-VOT-ITM-970764,eli/dl/event/MTG-PL-2025-09-10-DEC-178425,2025-09-10T14:21:28+02:00,def/ep-decision-methods/VOTE_ELECTRONIC_ROLLCALL,def/ep-statuses/ADOPTED,665.0,528.0,89.0,,False
eli/dl/event/MTG-PL-2024-10-22-VOT-ITM-962675,eli/dl/event/MTG-PL-2024-10-22-DEC-169905,2024-10-22T13:08:18+02:00,def/ep-decision-methods/VOTE_ELECTRONIC_ROLLCALL,def/ep-statuses/ADOPTED,659.0,417.0,192.0,,False
eli/dl/event/MTG-PL-2025-04-03-VOT-ITM-965467,eli/dl/event/MTG-PL-2025-04-03-DEC-174951,2025-04-03T13:17:45+02:00,def/ep-decision-methods/VOTE_ELECTRONIC_ROLLCALL,def/ep-statuses/ADOPTED,588.0,236.0,205.0,,False
eli/dl/event/MTG-PL-2023-05-10-VOT-ITM-939114,,,Unknown,Unknown,,,,,False
eli/dl/event/MTG-PL-2023-12-11-VOT-ITM-000006,eli/dl/event/MTG-PL-2023-12-11-DEC-162517,2023-12-11T17:30:02+01:00,def/ep-decision-methods/VOTE_ELECTRONIC_ROLLCALL,Unknown,,293.0,6.0,,False
eli/dl/event/MTG-PL-2023-11-09-VOT-ITM-939686,,,Unknown,Unknown,,,,,False
eli/dl/event/MTG-PL-2026-06-16-VOT-ITM-992773,eli/dl/event/MTG-PL-2026-06-16-DEC-193677,,def/ep-decision-methods/VOTE_HAND,def/ep-statuses/LAPSED,,,,Amendments to Regulation (EU) 2024/1689,False
eli/dl/event/MTG-PL-2024-03-13-VOT-ITM-941758,eli/dl/event/MTG-PL-2024-03-13-DEC-166404,,def/ep-decision-methods/VOTE_HAND,def/ep-statuses/ADOPTED,,,,,False
eli/dl/event/MTG-PL-2024-04-11-VOT-ITM-942511,eli/dl/event/MTG-PL-2024-04-11-DEC-167117,2024-04-11T13:18:11+02:00,def/ep-decision-methods/VOTE_ELECTRONIC_ROLLCALL,def/ep-statuses/ADOPTED,606.0,577.0,16.0,Motion for a resolution,False
eli/dl/event/MTG-PL-2025-10-20-VOT-ITM-000001,eli/dl/event/MTG-PL-2025-10-20-DEC-179909,2025-10-20T18:10:32+02:00,def/ep-decision-methods/VOTE_ELECTRONIC_ROLLCALL,def/ep-statuses/ADOPTED,426.0,421.0,,,False
eli/dl/event/MTG-PL-2026-02-12-VOT-ITM-983542,eli/dl/event/MTG-PL-2026-02-12-DEC-184825,2026-02-12T12:36:02+01:00,def/ep-decision-methods/VOTE_ELECTRONIC_ROLLCALL,def/ep-statuses/ADOPTED,558.0,423.0,108.0,,False
eli/dl/event/MTG-PL-2024-04-10-VOT-ITM-944699,eli/dl/event/MTG-PL-2024-04-10-DEC-166925,2024-04-10T19:12:54+02:00,def/ep-decision-methods/VOTE_ELECTRONIC_ROLLCALL,def/ep-statuses/ADOPTED,610.0,448.0,31.0,,False
eli/dl/event/MTG-PL-2023-09-14-VOT-ITM-939486,,,Unknown,Unknown,,,,,False
eli/dl/event/MTG-PL-2023-11-22-VOT-ITM-939765,,,Unknown,Unknown,,,,,False
eli/dl/event/MTG-PL-2023-06-13-VOT-ITM-939230,,,Unknown,Unknown,,,,,False
eli/dl/event/MTG-PL-2023-04-20-VOT-ITM-938993,,,Unknown,Unknown,,,,,False
eli/dl/event/MTG-PL-2026-06-17-VOT-ITM-992793,eli/dl/event/MTG-PL-2026-06-17-DEC-194078,2026-06-17T14:31:01+02:00,def/ep-decision-methods/VOTE_ELECTRONIC_ROLLCALL,def/ep-statuses/REJECTED,612.0,126.0,443.0,,False
eli/dl/event/MTG-PL-2026-02-12-VOT-ITM-983634,eli/dl/event/MTG-PL-2026-02-12-DEC-184755,2026-02-12T12:27:37+01:00,def/ep-decision-methods/VOTE_ELECTRONIC_ROLLCALL,def/ep-statuses/ADOPTED,579.0,447.0,102.0,,False
eli/dl/event/MTG-PL-2023-09-12-VOT-ITM-939451,,,Unknown,Unknown,,,,,False
eli/dl/event/MTG-PL-2024-02-05-VOT-ITM-000001,eli/dl/event/MTG-PL-2024-02-05-DEC-164066,2024-02-05T17:11:44+01:00,def/ep-decision-methods/VOTE_ELECTRONIC_ROLLCALL,def/ep-statuses/ADOPTED,335.0,312.0,13.0,,False
eli/dl/event/MTG-PL-2024-04-11-VOT-ITM-943746,eli/dl/event/MTG-PL-2024-04-11-DEC-168077,2024-04-11T12:27:35+02:00,def/ep-decision-methods/VOTE_ELECTRONIC_ROLLCALL,def/ep-statuses/ADOPTED,608.0,317.0,175.0,Motion for a resolution,False
eli/dl/event/MTG-PL-2026-05-20-VOT-ITM-990677,eli/dl/event/MTG-PL-2026-05-20-DEC-192558,,def/ep-decision-methods/VOTE_HAND,def/ep-statuses/REJECTED,,,,,False
eli/dl/event/MTG-PL-2025-03-12-VOT-ITM-965265,eli/dl/event/MTG-PL-2025-03-12-DEC-172114,2025-03-12T12:06:40+01:00,def/ep-decision-methods/VOTE_ELECTRONIC_ROLLCALL,def/ep-statuses/ADOPTED,656.0,521.0,90.0,,False
eli/dl/event/MTG-PL-2023-11-23-VOT-ITM-939764,,,Unknown,Unknown,,,,,False
eli/dl/event/MTG-PL-2026-07-08-VOT-ITM-992952,eli/dl/event/MTG-PL-2026-07-08-DEC-195008,2026-07-08T13:13:38+02:00,def/ep-decision-methods/VOTE_ELECTRONIC_ROLLCALL,def/ep-statuses/ADOPTED,663.0,479.0,119.0,,False
eli/dl/event/MTG-PL-2025-11-27-VOT-ITM-976863,eli/dl/event/MTG-PL-2025-11-27-DEC-182349,,def/ep-decision-methods/VOTE_HAND,def/ep-statuses/ADOPTED,,,,"Joint motion for a resolution RC-B10-0545/2025
(PPE, S&D, ECR, Renew, Verts/ALE, Members)",False
eli/dl/event/MTG-PL-2023-10-19-VOT-ITM-939624,,,Unknown,Unknown,,,,,False
eli/dl/event/MTG-PL-2023-11-23-VOT-ITM-939707,,,Unknown,Unknown,,,,,False
eli/dl/event/MTG-PL-2023-11-22-VOT-ITM-939714,,,Unknown,Unknown,,,,,False
eli/dl/event/MTG-PL-2024-02-26-VOT-ITM-000005,eli/dl/event/MTG-PL-2024-02-26-DEC-165176,2024-02-26T17:29:02+01:00,def/ep-decision-methods/VOTE_ELECTRONIC_ROLLCALL,def/ep-statuses/ADOPTED,319.0,168.0,143.0,,False
eli/dl/event/MTG-PL-2024-02-26-VOT-ITM-000002,eli/dl/event/MTG-PL-2024-02-26-DEC-165173,2024-02-26T17:23:27+01:00,def/ep-decision-methods/VOTE_ELECTRONIC_ROLLCALL,def/ep-statuses/REJECTED,327.0,150.0,168.0,,False
eli/dl/event/MTG-PL-2024-04-22-VOT-ITM-000004,eli/dl/event/MTG-PL-2024-04-22-DEC-168687,2024-04-22T18:28:07+02:00,def/ep-decision-methods/VOTE_ELECTRONIC_ROLLCALL,def/ep-statuses/REJECTED,327.0,157.0,167.0,,False
eli/dl/event/MTG-PL-2024-04-10-VOT-ITM-944713,eli/dl/event/MTG-PL-2024-04-10-DEC-166936,2024-04-10T18:30:41+02:00,def/ep-decision-methods/VOTE_ELECTRONIC_ROLLCALL,def/ep-statuses/ADOPTED,622.0,329.0,253.0,Provisional agreement,False
eli/dl/event/MTG-PL-2023-01-19-VOT-ITM-938524,,,Unknown,Unknown,,,,,False
eli/dl/event/MTG-PL-2026-02-12-VOT-ITM-983532,eli/dl/event/MTG-PL-2026-02-12-DEC-184110,2026-02-12T12:19:11+01:00,def/ep-decision-methods/VOTE_ELECTRONIC_ROLLCALL,def/ep-statuses/ADOPTED,581.0,555.0,,Provisional agreement,False
eli/dl/event/MTG-PL-2026-03-10-VOT-ITM-986131,eli/dl/event/MTG-PL-2026-03-10-DEC-186519,,def/ep-decision-methods/VOTE_HAND,def/ep-statuses/ADOPTED,,,,,False
eli/dl/event/MTG-PL-2023-11-08-VOT-ITM-000005,eli/dl/event/MTG-PL-2023-11-08-DEC-160020,2023-11-08T15:59:31+01:00,def/ep-decision-methods/VOTE_ELECTRONIC_ROLLCALL,Unknown,,179.0,231.0,,False
eli/dl/event/MTG-PL-2023-03-30-VOT-ITM-938909,,,Unknown,Unknown,,,,,False
eli/dl/event/MTG-PL-2023-10-05-VOT-ITM-939521,,,Unknown,Unknown,,,,,False
eli/dl/event/MTG-PL-2023-03-14-VOT-ITM-938806,,,Unknown,Unknown,,,,,False
eli/dl/event/MTG-PL-2023-03-16-VOT-ITM-938884,,,Unknown,Unknown,,,,,False
eli/dl/event/MTG-PL-2024-02-07-VOT-ITM-939995,eli/dl/event/MTG-PL-2024-02-07-DEC-163752,2024-02-07T12:55:27+01:00,def/ep-decision-methods/VOTE_ELECTRONIC_ROLLCALL,def/ep-statuses/ADOPTED,635.0,576.0,40.0,Provisional agreement,False
eli/dl/event/MTG-PL-2026-04-28-VOT-ITM-990008,eli/dl/event/MTG-PL-2026-04-28-DEC-191147,,def/ep-decision-methods/VOTE_HAND,def/ep-statuses/ADOPTED,,,,,False
eli/dl/event/MTG-PL-2023-06-13-VOT-ITM-939285,,,Unknown,Unknown,,,,,False
eli/dl/event/MTG-PL-2023-10-04-VOT-ITM-939525,,,Unknown,Unknown,,,,,False
eli/dl/event/MTG-PL-2023-12-11-VOT-ITM-000001,eli/dl/event/MTG-PL-2023-12-11-DEC-162512,2023-12-11T17:16:30+01:00,def/ep-decision-methods/VOTE_ELECTRONIC_ROLLCALL,Unknown,,97.0,238.0,,False
eli/dl/event/MTG-PL-2024-04-24-VOT-ITM-946105,eli/dl/event/MTG-PL-2024-04-24-DEC-168428,2024-04-24T18:41:36+02:00,def/ep-decision-methods/VOTE_ELECTRONIC_ROLLCALL,def/ep-statuses/ADOPTED,579.0,470.0,23.0,Provisional agreement,False
eli/dl/event/MTG-PL-2025-12-16-VOT-ITM-978526,eli/dl/event/MTG-PL-2025-12-16-DEC-182648,,def/ep-decision-methods/VOTE_ELECTRONIC,def/ep-statuses/ADOPTED,655.0,382.0,254.0,,False
eli/dl/event/MTG-PL-2023-05-10-VOT-ITM-939040,,,Unknown,Unknown,,,,,False
eli/dl/event/MTG-PL-2026-06-15-VOT-ITM-000002,eli/dl/event/MTG-PL-2026-06-15-DEC-193975,2026-06-15T18:12:17+02:00,def/ep-decision-methods/VOTE_ELECTRONIC_ROLLCALL,def/ep-statuses/ADOPTED,433.0,336.0,86.0,,False
eli/dl/event/MTG-PL-2023-07-12-VOT-ITM-939369,,,Unknown,Unknown,,,,,False
eli/dl/event/MTG-PL-2023-05-10-VOT-ITM-939118,,,Unknown,Unknown,,,,,False
eli/dl/event/MTG-PL-2023-02-01-VOT-ITM-000004,eli/dl/event/MTG-PL-2023-02-01-DEC-152428,2023-02-01T15:17:38+01:00,def/ep-decision-methods/VOTE_ELECTRONIC_ROLLCALL,Unknown,,103.0,319.0,,False
eli/dl/event/MTG-PL-2024-02-28-VOT-ITM-940317,eli/dl/event/MTG-PL-2024-02-28-DEC-164601,2024-02-28T13:02:12+01:00,def/ep-decision-methods/VOTE_ELECTRONIC_ROLLCALL,def/ep-statuses/ADOPTED,601.0,585.0,9.0,,False
eli/dl/event/MTG-PL-2023-10-05-VOT-ITM-939549,,,Unknown,Unknown,,,,,False
eli/dl/event/MTG-PL-2024-04-11-VOT-ITM-944674,eli/dl/event/MTG-PL-2024-04-11-DEC-167318,,def/ep-decision-methods/VOTE_HAND,def/ep-statuses/REJECTED,,,,Motion for a resolution,False
eli/dl/event/MTG-PL-2024-07-18-VOT-ITM-000001,eli/dl/event/MTG-PL-2024-07-18-DEC-169385,2024-07-18T14:04:17+02:00,def/ep-decision-methods/VOTE_ELECTRONIC_ROLLCALL,def/ep-statuses/REJECTED,640.0,101.0,531.0,,False
eli/dl/event/MTG-PL-2025-05-05-VOT-ITM-000002,eli/dl/event/MTG-PL-2025-05-05-DEC-175670,2025-05-05T18:40:13+02:00,def/ep-decision-methods/VOTE_ELECTRONIC_ROLLCALL,def/ep-statuses/REJECTED,443.0,184.0,241.0,,False
eli/dl/event/MTG-PL-2026-04-28-VOT-ITM-989996,eli/dl/event/MTG-PL-2026-04-28-DEC-190539,,def/ep-decision-methods/VOTE_HAND,def/ep-statuses/ADOPTED,,,,,False
eli/dl/event/MTG-PL-2026-01-21-VOT-ITM-981692,eli/dl/event/MTG-PL-2026-01-21-DEC-183843,,def/ep-decision-methods/VOTE_HAND,def/ep-statuses/ADOPTED,,,,,False
eli/dl/event/MTG-PL-2025-10-08-VOT-ITM-973407,eli/dl/event/MTG-PL-2025-10-08-DEC-179546,2025-10-08T13:42:10+02:00,def/ep-decision-methods/VOTE_ELECTRONIC_ROLLCALL,def/ep-statuses/REJECTED,638.0,189.0,401.0,,False
eli/dl/event/MTG-PL-2023-07-12-VOT-ITM-939376,,,Unknown,Unknown,,,,,False
eli/dl/event/MTG-PL-2025-06-19-VOT-ITM-965705,eli/dl/event/MTG-PL-2025-06-19-DEC-177386,,def/ep-decision-methods/VOTE_HAND,def/ep-statuses/ADOPTED,,,,,False
eli/dl/event/MTG-PL-2023-10-19-VOT-ITM-939628,,,Unknown,Unknown,,,,,False
eli/dl/event/MTG-PL-2026-07-08-VOT-ITM-992912,eli/dl/event/MTG-PL-2026-07-08-DEC-194919,2026-07-08T13:22:14+02:00,def/ep-decision-methods/VOTE_ELECTRONIC_ROLLCALL,def/ep-statuses/ADOPTED,661.0,625.0,16.0,,False
eli/dl/event/MTG-PL-2023-06-13-VOT-ITM-939228,,,Unknown,Unknown,,,,,False
eli/dl/event/MTG-PL-2023-12-12-VOT-ITM-939820,,,Unknown,Unknown,,,,,False
eli/dl/event/MTG-PL-2026-05-18-VOT-ITM-000004,eli/dl/event/MTG-PL-2026-05-18-DEC-192716,2026-05-18T18:16:56+02:00,def/ep-decision-methods/VOTE_ELECTRONIC_ROLLCALL,def/ep-statuses/REJECTED,446.0,181.0,259.0,,False
eli/dl/event/MTG-PL-2025-06-16-VOT-ITM-000002,eli/dl/event/MTG-PL-2025-06-16-DEC-177126,2025-06-16T18:28:43+02:00,def/ep-decision-methods/VOTE_ELECTRONIC_ROLLCALL,def/ep-statuses/REJECTED,427.0,65.0,338.0,,False
eli/dl/event/MTG-PL-2025-11-13-VOT-ITM-975467,eli/dl/event/MTG-PL-2025-11-13-DEC-181469,,Auto-adopted,Approved,,,,,False
eli/dl/event/MTG-PL-2023-05-10-VOT-ITM-939006,,,Unknown,Unknown,,,,,False
eli/dl/event/MTG-PL-2024-04-11-VOT-ITM-942389,eli/dl/event/MTG-PL-2024-04-11-DEC-167193,2024-04-11T13:01:02+02:00,def/ep-decision-methods/VOTE_ELECTRONIC_ROLLCALL,def/ep-statuses/ADOPTED,601.0,583.0,10.0,Motion for a resolution,False
eli/dl/event/MTG-PL-2026-01-20-VOT-ITM-981680,eli/dl/event/MTG-PL-2026-01-20-DEC-183022,2026-01-20T13:10:28+01:00,def/ep-decision-methods/VOTE_ELECTRONIC_ROLLCALL,def/ep-statuses/ADOPTED,658.0,491.0,83.0,,False
eli/dl/event/MTG-PL-2026-05-21-VOT-ITM-991097,eli/dl/event/MTG-PL-2026-05-21-DEC-193351,,def/ep-decision-methods/VOTE_HAND,def/ep-statuses/LAPSED,,,,Other motions for resolutions,False
eli/dl/event/MTG-PL-2026-06-17-VOT-ITM-992819,eli/dl/event/MTG-PL-2026-06-17-DEC-194013,2026-06-17T14:34:41+02:00,def/ep-decision-methods/VOTE_ELECTRONIC_ROLLCALL,def/ep-statuses/REJECTED,647.0,152.0,445.0,,False
eli/dl/event/MTG-PL-2024-01-18-VOT-ITM-939965,eli/dl/event/MTG-PL-2024-01-18-DEC-163621,2024-01-18T13:01:14+01:00,def/ep-decision-methods/VOTE_ELECTRONIC_ROLLCALL,def/ep-statuses/REJECTED,465.0,113.0,337.0,Motion for a resolution B9-0059/2024 (EMPL Committee),False
eli/dl/event/MTG-PL-2024-04-10-VOT-ITM-944677,eli/dl/event/MTG-PL-2024-04-10-DEC-167328,2024-04-10T18:47:33+02:00,def/ep-decision-methods/VOTE_ELECTRONIC_ROLLCALL,def/ep-statuses/ADOPTED,620.0,590.0,20.0,Provisional agreement,False
eli/dl/event/MTG-PL-2026-01-20-VOT-ITM-981704,eli/dl/event/MTG-PL-2026-01-20-DEC-183518,,def/ep-decision-methods/VOTE_HAND,def/ep-statuses/LAPSED,,,,"Motion for a resolution B10-0059/2026
(ECR)",False
eli/dl/event/MTG-PL-2023-05-09-VOT-ITM-939081,,,Unknown,Unknown,,,,,False
eli/dl/event/MTG-PL-2024-04-11-VOT-ITM-944656,eli/dl/event/MTG-PL-2024-04-11-DEC-167217,2024-04-11T13:12:42+02:00,def/ep-decision-methods/VOTE_ELECTRONIC_ROLLCALL,def/ep-statuses/ADOPTED,602.0,530.0,62.0,Motion for a resolution,False
eli/dl/event/MTG-PL-2025-10-09-VOT-ITM-973328,eli/dl/event/MTG-PL-2025-10-09-DEC-179585,2025-10-09T13:12:21+02:00,def/ep-decision-methods/VOTE_ELECTRONIC_ROLLCALL,def/ep-statuses/REJECTED,615.0,116.0,469.0,Proposal to reject the Commission proposal,False
eli/dl/event/MTG-PL-2024-03-14-VOT-ITM-942311,eli/dl/event/MTG-PL-2024-03-14-DEC-166709,2024-03-14T12:28:47+01:00,def/ep-decision-methods/VOTE_ELECTRONIC_ROLLCALL,def/ep-statuses/ADOPTED,523.0,506.0,7.0,"Joint motion for a resolution RC-B9-0169/2024
(PPE, S&D, Renew, Verts/ALE, ECR, The Left)",False
eli/dl/event/MTG-PL-2023-10-05-VOT-ITM-939514,,,Unknown,Unknown,,,,,False
eli/dl/event/MTG-PL-2023-02-16-VOT-ITM-938764,,,Unknown,Unknown,,,,,False
eli/dl/event/MTG-PL-2025-11-27-VOT-ITM-976297,eli/dl/event/MTG-PL-2025-11-27-DEC-182147,,def/ep-decision-methods/VOTE_HAND,def/ep-statuses/ADOPTED,,,,,False
eli/dl/event/MTG-PL-2023-05-09-VOT-ITM-939093,,,Unknown,Unknown,,,,,False
eli/dl/event/MTG-PL-2026-03-26-VOT-ITM-987076,eli/dl/event/MTG-PL-2026-03-26-DEC-189252,2026-03-26T11:39:52+01:00,def/ep-decision-methods/VOTE_ELECTRONIC_ROLLCALL,def/ep-statuses/ADOPTED,636.0,584.0,39.0,,False
eli/dl/event/MTG-PL-2025-05-08-VOT-ITM-965548,eli/dl/event/MTG-PL-2025-05-08-DEC-176251,,def/ep-decision-methods/VOTE_HAND,def/ep-statuses/LAPSED,,,,Other motions for resolutions,False
eli/dl/event/MTG-PL-2026-03-11-VOT-ITM-986087,eli/dl/event/MTG-PL-2026-03-11-DEC-186401,2026-03-11T13:09:51+01:00,def/ep-decision-methods/VOTE_ELECTRONIC_ROLLCALL,def/ep-statuses/ADOPTED,629.0,393.0,169.0,,False
eli/dl/event/MTG-PL-2026-07-09-VOT-ITM-992926,eli/dl/event/MTG-PL-2026-07-09-DEC-194869,2026-07-09T13:46:04+02:00,def/ep-decision-methods/VOTE_ELECTRONIC_ROLLCALL,def/ep-statuses/ADOPTED,597.0,366.0,192.0,,False
eli/dl/event/MTG-PL-2023-04-18-VOT-ITM-938959,,,Unknown,Unknown,,,,,False
eli/dl/event/MTG-PL-2026-07-08-VOT-ITM-992915,eli/dl/event/MTG-PL-2026-07-08-DEC-195291,,def/ep-decision-methods/VOTE_HAND,def/ep-statuses/REJECTED,,,,"Motion for a resolution B10-0336/2026
(ENVI)",False
eli/dl/event/MTG-PL-2023-03-14-VOT-ITM-938803,,,Unknown,Unknown,,,,,False
eli/dl/event/MTG-PL-2024-04-11-VOT-ITM-944417,eli/dl/event/MTG-PL-2024-04-11-DEC-167304,,def/ep-decision-methods/VOTE_HAND,def/ep-statuses/ADOPTED,,,,Decision on discharge,False
eli/dl/event/MTG-PL-2023-11-21-VOT-ITM-939703,,,Unknown,Unknown,,,,,False
eli/dl/event/MTG-PL-2025-11-26-VOT-ITM-976502,eli/dl/event/MTG-PL-2025-11-26-DEC-181622,,def/ep-decision-methods/VOTE_HAND,def/ep-statuses/ADOPTED,,,,"Motion for a resolution B10-0506/2025
(PPE)",False
eli/dl/event/MTG-PL-2024-04-10-VOT-ITM-944665,eli/dl/event/MTG-PL-2024-04-10-DEC-166802,2024-04-10T18:31:45+02:00,def/ep-decision-methods/VOTE_ELECTRONIC_ROLLCALL,def/ep-statuses/ADOPTED,625.0,414.0,182.0,Provisional agreement,False
eli/dl/event/MTG-PL-2026-01-22-VOT-ITM-982180,eli/dl/event/MTG-PL-2026-01-22-DEC-183955,,def/ep-decision-methods/VOTE_HAND,def/ep-statuses/REJECTED,,,,"Joint motion for a resolution RC-B10-0071/2026
(PPE, S&D, ECR, Renew, Verts/ALE, Members)",False
eli/dl/event/MTG-PL-2026-03-26-VOT-ITM-987133,eli/dl/event/MTG-PL-2026-03-26-DEC-189649,2026-03-26T11:35:17+01:00,def/ep-decision-methods/VOTE_ELECTRONIC_ROLLCALL,def/ep-statuses/REJECTED,633.0,76.0,542.0,Amendments to Regulation (EU) 2024/1689,False
eli/dl/event/MTG-PL-2026-03-11-VOT-ITM-986094,eli/dl/event/MTG-PL-2026-03-11-DEC-188580,2026-03-11T12:46:23+01:00,def/ep-decision-methods/VOTE_ELECTRONIC_ROLLCALL,def/ep-statuses/ADOPTED,616.0,469.0,77.0,Amendments to Regulation (EU) 2021/1232,False
eli/dl/event/MTG-PL-2023-12-14-VOT-ITM-939845,,,Unknown,Unknown,,,,,False
eli/dl/event/MTG-PL-2023-09-13-VOT-ITM-939461,,,Unknown,Unknown,,,,,False
eli/dl/event/MTG-PL-2025-03-10-VOT-ITM-000001,eli/dl/event/MTG-PL-2025-03-10-DEC-172159,2025-03-10T17:20:27+01:00,def/ep-decision-methods/VOTE_ELECTRONIC_ROLLCALL,def/ep-statuses/REJECTED,428.0,110.0,309.0,,False
eli/dl/event/MTG-PL-2023-11-09-VOT-ITM-939652,,,Unknown,Unknown,,,,,False
eli/dl/event/MTG-PL-2023-11-23-VOT-ITM-939718,,,Unknown,Unknown,,,,,False
eli/dl/event/MTG-PL-2025-10-21-VOT-ITM-974708,eli/dl/event/MTG-PL-2025-10-21-DEC-179816,2025-10-21T13:33:08+02:00,def/ep-decision-methods/VOTE_ELECTRONIC_ROLLCALL,def/ep-statuses/ADOPTED,614.0,505.0,62.0,,False
eli/dl/event/MTG-PL-2023-06-01-VOT-ITM-939184,,,Unknown,Unknown,,,,,False
eli/dl/event/MTG-PL-2023-07-11-VOT-ITM-939400,,,Unknown,Unknown,,,,,False
eli/dl/event/MTG-PL-2026-04-28-VOT-ITM-989993,eli/dl/event/MTG-PL-2026-04-28-DEC-190466,2026-04-28T13:22:16+02:00,def/ep-decision-methods/VOTE_ELECTRONIC_ROLLCALL,def/ep-statuses/ADOPTED,658.0,545.0,59.0,,False
eli/dl/event/MTG-PL-2024-03-11-VOT-ITM-000004,eli/dl/event/MTG-PL-2024-03-11-DEC-166328,2024-03-11T17:21:39+01:00,def/ep-decision-methods/VOTE_ELECTRONIC_ROLLCALL,def/ep-statuses/REJECTED,308.0,82.0,211.0,,False
eli/dl/event/MTG-PL-2025-11-13-VOT-ITM-975446,eli/dl/event/MTG-PL-2025-11-13-DEC-181450,,def/ep-decision-methods/VOTE_ELECTRONIC,def/ep-statuses/ADOPTED,634.0,554.0,60.0,,False
eli/dl/event/MTG-PL-2026-07-07-VOT-ITM-992971,eli/dl/event/MTG-PL-2026-07-07-DEC-195334,,def/ep-decision-methods/VOTE_HAND,def/ep-statuses/ADOPTED,,,,,False
eli/dl/event/MTG-PL-2023-12-14-VOT-ITM-939886,,,Unknown,Unknown,,,,,False
eli/dl/event/MTG-PL-2023-09-13-VOT-ITM-939471,,,Unknown,Unknown,,,,,False
eli/dl/event/MTG-PL-2024-04-24-VOT-ITM-946237,eli/dl/event/MTG-PL-2024-04-24-DEC-168630,2024-04-24T13:55:30+02:00,def/ep-decision-methods/VOTE_ELECTRONIC_ROLLCALL,def/ep-statuses/ADOPTED,630.0,556.0,36.0,,False
eli/dl/event/MTG-PL-2026-03-25-VOT-ITM-000003,eli/dl/event/MTG-PL-2026-03-25-DEC-189877,2026-03-25T15:27:06+01:00,def/ep-decision-methods/VOTE_ELECTRONIC_ROLLCALL,def/ep-statuses/REJECTED,521.0,163.0,344.0,,False
eli/dl/event/MTG-PL-2024-04-24-VOT-ITM-946111,eli/dl/event/MTG-PL-2024-04-24-DEC-168450,2024-04-24T18:35:59+02:00,def/ep-decision-methods/VOTE_ELECTRONIC_ROLLCALL,def/ep-statuses/ADOPTED,583.0,461.0,56.0,Provisional agreement,False
eli/dl/event/MTG-PL-2026-04-28-VOT-ITM-989890,eli/dl/event/MTG-PL-2026-04-28-DEC-189909,2026-04-28T14:02:32+02:00,def/ep-decision-methods/VOTE_ELECTRONIC_ROLLCALL,def/ep-statuses/ADOPTED,660.0,657.0,,,False
eli/dl/event/MTG-PL-2023-11-09-VOT-ITM-939685,,,Unknown,Unknown,,,,,False
eli/dl/event/MTG-PL-2025-12-17-VOT-ITM-978508,eli/dl/event/MTG-PL-2025-12-17-DEC-182780,2025-12-17T12:31:45+01:00,def/ep-decision-methods/VOTE_ELECTRONIC_ROLLCALL,def/ep-statuses/ADOPTED,657.0,471.0,137.0,,False
eli/dl/event/MTG-PL-2024-03-12-VOT-ITM-941753,eli/dl/event/MTG-PL-2024-03-12-DEC-166053,2024-03-12T13:41:14+01:00,def/ep-decision-methods/VOTE_ELECTRONIC_ROLLCALL,def/ep-statuses/ADOPTED,607.0,543.0,6.0,Provisional agreement,False
eli/dl/event/MTG-PL-2025-10-08-VOT-ITM-973332,eli/dl/event/MTG-PL-2025-10-08-DEC-179201,,def/ep-decision-methods/VOTE_HAND,def/ep-statuses/REJECTED,,,,,False
eli/dl/event/MTG-PL-2024-04-24-VOT-ITM-946148,eli/dl/event/MTG-PL-2024-04-24-DEC-168564,,def/ep-decision-methods/VOTE_HAND,def/ep-statuses/REJECTED,,,,,False
eli/dl/event/MTG-PL-2024-04-22-VOT-ITM-000011,eli/dl/event/MTG-PL-2024-04-22-DEC-168694,2024-04-22T18:42:12+02:00,def/ep-decision-methods/VOTE_ELECTRONIC_ROLLCALL,def/ep-statuses/ADOPTED,321.0,255.0,65.0,,False
eli/dl/event/MTG-PL-2026-07-07-VOT-ITM-992925,eli/dl/event/MTG-PL-2026-07-07-DEC-194999,,def/ep-decision-methods/VOTE_HAND,def/ep-statuses/ADOPTED,,,,,False
eli/dl/event/MTG-PL-2024-11-25-VOT-ITM-000002,eli/dl/event/MTG-PL-2024-11-25-DEC-170666,,def/ep-decision-methods/VOTE_ELECTRONIC,def/ep-statuses/ADOPTED,446.0,224.0,211.0,,False
eli/dl/event/MTG-PL-2023-02-02-VOT-ITM-938628,,,Unknown,Unknown,,,,,False
eli/dl/event/MTG-PL-2023-01-18-VOT-ITM-938513,,,Unknown,Unknown,,,,,False
eli/dl/event/MTG-PL-2023-05-09-VOT-ITM-939095,,,Unknown,Unknown,,,,,False
eli/dl/event/MTG-PL-2024-04-23-VOT-ITM-946083,eli/dl/event/MTG-PL-2024-04-23-DEC-168305,2024-04-23T13:35:10+02:00,def/ep-decision-methods/VOTE_ELECTRONIC_ROLLCALL,def/ep-statuses/ADOPTED,609.0,533.0,11.0,Provisional agreement,False
eli/dl/event/MTG-PL-2023-11-21-VOT-ITM-939763,,,Unknown,Unknown,,,,,False
eli/dl/event/MTG-PL-2024-01-15-VOT-ITM-000004,eli/dl/event/MTG-PL-2024-01-15-DEC-163202,2024-01-15T17:51:09+01:00,def/ep-decision-methods/VOTE_ELECTRONIC_ROLLCALL,def/ep-statuses/ADOPTED,337.0,327.0,1.0,,False
eli/dl/event/MTG-PL-2025-10-23-VOT-ITM-975318,eli/dl/event/MTG-PL-2025-10-23-DEC-180563,,def/ep-decision-methods/VOTE_ELECTRONIC_ROLLCALL,def/ep-statuses/LAPSED,,,,"Joint motion for a resolution RC-B10-0471/2025 (PPE, S&D, Renew, Verts/ALE)",False
eli/dl/event/MTG-PL-2026-06-18-VOT-ITM-992891,eli/dl/event/MTG-PL-2026-06-18-DEC-194546,2026-06-18T13:14:49+02:00,def/ep-decision-methods/VOTE_ELECTRONIC_ROLLCALL,def/ep-statuses/ADOPTED,571.0,559.0,7.0,,False
eli/dl/event/MTG-PL-2026-03-11-VOT-ITM-986232,eli/dl/event/MTG-PL-2026-03-11-DEC-189110,,def/ep-decision-methods/VOTE_HAND,def/ep-statuses/ADOPTED,,,,,False
eli/dl/event/MTG-PL-2023-09-12-VOT-ITM-939468,,,Unknown,Unknown,,,,,False
eli/dl/event/MTG-PL-2024-04-24-VOT-ITM-945973,eli/dl/event/MTG-PL-2024-04-24-DEC-168299,2024-04-24T13:40:06+02:00,def/ep-decision-methods/VOTE_ELECTRONIC_ROLLCALL,def/ep-statuses/ADOPTED,625.0,412.0,52.0,Provisional agreement,False
eli/dl/event/MTG-PL-2024-04-24-VOT-ITM-946060,eli/dl/event/MTG-PL-2024-04-24-DEC-168338,2024-04-24T13:53:50+02:00,def/ep-decision-methods/VOTE_ELECTRONIC_ROLLCALL,def/ep-statuses/ADOPTED,626.0,590.0,24.0,,False
eli/dl/event/MTG-PL-2026-02-10-VOT-ITM-983660,eli/dl/event/MTG-PL-2026-02-10-DEC-184191,2026-02-10T13:02:28+01:00,def/ep-decision-methods/VOTE_ELECTRONIC_ROLLCALL,def/ep-statuses/ADOPTED,652.0,483.0,102.0,Provisional agreement,False
eli/dl/event/MTG-PL-2025-05-08-VOT-ITM-965488,eli/dl/event/MTG-PL-2025-05-08-DEC-176110,,def/ep-decision-methods/VOTE_HAND,def/ep-statuses/ADOPTED,,,,,False
eli/dl/event/MTG-PL-2026-03-12-VOT-ITM-986151,eli/dl/event/MTG-PL-2026-03-12-DEC-188897,2026-03-12T12:17:14+01:00,def/ep-decision-methods/VOTE_ELECTRONIC_ROLLCALL,def/ep-statuses/REJECTED,543.0,133.0,385.0,"Motion for a resolution B10-0155/2026
(ITRE Committee)",False
eli/dl/event/MTG-PL-2024-04-24-VOT-ITM-945992,eli/dl/event/MTG-PL-2024-04-24-DEC-168491,,def/ep-decision-methods/VOTE_HAND,def/ep-statuses/REJECTED,,,,,False
eli/dl/event/MTG-PL-2023-10-03-VOT-ITM-939520,,,Unknown,Unknown,,,,,False
eli/dl/event/MTG-PL-2026-04-29-VOT-ITM-989979,eli/dl/event/MTG-PL-2026-04-29-DEC-189930,2026-04-29T14:29:55+02:00,def/ep-decision-methods/VOTE_ELECTRONIC_ROLLCALL,def/ep-statuses/ADOPTED,635.0,532.0,75.0,,False
eli/dl/event/MTG-PL-2023-02-01-VOT-ITM-000001,eli/dl/event/MTG-PL-2023-02-01-DEC-152425,2023-02-01T15:07:53+01:00,def/ep-decision-methods/VOTE_ELECTRONIC_ROLLCALL,Unknown,,176.0,213.0,,False
eli/dl/event/MTG-PL-2025-10-09-VOT-ITM-973529,eli/dl/event/MTG-PL-2025-10-09-DEC-179441,2025-10-09T13:13:00+02:00,def/ep-decision-methods/VOTE_ELECTRONIC_ROLLCALL,def/ep-statuses/ADOPTED,618.0,499.0,66.0,,False
eli/dl/event/MTG-PL-2026-06-16-VOT-ITM-992792,eli/dl/event/MTG-PL-2026-06-16-DEC-193893,2026-06-16T13:46:05+02:00,def/ep-decision-methods/VOTE_ELECTRONIC_ROLLCALL,def/ep-statuses/REJECTED,670.0,201.0,462.0,,False
eli/dl/event/MTG-PL-2023-01-19-VOT-ITM-938507,,,Unknown,Unknown,,,,,False
eli/dl/event/MTG-PL-2025-06-17-VOT-ITM-965689,eli/dl/event/MTG-PL-2025-06-17-DEC-176982,2025-06-17T13:36:41+02:00,def/ep-decision-methods/VOTE_ELECTRONIC_ROLLCALL,def/ep-statuses/ADOPTED,663.0,653.0,7.0,,False
eli/dl/event/MTG-PL-2025-10-09-VOT-ITM-973956,eli/dl/event/MTG-PL-2025-10-09-DEC-179714,,def/ep-decision-methods/VOTE_HAND,def/ep-statuses/LAPSED,,,,"Joint motion for a resolution RC-B10-0415/2025
(PPE, S&D, ECR, Renew, Verts/ALE, The Left)",False
eli/dl/event/MTG-PL-2023-02-14-VOT-ITM-938649,,,Unknown,Unknown,,,,,False
eli/dl/event/MTG-PL-2026-05-20-VOT-ITM-990699,eli/dl/event/MTG-PL-2026-05-20-DEC-192447,2026-05-20T13:20:26+02:00,def/ep-decision-methods/VOTE_ELECTRONIC_ROLLCALL,def/ep-statuses/ADOPTED,649.0,545.0,89.0,,False
eli/dl/event/MTG-PL-2025-11-27-VOT-ITM-976861,eli/dl/event/MTG-PL-2025-11-27-DEC-182314,2025-11-27T12:04:39+01:00,def/ep-decision-methods/VOTE_ELECTRONIC_ROLLCALL,def/ep-statuses/REJECTED,582.0,46.0,459.0,"Joint motion for a resolution RC-B10-0528/2025
(PPE, S&D, ECR, Renew, Verts/ALE, Members)",False
eli/dl/event/MTG-PL-2023-07-11-VOT-ITM-939397,,,Unknown,Unknown,,,,,False
eli/dl/event/MTG-PL-2023-11-21-VOT-ITM-939729,,,Unknown,Unknown,,,,,False
eli/dl/event/MTG-PL-2023-05-10-VOT-ITM-939086,,,Unknown,Unknown,,,,,False
eli/dl/event/MTG-PL-2023-02-14-VOT-ITM-938648,,,Unknown,Unknown,,,,,False
eli/dl/event/MTG-PL-2023-02-15-VOT-ITM-938653,,,Unknown,Unknown,,,,,False
eli/dl/event/MTG-PL-2024-04-11-VOT-ITM-943371,eli/dl/event/MTG-PL-2024-04-11-DEC-167162,,def/ep-decision-methods/VOTE_HAND,def/ep-statuses/ADOPTED,,,,Decision on discharge,False
eli/dl/event/MTG-PL-2026-02-11-VOT-ITM-983761,eli/dl/event/MTG-PL-2026-02-11-DEC-184691,2026-02-11T12:27:16+01:00,def/ep-decision-methods/VOTE_ELECTRONIC_ROLLCALL,def/ep-statuses/ADOPTED,648.0,463.0,164.0,"Motion for a resolution B10-0109/2026
(ENVI Committee)",False
eli/dl/event/MTG-PL-2024-04-11-VOT-ITM-944636,eli/dl/event/MTG-PL-2024-04-11-DEC-167260,,def/ep-decision-methods/VOTE_HAND,def/ep-statuses/ADOPTED,,,,Decision on discharge,False
eli/dl/event/MTG-PL-2024-04-11-VOT-ITM-944659,eli/dl/event/MTG-PL-2024-04-11-DEC-167160,2024-04-11T13:07:39+02:00,def/ep-decision-methods/VOTE_ELECTRONIC_ROLLCALL,def/ep-statuses/ADOPTED,601.0,529.0,69.0,Motion for a resolution,False
eli/dl/event/MTG-PL-2023-03-14-VOT-ITM-938863,,,Unknown,Unknown,,,,,False
eli/dl/event/MTG-PL-2026-06-17-VOT-ITM-992853,eli/dl/event/MTG-PL-2026-06-17-DEC-193915,,def/ep-decision-methods/VOTE_ELECTRONIC,def/ep-statuses/REJECTED,574.0,223.0,327.0,Motion for a resolution B10-0274/2026 (ECR),False
eli/dl/event/MTG-PL-2024-04-23-VOT-ITM-944778,eli/dl/event/MTG-PL-2024-04-23-DEC-168709,,def/ep-decision-methods/VOTE_HAND,def/ep-statuses/ADOPTED,,,,"Motion for a resolution B9-0222/2024 
(PPE, S&D, Renew, Verts/ALE, Members)",False
eli/dl/event/MTG-PL-2026-01-21-VOT-ITM-981679,eli/dl/event/MTG-PL-2026-01-21-DEC-183108,2026-01-21T13:48:38+01:00,def/ep-decision-methods/VOTE_ELECTRONIC_ROLLCALL,def/ep-statuses/ADOPTED,626.0,440.0,127.0,,False
eli/dl/event/MTG-PL-2024-03-12-VOT-ITM-120324,eli/dl/event/MTG-PL-2024-03-12-DEC-166503,,Unknown,Unknown,,,,,False
eli/dl/event/MTG-PL-2025-11-13-VOT-ITM-975418,eli/dl/event/MTG-PL-2025-11-13-DEC-181297,2025-11-13T12:18:52+01:00,def/ep-decision-methods/VOTE_ELECTRONIC_ROLLCALL,def/ep-statuses/ADOPTED,587.0,362.0,163.0,,False
eli/dl/event/MTG-PL-2024-02-28-VOT-ITM-940045,eli/dl/event/MTG-PL-2024-02-28-DEC-165034,,def/ep-decision-methods/VOTE_ELECTRONIC,def/ep-statuses/ADOPTED,613.0,332.0,257.0,Draft legislative act,False
eli/dl/event/MTG-PL-2024-04-11-VOT-ITM-943745,eli/dl/event/MTG-PL-2024-04-11-DEC-167209,2024-04-11T13:07:17+02:00,def/ep-decision-methods/VOTE_ELECTRONIC_ROLLCALL,def/ep-statuses/ADOPTED,605.0,494.0,90.0,Motion for a resolution,False
eli/dl/event/MTG-PL-2025-07-08-VOT-ITM-965784,eli/dl/event/MTG-PL-2025-07-08-DEC-177665,2025-07-08T13:41:23+02:00,def/ep-decision-methods/VOTE_ELECTRONIC_ROLLCALL,def/ep-statuses/ADOPTED,677.0,623.0,26.0,,False
eli/dl/event/MTG-PL-2025-12-17-VOT-ITM-978500,eli/dl/event/MTG-PL-2025-12-17-DEC-182609,,def/ep-decision-methods/VOTE_ELECTRONIC_SECRET,def/ep-statuses/ADOPTED,658.0,601.0,26.0,,False
eli/dl/event/MTG-PL-2025-07-09-VOT-ITM-965768,eli/dl/event/MTG-PL-2025-07-09-DEC-177735,2025-07-09T13:28:09+02:00,def/ep-decision-methods/VOTE_ELECTRONIC_ROLLCALL,def/ep-statuses/ADOPTED,693.0,574.0,63.0,,False
eli/dl/event/MTG-PL-2025-07-09-VOT-ITM-965771,eli/dl/event/MTG-PL-2025-07-09-DEC-178031,2025-07-09T13:43:29+02:00,def/ep-decision-methods/VOTE_ELECTRONIC_ROLLCALL,def/ep-statuses/REJECTED,672.0,154.0,513.0,,False
eli/dl/event/MTG-PL-2023-10-18-VOT-ITM-939625,,,Unknown,Unknown,,,,,False
eli/dl/event/MTG-PL-2024-04-11-VOT-ITM-943067,eli/dl/event/MTG-PL-2024-04-11-DEC-167180,2024-04-11T13:12:03+02:00,def/ep-decision-methods/VOTE_ELECTRONIC_ROLLCALL,def/ep-statuses/ADOPTED,604.0,543.0,17.0,Motion for a resolution,False
eli/dl/event/MTG-PL-2024-04-24-VOT-ITM-946247,eli/dl/event/MTG-PL-2024-04-24-DEC-168631,2024-04-24T13:55:07+02:00,def/ep-decision-methods/VOTE_ELECTRONIC_ROLLCALL,def/ep-statuses/ADOPTED,627.0,521.0,89.0,,False
eli/dl/event/MTG-PL-2025-04-01-VOT-ITM-965397,eli/dl/event/MTG-PL-2025-04-01-DEC-173684,,def/ep-decision-methods/VOTE_HAND,def/ep-statuses/ADOPTED,,,,,False
eli/dl/event/MTG-PL-2025-05-07-VOT-ITM-965514,eli/dl/event/MTG-PL-2025-05-07-DEC-175683,2025-05-07T13:46:37+02:00,def/ep-decision-methods/VOTE_ELECTRONIC_ROLLCALL,def/ep-statuses/ADOPTED,661.0,538.0,96.0,Economic and Social Committee,False
eli/dl/event/MTG-PL-2025-07-08-VOT-ITM-965781,eli/dl/event/MTG-PL-2025-07-08-DEC-177666,2025-07-08T13:32:26+02:00,def/ep-decision-methods/VOTE_ELECTRONIC_ROLLCALL,def/ep-statuses/ADOPTED,679.0,531.0,69.0,,False
eli/dl/event/MTG-PL-2024-04-11-VOT-ITM-944420,eli/dl/event/MTG-PL-2024-04-11-DEC-167292,,def/ep-decision-methods/VOTE_HAND,def/ep-statuses/ADOPTED,,,,Decision on discharge,False
eli/dl/event/MTG-PL-2025-11-13-VOT-ITM-975413,eli/dl/event/MTG-PL-2025-11-13-DEC-180626,2025-11-13T12:00:56+01:00,def/ep-decision-methods/VOTE_ELECTRONIC_ROLLCALL,def/ep-statuses/ADOPTED,638.0,611.0,26.0,,False
eli/dl/event/MTG-PL-2024-11-28-VOT-ITM-965049,eli/dl/event/MTG-PL-2024-11-28-DEC-170873,,def/ep-decision-methods/VOTE_HAND,def/ep-statuses/ADOPTED,,,,"Joint motion for a resolution RC-B10-0208/2024
(PPE, S&D, ECR, Renew, Verts/ALE)",False
eli/dl/event/MTG-PL-2024-04-23-VOT-ITM-945958,eli/dl/event/MTG-PL-2024-04-23-DEC-168424,2024-04-23T13:58:45+02:00,def/ep-decision-methods/VOTE_ELECTRONIC_ROLLCALL,def/ep-statuses/ADOPTED,601.0,584.0,3.0,Provisional agreement,False
eli/dl/event/MTG-PL-2023-10-18-VOT-ITM-939594,,,Unknown,Unknown,,,,,False
eli/dl/event/MTG-PL-2026-07-07-VOT-ITM-992917,eli/dl/event/MTG-PL-2026-07-07-DEC-194920,2026-07-07T13:36:58+02:00,def/ep-decision-methods/VOTE_ELECTRONIC_ROLLCALL,def/ep-statuses/ADOPTED,658.0,532.0,64.0,,False
eli/dl/event/MTG-PL-2026-03-10-VOT-ITM-986089,eli/dl/event/MTG-PL-2026-03-10-DEC-186705,,def/ep-decision-methods/VOTE_ELECTRONIC_ROLLCALL,def/ep-statuses/LAPSED,,,,Draft legislative act ,False
eli/dl/event/MTG-PL-2023-09-12-VOT-ITM-939454,,,Unknown,Unknown,,,,,False
eli/dl/event/MTG-PL-2024-01-15-VOT-ITM-000003,eli/dl/event/MTG-PL-2024-01-15-DEC-163201,2024-01-15T17:47:39+01:00,def/ep-decision-methods/VOTE_ELECTRONIC_ROLLCALL,def/ep-statuses/ADOPTED,335.0,206.0,125.0,,False
eli/dl/event/MTG-PL-2023-05-10-VOT-ITM-939107,,,Unknown,Unknown,,,,,False
eli/dl/event/MTG-PL-2024-11-27-VOT-ITM-965005,eli/dl/event/MTG-PL-2024-11-27-DEC-170632,2024-11-27T12:29:20+01:00,def/ep-decision-methods/VOTE_ELECTRONIC_ROLLCALL,def/ep-statuses/ADOPTED,681.0,525.0,75.0,,False
eli/dl/event/MTG-PL-2023-11-22-VOT-ITM-939771,,,Unknown,Unknown,,,,,False
eli/dl/event/MTG-PL-2025-10-21-VOT-ITM-974824,eli/dl/event/MTG-PL-2025-10-21-DEC-179833,,def/ep-decision-methods/VOTE_HAND,def/ep-statuses/ADOPTED,,,,,False
eli/dl/event/MTG-PL-2024-01-18-VOT-ITM-939907,eli/dl/event/MTG-PL-2024-01-18-DEC-163348,,def/ep-decision-methods/VOTE_HAND,def/ep-statuses/ADOPTED,,,,,False
eli/dl/event/MTG-PL-2025-10-22-VOT-ITM-975361,eli/dl/event/MTG-PL-2025-10-22-DEC-180381,,def/ep-decision-methods/VOTE_HAND,def/ep-statuses/ADOPTED,,,,,False
eli/dl/event/MTG-PL-2023-11-22-VOT-ITM-939720,,,Unknown,Unknown,,,,,False
eli/dl/event/MTG-PL-2026-05-19-VOT-ITM-990704,eli/dl/event/MTG-PL-2026-05-19-DEC-192442,,def/ep-decision-methods/VOTE_HAND,def/ep-statuses/ADOPTED,,,,,False
eli/dl/event/MTG-PL-2025-10-09-VOT-ITM-973931,eli/dl/event/MTG-PL-2025-10-09-DEC-179707,,def/ep-decision-methods/VOTE_HAND,def/ep-statuses/LAPSED,,,,Other motions for resolutions,False
eli/dl/event/MTG-PL-2025-05-07-VOT-ITM-965504,eli/dl/event/MTG-PL-2025-05-07-DEC-175116,2025-05-07T13:40:46+02:00,def/ep-decision-methods/VOTE_ELECTRONIC_ROLLCALL,def/ep-statuses/ADOPTED,652.0,513.0,119.0,European Parliament,False
eli/dl/event/MTG-PL-2026-03-26-VOT-ITM-987078,eli/dl/event/MTG-PL-2026-03-26-DEC-189899,,Auto-adopted,Approved,,,,,False
eli/dl/event/MTG-PL-2023-06-01-VOT-ITM-939187,,,Unknown,Unknown,,,,,False
eli/dl/event/MTG-PL-2026-07-08-VOT-ITM-992923,eli/dl/event/MTG-PL-2026-07-08-DEC-194915,,def/ep-decision-methods/VOTE_HAND,def/ep-statuses/REJECTED,,,,,False
eli/dl/event/MTG-PL-2023-09-13-VOT-ITM-939444,,,Unknown,Unknown,,,,,False
eli/dl/event/MTG-PL-2025-11-27-VOT-ITM-976987,eli/dl/event/MTG-PL-2025-11-27-DEC-182312,,def/ep-decision-methods/VOTE_HAND,def/ep-statuses/LAPSED,,,,Other motions for resolutions,False
eli/dl/event/MTG-PL-2023-10-05-VOT-ITM-939565,,,Unknown,Unknown,,,,,False
eli/dl/event/MTG-PL-2024-04-22-VOT-ITM-000001,eli/dl/event/MTG-PL-2024-04-22-DEC-168684,2024-04-22T18:22:40+02:00,def/ep-decision-methods/VOTE_ELECTRONIC_ROLLCALL,def/ep-statuses/REJECTED,327.0,132.0,191.0,,False
eli/dl/event/MTG-PL-2026-06-16-VOT-ITM-992833,eli/dl/event/MTG-PL-2026-06-16-DEC-194338,,def/ep-decision-methods/VOTE_HAND,def/ep-statuses/ADOPTED,,,,,False
eli/dl/event/MTG-PL-2023-10-17-VOT-ITM-939596,,,Unknown,Unknown,,,,,False
eli/dl/event/MTG-PL-2023-10-18-VOT-ITM-939584,,,Unknown,Unknown,,,,,False
eli/dl/event/MTG-PL-2026-03-11-VOT-ITM-986081,eli/dl/event/MTG-PL-2026-03-11-DEC-186071,,def/ep-decision-methods/VOTE_ELECTRONIC,def/ep-statuses/ADOPTED,633.0,325.0,280.0,,False
eli/dl/event/MTG-PL-2024-04-11-VOT-ITM-944639,eli/dl/event/MTG-PL-2024-04-11-DEC-167250,2024-04-11T13:27:29+02:00,def/ep-decision-methods/VOTE_ELECTRONIC_ROLLCALL,def/ep-statuses/ADOPTED,592.0,477.0,50.0,Motion for a resolution,False
eli/dl/event/MTG-PL-2025-10-23-VOT-ITM-974931,eli/dl/event/MTG-PL-2025-10-23-DEC-179859,,def/ep-decision-methods/VOTE_HAND,def/ep-statuses/ADOPTED,,,,Motion for a resolution B10-0446/2025 (CULT Committee),False
eli/dl/event/MTG-PL-2024-04-24-VOT-ITM-945972,eli/dl/event/MTG-PL-2024-04-24-DEC-168266,2024-04-24T18:32:27+02:00,def/ep-decision-methods/VOTE_ELECTRONIC_ROLLCALL,def/ep-statuses/ADOPTED,590.0,448.0,122.0,Provisional agreement,False
eli/dl/event/MTG-PL-2025-06-18-VOT-ITM-965707,eli/dl/event/MTG-PL-2025-06-18-DEC-177337,2025-06-18T13:03:00+02:00,def/ep-decision-methods/VOTE_ELECTRONIC_ROLLCALL,def/ep-statuses/ADOPTED,567.0,386.0,132.0,Provisional agreement,False
eli/dl/event/MTG-PL-2023-04-19-VOT-ITM-938949,,,Unknown,Unknown,,,,,False
eli/dl/event/MTG-PL-2023-05-10-VOT-ITM-939005,,,Unknown,Unknown,,,,,False
eli/dl/event/MTG-PL-2023-05-08-VOT-ITM-000003,eli/dl/event/MTG-PL-2023-05-08-DEC-155098,2023-05-08T18:19:05+02:00,def/ep-decision-methods/VOTE_ELECTRONIC_ROLLCALL,Unknown,,137.0,201.0,,False
eli/dl/event/MTG-PL-2026-03-26-VOT-ITM-987081,eli/dl/event/MTG-PL-2026-03-26-DEC-189336,,def/ep-decision-methods/VOTE_ELECTRONIC,def/ep-statuses/REJECTED,627.0,79.0,528.0,"Motion for a resolution B10-0179/2026
(Verts/ALE, Members)",False
eli/dl/event/MTG-PL-2025-04-01-VOT-ITM-965445,eli/dl/event/MTG-PL-2025-04-01-DEC-174338,,def/ep-decision-methods/VOTE_HAND,def/ep-statuses/ADOPTED,,,,,False
eli/dl/event/MTG-PL-2024-03-12-VOT-ITM-941874,eli/dl/event/MTG-PL-2024-03-12-DEC-166173,,def/ep-decision-methods/VOTE_HAND,def/ep-statuses/ADOPTED,,,,,False
eli/dl/event/MTG-PL-2025-05-21-VOT-ITM-000002,eli/dl/event/MTG-PL-2025-05-21-DEC-176945,2025-05-21T17:03:49+02:00,def/ep-decision-methods/VOTE_ELECTRONIC_ROLLCALL,def/ep-statuses/REJECTED,487.0,102.0,378.0,,False
eli/dl/event/MTG-PL-2023-02-02-VOT-ITM-938604,,,Unknown,Unknown,,,,,False
eli/dl/event/MTG-PL-2023-10-04-VOT-ITM-939504,,,Unknown,Unknown,,,,,False
eli/dl/event/MTG-PL-2025-11-13-VOT-ITM-975445,eli/dl/event/MTG-PL-2025-11-13-DEC-180956,,def/ep-decision-methods/VOTE_HAND,def/ep-statuses/ADOPTED,,,,,False
eli/dl/event/MTG-PL-2024-04-24-VOT-ITM-946506,eli/dl/event/MTG-PL-2024-04-24-DEC-168851,,def/ep-decision-methods/VOTE_HAND,def/ep-statuses/REJECTED,,,,"Motion for a resolution B9-0226/2024
(ENVI Committee)",False
eli/dl/event/MTG-PL-2023-05-10-VOT-ITM-939110,,,Unknown,Unknown,,,,,False
eli/dl/event/MTG-PL-2024-04-24-VOT-ITM-946104,eli/dl/event/MTG-PL-2024-04-24-DEC-168465,,def/ep-decision-methods/VOTE_HAND,def/ep-statuses/LAPSED,,,,,False
eli/dl/event/MTG-PL-2025-05-08-VOT-ITM-965530,eli/dl/event/MTG-PL-2025-05-08-DEC-176124,,def/ep-decision-methods/VOTE_HAND,def/ep-statuses/ADOPTED,,,,,False
eli/dl/event/MTG-PL-2023-03-14-VOT-ITM-938827,,,Unknown,Unknown,,,,,False
eli/dl/event/MTG-PL-2023-06-13-VOT-ITM-939241,,,Unknown,Unknown,,,,,False
eli/dl/event/MTG-PL-2024-04-11-VOT-ITM-942466,eli/dl/event/MTG-PL-2024-04-11-DEC-167188,2024-04-11T13:13:40+02:00,def/ep-decision-methods/VOTE_ELECTRONIC_ROLLCALL,def/ep-statuses/ADOPTED,594.0,526.0,20.0,Motion for a resolution,False
eli/dl/event/MTG-PL-2026-01-21-VOT-ITM-981673,eli/dl/event/MTG-PL-2026-01-21-DEC-183660,,def/ep-decision-methods/VOTE_HAND,def/ep-statuses/ADOPTED,,,,,False
eli/dl/event/MTG-PL-2024-12-18-VOT-ITM-965073,eli/dl/event/MTG-PL-2024-12-18-DEC-171159,2024-12-18T12:21:17+01:00,def/ep-decision-methods/VOTE_ELECTRONIC_ROLLCALL,def/ep-statuses/ADOPTED,651.0,591.0,7.0,,False
eli/dl/event/MTG-PL-2024-04-10-VOT-ITM-944683,eli/dl/event/MTG-PL-2024-04-10-DEC-167684,,def/ep-decision-methods/VOTE_HAND,def/ep-statuses/LAPSED,,,,Draft legislative act,False
eli/dl/event/MTG-PL-2024-01-17-VOT-ITM-939940,eli/dl/event/MTG-PL-2024-01-17-DEC-163057,2024-01-17T12:43:19+01:00,def/ep-decision-methods/VOTE_ELECTRONIC_ROLLCALL,def/ep-statuses/ADOPTED,609.0,409.0,165.0,,False
eli/dl/event/MTG-PL-2025-05-07-VOT-ITM-965502,eli/dl/event/MTG-PL-2025-05-07-DEC-175156,,def/ep-decision-methods/VOTE_HAND,def/ep-statuses/REJECTED,,,,Motion for a resolution,False
eli/dl/event/MTG-PL-2023-10-19-VOT-ITM-939585,,,Unknown,Unknown,,,,,False
eli/dl/event/MTG-PL-2023-10-02-VOT-ITM-000001,eli/dl/event/MTG-PL-2023-10-02-DEC-158745,2023-10-02T18:15:06+02:00,def/ep-decision-methods/VOTE_ELECTRONIC_ROLLCALL,Unknown,,173.0,171.0,,False
eli/dl/event/MTG-PL-2024-12-19-VOT-ITM-965106,eli/dl/event/MTG-PL-2024-12-19-DEC-171368,,def/ep-decision-methods/VOTE_HAND,def/ep-statuses/LAPSED,,,,Other motions for resolutions,False
eli/dl/event/MTG-PL-2023-11-21-VOT-ITM-939746,,,Unknown,Unknown,,,,,False
eli/dl/event/MTG-PL-2026-07-08-VOT-ITM-992944,eli/dl/event/MTG-PL-2026-07-08-DEC-195354,,def/ep-decision-methods/VOTE_ELECTRONIC,def/ep-statuses/REJECTED,662.0,285.0,367.0,"Motion for a resolution B10-0337/2026
(ITRE)",False
eli/dl/event/MTG-PL-2024-01-15-VOT-ITM-000007,eli/dl/event/MTG-PL-2024-01-15-DEC-163205,2024-01-15T17:56:54+01:00,def/ep-decision-methods/VOTE_ELECTRONIC_ROLLCALL,def/ep-statuses/ADOPTED,326.0,185.0,105.0,,False
eli/dl/event/MTG-PL-2024-04-11-VOT-ITM-943259,eli/dl/event/MTG-PL-2024-04-11-DEC-167211,,def/ep-decision-methods/VOTE_HAND,def/ep-statuses/ADOPTED,,,,Decision on discharge,False
eli/dl/event/MTG-PL-2023-11-23-VOT-ITM-939726,,,Unknown,Unknown,,,,,False
eli/dl/event/MTG-PL-2025-01-23-VOT-ITM-965187,eli/dl/event/MTG-PL-2025-01-23-DEC-171531,,def/ep-decision-methods/VOTE_HAND,def/ep-statuses/LAPSED,,,,Other motions for resolutions,False
eli/dl/event/MTG-PL-2025-05-21-VOT-ITM-000003,eli/dl/event/MTG-PL-2025-05-21-DEC-176946,,def/ep-decision-methods/VOTE_ELECTRONIC,def/ep-statuses/REJECTED,489.0,204.0,264.0,,False
eli/dl/event/MTG-PL-2023-07-13-VOT-ITM-939423,,,Unknown,Unknown,,,,,False
eli/dl/event/MTG-PL-2024-01-18-VOT-ITM-939976,eli/dl/event/MTG-PL-2024-01-18-DEC-163531,,def/ep-decision-methods/VOTE_HAND,def/ep-statuses/LAPSED,,,,Other motions for resolutions,False
eli/dl/event/MTG-PL-2026-06-16-VOT-ITM-992788,eli/dl/event/MTG-PL-2026-06-16-DEC-193515,2026-06-16T13:35:03+02:00,def/ep-decision-methods/VOTE_ELECTRONIC_ROLLCALL,def/ep-statuses/ADOPTED,650.0,444.0,152.0,Provisional agreement,False
eli/dl/event/MTG-PL-2025-11-27-VOT-ITM-976973,eli/dl/event/MTG-PL-2025-11-27-DEC-182300,,def/ep-decision-methods/VOTE_HAND,def/ep-statuses/LAPSED,,,,Other motions for resolutions,False
eli/dl/event/MTG-PL-2024-01-17-VOT-ITM-939912,eli/dl/event/MTG-PL-2024-01-17-DEC-163260,,def/ep-decision-methods/VOTE_HAND,def/ep-statuses/ADOPTED,,,,,False
eli/dl/event/MTG-PL-2023-07-12-VOT-ITM-939386,,,Unknown,Unknown,,,,,False
eli/dl/event/MTG-PL-2024-04-24-VOT-ITM-945984,eli/dl/event/MTG-PL-2024-04-24-DEC-168276,2024-04-24T18:33:44+02:00,def/ep-decision-methods/VOTE_ELECTRONIC_ROLLCALL,def/ep-statuses/ADOPTED,590.0,535.0,16.0,Provisional agreement,False
eli/dl/event/MTG-PL-2023-05-10-VOT-ITM-939025,,,Unknown,Unknown,,,,,False
eli/dl/event/MTG-PL-2026-04-28-VOT-ITM-990007,eli/dl/event/MTG-PL-2026-04-28-DEC-190542,,def/ep-decision-methods/VOTE_HAND,def/ep-statuses/ADOPTED,,,,,False
eli/dl/event/MTG-PL-2023-11-20-VOT-ITM-000002,eli/dl/event/MTG-PL-2023-11-20-DEC-161069,2023-11-20T17:17:03+01:00,def/ep-decision-methods/VOTE_ELECTRONIC_ROLLCALL,Unknown,,359.0,10.0,,False
eli/dl/event/MTG-PL-2025-02-12-VOT-ITM-965211,eli/dl/event/MTG-PL-2025-02-12-DEC-171707,2025-02-12T12:08:20+01:00,def/ep-decision-methods/VOTE_ELECTRONIC_ROLLCALL,def/ep-statuses/ADOPTED,649.0,608.0,33.0,,False
eli/dl/event/MTG-PL-2025-02-13-VOT-ITM-965226,eli/dl/event/MTG-PL-2025-02-13-DEC-171858,2025-02-13T12:46:49+01:00,def/ep-decision-methods/VOTE_ELECTRONIC_ROLLCALL,def/ep-statuses/REJECTED,530.0,62.0,408.0,"Joint motion for a resolution RC-B10-0102/2025
(PPE, S&D, ECR, Renew, Verts/ALE, The Left)",False
eli/dl/event/MTG-PL-2025-05-22-VOT-ITM-965625,eli/dl/event/MTG-PL-2025-05-22-DEC-176883,2025-05-22T12:17:26+02:00,def/ep-decision-methods/VOTE_ELECTRONIC_ROLLCALL,def/ep-statuses/REJECTED,583.0,164.0,358.0,,False
eli/dl/event/MTG-PL-2024-01-15-VOT-ITM-000005,eli/dl/event/MTG-PL-2024-01-15-DEC-163203,2024-01-15T17:53:55+01:00,def/ep-decision-methods/VOTE_ELECTRONIC_ROLLCALL,def/ep-statuses/ADOPTED,327.0,200.0,119.0,,False
eli/dl/event/MTG-PL-2024-02-08-VOT-ITM-940029,eli/dl/event/MTG-PL-2024-02-08-DEC-164365,,def/ep-decision-methods/VOTE_HAND,def/ep-statuses/REJECTED,,,,,False
eli/dl/event/MTG-PL-2023-09-14-VOT-ITM-939494,,,Unknown,Unknown,,,,,False
eli/dl/event/MTG-PL-2024-04-11-VOT-ITM-945276,eli/dl/event/MTG-PL-2024-04-11-DEC-168230,2024-04-11T12:24:58+02:00,def/ep-decision-methods/VOTE_ELECTRONIC_ROLLCALL,def/ep-statuses/ADOPTED,600.0,432.0,155.0,,False
eli/dl/event/MTG-PL-2025-10-07-VOT-ITM-973509,eli/dl/event/MTG-PL-2025-10-07-DEC-179417,,def/ep-decision-methods/VOTE_HAND,def/ep-statuses/ADOPTED,,,,,False
eli/dl/event/MTG-PL-2023-09-13-VOT-ITM-939453,,,Unknown,Unknown,,,,,False
eli/dl/event/MTG-PL-2025-09-08-VOT-ITM-348149,eli/dl/event/MTG-PL-2025-09-08-DEC-178760,,def/ep-decision-methods/VOTE_HAND,def/ep-statuses/REJECTED,,,,,False
eli/dl/event/MTG-PL-2026-06-17-VOT-ITM-992811,eli/dl/event/MTG-PL-2026-06-17-DEC-193527,2026-06-17T14:16:46+02:00,def/ep-decision-methods/VOTE_ELECTRONIC_ROLLCALL,def/ep-statuses/ADOPTED,662.0,486.0,101.0,,False
eli/dl/event/MTG-PL-2024-01-18-VOT-ITM-939931,eli/dl/event/MTG-PL-2024-01-18-DEC-163021,2024-01-18T12:18:28+01:00,def/ep-decision-methods/VOTE_ELECTRONIC_ROLLCALL,def/ep-statuses/ADOPTED,555.0,426.0,43.0,,False
eli/dl/event/MTG-PL-2025-07-08-VOT-ITM-965745,eli/dl/event/MTG-PL-2025-07-08-DEC-177621,,def/ep-decision-methods/VOTE_HAND,def/ep-statuses/ADOPTED,,,,,False
eli/dl/event/MTG-PL-2024-01-18-VOT-ITM-939969,eli/dl/event/MTG-PL-2024-01-18-DEC-163539,,def/ep-decision-methods/VOTE_HAND,def/ep-statuses/LAPSED,,,,Other motions for resolutions,False
eli/dl/event/MTG-PL-2025-09-10-VOT-ITM-970657,eli/dl/event/MTG-PL-2025-09-10-DEC-178401,2025-09-10T14:21:01+02:00,def/ep-decision-methods/VOTE_ELECTRONIC_ROLLCALL,def/ep-statuses/ADOPTED,667.0,634.0,4.0,,False
eli/dl/event/MTG-PL-2025-05-06-VOT-ITM-965509,eli/dl/event/MTG-PL-2025-05-06-DEC-176083,,Auto-adopted,Approved,,,,,False
eli/dl/event/MTG-PL-2025-11-13-VOT-ITM-975447,eli/dl/event/MTG-PL-2025-11-13-DEC-180980,2025-11-13T11:53:00+01:00,def/ep-decision-methods/VOTE_ELECTRONIC_ROLLCALL,def/ep-statuses/REJECTED,639.0,136.0,432.0,"Motion for a resolution B10-0479/2025
(Members)",False
eli/dl/event/MTG-PL-2024-03-13-VOT-ITM-941855,eli/dl/event/MTG-PL-2024-03-13-DEC-166260,2024-03-13T12:19:21+01:00,def/ep-decision-methods/VOTE_ELECTRONIC_ROLLCALL,def/ep-statuses/ADOPTED,626.0,534.0,45.0,,False
eli/dl/event/MTG-PL-2025-10-09-VOT-ITM-973903,eli/dl/event/MTG-PL-2025-10-09-DEC-179571,2025-10-09T13:10:12+02:00,def/ep-decision-methods/VOTE_ELECTRONIC_ROLLCALL,def/ep-statuses/REJECTED,594.0,133.0,383.0,Motion of censure B10-0402/2025,False
eli/dl/event/MTG-PL-2023-03-30-VOT-ITM-938923,,,Unknown,Unknown,,,,,False
eli/dl/event/MTG-PL-2025-05-06-VOT-ITM-965489,eli/dl/event/MTG-PL-2025-05-06-DEC-175045,,def/ep-decision-methods/VOTE_HAND,def/ep-statuses/ADOPTED,,,,,False
eli/dl/event/MTG-PL-2024-04-23-VOT-ITM-946503,eli/dl/event/MTG-PL-2024-04-23-DEC-168783,2024-04-23T13:13:25+02:00,def/ep-decision-methods/VOTE_ELECTRONIC_ROLLCALL,def/ep-statuses/ADOPTED,595.0,420.0,155.0,Motion for a resolution,False
eli/dl/event/MTG-PL-2025-07-08-VOT-ITM-965774,eli/dl/event/MTG-PL-2025-07-08-DEC-177650,2025-07-08T13:36:01+02:00,def/ep-decision-methods/VOTE_ELECTRONIC_ROLLCALL,def/ep-statuses/ADOPTED,681.0,572.0,42.0,Provisional agreement,False
eli/dl/event/MTG-PL-2023-10-16-VOT-ITM-000004,eli/dl/event/MTG-PL-2023-10-16-DEC-159230,2023-10-16T18:29:04+02:00,def/ep-decision-methods/VOTE_ELECTRONIC_ROLLCALL,Unknown,,93.0,260.0,,False
eli/dl/event/MTG-PL-2024-02-28-VOT-ITM-940106,eli/dl/event/MTG-PL-2024-02-28-DEC-164532,2024-02-28T13:00:04+01:00,def/ep-decision-methods/VOTE_ELECTRONIC_ROLLCALL,def/ep-statuses/ADOPTED,603.0,520.0,19.0,Provisional agreement,False
eli/dl/event/MTG-PL-2023-09-12-VOT-ITM-939467,,,Unknown,Unknown,,,,,False
eli/dl/event/MTG-PL-2023-10-05-VOT-ITM-939567,,,Unknown,Unknown,,,,,False
eli/dl/event/MTG-PL-2024-03-14-VOT-ITM-942297,eli/dl/event/MTG-PL-2024-03-14-DEC-166701,2024-03-14T12:38:08+01:00,def/ep-decision-methods/VOTE_ELECTRONIC_ROLLCALL,def/ep-statuses/ADOPTED,512.0,412.0,72.0,"Motion for a resolution B9-0174/2024 (PPE, S&D, Renew, Verts/ALE, The Left)",False
eli/dl/event/MTG-PL-2025-03-11-VOT-ITM-965276,eli/dl/event/MTG-PL-2025-03-11-DEC-172154,,def/ep-decision-methods/VOTE_HAND,def/ep-statuses/ADOPTED,,,,,False
eli/dl/event/MTG-PL-2024-02-28-VOT-ITM-940077,eli/dl/event/MTG-PL-2024-02-28-DEC-165235,2024-02-28T13:01:45+01:00,def/ep-decision-methods/VOTE_ELECTRONIC_ROLLCALL,def/ep-statuses/REJECTED,600.0,202.0,373.0,,False
eli/dl/event/MTG-PL-2023-06-13-VOT-ITM-939231,,,Unknown,Unknown,,,,,False
eli/dl/event/MTG-PL-2024-02-05-VOT-ITM-000004,eli/dl/event/MTG-PL-2024-02-05-DEC-164069,2024-02-05T17:19:05+01:00,def/ep-decision-methods/VOTE_ELECTRONIC_ROLLCALL,def/ep-statuses/REJECTED,349.0,58.0,283.0,,False
eli/dl/event/MTG-PL-2023-09-13-VOT-ITM-939449,,,Unknown,Unknown,,,,,False
eli/dl/event/MTG-PL-2023-11-23-VOT-ITM-939789,,,Unknown,Unknown,,,,,False
eli/dl/event/MTG-PL-2026-04-29-VOT-ITM-989964,eli/dl/event/MTG-PL-2026-04-29-DEC-191289,2026-04-29T13:48:39+02:00,def/ep-decision-methods/VOTE_ELECTRONIC_ROLLCALL,def/ep-statuses/REJECTED,653.0,210.0,432.0,Motion for a resolution,False
eli/dl/event/MTG-PL-2024-11-14-VOT-ITM-964868,eli/dl/event/MTG-PL-2024-11-14-DEC-170527,2024-11-14T11:46:45+01:00,def/ep-decision-methods/VOTE_ELECTRONIC_ROLLCALL,def/ep-statuses/REJECTED,640.0,184.0,453.0,"Motion for a resolution B10-0156/2024
(ENVI Committee)",False
eli/dl/event/MTG-PL-2023-11-21-VOT-ITM-939723,,,Unknown,Unknown,,,,,False
eli/dl/event/MTG-PL-2025-03-11-VOT-ITM-965270,eli/dl/event/MTG-PL-2025-03-11-DEC-172135,2025-03-11T13:03:33+01:00,def/ep-decision-methods/VOTE_ELECTRONIC_ROLLCALL,def/ep-statuses/REJECTED,665.0,210.0,449.0,,False
eli/dl/event/MTG-PL-2023-03-13-VOT-ITM-000005,eli/dl/event/MTG-PL-2023-03-13-DEC-153637,2023-03-13T17:29:57+01:00,def/ep-decision-methods/VOTE_ELECTRONIC_ROLLCALL,Unknown,,167.0,194.0,,False
eli/dl/event/MTG-PL-2026-04-30-VOT-ITM-990172,eli/dl/event/MTG-PL-2026-04-30-DEC-192312,2026-04-30T13:35:38+02:00,def/ep-decision-methods/VOTE_ELECTRONIC_ROLLCALL,def/ep-statuses/ADOPTED,568.0,458.0,88.0,"Joint motion for a resolution RC-B10-0195/2026
(PPE, S&D, ECR, Renew, Verts/ALE)",False
eli/dl/event/MTG-PL-2025-10-23-VOT-ITM-975331,eli/dl/event/MTG-PL-2025-10-23-DEC-180520,2025-10-23T13:08:06+02:00,def/ep-decision-methods/VOTE_ELECTRONIC_ROLLCALL,def/ep-statuses/REJECTED,571.0,220.0,341.0,Proposal to reject the Council position,False
eli/dl/event/MTG-PL-2026-04-28-VOT-ITM-989995,eli/dl/event/MTG-PL-2026-04-28-DEC-190540,,def/ep-decision-methods/VOTE_HAND,def/ep-statuses/ADOPTED,,,,,False
eli/dl/event/MTG-PL-2024-04-10-VOT-ITM-944769,eli/dl/event/MTG-PL-2024-04-10-DEC-167638,,def/ep-decision-methods/VOTE_HAND,def/ep-statuses/LAPSED,,,,Draft legislative act,False
eli/dl/event/MTG-PL-2024-04-10-VOT-ITM-944541,eli/dl/event/MTG-PL-2024-04-10-DEC-167003,2024-04-10T18:36:34+02:00,def/ep-decision-methods/VOTE_ELECTRONIC_ROLLCALL,def/ep-statuses/ADOPTED,621.0,329.0,213.0,,False
eli/dl/event/MTG-PL-2025-03-10-VOT-ITM-000002,eli/dl/event/MTG-PL-2025-03-10-DEC-172160,2025-03-10T17:23:26+01:00,def/ep-decision-methods/VOTE_ELECTRONIC_ROLLCALL,def/ep-statuses/REJECTED,433.0,109.0,317.0,,False
eli/dl/event/MTG-PL-2023-12-13-VOT-ITM-939811,,,Unknown,Unknown,,,,,False
eli/dl/event/MTG-PL-2023-07-11-VOT-ITM-939363,,,Unknown,Unknown,,,,,False
eli/dl/event/MTG-PL-2025-12-18-VOT-ITM-978924,eli/dl/event/MTG-PL-2025-12-18-DEC-182928,,def/ep-decision-methods/VOTE_HAND,def/ep-statuses/LAPSED,,,,Other motions for resolutions,False
eli/dl/event/MTG-PL-2024-01-18-VOT-ITM-939967,eli/dl/event/MTG-PL-2024-01-18-DEC-163639,2024-01-18T12:49:47+01:00,def/ep-decision-methods/VOTE_ELECTRONIC_ROLLCALL,def/ep-statuses/REJECTED,513.0,86.0,407.0,"Joint motion for a resolution RC-B9-0068/2024 (S&D, Renew, Verts/ALE, Members)",False
eli/dl/event/MTG-PL-2024-04-10-VOT-ITM-943870,eli/dl/event/MTG-PL-2024-04-10-DEC-166933,,def/ep-decision-methods/VOTE_ELECTRONIC_ROLLCALL,def/ep-statuses/LAPSED,,,,Draft legislative act,False
eli/dl/event/MTG-PL-2024-04-11-VOT-ITM-942394,eli/dl/event/MTG-PL-2024-04-11-DEC-167199,2024-04-11T12:59:51+02:00,def/ep-decision-methods/VOTE_ELECTRONIC_ROLLCALL,def/ep-statuses/ADOPTED,603.0,525.0,69.0,Motion for a resolution,False
eli/dl/event/MTG-PL-2025-02-13-VOT-ITM-965227,eli/dl/event/MTG-PL-2025-02-13-DEC-171833,,def/ep-decision-methods/VOTE_HAND,def/ep-statuses/LAPSED,,,,Other motions for resolutions,False
eli/dl/event/MTG-PL-2026-01-21-VOT-ITM-981670,eli/dl/event/MTG-PL-2026-01-21-DEC-183223,,def/ep-decision-methods/VOTE_HAND,def/ep-statuses/ADOPTED,,,,,False
eli/dl/event/MTG-PL-2023-06-01-VOT-ITM-939189,,,Unknown,Unknown,,,,,False
eli/dl/event/MTG-PL-2024-02-07-VOT-ITM-939985,eli/dl/event/MTG-PL-2024-02-07-DEC-164218,2024-02-07T13:34:43+01:00,def/ep-decision-methods/VOTE_ELECTRONIC_ROLLCALL,def/ep-statuses/ADOPTED,616.0,523.0,34.0,"Motion for a resolution B9-0095/2024 (PPE, S&D, Renew, Verts/ALE, ECR, The Left)",False
eli/dl/event/MTG-PL-2025-11-26-VOT-ITM-976806,eli/dl/event/MTG-PL-2025-11-26-DEC-181984,,def/ep-decision-methods/VOTE_HAND,def/ep-statuses/LAPSED,,,,"Motion for a resolution B10-0504/2025
(PfE)",False
eli/dl/event/MTG-PL-2025-10-23-VOT-ITM-975366,eli/dl/event/MTG-PL-2025-10-23-DEC-180521,2025-10-23T13:03:44+02:00,def/ep-decision-methods/VOTE_ELECTRONIC_ROLLCALL,def/ep-statuses/REJECTED,531.0,93.0,431.0,Proposal to reject the Commission proposal,False
eli/dl/event/MTG-PL-2023-07-13-VOT-ITM-939407,,,Unknown,Unknown,,,,,False
eli/dl/event/MTG-PL-2023-04-20-VOT-ITM-938986,,,Unknown,Unknown,,,,,False
eli/dl/event/MTG-PL-2026-03-11-VOT-ITM-986082,eli/dl/event/MTG-PL-2026-03-11-DEC-186518,2026-03-11T13:07:40+01:00,def/ep-decision-methods/VOTE_ELECTRONIC_ROLLCALL,def/ep-statuses/ADOPTED,630.0,385.0,147.0,,False
eli/dl/event/MTG-PL-2023-05-11-VOT-ITM-939123,,,Unknown,Unknown,,,,,False
eli/dl/event/MTG-PL-2025-09-09-VOT-ITM-970656,eli/dl/event/MTG-PL-2025-09-09-DEC-178546,2025-09-09T13:53:49+02:00,def/ep-decision-methods/VOTE_ELECTRONIC_ROLLCALL,def/ep-statuses/REJECTED,645.0,72.0,522.0,,False
eli/dl/event/MTG-PL-2026-05-18-VOT-ITM-000002,eli/dl/event/MTG-PL-2026-05-18-DEC-192714,2026-05-18T18:12:35+02:00,def/ep-decision-methods/VOTE_ELECTRONIC_ROLLCALL,def/ep-statuses/ADOPTED,448.0,355.0,86.0,,False
eli/dl/event/MTG-PL-2024-07-17-VOT-ITM-000001,eli/dl/event/MTG-PL-2024-07-17-DEC-169367,2024-07-17T10:09:17+02:00,def/ep-decision-methods/VOTE_ELECTRONIC_ROLLCALL,def/ep-statuses/REJECTED,416.0,149.0,251.0,,False
eli/dl/event/MTG-PL-2023-07-12-VOT-ITM-939391,,,Unknown,Unknown,,,,,False
eli/dl/event/MTG-PL-2024-01-17-VOT-ITM-939911,eli/dl/event/MTG-PL-2024-01-17-DEC-163042,,def/ep-decision-methods/VOTE_ELECTRONIC,def/ep-statuses/ADOPTED,626.0,339.0,251.0,,False
eli/dl/event/MTG-PL-2024-11-26-VOT-ITM-964967,eli/dl/event/MTG-PL-2024-11-26-DEC-170641,2024-11-26T12:11:24+01:00,def/ep-decision-methods/VOTE_ELECTRONIC_ROLLCALL,def/ep-statuses/ADOPTED,661.0,478.0,166.0,"Motion for a resolution B10-0149/2024
(ENVI Committee)",False
eli/dl/event/MTG-PL-2024-02-06-VOT-ITM-939993,eli/dl/event/MTG-PL-2024-02-06-DEC-163783,,def/ep-decision-methods/VOTE_ELECTRONIC,def/ep-statuses/ADOPTED,628.0,335.0,283.0,Draft legislative act,False
eli/dl/event/MTG-PL-2026-04-30-VOT-ITM-990247,eli/dl/event/MTG-PL-2026-04-30-DEC-192283,,def/ep-decision-methods/VOTE_HAND,def/ep-statuses/REJECTED,,,,"Joint motion for a resolution RC-B10-0217/2026 
(PPE, ECR, Renew)",False
eli/dl/event/MTG-PL-2024-02-08-VOT-ITM-940031,eli/dl/event/MTG-PL-2024-02-08-DEC-164390,,def/ep-decision-methods/VOTE_HAND,def/ep-statuses/ADOPTED,,,,"Joint motion for a resolution RC-B9-0106/2024
(PPE, S&D, Renew, Verts/ALE, ECR, The Left)",False
eli/dl/event/MTG-PL-2026-04-29-VOT-ITM-989885,eli/dl/event/MTG-PL-2026-04-29-DEC-190566,,def/ep-decision-methods/VOTE_HAND,def/ep-statuses/REJECTED,,,,,False
eli/dl/event/MTG-PL-2024-10-22-VOT-ITM-962689,eli/dl/event/MTG-PL-2024-10-22-DEC-169903,,def/ep-decision-methods/VOTE_HAND,def/ep-statuses/ADOPTED,,,,Motion for a resolution,False
eli/dl/event/MTG-PL-2025-06-19-VOT-ITM-965691,eli/dl/event/MTG-PL-2025-06-19-DEC-177421,2025-06-19T13:27:40+02:00,def/ep-decision-methods/VOTE_ELECTRONIC_ROLLCALL,def/ep-statuses/ADOPTED,576.0,381.0,151.0,"Motion for a resolution B10-0277/2025
(ITRE Committee)",False
eli/dl/event/MTG-PL-2025-04-03-VOT-ITM-965472,eli/dl/event/MTG-PL-2025-04-03-DEC-174955,,def/ep-decision-methods/VOTE_HAND,def/ep-statuses/REJECTED,,,,Draft legislative act,False
eli/dl/event/MTG-PL-2024-04-25-VOT-ITM-946517,eli/dl/event/MTG-PL-2024-04-25-DEC-169093,,def/ep-decision-methods/VOTE_HAND,def/ep-statuses/LAPSED,,,,Other motions for resolutions,False
eli/dl/event/MTG-PL-2025-06-17-VOT-ITM-965665,eli/dl/event/MTG-PL-2025-06-17-DEC-176988,2025-06-17T13:37:31+02:00,def/ep-decision-methods/VOTE_ELECTRONIC_ROLLCALL,def/ep-statuses/ADOPTED,653.0,484.0,127.0,,False
eli/dl/event/MTG-PL-2025-10-07-VOT-ITM-973324,eli/dl/event/MTG-PL-2025-10-07-DEC-179221,2025-10-07T13:26:56+02:00,def/ep-decision-methods/VOTE_ELECTRONIC_ROLLCALL,def/ep-statuses/ADOPTED,650.0,636.0,10.0,Provisional agreement,False
eli/dl/event/MTG-PL-2025-11-26-VOT-ITM-976810,eli/dl/event/MTG-PL-2025-11-26-DEC-182051,,def/ep-decision-methods/VOTE_HAND,def/ep-statuses/ADOPTED,,,,,False
eli/dl/event/MTG-PL-2026-01-20-VOT-ITM-981677,eli/dl/event/MTG-PL-2026-01-20-DEC-183246,,def/ep-decision-methods/VOTE_HAND,def/ep-statuses/ADOPTED,,,,Draft legislative act ,False
eli/dl/event/MTG-PL-2024-03-12-VOT-ITM-941767,eli/dl/event/MTG-PL-2024-03-12-DEC-166038,2024-03-12T13:30:58+01:00,def/ep-decision-methods/VOTE_ELECTRONIC_ROLLCALL,def/ep-statuses/ADOPTED,615.0,370.0,199.0,Provisional agreement,False
eli/dl/event/MTG-PL-2026-04-29-VOT-ITM-989884,eli/dl/event/MTG-PL-2026-04-29-DEC-191310,2026-04-29T13:56:18+02:00,def/ep-decision-methods/VOTE_ELECTRONIC_ROLLCALL,def/ep-statuses/ADOPTED,651.0,458.0,178.0,Motion for a resolution,False
eli/dl/event/MTG-PL-2024-04-23-VOT-ITM-946120,eli/dl/event/MTG-PL-2024-04-23-DEC-168431,,def/ep-decision-methods/VOTE_HAND,def/ep-statuses/ADOPTED,,,,,False
eli/dl/event/MTG-PL-2025-06-19-VOT-ITM-965709,eli/dl/event/MTG-PL-2025-06-19-DEC-177571,,def/ep-decision-methods/VOTE_HAND,def/ep-statuses/LAPSED,,,,Other motions for resolutions,False
eli/dl/event/MTG-PL-2025-12-17-VOT-ITM-978310,eli/dl/event/MTG-PL-2025-12-17-DEC-182809,,def/ep-decision-methods/VOTE_HAND,def/ep-statuses/ADOPTED,,,,Draft legislative resolution,False
eli/dl/event/MTG-PL-2023-07-11-VOT-ITM-939382,,,Unknown,Unknown,,,,,False
eli/dl/event/MTG-PL-2023-09-13-VOT-ITM-939464,,,Unknown,Unknown,,,,,False
eli/dl/event/MTG-PL-2025-04-01-VOT-ITM-965404,eli/dl/event/MTG-PL-2025-04-01-DEC-173690,2025-04-01T13:15:12+02:00,def/ep-decision-methods/VOTE_ELECTRONIC_ROLLCALL,def/ep-statuses/ADOPTED,676.0,571.0,59.0,,False
eli/dl/event/MTG-PL-2023-02-01-VOT-ITM-000005,eli/dl/event/MTG-PL-2023-02-01-DEC-152429,2023-02-01T15:18:03+01:00,def/ep-decision-methods/VOTE_ELECTRONIC_ROLLCALL,Unknown,,99.0,311.0,,False
eli/dl/event/MTG-PL-2023-02-15-VOT-ITM-938726,,,Unknown,Unknown,,,,,False
eli/dl/event/MTG-PL-2024-04-11-VOT-ITM-942400,eli/dl/event/MTG-PL-2024-04-11-DEC-168015,2024-04-11T13:03:25+02:00,def/ep-decision-methods/VOTE_ELECTRONIC_ROLLCALL,def/ep-statuses/ADOPTED,604.0,562.0,15.0,Decision on discharge,False
eli/dl/event/MTG-PL-2023-11-20-VOT-ITM-000003,eli/dl/event/MTG-PL-2023-11-20-DEC-161070,2023-11-20T17:20:32+01:00,def/ep-decision-methods/VOTE_ELECTRONIC_ROLLCALL,Unknown,,95.0,264.0,,False
eli/dl/event/MTG-PL-2025-03-13-VOT-ITM-965345,eli/dl/event/MTG-PL-2025-03-13-DEC-172974,,def/ep-decision-methods/VOTE_HAND,def/ep-statuses/LAPSED,,,,Other motions for resolutions,False
eli/dl/event/MTG-PL-2025-05-22-VOT-ITM-965588,eli/dl/event/MTG-PL-2025-05-22-DEC-176681,2025-05-22T12:22:44+02:00,def/ep-decision-methods/VOTE_ELECTRONIC_ROLLCALL,def/ep-statuses/ADOPTED,582.0,489.0,55.0,,False
eli/dl/event/MTG-PL-2023-11-09-VOT-ITM-939654,,,Unknown,Unknown,,,,,False
eli/dl/event/MTG-PL-2024-10-09-VOT-ITM-961921,eli/dl/event/MTG-PL-2024-10-09-DEC-169789,,def/ep-decision-methods/VOTE_HAND,def/ep-statuses/ADOPTED,,,,"Joint motion for a resolution RC-B10-0070/2024
(PPE, S&D, ECR, Renew, Verts/ALE, Members)",False
eli/dl/event/MTG-PL-2023-12-12-VOT-ITM-939827,,,Unknown,Unknown,,,,,False
eli/dl/event/MTG-PL-2023-12-12-VOT-ITM-939807,,,Unknown,Unknown,,,,,False
eli/dl/event/MTG-PL-2025-11-25-VOT-ITM-976278,eli/dl/event/MTG-PL-2025-11-25-DEC-181551,2025-11-25T12:51:56+01:00,def/ep-decision-methods/VOTE_ELECTRONIC_ROLLCALL,def/ep-statuses/ADOPTED,647.0,426.0,182.0,,False
eli/dl/event/MTG-PL-2023-06-13-VOT-ITM-939239,,,Unknown,Unknown,,,,,False
eli/dl/event/MTG-PL-2023-07-11-VOT-ITM-939387,,,Unknown,Unknown,,,,,False
eli/dl/event/MTG-PL-2023-05-10-VOT-ITM-939037,,,Unknown,Unknown,,,,,False
eli/dl/event/MTG-PL-2023-10-03-VOT-ITM-939524,,,Unknown,Unknown,,,,,False
eli/dl/event/MTG-PL-2024-04-11-VOT-ITM-942467,eli/dl/event/MTG-PL-2024-04-11-DEC-167176,2024-04-11T13:13:19+02:00,def/ep-decision-methods/VOTE_ELECTRONIC_ROLLCALL,def/ep-statuses/ADOPTED,599.0,527.0,63.0,Motion for a resolution,False
eli/dl/event/MTG-PL-2025-04-03-VOT-ITM-965468,eli/dl/event/MTG-PL-2025-04-03-DEC-174988,2025-04-03T13:23:56+02:00,def/ep-decision-methods/VOTE_ELECTRONIC_ROLLCALL,def/ep-statuses/ADOPTED,609.0,535.0,19.0,"Joint motion for a resolution RC-B10-0219/2025
(PPE, S&D, ECR, Renew, Verts/ALE, Members)",False
eli/dl/event/MTG-PL-2025-05-08-VOT-ITM-965531,eli/dl/event/MTG-PL-2025-05-08-DEC-175398,2025-05-08T13:40:39+02:00,def/ep-decision-methods/VOTE_ELECTRONIC_ROLLCALL,def/ep-statuses/ADOPTED,554.0,354.0,147.0,,False
eli/dl/event/MTG-PL-2024-04-24-VOT-ITM-945974,eli/dl/event/MTG-PL-2024-04-24-DEC-168284,,def/ep-decision-methods/VOTE_HAND,def/ep-statuses/ADOPTED,,,,Draft legislative resolution,False
eli/dl/event/MTG-PL-2023-07-11-VOT-ITM-939388,,,Unknown,Unknown,,,,,False
eli/dl/event/MTG-PL-2026-04-28-VOT-ITM-990079,eli/dl/event/MTG-PL-2026-04-28-DEC-190173,,def/ep-decision-methods/VOTE_HAND,def/ep-statuses/ADOPTED,,,,,False
eli/dl/event/MTG-PL-2026-01-20-VOT-ITM-981712,eli/dl/event/MTG-PL-2026-01-20-DEC-183243,,def/ep-decision-methods/VOTE_HAND,def/ep-statuses/ADOPTED,,,,,False
eli/dl/event/MTG-PL-2023-02-16-VOT-ITM-938763,,,Unknown,Unknown,,,,,False
eli/dl/event/MTG-PL-2023-05-09-VOT-ITM-939065,,,Unknown,Unknown,,,,,False
eli/dl/event/MTG-PL-2025-10-22-VOT-ITM-974704,eli/dl/event/MTG-PL-2025-10-22-DEC-179923,,def/ep-decision-methods/VOTE_ELECTRONIC,def/ep-statuses/REJECTED,647.0,262.0,384.0,Motion for a resolution,False
eli/dl/event/MTG-PL-2024-11-14-VOT-ITM-964546,eli/dl/event/MTG-PL-2024-11-14-DEC-170382,2024-11-14T11:22:06+01:00,def/ep-decision-methods/VOTE_ELECTRONIC_ROLLCALL,def/ep-statuses/ADOPTED,642.0,621.0,10.0,,False
eli/dl/event/MTG-PL-2025-10-09-VOT-ITM-973902,eli/dl/event/MTG-PL-2025-10-09-DEC-179569,2025-10-09T13:09:41+02:00,def/ep-decision-methods/VOTE_ELECTRONIC_ROLLCALL,def/ep-statuses/REJECTED,594.0,179.0,378.0,Motion of censure B10-0400/2025,False
eli/dl/event/MTG-PL-2025-05-07-VOT-ITM-965493,eli/dl/event/MTG-PL-2025-05-07-DEC-175708,2025-05-07T13:48:51+02:00,def/ep-decision-methods/VOTE_ELECTRONIC_ROLLCALL,def/ep-statuses/REJECTED,652.0,246.0,267.0,Motion for a resolution,False
eli/dl/event/MTG-PL-2025-09-10-VOT-ITM-970647,eli/dl/event/MTG-PL-2025-09-10-DEC-178406,2025-09-10T14:20:38+02:00,def/ep-decision-methods/VOTE_ELECTRONIC_ROLLCALL,def/ep-statuses/ADOPTED,667.0,662.0,3.0,,False
eli/dl/event/MTG-PL-2023-04-19-VOT-ITM-938961,,,Unknown,Unknown,,,,,False
eli/dl/event/MTG-PL-2024-11-27-VOT-ITM-965030,eli/dl/event/MTG-PL-2024-11-27-DEC-170725,2024-11-27T12:22:24+01:00,def/ep-decision-methods/VOTE_ELECTRONIC_ROLLCALL,def/ep-statuses/REJECTED,683.0,173.0,455.0,"Motion for a resolution B10-0196/2024
    (PfE)",False
eli/dl/event/MTG-PL-2026-03-10-VOT-ITM-986077,eli/dl/event/MTG-PL-2026-03-10-DEC-186119,,def/ep-decision-methods/VOTE_ELECTRONIC_SECRET,def/ep-statuses/ADOPTED,619.0,460.0,68.0,,False
eli/dl/event/MTG-PL-2023-10-03-VOT-ITM-939507,,,Unknown,Unknown,,,,,False
eli/dl/event/MTG-PL-2024-02-26-VOT-ITM-000008,eli/dl/event/MTG-PL-2024-02-26-DEC-165183,,def/ep-decision-methods/VOTE_HAND,def/ep-statuses/ADOPTED,,,,,False
eli/dl/event/MTG-PL-2024-03-13-VOT-ITM-941841,eli/dl/event/MTG-PL-2024-03-13-DEC-166083,2024-03-13T12:14:52+01:00,def/ep-decision-methods/VOTE_ELECTRONIC_ROLLCALL,def/ep-statuses/ADOPTED,625.0,605.0,7.0,,False
eli/dl/event/MTG-PL-2025-10-23-VOT-ITM-975337,eli/dl/event/MTG-PL-2025-10-23-DEC-180605,,Auto-adopted,Approved,,,,,False
eli/dl/event/MTG-PL-2024-03-13-VOT-ITM-941775,eli/dl/event/MTG-PL-2024-03-13-DEC-166175,2024-03-13T17:04:16+01:00,def/ep-decision-methods/VOTE_ELECTRONIC_ROLLCALL,def/ep-statuses/ADOPTED,524.0,297.0,190.0,Provisional agreement,False
eli/dl/event/MTG-PL-2025-01-22-VOT-ITM-965165,eli/dl/event/MTG-PL-2025-01-22-DEC-171442,,def/ep-decision-methods/VOTE_HAND,def/ep-statuses/LAPSED,,,,Other motions for resolutions,False
eli/dl/event/MTG-PL-2025-05-07-VOT-ITM-965492,eli/dl/event/MTG-PL-2025-05-07-DEC-175737,2025-05-07T13:49:31+02:00,def/ep-decision-methods/VOTE_ELECTRONIC_ROLLCALL,def/ep-statuses/REJECTED,658.0,118.0,507.0,Motion for a resolution,False
eli/dl/event/MTG-PL-2023-05-11-VOT-ITM-939124,,,Unknown,Unknown,,,,,False
eli/dl/event/MTG-PL-2026-03-10-VOT-ITM-986080,eli/dl/event/MTG-PL-2026-03-10-DEC-186888,2026-03-10T14:05:40+01:00,def/ep-decision-methods/VOTE_ELECTRONIC_ROLLCALL,def/ep-statuses/REJECTED,606.0,173.0,433.0,,False
eli/dl/event/MTG-PL-2026-04-28-VOT-ITM-989887,eli/dl/event/MTG-PL-2026-04-28-DEC-190309,2026-04-28T14:09:42+02:00,def/ep-decision-methods/VOTE_ELECTRONIC_ROLLCALL,def/ep-statuses/ADOPTED,640.0,335.0,281.0,,False
eli/dl/event/MTG-PL-2025-03-12-VOT-ITM-965286,eli/dl/event/MTG-PL-2025-03-12-DEC-172527,,def/ep-decision-methods/VOTE_HAND,def/ep-statuses/LAPSED,,,,Other motions for resolutions,False
eli/dl/event/MTG-PL-2024-02-07-VOT-ITM-939986,eli/dl/event/MTG-PL-2024-02-07-DEC-163767,2024-02-07T12:56:12+01:00,def/ep-decision-methods/VOTE_ELECTRONIC_ROLLCALL,def/ep-statuses/ADOPTED,639.0,589.0,10.0,Provisional agreement,False
eli/dl/event/MTG-PL-2026-03-12-VOT-ITM-986313,eli/dl/event/MTG-PL-2026-03-12-DEC-189133,2026-03-12T12:06:49+01:00,def/ep-decision-methods/VOTE_ELECTRONIC_ROLLCALL,def/ep-statuses/REJECTED,557.0,81.0,466.0,Draft legislative act ,False
eli/dl/event/MTG-PL-2024-01-17-VOT-ITM-939921,eli/dl/event/MTG-PL-2024-01-17-DEC-163229,2024-01-17T12:29:47+01:00,def/ep-decision-methods/VOTE_ELECTRONIC_ROLLCALL,def/ep-statuses/REJECTED,633.0,114.0,483.0,,False
eli/dl/event/MTG-PL-2024-02-08-VOT-ITM-940034,eli/dl/event/MTG-PL-2024-02-08-DEC-164301,,def/ep-decision-methods/VOTE_HAND,def/ep-statuses/LAPSED,,,,Other motions for resolutions,False
eli/dl/event/MTG-PL-2025-11-26-VOT-ITM-976311,eli/dl/event/MTG-PL-2025-11-26-DEC-181926,2025-11-26T12:35:28+01:00,def/ep-decision-methods/VOTE_ELECTRONIC_ROLLCALL,def/ep-statuses/ADOPTED,663.0,632.0,26.0,,False
eli/dl/event/MTG-PL-2024-01-18-VOT-ITM-939917,eli/dl/event/MTG-PL-2024-01-18-DEC-163069,,def/ep-decision-methods/VOTE_HAND,def/ep-statuses/REJECTED,,,,,False
eli/dl/event/MTG-PL-2023-02-14-VOT-ITM-938687,,,Unknown,Unknown,,,,,False
eli/dl/event/MTG-PL-2026-07-08-VOT-ITM-992922,eli/dl/event/MTG-PL-2026-07-08-DEC-194904,2026-07-08T13:21:55+02:00,def/ep-decision-methods/VOTE_ELECTRONIC_ROLLCALL,def/ep-statuses/ADOPTED,667.0,499.0,99.0,,False
eli/dl/event/MTG-PL-2023-05-10-VOT-ITM-939101,,,Unknown,Unknown,,,,,False
eli/dl/event/MTG-PL-2023-01-17-VOT-ITM-938512,,,Unknown,Unknown,,,,,False
eli/dl/event/MTG-PL-2024-03-14-VOT-ITM-941900,eli/dl/event/MTG-PL-2024-03-14-DEC-166782,,def/ep-decision-methods/VOTE_ELECTRONIC_SECRET,def/ep-statuses/ADOPTED,533.0,316.0,186.0,,False
eli/dl/event/MTG-PL-2024-01-18-VOT-ITM-939935,eli/dl/event/MTG-PL-2024-01-18-DEC-163054,2024-01-18T12:18:43+01:00,def/ep-decision-methods/VOTE_ELECTRONIC_ROLLCALL,def/ep-statuses/ADOPTED,550.0,542.0,5.0,,False
eli/dl/event/MTG-PL-2023-06-14-VOT-ITM-939248,,,Unknown,Unknown,,,,,False
eli/dl/event/MTG-PL-2023-11-09-VOT-ITM-939651,,,Unknown,Unknown,,,,,False
eli/dl/event/MTG-PL-2023-01-17-VOT-ITM-938515,,,Unknown,Unknown,,,,,False
eli/dl/event/MTG-PL-2024-04-25-VOT-ITM-946518,eli/dl/event/MTG-PL-2024-04-25-DEC-169115,,def/ep-decision-methods/VOTE_HAND,def/ep-statuses/LAPSED,,,,Other motions for resolutions,False
eli/dl/event/MTG-PL-2024-04-24-VOT-ITM-945922,eli/dl/event/MTG-PL-2024-04-24-DEC-168348,2024-04-24T18:32:55+02:00,def/ep-decision-methods/VOTE_ELECTRONIC_ROLLCALL,def/ep-statuses/ADOPTED,589.0,448.0,120.0,Provisional agreement,False
eli/dl/event/MTG-PL-2023-03-14-VOT-ITM-938804,,,Unknown,Unknown,,,,,False
eli/dl/event/MTG-PL-2023-06-01-VOT-ITM-939190,,,Unknown,Unknown,,,,,False
eli/dl/event/MTG-PL-2026-06-16-VOT-ITM-992804,eli/dl/event/MTG-PL-2026-06-16-DEC-193493,2026-06-16T13:36:37+02:00,def/ep-decision-methods/VOTE_ELECTRONIC_ROLLCALL,def/ep-statuses/ADOPTED,663.0,563.0,44.0,,False
eli/dl/event/MTG-PL-2026-03-26-VOT-ITM-987018,eli/dl/event/MTG-PL-2026-03-26-DEC-189598,2026-03-26T11:07:46+01:00,def/ep-decision-methods/VOTE_ELECTRONIC_ROLLCALL,def/ep-statuses/REJECTED,632.0,208.0,414.0,"Motion for a resolution B10-0178/2026
(PfE)",False
eli/dl/event/MTG-PL-2025-03-11-VOT-ITM-965273,eli/dl/event/MTG-PL-2025-03-11-DEC-172111,,def/ep-decision-methods/VOTE_ELECTRONIC_SECRET,def/ep-statuses/ADOPTED,648.0,562.0,19.0,,False
eli/dl/event/MTG-PL-2025-10-21-VOT-ITM-974712,eli/dl/event/MTG-PL-2025-10-21-DEC-179831,,def/ep-decision-methods/VOTE_HAND,def/ep-statuses/LAPSED,,,,Draft legislative act,False
eli/dl/event/MTG-PL-2023-09-14-VOT-ITM-939463,,,Unknown,Unknown,,,,,False
eli/dl/event/MTG-PL-2026-03-11-VOT-ITM-986078,eli/dl/event/MTG-PL-2026-03-11-DEC-188587,,def/ep-decision-methods/VOTE_HAND,def/ep-statuses/ADOPTED,,,,,False
eli/dl/event/MTG-PL-2024-04-11-VOT-ITM-942508,eli/dl/event/MTG-PL-2024-04-11-DEC-168073,2024-04-11T13:26:22+02:00,def/ep-decision-methods/VOTE_ELECTRONIC_ROLLCALL,def/ep-statuses/REJECTED,592.0,144.0,436.0,Motion for a resolution,False
eli/dl/event/MTG-PL-2023-02-15-VOT-ITM-938684,,,Unknown,Unknown,,,,,False
eli/dl/event/MTG-PL-2024-03-12-VOT-ITM-941772,eli/dl/event/MTG-PL-2024-03-12-DEC-166177,2024-03-12T13:33:13+01:00,def/ep-decision-methods/VOTE_ELECTRONIC_ROLLCALL,def/ep-statuses/ADOPTED,607.0,517.0,12.0,Provisional agreement,False
eli/dl/event/MTG-PL-2026-03-10-VOT-ITM-986031,eli/dl/event/MTG-PL-2026-03-10-DEC-186121,,def/ep-decision-methods/VOTE_ELECTRONIC_SECRET,def/ep-statuses/ADOPTED,593.0,435.0,112.0,,False
eli/dl/event/MTG-PL-2023-06-15-VOT-ITM-939306,,,Unknown,Unknown,,,,,False
eli/dl/event/MTG-PL-2025-05-08-VOT-ITM-965532,eli/dl/event/MTG-PL-2025-05-08-DEC-175613,,def/ep-decision-methods/VOTE_HAND,def/ep-statuses/REJECTED,,,,,False
eli/dl/event/MTG-PL-2024-10-23-VOT-ITM-962700,eli/dl/event/MTG-PL-2024-10-23-DEC-170045,,def/ep-decision-methods/VOTE_HAND,def/ep-statuses/LAPSED,,,,Other motions for resolutions,False
eli/dl/event/MTG-PL-2025-02-10-VOT-ITM-000001,eli/dl/event/MTG-PL-2025-02-10-DEC-171785,2025-02-10T17:16:28+01:00,def/ep-decision-methods/VOTE_ELECTRONIC_ROLLCALL,def/ep-statuses/REJECTED,438.0,99.0,317.0,,False
eli/dl/event/MTG-PL-2024-11-26-VOT-ITM-965006,eli/dl/event/MTG-PL-2024-11-26-DEC-170633,,def/ep-decision-methods/VOTE_ELECTRONIC_SECRET,def/ep-statuses/ADOPTED,646.0,581.0,34.0,,False
eli/dl/event/MTG-PL-2023-07-12-VOT-ITM-939364,,,Unknown,Unknown,,,,,False
eli/dl/event/MTG-PL-2026-06-18-VOT-ITM-992876,eli/dl/event/MTG-PL-2026-06-18-DEC-194574,,def/ep-decision-methods/VOTE_HAND,def/ep-statuses/LAPSED,,,,Other motions for resolutions,False
eli/dl/event/MTG-PL-2023-11-09-VOT-ITM-939647,,,Unknown,Unknown,,,,,False
eli/dl/event/MTG-PL-2026-07-07-VOT-ITM-992921,eli/dl/event/MTG-PL-2026-07-07-DEC-194884,,def/ep-decision-methods/VOTE_HAND,def/ep-statuses/REJECTED,,,,,False
eli/dl/event/MTG-PL-2026-05-18-VOT-ITM-000003,eli/dl/event/MTG-PL-2026-05-18-DEC-192715,2026-05-18T18:15:31+02:00,def/ep-decision-methods/VOTE_ELECTRONIC_ROLLCALL,def/ep-statuses/ADOPTED,448.0,342.0,65.0,,False
eli/dl/event/MTG-PL-2026-05-21-VOT-ITM-990919,eli/dl/event/MTG-PL-2026-05-21-DEC-193386,,def/ep-decision-methods/VOTE_HAND,def/ep-statuses/LAPSED,,,,Other motions for resolutions,False
eli/dl/event/MTG-PL-2024-12-17-VOT-ITM-965076,eli/dl/event/MTG-PL-2024-12-17-DEC-171182,2024-12-17T12:56:34+01:00,def/ep-decision-methods/VOTE_ELECTRONIC_ROLLCALL,def/ep-statuses/ADOPTED,650.0,546.0,97.0,Provisional agreement,False
eli/dl/event/MTG-PL-2025-05-07-VOT-ITM-965494,eli/dl/event/MTG-PL-2025-05-07-DEC-175484,,def/ep-decision-methods/VOTE_HAND,def/ep-statuses/REJECTED,,,,Motion for a resolution,False
eli/dl/event/MTG-PL-2023-06-13-VOT-ITM-939229,,,Unknown,Unknown,,,,,False
eli/dl/event/MTG-PL-2024-04-11-VOT-ITM-944418,eli/dl/event/MTG-PL-2024-04-11-DEC-167298,2024-04-11T13:24:19+02:00,def/ep-decision-methods/VOTE_ELECTRONIC_ROLLCALL,def/ep-statuses/ADOPTED,594.0,535.0,49.0,Motion for a resolution,False
eli/dl/event/MTG-PL-2024-03-13-VOT-ITM-941895,eli/dl/event/MTG-PL-2024-03-13-DEC-166380,,def/ep-decision-methods/VOTE_HAND,def/ep-statuses/ADOPTED,,,,,False
eli/dl/event/MTG-PL-2025-05-08-VOT-ITM-965549,eli/dl/event/MTG-PL-2025-05-08-DEC-176238,,def/ep-decision-methods/VOTE_HAND,def/ep-statuses/LAPSED,,,,Other motions for resolutions,False
eli/dl/event/MTG-PL-2024-04-11-VOT-ITM-945187,eli/dl/event/MTG-PL-2024-04-11-DEC-168059,,def/ep-decision-methods/VOTE_HAND,def/ep-statuses/ADOPTED,,,,,False
eli/dl/event/MTG-PL-2024-09-16-VOT-ITM-000002,eli/dl/event/MTG-PL-2024-09-16-DEC-169407,2024-09-16T18:31:29+02:00,def/ep-decision-methods/VOTE_ELECTRONIC_ROLLCALL,def/ep-statuses/ADOPTED,461.0,437.0,13.0,,False
eli/dl/event/MTG-PL-2025-05-22-VOT-ITM-965590,eli/dl/event/MTG-PL-2025-05-22-DEC-176688,2025-05-22T12:19:20+02:00,def/ep-decision-methods/VOTE_ELECTRONIC_ROLLCALL,def/ep-statuses/ADOPTED,586.0,374.0,176.0,Draft legislative act,False
eli/dl/event/MTG-PL-2024-10-23-VOT-ITM-962703,eli/dl/event/MTG-PL-2024-10-23-DEC-169898,2024-10-23T13:51:21+02:00,def/ep-decision-methods/VOTE_ELECTRONIC_ROLLCALL,def/ep-statuses/ADOPTED,643.0,444.0,179.0,,False
eli/dl/event/MTG-PL-2024-11-25-VOT-ITM-000003,eli/dl/event/MTG-PL-2024-11-25-DEC-170667,2024-11-25T17:18:00+01:00,def/ep-decision-methods/VOTE_ELECTRONIC_ROLLCALL,def/ep-statuses/ADOPTED,423.0,415.0,5.0,,False
eli/dl/event/MTG-PL-2024-04-11-VOT-ITM-944642,eli/dl/event/MTG-PL-2024-04-11-DEC-167134,2024-04-11T13:17:52+02:00,def/ep-decision-methods/VOTE_ELECTRONIC_ROLLCALL,def/ep-statuses/ADOPTED,603.0,531.0,48.0,Motion for a resolution,False
eli/dl/event/MTG-PL-2025-09-09-VOT-ITM-970737,eli/dl/event/MTG-PL-2025-09-09-DEC-178622,2025-09-09T13:58:13+02:00,def/ep-decision-methods/VOTE_ELECTRONIC_ROLLCALL,def/ep-statuses/ADOPTED,645.0,475.0,149.0,,False
eli/dl/event/MTG-PL-2024-11-14-VOT-ITM-964963,eli/dl/event/MTG-PL-2024-11-14-DEC-170543,,def/ep-decision-methods/VOTE_HAND,def/ep-statuses/ADOPTED,,,,,False
eli/dl/event/MTG-PL-2025-03-11-VOT-ITM-965288,eli/dl/event/MTG-PL-2025-03-11-DEC-172162,,def/ep-decision-methods/VOTE_HAND,def/ep-statuses/ADOPTED,,,,,False
eli/dl/event/MTG-PL-2024-02-28-VOT-ITM-940074,eli/dl/event/MTG-PL-2024-02-28-DEC-165251,,def/ep-decision-methods/VOTE_HAND,def/ep-statuses/LAPSED,,,,,False
eli/dl/event/MTG-PL-2023-07-11-VOT-ITM-939372,,,Unknown,Unknown,,,,,False
eli/dl/event/MTG-PL-2024-04-10-VOT-ITM-944426,eli/dl/event/MTG-PL-2024-04-10-DEC-166898,,def/ep-decision-methods/VOTE_HAND,def/ep-statuses/LAPSED,,,,Draft legislative act,False
eli/dl/event/MTG-PL-2025-05-07-VOT-ITM-965512,eli/dl/event/MTG-PL-2025-05-07-DEC-175113,,def/ep-decision-methods/VOTE_HAND,def/ep-statuses/REJECTED,,,,Motion for a resolution,False
eli/dl/event/MTG-PL-2025-06-19-VOT-ITM-965708,eli/dl/event/MTG-PL-2025-06-19-DEC-177556,,def/ep-decision-methods/VOTE_HAND,def/ep-statuses/LAPSED,,,,Other motions for resolutions,False
eli/dl/event/MTG-PL-2023-04-19-VOT-ITM-938964,,,Unknown,Unknown,,,,,False
eli/dl/event/MTG-PL-2026-04-29-VOT-ITM-990019,eli/dl/event/MTG-PL-2026-04-29-DEC-190696,,def/ep-decision-methods/VOTE_HAND,def/ep-statuses/REJECTED,,,,Motion for a resolution,False
eli/dl/event/MTG-PL-2024-01-17-VOT-ITM-939968,eli/dl/event/MTG-PL-2024-01-17-DEC-163316,2024-01-17T12:18:08+01:00,def/ep-decision-methods/VOTE_ELECTRONIC_ROLLCALL,def/ep-statuses/ADOPTED,607.0,431.0,172.0,,False
eli/dl/event/MTG-PL-2024-09-19-VOT-ITM-960008,eli/dl/event/MTG-PL-2024-09-19-DEC-169612,,def/ep-decision-methods/VOTE_HAND,def/ep-statuses/ADOPTED,,,,"Joint motion for a resolution RC-B10-0023/2024
(PPE, PfE, ECR)",False
eli/dl/event/MTG-PL-2023-06-13-VOT-ITM-939227,,,Unknown,Unknown,,,,,False
eli/dl/event/MTG-PL-2024-11-27-VOT-ITM-965029,eli/dl/event/MTG-PL-2024-11-27-DEC-170670,2024-11-27T12:29:00+01:00,def/ep-decision-methods/VOTE_ELECTRONIC_ROLLCALL,def/ep-statuses/ADOPTED,675.0,660.0,11.0,,False
eli/dl/event/MTG-PL-2024-03-14-VOT-ITM-941732,eli/dl/event/MTG-PL-2024-03-14-DEC-166032,,def/ep-decision-methods/VOTE_ELECTRONIC_ROLLCALL,def/ep-statuses/LAPSED,,,,Draft legislative act,False
eli/dl/event/MTG-PL-2023-10-04-VOT-ITM-939545,,,Unknown,Unknown,,,,,False
eli/dl/event/MTG-PL-2024-10-23-VOT-ITM-963287,eli/dl/event/MTG-PL-2024-10-23-DEC-170313,,def/ep-decision-methods/VOTE_HAND,def/ep-statuses/ADOPTED,,,,,False
eli/dl/event/MTG-PL-2023-12-12-VOT-ITM-939816,,,Unknown,Unknown,,,,,False
eli/dl/event/MTG-PL-2023-11-22-VOT-ITM-939772,,,Unknown,Unknown,,,,,False
eli/dl/event/MTG-PL-2025-03-13-VOT-ITM-965354,eli/dl/event/MTG-PL-2025-03-13-DEC-172994,,def/ep-decision-methods/VOTE_HAND,def/ep-statuses/ADOPTED,,,,,False
eli/dl/event/MTG-PL-2023-02-14-VOT-ITM-938703,,,Unknown,Unknown,,,,,False
eli/dl/event/MTG-PL-2024-01-16-VOT-ITM-939903,eli/dl/event/MTG-PL-2024-01-16-DEC-163120,2024-01-16T12:06:06+01:00,def/ep-decision-methods/VOTE_ELECTRONIC_ROLLCALL,def/ep-statuses/ADOPTED,611.0,324.0,132.0,,False
eli/dl/event/MTG-PL-2026-07-07-VOT-ITM-992951,eli/dl/event/MTG-PL-2026-07-07-DEC-195338,2026-07-07T13:29:54+02:00,def/ep-decision-methods/VOTE_ELECTRONIC_ROLLCALL,def/ep-statuses/ADOPTED,646.0,331.0,304.0,,False
eli/dl/event/MTG-PL-2023-11-09-VOT-ITM-939663,,,Unknown,Unknown,,,,,False
eli/dl/event/MTG-PL-2024-04-23-VOT-ITM-946082,eli/dl/event/MTG-PL-2024-04-23-DEC-168696,2024-04-23T13:15:10+02:00,def/ep-decision-methods/VOTE_ELECTRONIC_ROLLCALL,def/ep-statuses/ADOPTED,604.0,417.0,162.0,Draft decision,False
eli/dl/event/MTG-PL-2024-04-11-VOT-ITM-945181,eli/dl/event/MTG-PL-2024-04-11-DEC-167999,,def/ep-decision-methods/VOTE_HAND,def/ep-statuses/ADOPTED,,,,,False
eli/dl/event/MTG-PL-2024-01-18-VOT-ITM-939934,eli/dl/event/MTG-PL-2024-01-18-DEC-163430,2024-01-18T12:33:23+01:00,def/ep-decision-methods/VOTE_ELECTRONIC_ROLLCALL,def/ep-statuses/ADOPTED,549.0,302.0,224.0,,False
eli/dl/event/MTG-PL-2024-04-23-VOT-ITM-945986,eli/dl/event/MTG-PL-2024-04-23-DEC-168621,,def/ep-decision-methods/VOTE_HAND,def/ep-statuses/ADOPTED,,,,,False
eli/dl/event/MTG-PL-2024-01-15-VOT-ITM-000002,eli/dl/event/MTG-PL-2024-01-15-DEC-163200,2024-01-15T17:42:39+01:00,def/ep-decision-methods/VOTE_ELECTRONIC_ROLLCALL,def/ep-statuses/REJECTED,338.0,131.0,199.0,,False
eli/dl/event/MTG-PL-2024-01-15-VOT-ITM-000001,eli/dl/event/MTG-PL-2024-01-15-DEC-163199,2024-01-15T17:40:33+01:00,def/ep-decision-methods/VOTE_ELECTRONIC_ROLLCALL,def/ep-statuses/ADOPTED,340.0,322.0,11.0,,False
eli/dl/event/MTG-PL-2025-09-10-VOT-ITM-970642,eli/dl/event/MTG-PL-2025-09-10-DEC-178283,,def/ep-decision-methods/VOTE_HAND,def/ep-statuses/REJECTED,,,,Proposal to vote on amendments,False
eli/dl/event/MTG-PL-2025-10-21-VOT-ITM-974732,eli/dl/event/MTG-PL-2025-10-21-DEC-179790,2025-10-21T13:20:59+02:00,def/ep-decision-methods/VOTE_ELECTRONIC_ROLLCALL,def/ep-statuses/ADOPTED,645.0,469.0,126.0,Provisional agreement,False
eli/dl/event/MTG-PL-2023-12-11-VOT-ITM-000004,eli/dl/event/MTG-PL-2023-12-11-DEC-162515,2023-12-11T17:25:45+01:00,def/ep-decision-methods/VOTE_ELECTRONIC_ROLLCALL,Unknown,,140.0,196.0,,False
eli/dl/event/MTG-PL-2025-09-09-VOT-ITM-970735,eli/dl/event/MTG-PL-2025-09-09-DEC-178426,,def/ep-decision-methods/VOTE_ELECTRONIC_SECRET,def/ep-statuses/ADOPTED,641.0,530.0,41.0,,False
eli/dl/event/MTG-PL-2026-04-29-VOT-ITM-989882,eli/dl/event/MTG-PL-2026-04-29-DEC-190183,2026-04-29T13:47:45+02:00,def/ep-decision-methods/VOTE_ELECTRONIC_ROLLCALL,def/ep-statuses/ADOPTED,657.0,432.0,160.0,Motion for a resolution,False
eli/dl/event/MTG-PL-2025-06-18-VOT-ITM-965666,eli/dl/event/MTG-PL-2025-06-18-DEC-177172,2025-06-18T13:18:00+02:00,def/ep-decision-methods/VOTE_ELECTRONIC_ROLLCALL,def/ep-statuses/REJECTED,650.0,209.0,434.0,,False
eli/dl/event/MTG-PL-2025-11-13-VOT-ITM-975417,eli/dl/event/MTG-PL-2025-11-13-DEC-180953,2025-11-13T10:49:46+01:00,def/ep-decision-methods/VOTE_ELECTRONIC_ROLLCALL,def/ep-statuses/ADOPTED,640.0,512.0,76.0,,False
eli/dl/event/MTG-PL-2024-02-27-VOT-ITM-940380,eli/dl/event/MTG-PL-2024-02-27-DEC-165207,2024-02-27T12:12:32+01:00,def/ep-decision-methods/VOTE_ELECTRONIC_ROLLCALL,def/ep-statuses/REJECTED,624.0,154.0,453.0,,False
eli/dl/event/MTG-PL-2023-11-23-VOT-ITM-939713,,,Unknown,Unknown,,,,,False
eli/dl/event/MTG-PL-2023-11-09-VOT-ITM-939649,,,Unknown,Unknown,,,,,False
eli/dl/event/MTG-PL-2023-06-01-VOT-ITM-939183,,,Unknown,Unknown,,,,,False
eli/dl/event/MTG-PL-2024-04-25-VOT-ITM-946087,eli/dl/event/MTG-PL-2024-04-25-DEC-168485,2024-04-25T13:44:14+02:00,def/ep-decision-methods/VOTE_ELECTRONIC_ROLLCALL,def/ep-statuses/ADOPTED,527.0,361.0,121.0,Provisional agreement,False
eli/dl/event/MTG-PL-2024-04-11-VOT-ITM-944653,eli/dl/event/MTG-PL-2024-04-11-DEC-166864,2024-04-11T13:27:51+02:00,def/ep-decision-methods/VOTE_ELECTRONIC_ROLLCALL,def/ep-statuses/ADOPTED,591.0,447.0,90.0,Provisional agreement,False
eli/dl/event/MTG-PL-2023-04-20-VOT-ITM-938958,,,Unknown,Unknown,,,,,False
eli/dl/event/MTG-PL-2024-11-28-VOT-ITM-965025,eli/dl/event/MTG-PL-2024-11-28-DEC-170801,,def/ep-decision-methods/VOTE_HAND,def/ep-statuses/LAPSED,,,,Other motions for resolutions,False
eli/dl/event/MTG-PL-2023-10-05-VOT-ITM-939519,,,Unknown,Unknown,,,,,False
eli/dl/event/MTG-PL-2023-11-21-VOT-ITM-939722,,,Unknown,Unknown,,,,,False
eli/dl/event/MTG-PL-2024-04-10-VOT-ITM-944685,eli/dl/event/MTG-PL-2024-04-10-DEC-166939,2024-04-10T19:16:58+02:00,def/ep-decision-methods/VOTE_ELECTRONIC_ROLLCALL,def/ep-statuses/ADOPTED,604.0,443.0,110.0,,False
eli/dl/event/MTG-PL-2025-05-06-VOT-ITM-965500,eli/dl/event/MTG-PL-2025-05-06-DEC-176082,,Auto-adopted,Approved,,,,,False
eli/dl/event/MTG-PL-2024-10-22-VOT-ITM-962690,eli/dl/event/MTG-PL-2024-10-22-DEC-169887,2024-10-22T13:10:05+02:00,def/ep-decision-methods/VOTE_ELECTRONIC_ROLLCALL,def/ep-statuses/ADOPTED,662.0,522.0,115.0,,False
eli/dl/event/MTG-PL-2026-03-26-VOT-ITM-987109,eli/dl/event/MTG-PL-2026-03-26-DEC-189570,,def/ep-decision-methods/VOTE_HAND,def/ep-statuses/REJECTED,,,,"Motion for a resolution B10-0181/2026
(S&D, Verts/ALE, The Left)",False
eli/dl/event/MTG-PL-2023-06-01-VOT-ITM-939188,,,Unknown,Unknown,,,,,False
eli/dl/event/MTG-PL-2023-05-10-VOT-ITM-939113,,,Unknown,Unknown,,,,,False
eli/dl/event/MTG-PL-2024-02-06-VOT-ITM-940024,eli/dl/event/MTG-PL-2024-02-06-DEC-164071,,def/ep-decision-methods/VOTE_HAND,def/ep-statuses/ADOPTED,,,,,False
eli/dl/event/MTG-PL-2024-01-17-VOT-ITM-939966,eli/dl/event/MTG-PL-2024-01-17-DEC-163314,2024-01-17T12:25:44+01:00,def/ep-decision-methods/VOTE_ELECTRONIC_ROLLCALL,def/ep-statuses/ADOPTED,630.0,496.0,70.0,"Motion for a resolution B9-0062/2024 (PPE, S&D, Renew, Verts/ALE, The Left)",False
eli/dl/event/MTG-PL-2025-07-10-VOT-ITM-965783,eli/dl/event/MTG-PL-2025-07-10-DEC-178149,2025-07-10T13:03:19+02:00,def/ep-decision-methods/VOTE_ELECTRONIC_ROLLCALL,def/ep-statuses/REJECTED,553.0,175.0,360.0,Motion of censure B10-0319/2025,False
eli/dl/event/MTG-PL-2026-07-09-VOT-ITM-992993,eli/dl/event/MTG-PL-2026-07-09-DEC-195653,,def/ep-decision-methods/VOTE_HAND,def/ep-statuses/ADOPTED,,,,,False
eli/dl/event/MTG-PL-2023-05-10-VOT-ITM-939082,,,Unknown,Unknown,,,,,False
eli/dl/event/MTG-PL-2023-06-14-VOT-ITM-939226,,,Unknown,Unknown,,,,,False
eli/dl/event/MTG-PL-2025-10-21-VOT-ITM-974723,eli/dl/event/MTG-PL-2025-10-21-DEC-179913,2025-10-21T13:17:16+02:00,def/ep-decision-methods/VOTE_ELECTRONIC_ROLLCALL,def/ep-statuses/ADOPTED,639.0,537.0,88.0,,False
eli/dl/event/MTG-PL-2024-04-11-VOT-ITM-945178,eli/dl/event/MTG-PL-2024-04-11-DEC-168000,,def/ep-decision-methods/VOTE_ELECTRONIC,def/ep-statuses/ADOPTED,599.0,400.0,186.0,,False
eli/dl/event/MTG-PL-2024-04-11-VOT-ITM-943258,eli/dl/event/MTG-PL-2024-04-11-DEC-167274,2024-04-11T13:20:14+02:00,def/ep-decision-methods/VOTE_ELECTRONIC_ROLLCALL,def/ep-statuses/ADOPTED,597.0,526.0,35.0,Motion for a resolution,False
eli/dl/event/MTG-PL-2023-04-19-VOT-ITM-938965,,,Unknown,Unknown,,,,,False
eli/dl/event/MTG-PL-2023-07-11-VOT-ITM-939366,,,Unknown,Unknown,,,,,False
eli/dl/event/MTG-PL-2024-04-23-VOT-ITM-946079,eli/dl/event/MTG-PL-2024-04-23-DEC-168442,2024-04-23T13:59:40+02:00,def/ep-decision-methods/VOTE_ELECTRONIC_ROLLCALL,def/ep-statuses/ADOPTED,587.0,563.0,7.0,Provisional agreement,False
eli/dl/event/MTG-PL-2026-07-08-VOT-ITM-992991,eli/dl/event/MTG-PL-2026-07-08-DEC-195415,2026-07-08T13:21:36+02:00,def/ep-decision-methods/VOTE_ELECTRONIC_ROLLCALL,def/ep-statuses/ADOPTED,665.0,474.0,131.0,,False
eli/dl/event/MTG-PL-2024-04-11-VOT-ITM-944415,eli/dl/event/MTG-PL-2024-04-11-DEC-167302,2024-04-11T13:24:39+02:00,def/ep-decision-methods/VOTE_ELECTRONIC_ROLLCALL,def/ep-statuses/ADOPTED,590.0,552.0,26.0,Motion for a resolution,False
eli/dl/event/MTG-PL-2025-03-11-VOT-ITM-965275,eli/dl/event/MTG-PL-2025-03-11-DEC-172113,,def/ep-decision-methods/VOTE_ELECTRONIC_SECRET,def/ep-statuses/ADOPTED,645.0,570.0,46.0,,False
eli/dl/event/MTG-PL-2025-12-16-VOT-ITM-978305,eli/dl/event/MTG-PL-2025-12-16-DEC-182611,2025-12-16T13:07:04+01:00,def/ep-decision-methods/VOTE_ELECTRONIC_ROLLCALL,def/ep-statuses/REJECTED,660.0,132.0,467.0,,False
eli/dl/event/MTG-PL-2023-12-13-VOT-ITM-939848,,,Unknown,Unknown,,,,,False
eli/dl/event/MTG-PL-2025-10-07-VOT-ITM-973321,eli/dl/event/MTG-PL-2025-10-07-DEC-179299,,def/ep-decision-methods/VOTE_HAND,def/ep-statuses/REJECTED,,,,,False
eli/dl/event/MTG-PL-2024-01-16-VOT-ITM-939937,eli/dl/event/MTG-PL-2024-01-16-DEC-163075,2024-01-16T12:10:41+01:00,def/ep-decision-methods/VOTE_ELECTRONIC_ROLLCALL,def/ep-statuses/ADOPTED,612.0,549.0,26.0,,False
eli/dl/event/MTG-PL-2024-04-10-VOT-ITM-945155,eli/dl/event/MTG-PL-2024-04-10-DEC-167902,2024-04-10T19:16:23+02:00,def/ep-decision-methods/VOTE_ELECTRONIC_ROLLCALL,def/ep-statuses/ADOPTED,603.0,569.0,6.0,,False
eli/dl/event/MTG-PL-2026-03-11-VOT-ITM-986138,eli/dl/event/MTG-PL-2026-03-11-DEC-186376,2026-03-11T12:52:04+01:00,def/ep-decision-methods/VOTE_ELECTRONIC_ROLLCALL,def/ep-statuses/ADOPTED,618.0,586.0,21.0,,False
eli/dl/event/MTG-PL-2023-11-21-VOT-ITM-939731,,,Unknown,Unknown,,,,,False
eli/dl/event/MTG-PL-2024-02-06-VOT-ITM-940025,eli/dl/event/MTG-PL-2024-02-06-DEC-164072,,def/ep-decision-methods/VOTE_HAND,def/ep-statuses/ADOPTED,,,,,False
eli/dl/event/MTG-PL-2023-06-14-VOT-ITM-939242,,,Unknown,Unknown,,,,,False
eli/dl/event/MTG-PL-2023-12-13-VOT-ITM-939838,,,Unknown,Unknown,,,,,False
eli/dl/event/MTG-PL-2024-02-27-VOT-ITM-940091,eli/dl/event/MTG-PL-2024-02-27-DEC-164491,2024-02-27T12:31:09+01:00,def/ep-decision-methods/VOTE_ELECTRONIC_ROLLCALL,def/ep-statuses/ADOPTED,621.0,575.0,29.0,Provisional agreement,False
eli/dl/event/MTG-PL-2025-06-18-VOT-ITM-965675,eli/dl/event/MTG-PL-2025-06-18-DEC-177134,2025-06-18T13:27:10+02:00,def/ep-decision-methods/VOTE_ELECTRONIC_ROLLCALL,def/ep-statuses/REJECTED,650.0,102.0,524.0,,False
eli/dl/event/MTG-PL-2023-07-11-VOT-ITM-939395,,,Unknown,Unknown,,,,,False
eli/dl/event/MTG-PL-2024-01-17-VOT-ITM-939949,eli/dl/event/MTG-PL-2024-01-17-DEC-163041,2024-01-17T12:19:18+01:00,def/ep-decision-methods/VOTE_ELECTRONIC_ROLLCALL,def/ep-statuses/ADOPTED,629.0,621.0,6.0,,False
eli/dl/event/MTG-PL-2026-05-19-VOT-ITM-990703,eli/dl/event/MTG-PL-2026-05-19-DEC-192439,,def/ep-decision-methods/VOTE_HAND,def/ep-statuses/ADOPTED,,,,,False
eli/dl/event/MTG-PL-2023-06-15-VOT-ITM-939263,,,Unknown,Unknown,,,,,False
eli/dl/event/MTG-PL-2025-05-07-VOT-ITM-965507,eli/dl/event/MTG-PL-2025-05-07-DEC-175373,,def/ep-decision-methods/VOTE_HAND,def/ep-statuses/LAPSED,,,,,False
eli/dl/event/MTG-PL-2023-11-21-VOT-ITM-939728,,,Unknown,Unknown,,,,,False
eli/dl/event/MTG-PL-2023-05-10-VOT-ITM-939105,,,Unknown,Unknown,,,,,False
eli/dl/event/MTG-PL-2024-04-24-VOT-ITM-946086,eli/dl/event/MTG-PL-2024-04-24-DEC-168483,2024-04-24T18:25:05+02:00,def/ep-decision-methods/VOTE_ELECTRONIC_ROLLCALL,def/ep-statuses/ADOPTED,595.0,582.0,10.0,Provisional agreement,False
eli/dl/event/MTG-PL-2024-01-16-VOT-ITM-939922,eli/dl/event/MTG-PL-2024-01-16-DEC-163074,2024-01-16T12:04:51+01:00,def/ep-decision-methods/VOTE_ELECTRONIC_ROLLCALL,def/ep-statuses/ADOPTED,598.0,518.0,46.0,Provisional agreement,False
eli/dl/event/MTG-PL-2023-11-09-VOT-ITM-939648,,,Unknown,Unknown,,,,,False
eli/dl/event/MTG-PL-2023-02-02-VOT-ITM-938629,,,Unknown,Unknown,,,,,False
eli/dl/event/MTG-PL-2023-09-12-VOT-ITM-939448,,,Unknown,Unknown,,,,,False
