,id,type,activity_date,activity_end_date,activity_id,activity_label,activity_start_date,consists_of,documented_by_a_realization_of,had_activity_type,had_excused_person,had_participant_person,number_of_attendees,parliamentary_term,recorded_in_a_realization_of,hasLocality,was_scheduled_in
137,eli/dl/event/MTG-PL-2014-01-16,Activity,"{'@value': '2014-01-16T00:00:00+01:00', 'type': 'xsd:dateTime'}",2014-01-16T23:00:00+01:00,MTG-PL-2014-01-16,"{'lv': 'Ceturtdiena, 2014. gada 16. janvāris', 'da': 'Torsdag den 16. januar 2014', 'et': 'Neljapäev, 16. jaanuar 2014', 'mt': ""Il-Ħamis, 16 ta' Jannar 2014"", 'hu': '2014. január 16., csütörtök', 'es': 'Jueves 16 de enero de 2014', 'cs': 'Čtvrtek, 16. ledna 2014', 'it': 'Giovedì 16 gennaio 2014', 'pt': 'Quinta-feira, 16 de Janeiro de 2014', 'en': 'Thursday, 16 January 2014', 'sl': 'Četrtek, 16. januar 2014', 'sv': 'Torsdagen den 16 januari 2014', 'sk': 'Štvrtok, 16. januára 2014', 'ro': 'Joi, 16 ianuarie 2014', 'hr': 'četvrtak, 16. siječnja 2014.', 'fr': 'Jeudi 16 janvier 2014', 'lt': 'Ketvirtadienis, 2014 m. sausio 16 d.', 'nl': 'Donderdag 16 januari 2014', 'de': 'Donnerstag, 16. Januar 2014', 'pl': 'Czwartek, 16 stycznia 2014', 'el': 'Πέμπτη 16 Ιανουαρίου 2014', 'fi': 'Torstai 16. tammikuuta 2014', 'bg': 'Четвъртък, 16 януари 2014'}",2014-01-16T01:00:00+01:00,"['eli/dl/event/MTG-PL-2014-01-16-VOT-ITM-344722-6', 'eli/dl/event/MTG-PL-2014-01-16-VOT-ITM-344715-2', 'eli/dl/event/MTG-PL-2014-01-16-VOT-ITM-344717-7', 'eli/dl/event/MTG-PL-2014-01-16-VOT-ITM-344715-3', 'eli/dl/event/MTG-PL-2014-01-16-VOT-ITM-345248-1', 'eli/dl/event/MTG-PL-2014-01-16-VOT-ITM-344721-9', 'eli/dl/event/MTG-PL-2014-01-16-VOT-ITM-345210-10', 'eli/dl/event/MTG-PL-2014-01-16-VOT-ITM-345249-4', 'eli/dl/event/MTG-PL-2014-01-16-VOT-ITM-345351-12', 'eli/dl/event/MTG-PL-2014-01-16-VOT-ITM-344718-8', 'eli/dl/event/MTG-PL-2014-01-16-VOT-ITM-345350-14', 'eli/dl/event/MTG-PL-2014-01-16-VOT-ITM-344724-11', 'eli/dl/event/MTG-PL-2014-01-16-VOT-ITM-345211-5', 'eli/dl/event/MTG-PL-2014-01-16-VOT-ITM-345348-13']",,def/ep-activities/PLENARY_SITTING,,,,org/ep-7,,http://publications.europa.eu/resource/authority/place/FRA_SXB,
138,eli/dl/event/MTG-PL-2014-02-06,Activity,"{'@value': '2014-02-06T00:00:00+01:00', 'type': 'xsd:dateTime'}",2014-02-06T23:00:00+01:00,MTG-PL-2014-02-06,"{'lv': 'Ceturtdiena, 2014. gada 6. februāris', 'hu': '2014. február 6., csütörtök', 'en': 'Thursday, 6 February 2014', 'nl': 'Donderdag 6 februari 2014', 'fr': 'Jeudi 6 février 2014', 'mt': ""Il-Ħamis, 6 ta' Frar 2014"", 'bg': 'Четвъртък, 6 февруари 2014', 'hr': 'četvrtak, 6. veljače 2014.', 'sk': 'Štvrtok, 6. februára 2014', 'fi': 'Torstai 6. helmikuuta 2014', 'pl': 'Czwartek, 6 lutego 2014', 'et': 'Neljapäev, 6. veebruar 2014', 'sv': 'Torsdagen den 6 februari 2014', 'ro': 'Joi, 6 februarie 2014', 'lt': 'Ketvirtadienis, 2014 m. vasario 6 d.', 'sl': 'Četrtek, 6. februar 2014', 'es': 'Jueves 6 de febrero de 2014', 'de': 'Donnerstag, 6. Februar 2014', 'el': 'Πέμπτη 6 Φεβρουαρίου 2014', 'pt': 'Quinta-feira, 6 de Fevereiro de 2014', 'it': 'Giovedì 6 febbraio 2014', 'cs': 'Čtvrtek, 6. února 2014', 'da': 'Torsdag den 6. februar 2014'}",2014-02-06T01:00:00+01:00,"['eli/dl/event/MTG-PL-2014-02-06-VOT-ITM-345849-7', 'eli/dl/event/MTG-PL-2014-02-06-VOT-ITM-345851-9', 'eli/dl/event/MTG-PL-2014-02-06-VOT-ITM-345852-10', 'eli/dl/event/MTG-PL-2014-02-06-VOT-ITM-345853-11', 'eli/dl/event/MTG-PL-2014-02-06-VOT-ITM-345884-5', 'eli/dl/event/MTG-PL-2014-02-06-VOT-ITM-346281-4', 'eli/dl/event/MTG-PL-2014-02-06-VOT-ITM-345958-1', 'eli/dl/event/MTG-PL-2014-02-06-VOT-ITM-346344-16', 'eli/dl/event/MTG-PL-2014-02-06-VOT-ITM-346345-15', 'eli/dl/event/MTG-PL-2014-02-06-VOT-ITM-345880-2', 'eli/dl/event/MTG-PL-2014-02-06-VOT-ITM-345882-3', 'eli/dl/event/MTG-PL-2014-02-06-VOT-ITM-345850-8', 'eli/dl/event/MTG-PL-2014-02-06-VOT-ITM-345847-6', 'eli/dl/event/MTG-PL-2014-02-06-VOT-ITM-345886-13', 'eli/dl/event/MTG-PL-2014-02-06-VOT-ITM-345885-12', 'eli/dl/event/MTG-PL-2014-02-06-VOT-ITM-346342-14']",,def/ep-activities/PLENARY_SITTING,,,,org/ep-7,,http://publications.europa.eu/resource/authority/place/FRA_SXB,
139,eli/dl/event/MTG-PL-2014-02-27,Activity,"{'@value': '2014-02-27T00:00:00+01:00', 'type': 'xsd:dateTime'}",2014-02-27T23:00:00+01:00,MTG-PL-2014-02-27,"{'hr': 'četvrtak, 27. veljače 2014.', 'de': 'Donnerstag, 27. Februar 2014', 'sl': 'Četrtek, 27. februar 2014', 'el': 'Πέμπτη 27 Φεβρουαρίου 2014', 'et': 'Neljapäev, 27. veebruar 2014', 'ro': 'Joi, 27 februarie 2014', 'lt': 'Ketvirtadienis, 2014 m. vasario 27 d.', 'mt': ""Il-Ħamis, 27 ta' Frar 2014"", 'it': 'Giovedì 27 febbraio 2014', 'fr': 'Jeudi 27 février 2014', 'da': 'Torsdag den 27. februar 2014', 'es': 'Jueves 27 de febrero de 2014', 'en': 'Thursday, 27 February 2014', 'pl': 'Czwartek, 27 lutego 2014', 'sk': 'Štvrtok, 27. februára 2014', 'lv': 'Ceturtdiena, 2014. gada 27. februāris', 'hu': '2014. február 27., csütörtök', 'bg': 'Четвъртък, 27 февруари 2014', 'cs': 'Čtvrtek, 27. února 2014', 'sv': 'Torsdagen den 27 februari 2014', 'fi': 'Torstai 27. helmikuuta 2014', 'nl': 'Donderdag 27 februari 2014', 'pt': 'Quinta-feira, 27 de Fevereiro de 2014'}",2014-02-27T01:00:00+01:00,"['eli/dl/event/MTG-PL-2014-02-27-VOT-ITM-347478-5', 'eli/dl/event/MTG-PL-2014-02-27-VOT-ITM-348100-14', 'eli/dl/event/MTG-PL-2014-02-27-VOT-ITM-347556-10', 'eli/dl/event/MTG-PL-2014-02-27-VOT-ITM-347739-1', 'eli/dl/event/MTG-PL-2014-02-27-VOT-ITM-348097-7', 'eli/dl/event/MTG-PL-2014-02-27-VOT-ITM-347739-2', 'eli/dl/event/MTG-PL-2014-02-27-VOT-ITM-347790-11', 'eli/dl/event/MTG-PL-2014-02-27-VOT-ITM-347844-6', 'eli/dl/event/MTG-PL-2014-02-27-VOT-ITM-347561-16', 'eli/dl/event/MTG-PL-2014-02-27-VOT-ITM-348101-12', 'eli/dl/event/MTG-PL-2014-02-27-VOT-ITM-348104-8', 'eli/dl/event/MTG-PL-2014-02-27-VOT-ITM-348099-13', 'eli/dl/event/MTG-PL-2014-02-27-VOT-ITM-347739-3', 'eli/dl/event/MTG-PL-2014-02-27-VOT-ITM-348096-9', 'eli/dl/event/MTG-PL-2014-02-27-VOT-ITM-347739-4', 'eli/dl/event/MTG-PL-2014-02-27-VOT-ITM-347782-15']",,def/ep-activities/PLENARY_SITTING,,,,org/ep-7,,http://publications.europa.eu/resource/authority/place/FRA_SXB,
140,eli/dl/event/MTG-PL-2014-03-13,Activity,"{'@value': '2014-03-13T00:00:00+01:00', 'type': 'xsd:dateTime'}",2014-03-13T23:00:00+01:00,MTG-PL-2014-03-13,"{'sk': 'Štvrtok, 13. marca 2014', 'de': 'Donnerstag, 13. März 2014', 'it': 'Giovedì 13 marzo 2014', 'pl': 'Czwartek, 13 marca 2014', 'cs': 'Čtvrtek, 13. března 2014', 'lt': 'Ketvirtadienis, 2014 m. kovo 13 d.', 'pt': 'Quinta-feira, 13 de Março de 2014', 'et': 'Neljapäev, 13. märts 2014', 'es': 'Jueves 13 de marzo de 2014', 'mt': ""Il-Ħamis, 13 ta' Marzu 2014"", 'bg': 'Четвъртък, 13 март 2014', 'sv': 'Torsdagen den 13 mars 2014', 'ro': 'Joi, 13 martie 2014', 'fr': 'Jeudi 13 mars 2014', 'hu': '2014. március 13., csütörtök', 'en': 'Thursday, 13 March 2014', 'fi': 'Torstai 13. maaliskuuta 2014', 'hr': 'četvrtak, 13. ožujka 2014.', 'el': 'Πέμπτη 13 Μαρτίου 2014', 'nl': 'Donderdag 13 maart 2014', 'sl': 'Četrtek, 13. marec 2014', 'lv': 'Ceturtdiena, 2014. gada 13. marts', 'da': 'Torsdag den 13. marts 2014'}",2014-03-13T01:00:00+01:00,"['eli/dl/event/MTG-PL-2014-03-13-VOT-ITM-347476-9', 'eli/dl/event/MTG-PL-2014-03-13-VOT-ITM-348799-13', 'eli/dl/event/MTG-PL-2014-03-13-VOT-ITM-349406-17', 'eli/dl/event/MTG-PL-2014-03-13-VOT-ITM-349011-10', 'eli/dl/event/MTG-PL-2014-03-13-VOT-ITM-348816-14', 'eli/dl/event/MTG-PL-2014-03-13-VOT-ITM-348788-7', 'eli/dl/event/MTG-PL-2014-03-13-VOT-ITM-348817-2', 'eli/dl/event/MTG-PL-2014-03-13-VOT-ITM-349045-11', 'eli/dl/event/MTG-PL-2014-03-13-VOT-ITM-349462-12', 'eli/dl/event/MTG-PL-2014-03-13-VOT-ITM-349414-19', 'eli/dl/event/MTG-PL-2014-03-13-VOT-ITM-348782-5', 'eli/dl/event/MTG-PL-2014-03-13-VOT-ITM-348777-3', 'eli/dl/event/MTG-PL-2014-03-13-VOT-ITM-348780-4', 'eli/dl/event/MTG-PL-2014-03-13-VOT-ITM-349156-15', 'eli/dl/event/MTG-PL-2014-03-13-VOT-ITM-348818-16', 'eli/dl/event/MTG-PL-2014-03-13-VOT-ITM-348817-1', 'eli/dl/event/MTG-PL-2014-03-13-VOT-ITM-349016-8', 'eli/dl/event/MTG-PL-2014-03-13-VOT-ITM-349407-18', 'eli/dl/event/MTG-PL-2014-03-13-VOT-ITM-348784-6']",,def/ep-activities/PLENARY_SITTING,,,,org/ep-7,,http://publications.europa.eu/resource/authority/place/FRA_SXB,
141,eli/dl/event/MTG-PL-2014-04-03,Activity,"{'@value': '2014-04-03T00:00:00+02:00', 'type': 'xsd:dateTime'}",2014-04-03T23:00:00+02:00,MTG-PL-2014-04-03,"{'lv': 'Ceturtdiena, 2014. gada 3. aprīlis', 'bg': 'Четвъртък, 3 април 2014', 'hr': 'četvrtak, 3. travnja 2014.', 'sk': 'Štvrtok, 3. apríla 2014', 'el': 'Πέμπτη 3 Απριλίου 2014', 'mt': ""Il-Ħamis, 3 ta' April 2014"", 'it': 'Giovedì 3 aprile 2014', 'hu': '2014. április 3., csütörtök', 'pt': 'Quinta-feira, 3 de Abril de 2014', 'nl': 'Donderdag 3 april 2014', 'fi': 'Torstai 3. huhtikuuta 2014', 'es': 'Jueves 3 de abril de 2014', 'de': 'Donnerstag, 3. April 2014', 'pl': 'Czwartek, 3 kwietnia 2014', 'ro': 'Joi, 3 aprilie 2014', 'et': 'Neljapäev, 3. aprill 2014', 'en': 'Thursday, 3 April 2014', 'sl': 'Četrtek, 3. april 2014', 'fr': 'Jeudi 3 avril 2014', 'da': 'Torsdag den 3. april 2014', 'cs': 'Čtvrtek, 3. dubna 2014', 'lt': 'Ketvirtadienis, 2014 m. balandžio 3 d.', 'sv': 'Torsdagen den 3 april 2014'}",2014-04-03T01:00:00+02:00,"['eli/dl/event/MTG-PL-2014-04-03-VOT-ITM-350849-35', 'eli/dl/event/MTG-PL-2014-04-03-VOT-ITM-350796-23', 'eli/dl/event/MTG-PL-2014-04-03-VOT-ITM-350797-24', 'eli/dl/event/MTG-PL-2014-04-03-VOT-ITM-350857-43', 'eli/dl/event/MTG-PL-2014-04-03-VOT-ITM-350879-60', 'eli/dl/event/MTG-PL-2014-04-03-VOT-ITM-350854-40', 'eli/dl/event/MTG-PL-2014-04-03-VOT-ITM-350864-50', 'eli/dl/event/MTG-PL-2014-04-03-VOT-ITM-350852-38', 'eli/dl/event/MTG-PL-2014-04-03-VOT-ITM-350803-31', 'eli/dl/event/MTG-PL-2014-04-03-VOT-ITM-350869-53', 'eli/dl/event/MTG-PL-2014-04-03-VOT-ITM-350861-47', 'eli/dl/event/MTG-PL-2014-04-03-VOT-ITM-350787-18', 'eli/dl/event/MTG-PL-2014-04-03-VOT-ITM-350858-44', 'eli/dl/event/MTG-PL-2014-04-03-VOT-ITM-350892-28', 'eli/dl/event/MTG-PL-2014-04-03-VOT-ITM-350882-64', 'eli/dl/event/MTG-PL-2014-04-03-VOT-ITM-350791-22', 'eli/dl/event/MTG-PL-2014-04-03-VOT-ITM-350876-59', 'eli/dl/event/MTG-PL-2014-04-03-VOT-ITM-351606-9', 'eli/dl/event/MTG-PL-2014-04-03-VOT-ITM-350871-55', 'eli/dl/event/MTG-PL-2014-04-03-VOT-ITM-350891-13', 'eli/dl/event/MTG-PL-2014-04-03-VOT-ITM-351672-10', 'eli/dl/event/MTG-PL-2014-04-03-VOT-ITM-350931-7', 'eli/dl/event/MTG-PL-2014-04-03-VOT-ITM-350903-1', 'eli/dl/event/MTG-PL-2014-04-03-VOT-ITM-350897-3', 'eli/dl/event/MTG-PL-2014-04-03-VOT-ITM-350855-41', 'eli/dl/event/MTG-PL-2014-04-03-VOT-ITM-350844-33', 'eli/dl/event/MTG-PL-2014-04-03-VOT-ITM-350900-5', 'eli/dl/event/MTG-PL-2014-04-03-VOT-ITM-350865-51', 'eli/dl/event/MTG-PL-2014-04-03-VOT-ITM-350898-4', 'eli/dl/event/MTG-PL-2014-04-03-VOT-ITM-350862-48', 'eli/dl/event/MTG-PL-2014-04-03-VOT-ITM-350890-11', 'eli/dl/event/MTG-PL-2014-04-03-VOT-ITM-350859-45', 'eli/dl/event/MTG-PL-2014-04-03-VOT-ITM-350932-8', 'eli/dl/event/MTG-PL-2014-04-03-VOT-ITM-350804-32', 'eli/dl/event/MTG-PL-2014-04-03-VOT-ITM-350798-25', 'eli/dl/event/MTG-PL-2014-04-03-VOT-ITM-350872-56', 'eli/dl/event/MTG-PL-2014-04-03-VOT-ITM-350850-36', 'eli/dl/event/MTG-PL-2014-04-03-VOT-ITM-350848-34', 'eli/dl/event/MTG-PL-2014-04-03-VOT-ITM-350856-42', 'eli/dl/event/MTG-PL-2014-04-03-VOT-ITM-350874-57', 'eli/dl/event/MTG-PL-2014-04-03-VOT-ITM-350775-14', 'eli/dl/event/MTG-PL-2014-04-03-VOT-ITM-350901-6', 'eli/dl/event/MTG-PL-2014-04-03-VOT-ITM-350776-12', 'eli/dl/event/MTG-PL-2014-04-03-VOT-ITM-350863-49', 'eli/dl/event/MTG-PL-2014-04-03-VOT-ITM-350853-39', 'eli/dl/event/MTG-PL-2014-04-03-VOT-ITM-350868-52', 'eli/dl/event/MTG-PL-2014-04-03-VOT-ITM-350786-17', 'eli/dl/event/MTG-PL-2014-04-03-VOT-ITM-350802-30', 'eli/dl/event/MTG-PL-2014-04-03-VOT-ITM-350800-27', 'eli/dl/event/MTG-PL-2014-04-03-VOT-ITM-350777-15', 'eli/dl/event/MTG-PL-2014-04-03-VOT-ITM-350795-16', 'eli/dl/event/MTG-PL-2014-04-03-VOT-ITM-350788-19', 'eli/dl/event/MTG-PL-2014-04-03-VOT-ITM-351649-63', 'eli/dl/event/MTG-PL-2014-04-03-VOT-ITM-350851-37', 'eli/dl/event/MTG-PL-2014-04-03-VOT-ITM-350860-46', 'eli/dl/event/MTG-PL-2014-04-03-VOT-ITM-350895-2', 'eli/dl/event/MTG-PL-2014-04-03-VOT-ITM-350799-26', 'eli/dl/event/MTG-PL-2014-04-03-VOT-ITM-350801-29', 'eli/dl/event/MTG-PL-2014-04-03-VOT-ITM-350883-62', 'eli/dl/event/MTG-PL-2014-04-03-VOT-ITM-350789-20', 'eli/dl/event/MTG-PL-2014-04-03-VOT-ITM-350790-21', 'eli/dl/event/MTG-PL-2014-04-03-VOT-ITM-350875-58', 'eli/dl/event/MTG-PL-2014-04-03-VOT-ITM-350881-61', 'eli/dl/event/MTG-PL-2014-04-03-VOT-ITM-350870-54']",,def/ep-activities/PLENARY_SITTING,,,,org/ep-7,,http://publications.europa.eu/resource/authority/place/BEL_BRU,
142,eli/dl/event/MTG-PL-2014-04-17,Activity,"{'@value': '2014-04-17T00:00:00+02:00', 'type': 'xsd:dateTime'}",2014-04-17T23:00:00+02:00,MTG-PL-2014-04-17,"{'ro': 'Joi, 17 aprilie 2014', 'de': 'Donnerstag, 17. April 2014', 'nl': 'Donderdag 17 april 2014', 'pl': 'Czwartek, 17 kwietnia 2014', 'en': 'Thursday, 17 April 2014', 'da': 'Torsdag den 17. april 2014', 'lv': 'Ceturtdiena, 2014. gada 17. aprīlis', 'fr': 'Jeudi 17 avril 2014', 'et': 'Neljapäev, 17. aprill 2014', 'mt': ""Il-Ħamis, 17 ta' April 2014"", 'fi': 'Torstai 17. huhtikuuta 2014', 'hr': 'četvrtak, 17. travnja 2014.', 'lt': 'Ketvirtadienis, 2014 m. balandžio 17 d.', 'pt': 'Quinta-feira, 17 de Abril de 2014', 'it': 'Giovedì 17 aprile 2014', 'sv': 'Torsdagen den 17 april 2014', 'sk': 'Štvrtok, 17. apríla 2014', 'es': 'Jueves 17 de abril de 2014', 'hu': '2014. április 17., csütörtök', 'cs': 'Čtvrtek, 17. dubna 2014', 'bg': 'Четвъртък, 17 април 2014', 'el': 'Πέμπτη 17 Απριλίου 2014', 'sl': 'Četrtek, 17. april 2014'}",2014-04-17T01:00:00+02:00,"['eli/dl/event/MTG-PL-2014-04-17-VOT-ITM-352955-14', 'eli/dl/event/MTG-PL-2014-04-17-VOT-ITM-352381-9', 'eli/dl/event/MTG-PL-2014-04-17-VOT-ITM-352398-11', 'eli/dl/event/MTG-PL-2014-04-17-VOT-ITM-352960-15', 'eli/dl/event/MTG-PL-2014-04-17-VOT-ITM-352956-16', 'eli/dl/event/MTG-PL-2014-04-17-VOT-ITM-352900-6', 'eli/dl/event/MTG-PL-2014-04-17-VOT-ITM-352395-10', 'eli/dl/event/MTG-PL-2014-04-17-VOT-ITM-352396-1', 'eli/dl/event/MTG-PL-2014-04-17-VOT-ITM-352396-2', 'eli/dl/event/MTG-PL-2014-04-17-VOT-ITM-352333-7', 'eli/dl/event/MTG-PL-2014-04-17-VOT-ITM-352958-17', 'eli/dl/event/MTG-PL-2014-04-17-VOT-ITM-352951-12', 'eli/dl/event/MTG-PL-2014-04-17-VOT-ITM-352615-4', 'eli/dl/event/MTG-PL-2014-04-17-VOT-ITM-352959-18', 'eli/dl/event/MTG-PL-2014-04-17-VOT-ITM-352396-3', 'eli/dl/event/MTG-PL-2014-04-17-VOT-ITM-352380-8', 'eli/dl/event/MTG-PL-2014-04-17-VOT-ITM-352949-13', 'eli/dl/event/MTG-PL-2014-04-17-VOT-ITM-352883-5']",,def/ep-activities/PLENARY_SITTING,,,,org/ep-7,,http://publications.europa.eu/resource/authority/place/FRA_SXB,
143,eli/dl/event/MTG-PL-2014-07-03,Activity,"{'@value': '2014-07-03T00:00:00+02:00', 'type': 'xsd:dateTime'}",2014-07-03T23:00:00+02:00,MTG-PL-2014-07-03,"{'pl': 'Czwartek, 3 lipca 2014', 'bg': 'Четвъртък, 3 юли 2014', 'fr': 'Jeudi 3 juillet 2014', 'sk': 'Štvrtok, 3. júla 2014', 'hr': 'četvrtak, 3. srpnja 2014.', 'en': 'Thursday, 3 July 2014', 'fi': 'Torstai 3. heinäkuuta 2014', 'el': 'Πέμπτη 3 Ιουλίου 2014', 'nl': 'Donderdag 3 juli 2014', 'it': 'Giovedì 3 luglio 2014', 'da': 'Torsdag den 3. juli 2014', 'lv': 'Ceturtdiena, 2014. gada 3. jūlijs', 'lt': 'Ketvirtadienis, 2014 m. liepos 3 d.', 'de': 'Donnerstag, 3. Juli 2014', 'ro': 'Joi, 3 iulie 2014', 'cs': 'Čtvrtek, 3. července 2014', 'sv': 'Torsdagen den 3 juli 2014', 'hu': '2014. július 3., csütörtök', 'es': 'Jueves 3 de julio de 2014', 'sl': 'Četrtek, 3. julij 2014', 'et': 'Neljapäev, 3. juuli 2014', 'pt': 'Quinta-feira, 3 de Julho de 2014', 'mt': ""Il-Ħamis, 3 ta' Lulju 2014""}",2014-07-03T01:00:00+02:00,,['eli/dl/doc/OJQ-8-2014-07-03'],def/ep-activities/PLENARY_SITTING,,,,org/ep-8,,http://publications.europa.eu/resource/authority/place/FRA_SXB,
144,eli/dl/event/MTG-PL-2014-07-17,Activity,"{'@value': '2014-07-17T00:00:00+02:00', 'type': 'xsd:dateTime'}",2014-07-17T23:00:00+02:00,MTG-PL-2014-07-17,"{'ro': 'Joi, 17 iulie 2014', 'pt': 'Quinta-feira, 17 de Julho de 2014', 'et': 'Neljapäev, 17. juuli 2014', 'it': 'Giovedì 17 luglio 2014', 'hr': 'četvrtak, 17. srpnja 2014.', 'de': 'Donnerstag, 17. Juli 2014', 'mt': ""Il-Ħamis, 17 ta' Lulju 2014"", 'sk': 'Štvrtok, 17. júla 2014', 'nl': 'Donderdag 17 juli 2014', 'sv': 'Torsdagen den 17 juli 2014', 'bg': 'Четвъртък, 17 юли 2014', 'sl': 'Četrtek, 17. julij 2014', 'lv': 'Ceturtdiena, 2014. gada 17. jūlijs', 'fi': 'Torstai 17. heinäkuuta 2014', 'cs': 'Čtvrtek, 17. července 2014', 'da': 'Torsdag den 17. juli 2014', 'es': 'Jueves 17 de julio de 2014', 'fr': 'Jeudi 17 juillet 2014', 'el': 'Πέμπτη 17 Ιουλίου 2014', 'hu': '2014. július 17., csütörtök', 'pl': 'Czwartek, 17 lipca 2014', 'en': 'Thursday, 17 July 2014', 'lt': 'Ketvirtadienis, 2014 m. liepos 17 d.'}",2014-07-17T01:00:00+02:00,"['eli/dl/event/MTG-PL-2014-07-17-VOT-ITM-360895-8', 'eli/dl/event/MTG-PL-2014-07-17-VOT-ITM-360940-4', 'eli/dl/event/MTG-PL-2014-07-17-VOT-ITM-360892-6', 'eli/dl/event/MTG-PL-2014-07-17-VOT-ITM-360891-5', 'eli/dl/event/MTG-PL-2014-07-17-VOT-ITM-360896-9', 'eli/dl/event/MTG-PL-2014-07-17-VOT-ITM-360886-1', 'eli/dl/event/MTG-PL-2014-07-17-VOT-ITM-360889-3', 'eli/dl/event/MTG-PL-2014-07-17-VOT-ITM-360888-2', 'eli/dl/event/MTG-PL-2014-07-17-VOT-ITM-360894-7']",['eli/dl/doc/OJQ-8-2014-07-17'],def/ep-activities/PLENARY_SITTING,,,,org/ep-8,,http://publications.europa.eu/resource/authority/place/FRA_SXB,
145,eli/dl/event/MTG-PL-2014-09-18,Activity,"{'@value': '2014-09-18T00:00:00+02:00', 'type': 'xsd:dateTime'}",2014-09-18T23:00:00+02:00,MTG-PL-2014-09-18,"{'bg': 'Четвъртък, 18 септември 2014', 'fr': 'Jeudi 18 septembre 2014', 'de': 'Donnerstag, 18. September 2014', 'pl': 'Czwartek, 18 września 2014', 'fi': 'Torstai 18. syyskuuta 2014', 'el': 'Πέμπτη 18 Σεπτεμβρίου 2014', 'da': 'Torsdag den 18. september 2014', 'sv': 'Torsdagen den 18 september 2014', 'it': 'Giovedì 18 settembre 2014', 'ro': 'Joi, 18 septembrie 2014', 'lt': 'Ketvirtadienis, 2014 m. rugsėjo 18 d.', 'pt': 'Quinta-feira, 18 de Setembro de 2014', 'hr': 'četvrtak, 18. rujna 2014.', 'et': 'Neljapäev, 18. september 2014', 'nl': 'Donderdag 18 september 2014', 'cs': 'Čtvrtek, 18. září 2014', 'sl': 'Četrtek, 18. september 2014', 'es': 'Jueves 18 de septiembre de 2014', 'lv': 'Ceturtdiena, 2014. gada 18. septembris', 'hu': '2014. szeptember 18., csütörtök', 'sk': 'Štvrtok, 18. septembra 2014', 'en': 'Thursday, 18 September 2014', 'mt': ""Il-Ħamis, 18 ta' Settembru 2014""}",2014-09-18T01:00:00+02:00,"['eli/dl/event/MTG-PL-2014-09-18-VOT-ITM-373721-9', 'eli/dl/event/MTG-PL-2014-09-18-VOT-ITM-373951-6', 'eli/dl/event/MTG-PL-2014-09-18-VOT-ITM-373946-5', 'eli/dl/event/MTG-PL-2014-09-18-VOT-ITM-373980-8', 'eli/dl/event/MTG-PL-2014-09-18-VOT-ITM-373945-4', 'eli/dl/event/MTG-PL-2014-09-18-VOT-ITM-373949-7', 'eli/dl/event/MTG-PL-2014-09-18-VOT-ITM-373952-2', 'eli/dl/event/MTG-PL-2014-09-18-VOT-ITM-373955-3', 'eli/dl/event/MTG-PL-2014-09-18-VOT-ITM-373950-1']",['eli/dl/doc/OJQ-8-2014-09-18'],def/ep-activities/PLENARY_SITTING,,,,org/ep-8,,http://publications.europa.eu/resource/authority/place/FRA_SXB,
146,eli/dl/event/MTG-PL-2014-10-23,Activity,"{'@value': '2014-10-23T00:00:00+02:00', 'type': 'xsd:dateTime'}",2014-10-23T23:00:00+02:00,MTG-PL-2014-10-23,"{'lt': 'Ketvirtadienis, 2014 m. spalio 23 d.', 'en': 'Thursday, 23 October 2014', 'pl': 'Czwartek, 23 października 2014', 'sk': 'Štvrtok, 23. októbra 2014', 'ro': 'Joi, 23 octombrie 2014', 'es': 'Jueves 23 de octubre de 2014', 'sv': 'Torsdagen den 23 oktober 2014', 'bg': 'Четвъртък, 23 октомври 2014', 'sl': 'Četrtek, 23. oktober 2014', 'mt': ""Il-Ħamis, 23 ta' Ottubru 2014"", 'fr': 'Jeudi 23 octobre 2014', 'hr': 'četvrtak, 23. listopada 2014.', 'de': 'Donnerstag, 23. Oktober 2014', 'et': 'Neljapäev, 23. oktoober 2014', 'hu': '2014. október 23., csütörtök', 'el': 'Πέμπτη 23 Οκτωβρίου 2014', 'cs': 'Čtvrtek, 23. října 2014', 'pt': 'Quinta-feira, 23 de Outubro de 2014', 'fi': 'Torstai 23. lokakuuta 2014', 'lv': 'Ceturtdiena, 2014. gada 23. oktobris', 'da': 'Torsdag den 23. oktober 2014', 'nl': 'Donderdag 23 oktober 2014', 'it': 'Giovedì 23 ottobre 2014'}",2014-10-23T01:00:00+02:00,"['eli/dl/event/MTG-PL-2014-10-23-VOT-ITM-383799-7', 'eli/dl/event/MTG-PL-2014-10-23-VOT-ITM-381696-5', 'eli/dl/event/MTG-PL-2014-10-23-VOT-ITM-382216-6', 'eli/dl/event/MTG-PL-2014-10-23-VOT-ITM-383781-2', 'eli/dl/event/MTG-PL-2014-10-23-VOT-ITM-383794-4', 'eli/dl/event/MTG-PL-2014-10-23-VOT-ITM-383779-1', 'eli/dl/event/MTG-PL-2014-10-23-VOT-ITM-383782-3']",['eli/dl/doc/OJQ-8-2014-10-23'],def/ep-activities/PLENARY_SITTING,,,,org/ep-8,,http://publications.europa.eu/resource/authority/place/FRA_SXB,
147,eli/dl/event/MTG-PL-2014-11-13,Activity,"{'@value': '2014-11-13T00:00:00+01:00', 'type': 'xsd:dateTime'}",2014-11-13T23:00:00+01:00,MTG-PL-2014-11-13,"{'el': 'Πέμπτη 13 Νοεμβρίου 2014', 'pl': 'Czwartek, 13 listopada 2014', 'sl': 'Četrtek, 13. november 2014', 'et': 'Neljapäev, 13. november 2014', 'da': 'Torsdag den 13. november 2014', 'fr': 'Jeudi 13 novembre 2014', 'hr': 'četvrtak, 13. studenog 2014.', 'lt': 'Ketvirtadienis, 2014 m. lapkričio 13 d.', 'mt': ""Il-Ħamis, 13 ta' Novembru 2014"", 'fi': 'Torstai 13. marraskuuta 2014', 'hu': '2014. november 13., csütörtök', 'de': 'Donnerstag, 13. November 2014', 'es': 'Jueves 13 de noviembre de 2014', 'nl': 'Donderdag 13 november 2014', 'sv': 'Torsdagen den 13 november 2014', 'sk': 'Štvrtok, 13. novembra 2014', 'bg': 'Четвъртък, 13 ноември 2014', 'ro': 'Joi, 13 noiembrie 2014', 'pt': 'Quinta-feira, 13 de Novembro de 2014', 'lv': 'Ceturtdiena, 2014. gada 13. novembris', 'en': 'Thursday, 13 November 2014', 'cs': 'Čtvrtek, 13. listopadu 2014', 'it': 'Giovedì 13 novembre 2014'}",2014-11-13T01:00:00+01:00,"['eli/dl/event/MTG-PL-2014-11-13-VOT-ITM-387061-2', 'eli/dl/event/MTG-PL-2014-11-13-VOT-ITM-387061-1', 'eli/dl/event/MTG-PL-2014-11-13-VOT-ITM-386708-8', 'eli/dl/event/MTG-PL-2014-11-13-VOT-ITM-386707-5', 'eli/dl/event/MTG-PL-2014-11-13-VOT-ITM-386710-6', 'eli/dl/event/MTG-PL-2014-11-13-VOT-ITM-386709-7', 'eli/dl/event/MTG-PL-2014-11-13-VOT-ITM-386704-4', 'eli/dl/event/MTG-PL-2014-11-13-VOT-ITM-387061-3']",['eli/dl/doc/OJQ-8-2014-11-13'],def/ep-activities/PLENARY_SITTING,,,,org/ep-8,,http://publications.europa.eu/resource/authority/place/BEL_BRU,
148,eli/dl/event/MTG-PL-2014-11-27,Activity,"{'@value': '2014-11-27T00:00:00+01:00', 'type': 'xsd:dateTime'}",2014-11-27T23:00:00+01:00,MTG-PL-2014-11-27,"{'da': 'Torsdag den 27. november 2014', 'sk': 'Štvrtok, 27. novembra 2014', 'nl': 'Donderdag 27 november 2014', 'ro': 'Joi, 27 noiembrie 2014', 'sv': 'Torsdagen den 27 november 2014', 'es': 'Jueves 27 de noviembre de 2014', 'it': 'Giovedì 27 novembre 2014', 'mt': ""Il-Ħamis, 27 ta' Novembru 2014"", 'el': 'Πέμπτη 27 Νοεμβρίου 2014', 'pt': 'Quinta-feira, 27 de Novembro de 2014', 'hr': 'četvrtak, 27. studenog 2014.', 'hu': '2014. november 27., csütörtök', 'de': 'Donnerstag, 27. November 2014', 'fi': 'Torstai 27. marraskuuta 2014', 'bg': 'Четвъртък, 27 ноември 2014', 'fr': 'Jeudi 27 novembre 2014', 'cs': 'Čtvrtek, 27. listopadu 2014', 'pl': 'Czwartek, 27 listopada 2014', 'lv': 'Ceturtdiena, 2014. gada 27. novembris', 'sl': 'Četrtek, 27. november 2014', 'en': 'Thursday, 27 November 2014', 'lt': 'Ketvirtadienis, 2014 m. lapkričio 27 d.', 'et': 'Neljapäev, 27. november 2014'}",2014-11-27T01:00:00+01:00,"['eli/dl/event/MTG-PL-2014-11-27-VOT-ITM-389743-8', 'eli/dl/event/MTG-PL-2014-11-27-VOT-ITM-389761-6', 'eli/dl/event/MTG-PL-2014-11-27-VOT-ITM-389737-10', 'eli/dl/event/MTG-PL-2014-11-27-VOT-ITM-390851-7', 'eli/dl/event/MTG-PL-2014-11-27-VOT-ITM-389741-1', 'eli/dl/event/MTG-PL-2014-11-27-VOT-ITM-389758-3', 'eli/dl/event/MTG-PL-2014-11-27-VOT-ITM-389764-9', 'eli/dl/event/MTG-PL-2014-11-27-VOT-ITM-389742-5', 'eli/dl/event/MTG-PL-2014-11-27-VOT-ITM-389760-4', 'eli/dl/event/MTG-PL-2014-11-27-VOT-ITM-389756-2']",['eli/dl/doc/OJQ-8-2014-11-27'],def/ep-activities/PLENARY_SITTING,,,,org/ep-8,,http://publications.europa.eu/resource/authority/place/FRA_SXB,
149,eli/dl/event/MTG-PL-2014-12-18,Activity,"{'@value': '2014-12-18T00:00:00+01:00', 'type': 'xsd:dateTime'}",2014-12-18T23:00:00+01:00,MTG-PL-2014-12-18,"{'et': 'Neljapäev, 18. detsember 2014', 'lt': 'Ketvirtadienis, 2014 m. gruodžio 18 d.', 'de': 'Donnerstag, 18. Dezember 2014', 'es': 'Jueves 18 de diciembre de 2014', 'sk': 'Štvrtok, 18. decembra 2014', 'fr': 'Jeudi 18 décembre 2014', 'el': 'Πέμπτη 18 Δεκεμβρίου 2014', 'hr': 'četvrtak, 18. prosinca 2014.', 'fi': 'Torstai 18. joulukuuta 2014', 'hu': '2014. december 18., csütörtök', 'nl': 'Donderdag 18 december 2014', 'pl': 'Czwartek, 18 grudnia 2014', 'mt': ""Il-Ħamis, 18 ta' Diċembru 2014"", 'ro': 'Joi, 18 decembrie 2014', 'sl': 'Četrtek, 18. december 2014', 'sv': 'Torsdagen den 18 december 2014', 'bg': 'Четвъртък, 18 декември 2014', 'da': 'Torsdag den 18. december 2014', 'cs': 'Čtvrtek, 18. prosince 2014', 'lv': 'Ceturtdiena, 2014. gada 18. decembris', 'en': 'Thursday, 18 December 2014', 'it': 'Giovedì 18 dicembre 2014', 'pt': 'Quinta-feira, 18 de Dezembro de 2014'}",2014-12-18T01:00:00+01:00,"['eli/dl/event/MTG-PL-2014-12-18-VOT-ITM-393876-3', 'eli/dl/event/MTG-PL-2014-12-18-VOT-ITM-393539-6', 'eli/dl/event/MTG-PL-2014-12-18-VOT-ITM-393873-2', 'eli/dl/event/MTG-PL-2014-12-18-VOT-ITM-394729-5', 'eli/dl/event/MTG-PL-2014-12-18-VOT-ITM-393877-4', 'eli/dl/event/MTG-PL-2014-12-18-VOT-ITM-393538-7', 'eli/dl/event/MTG-PL-2014-12-18-VOT-ITM-393871-1']",['eli/dl/doc/OJQ-8-2014-12-18'],def/ep-activities/PLENARY_SITTING,,,,org/ep-8,,http://publications.europa.eu/resource/authority/place/FRA_SXB,
124,eli/dl/event/MTG-PL-2015-01-15,Activity,"{'@value': '2015-01-15T00:00:00+01:00', 'type': 'xsd:dateTime'}",2015-01-15T23:00:00+01:00,MTG-PL-2015-01-15,"{'sl': 'Četrtek, 15. januar 2015', 'bg': 'Четвъртък, 15 януари 2015', 'lt': 'Ketvirtadienis, 2015 m. sausio 15 d.', 'fr': 'Jeudi 15 janvier 2015', 'it': 'Giovedì 15 gennaio 2015', 'et': 'Neljapäev, 15. jaanuar 2015', 'nl': 'Donderdag 15 januari 2015', 'fi': 'Torstai 15. tammikuuta 2015', 'hr': 'četvrtak, 15. siječnja 2015.', 'el': 'Πέμπτη 15 Ιανουαρίου 2015', 'pt': 'Quinta-feira, 15 de Janeiro de 2015', 'sv': 'Torsdagen den 15 januari 2015', 'sk': 'Štvrtok, 15. januára 2015', 'pl': 'Czwartek, 15 stycznia 2015', 'de': 'Donnerstag, 15. Januar 2015', 'lv': 'Ceturtdiena, 2015. gada 15. janvāris', 'es': 'Jueves 15 de enero de 2015', 'da': 'Torsdag den 15. januar 2015', 'ro': 'Joi, 15 ianuarie 2015', 'cs': 'Čtvrtek, 15. ledna 2015', 'hu': '2015. január 15., csütörtök', 'mt': ""Il-Ħamis, 15 ta' Jannar 2015"", 'en': 'Thursday, 15 January 2015'}",2015-01-15T01:00:00+01:00,"['eli/dl/event/MTG-PL-2015-01-15-VOT-ITM-399250-3', 'eli/dl/event/MTG-PL-2015-01-15-VOT-ITM-398853-6', 'eli/dl/event/MTG-PL-2015-01-15-VOT-ITM-398854-5', 'eli/dl/event/MTG-PL-2015-01-15-VOT-ITM-399249-2', 'eli/dl/event/MTG-PL-2015-01-15-VOT-ITM-399246-1', 'eli/dl/event/MTG-PL-2015-01-15-VOT-ITM-399251-8', 'eli/dl/event/MTG-PL-2015-01-15-VOT-ITM-398857-10', 'eli/dl/event/MTG-PL-2015-01-15-VOT-ITM-398856-9', 'eli/dl/event/MTG-PL-2015-01-15-VOT-ITM-398850-4', 'eli/dl/event/MTG-PL-2015-01-15-VOT-ITM-398855-7']",['eli/dl/doc/OJQ-8-2015-01-15'],def/ep-activities/PLENARY_SITTING,,,,org/ep-8,,http://publications.europa.eu/resource/authority/place/FRA_SXB,
125,eli/dl/event/MTG-PL-2015-02-12,Activity,"{'@value': '2015-02-12T00:00:00+01:00', 'type': 'xsd:dateTime'}",2015-02-12T23:00:00+01:00,MTG-PL-2015-02-12,"{'mt': ""Il-Ħamis, 12 ta' Frar 2015"", 'lt': 'Ketvirtadienis, 2015 m. vasario 12 d.', 'sv': 'Torsdagen den 12 februari 2015', 'hr': 'četvrtak, 12. veljače 2015.', 'fr': 'Jeudi 12 février 2015', 'it': 'Giovedì 12 febbraio 2015', 'pl': 'Czwartek, 12 lutego 2015', 'el': 'Πέμπτη 12 Φεβρουαρίου 2015', 'et': 'Neljapäev, 12. veebruar 2015', 'de': 'Donnerstag, 12. Februar 2015', 'pt': 'Quinta-feira, 12 de Fevereiro de 2015', 'cs': 'Čtvrtek, 12. února 2015', 'fi': 'Torstai 12. helmikuuta 2015', 'en': 'Thursday, 12 February 2015', 'nl': 'Donderdag 12 februari 2015', 'sk': 'Štvrtok, 12. februára 2015', 'bg': 'Четвъртък, 12 февруари 2015', 'lv': 'Ceturtdiena, 2015. gada 12. februāris', 'es': 'Jueves 12 de febrero de 2015', 'hu': '2015. február 12., csütörtök', 'sl': 'Četrtek, 12. februar 2015', 'ro': 'Joi, 12 februarie 2015', 'da': 'Torsdag den 12. februar 2015'}",2015-02-12T01:00:00+01:00,"['eli/dl/event/MTG-PL-2015-02-12-VOT-ITM-405819-5', 'eli/dl/event/MTG-PL-2015-02-12-VOT-ITM-404541-2', 'eli/dl/event/MTG-PL-2015-02-12-VOT-ITM-404542-3', 'eli/dl/event/MTG-PL-2015-02-12-VOT-ITM-404812-4', 'eli/dl/event/MTG-PL-2015-02-12-VOT-ITM-404543-6', 'eli/dl/event/MTG-PL-2015-02-12-VOT-ITM-404540-1']",['eli/dl/doc/OJQ-8-2015-02-12'],def/ep-activities/PLENARY_SITTING,,,,org/ep-8,,http://publications.europa.eu/resource/authority/place/FRA_SXB,
126,eli/dl/event/MTG-PL-2015-03-12,Activity,"{'@value': '2015-03-12T00:00:00+01:00', 'type': 'xsd:dateTime'}",2015-03-12T23:00:00+01:00,MTG-PL-2015-03-12,"{'ro': 'Joi, 12 martie 2015', 'mt': ""Il-Ħamis, 12 ta' Marzu 2015"", 'lv': 'Ceturtdiena, 2015. gada 12. marts', 'cs': 'Čtvrtek, 12. března 2015', 'et': 'Neljapäev, 12. märts 2015', 'pt': 'Quinta-feira, 12 de Março de 2015', 'es': 'Jueves 12 de marzo de 2015', 'hr': 'četvrtak, 12. ožujka 2015.', 'en': 'Thursday, 12 March 2015', 'de': 'Donnerstag, 12. März 2015', 'sk': 'Štvrtok, 12. marca 2015', 'lt': 'Ketvirtadienis, 2015 m. kovo 12 d.', 'sv': 'Torsdagen den 12 mars 2015', 'hu': '2015. március 12., csütörtök', 'fr': 'Jeudi 12 mars 2015', 'el': 'Πέμπτη 12 Μαρτίου 2015', 'sl': 'Četrtek, 12. marec 2015', 'nl': 'Donderdag 12 maart 2015', 'bg': 'Четвъртък, 12 март 2015', 'it': 'Giovedì 12 marzo 2015', 'fi': 'Torstai 12. maaliskuuta 2015', 'pl': 'Czwartek, 12 marca 2015', 'da': 'Torsdag den 12. marts 2015'}",2015-03-12T01:00:00+01:00,"['eli/dl/event/MTG-PL-2015-03-12-VOT-ITM-409257-7', 'eli/dl/event/MTG-PL-2015-03-12-VOT-ITM-410088-8', 'eli/dl/event/MTG-PL-2015-03-12-VOT-ITM-411224-4', 'eli/dl/event/MTG-PL-2015-03-12-VOT-ITM-409265-10', 'eli/dl/event/MTG-PL-2015-03-12-VOT-ITM-410091-2', 'eli/dl/event/MTG-PL-2015-03-12-VOT-ITM-409239-5', 'eli/dl/event/MTG-PL-2015-03-12-VOT-ITM-410089-1', 'eli/dl/event/MTG-PL-2015-03-12-VOT-ITM-409256-9', 'eli/dl/event/MTG-PL-2015-03-12-VOT-ITM-410092-3', 'eli/dl/event/MTG-PL-2015-03-12-VOT-ITM-409238-6']",['eli/dl/doc/OJQ-8-2015-03-12'],def/ep-activities/PLENARY_SITTING,,,,org/ep-8,,http://publications.europa.eu/resource/authority/place/FRA_SXB,
127,eli/dl/event/MTG-PL-2015-04-30,Activity,"{'@value': '2015-04-30T00:00:00+02:00', 'type': 'xsd:dateTime'}",2015-04-30T23:00:00+02:00,MTG-PL-2015-04-30,"{'et': 'Neljapäev, 30. aprill 2015', 'de': 'Donnerstag, 30. April 2015', 'ro': 'Joi, 30 aprilie 2015', 'bg': 'Четвъртък, 30 април 2015', 'sl': 'Četrtek, 30. april 2015', 'es': 'Jueves 30 de abril de 2015', 'cs': 'Čtvrtek, 30. dubna 2015', 'pt': 'Quinta-feira, 30 de Abril de 2015', 'fr': 'Jeudi 30 avril 2015', 'hr': 'četvrtak, 30. travnja 2015.', 'da': 'Torsdag den 30. april 2015', 'mt': ""Il-Ħamis, 30 ta' April 2015"", 'sv': 'Torsdagen den 30 april 2015', 'en': 'Thursday, 30 April 2015', 'lv': 'Ceturtdiena, 2015. gada 30. aprīlis', 'sk': 'Štvrtok, 30. apríla 2015', 'lt': 'Ketvirtadienis, 2015 m. balandžio 30 d.', 'it': 'Giovedì 30 aprile 2015', 'el': 'Πέμπτη 30 Απριλίου 2015', 'hu': '2015. április 30., csütörtök', 'pl': 'Czwartek, 30 kwietnia 2015', 'nl': 'Donderdag 30 april 2015', 'fi': 'Torstai 30. huhtikuuta 2015'}",2015-04-30T01:00:00+02:00,"['eli/dl/event/MTG-PL-2015-04-30-VOT-ITM-423805-11', 'eli/dl/event/MTG-PL-2015-04-30-VOT-ITM-423969-3', 'eli/dl/event/MTG-PL-2015-04-30-VOT-ITM-422865-7', 'eli/dl/event/MTG-PL-2015-04-30-VOT-ITM-422858-1', 'eli/dl/event/MTG-PL-2015-04-30-VOT-ITM-422869-9', 'eli/dl/event/MTG-PL-2015-04-30-VOT-ITM-423971-4', 'eli/dl/event/MTG-PL-2015-04-30-VOT-ITM-423803-10', 'eli/dl/event/MTG-PL-2015-04-30-VOT-ITM-422879-8', 'eli/dl/event/MTG-PL-2015-04-30-VOT-ITM-423961-2', 'eli/dl/event/MTG-PL-2015-04-30-VOT-ITM-422863-6', 'eli/dl/event/MTG-PL-2015-04-30-VOT-ITM-423806-12', 'eli/dl/event/MTG-PL-2015-04-30-VOT-ITM-422862-5']",['eli/dl/doc/OJQ-8-2015-04-30'],def/ep-activities/PLENARY_SITTING,,,,org/ep-8,,http://publications.europa.eu/resource/authority/place/FRA_SXB,
128,eli/dl/event/MTG-PL-2015-05-21,Activity,"{'@value': '2015-05-21T00:00:00+02:00', 'type': 'xsd:dateTime'}",2015-05-21T23:00:00+02:00,MTG-PL-2015-05-21,"{'fi': 'Torstai 21. toukokuuta 2015', 'el': 'Πέμπτη 21 Μαίου 2015', 'nl': 'Donderdag 21 mei 2015', 'pt': 'Quinta-feira, 21 de Maio de 2015', 'sk': 'Štvrtok, 21. mája 2015', 'et': 'Neljapäev, 21. mai 2015', 'fr': 'Jeudi 21 mai 2015', 'ro': 'Joi, 21 mai 2015', 'de': 'Donnerstag, 21. Mai 2015', 'pl': 'Czwartek, 21 maja 2015', 'cs': 'Čtvrtek, 21. května 2015', 'bg': 'Четвъртък, 21 май 2015', 'lt': 'Ketvirtadienis, 2015 m. gegužės 21 d.', 'hu': '2015. május 21., csütörtök', 'hr': 'četvrtak, 21. svibnja 2015.', 'sl': 'Četrtek, 21. maj 2015', 'lv': 'Ceturtdiena, 2015. gada 21. maijs', 'mt': ""Il-Ħamis, 21 ta' Mejju 2015"", 'it': 'Giovedì 21 maggio 2015', 'en': 'Thursday, 21 May 2015', 'da': 'Torsdag den 21. maj 2015', 'sv': 'Torsdagen den 21 maj 2015', 'es': 'Jueves 21 de mayo de 2015'}",2015-05-21T01:00:00+02:00,"['eli/dl/event/MTG-PL-2015-05-21-VOT-ITM-429710-2', 'eli/dl/event/MTG-PL-2015-05-21-VOT-ITM-429711-3', 'eli/dl/event/MTG-PL-2015-05-21-VOT-ITM-429196-4', 'eli/dl/event/MTG-PL-2015-05-21-VOT-ITM-429198-5', 'eli/dl/event/MTG-PL-2015-05-21-VOT-ITM-429730-6', 'eli/dl/event/MTG-PL-2015-05-21-VOT-ITM-429708-1']",['eli/dl/doc/OJQ-8-2015-05-21'],def/ep-activities/PLENARY_SITTING,,,,org/ep-8,,http://publications.europa.eu/resource/authority/place/FRA_SXB,
129,eli/dl/event/MTG-PL-2015-06-11,Activity,"{'@value': '2015-06-11T00:00:00+02:00', 'type': 'xsd:dateTime'}",2015-06-11T23:00:00+02:00,MTG-PL-2015-06-11,"{'nl': 'Donderdag 11 juni 2015', 'hr': 'četvrtak, 11. lipnja 2015.', 'sl': 'Četrtek, 11. junij 2015', 'bg': 'Четвъртък, 11 юни 2015', 'mt': ""Il-Ħamis, 11 ta' Ġunju 2015"", 'de': 'Donnerstag, 11. Juni 2015', 'cs': 'Čtvrtek, 11. června 2015', 'it': 'Giovedì 11 giugno 2015', 'lv': 'Ceturtdiena, 2015. gada 11. jūnijs', 'en': 'Thursday, 11 June 2015', 'es': 'Jueves 11 de junio de 2015', 'el': 'Πέμπτη 11 Ιουνίου 2015', 'sv': 'Torsdagen den 11 juni 2015', 'sk': 'Štvrtok, 11. júna 2015', 'fi': 'Torstai 11. kesäkuuta 2015', 'ro': 'Joi, 11 iunie 2015', 'et': 'Neljapäev, 11. juuni 2015', 'lt': 'Ketvirtadienis, 2015 m. birželio 11 d.', 'da': 'Torsdag den 11. juni 2015', 'pt': 'Quinta-feira, 11 de Junho de 2015', 'fr': 'Jeudi 11 juin 2015', 'hu': '2015. június 11., csütörtök', 'pl': 'Czwartek, 11 czerwca 2015'}",2015-06-11T01:00:00+02:00,"['eli/dl/event/MTG-PL-2015-06-11-VOT-ITM-436924-2', 'eli/dl/event/MTG-PL-2015-06-11-VOT-ITM-436932-5', 'eli/dl/event/MTG-PL-2015-06-11-VOT-ITM-436925-3', 'eli/dl/event/MTG-PL-2015-06-11-VOT-ITM-435133-4', 'eli/dl/event/MTG-PL-2015-06-11-VOT-ITM-436923-1']",['eli/dl/doc/OJQ-8-2015-06-11'],def/ep-activities/PLENARY_SITTING,,,,org/ep-8,,http://publications.europa.eu/resource/authority/place/FRA_SXB,
130,eli/dl/event/MTG-PL-2015-07-09,Activity,"{'@value': '2015-07-09T00:00:00+02:00', 'type': 'xsd:dateTime'}",2015-07-09T23:00:00+02:00,MTG-PL-2015-07-09,"{'es': 'Jueves 9 de julio de 2015', 'lt': 'Ketvirtadienis, 2015 m. liepos 9 d.', 'fi': 'Torstai 9. heinäkuuta 2015', 'sv': 'Torsdagen den 9 juli 2015', 'cs': 'Čtvrtek, 9. července 2015', 'hr': 'četvrtak, 9. srpnja 2015.', 'sl': 'Četrtek, 9. julij 2015', 'pl': 'Czwartek, 9 lipca 2015', 'lv': 'Ceturtdiena, 2015. gada 9. jūlijs', 'it': 'Giovedì 9 luglio 2015', 'ro': 'Joi, 9 iulie 2015', 'pt': 'Quinta-feira, 9 de Julho de 2015', 'el': 'Πέμπτη 9 Ιουλίου 2015', 'mt': ""Il-Ħamis, 9 ta' Lulju 2015"", 'hu': '2015. július 9., csütörtök', 'nl': 'Donderdag 9 juli 2015', 'en': 'Thursday, 9 July 2015', 'da': 'Torsdag den 9. juli 2015', 'de': 'Donnerstag, 9. Juli 2015', 'fr': 'Jeudi 9 juillet 2015', 'et': 'Neljapäev, 9. juuli 2015', 'sk': 'Štvrtok, 9. júla 2015', 'bg': 'Четвъртък, 9 юли 2015'}",2015-07-09T01:00:00+02:00,"['eli/dl/event/MTG-PL-2015-07-09-VOT-ITM-443955-10', 'eli/dl/event/MTG-PL-2015-07-09-VOT-ITM-444283-13', 'eli/dl/event/MTG-PL-2015-07-09-VOT-ITM-443953-7', 'eli/dl/event/MTG-PL-2015-07-09-VOT-ITM-444279-4', 'eli/dl/event/MTG-PL-2015-07-09-VOT-ITM-444290-16', 'eli/dl/event/MTG-PL-2015-07-09-VOT-ITM-445396-1', 'eli/dl/event/MTG-PL-2015-07-09-VOT-ITM-443962-2', 'eli/dl/event/MTG-PL-2015-07-09-VOT-ITM-444286-14', 'eli/dl/event/MTG-PL-2015-07-09-VOT-ITM-445293-12', 'eli/dl/event/MTG-PL-2015-07-09-VOT-ITM-444281-6', 'eli/dl/event/MTG-PL-2015-07-09-VOT-ITM-444280-5', 'eli/dl/event/MTG-PL-2015-07-09-VOT-ITM-443956-9', 'eli/dl/event/MTG-PL-2015-07-09-VOT-ITM-444278-3', 'eli/dl/event/MTG-PL-2015-07-09-VOT-ITM-444288-15', 'eli/dl/event/MTG-PL-2015-07-09-VOT-ITM-444282-11', 'eli/dl/event/MTG-PL-2015-07-09-VOT-ITM-443957-8']",['eli/dl/doc/OJQ-8-2015-07-09'],def/ep-activities/PLENARY_SITTING,,,,org/ep-8,,http://publications.europa.eu/resource/authority/place/FRA_SXB,
131,eli/dl/event/MTG-PL-2015-09-10,Activity,"{'@value': '2015-09-10T00:00:00+02:00', 'type': 'xsd:dateTime'}",2015-09-10T23:00:00+02:00,MTG-PL-2015-09-10,"{'mt': ""Il-Ħamis, 10 ta' Settembru 2015"", 'hr': 'četvrtak, 10. rujna 2015.', 'de': 'Donnerstag, 10. September 2015', 'en': 'Thursday, 10 September 2015', 'el': 'Πέμπτη 10 Σεπτεμβρίου 2015', 'sk': 'Štvrtok, 10. septembra 2015', 'da': 'Torsdag den 10. september 2015', 'nl': 'Donderdag 10 september 2015', 'it': 'Giovedì 10 settembre 2015', 'fi': 'Torstai 10. syyskuuta 2015', 'pt': 'Quinta-feira, 10 de Setembro de 2015', 'bg': 'Четвъртък, 10 септември 2015', 'fr': 'Jeudi 10 septembre 2015', 'et': 'Neljapäev, 10. september 2015', 'lv': 'Ceturtdiena, 2015. gada 10. septembris', 'cs': 'Čtvrtek, 10. září 2015', 'sv': 'Torsdagen den 10 september 2015', 'es': 'Jueves 10 de septiembre de 2015', 'pl': 'Czwartek, 10 września 2015', 'lt': 'Ketvirtadienis, 2015 m. rugsėjo 10 d.', 'ro': 'Joi, 10 septembrie 2015', 'hu': '2015. szeptember 10., csütörtök', 'sl': 'Četrtek, 10. september 2015'}",2015-09-10T01:00:00+02:00,"['eli/dl/event/MTG-PL-2015-09-10-VOT-ITM-460499-5', 'eli/dl/event/MTG-PL-2015-09-10-VOT-ITM-459932-8', 'eli/dl/event/MTG-PL-2015-09-10-VOT-ITM-460496-3', 'eli/dl/event/MTG-PL-2015-09-10-VOT-ITM-460494-2', 'eli/dl/event/MTG-PL-2015-09-10-VOT-ITM-459933-7', 'eli/dl/event/MTG-PL-2015-09-10-VOT-ITM-460493-1', 'eli/dl/event/MTG-PL-2015-09-10-VOT-ITM-460497-4', 'eli/dl/event/MTG-PL-2015-09-10-VOT-ITM-461280-6', 'eli/dl/event/MTG-PL-2015-09-10-VOT-ITM-459944-9']",['eli/dl/doc/OJQ-8-2015-09-10'],def/ep-activities/PLENARY_SITTING,,,,org/ep-8,,http://publications.europa.eu/resource/authority/place/FRA_SXB,
132,eli/dl/event/MTG-PL-2015-09-17,Activity,"{'@value': '2015-09-17T00:00:00+02:00', 'type': 'xsd:dateTime'}",2015-09-17T23:00:00+02:00,MTG-PL-2015-09-17,"{'en': 'Thursday, 17 September 2015', 'it': 'Giovedì 17 settembre 2015', 'sl': 'Četrtek, 17. september 2015', 'et': 'Neljapäev, 17. september 2015', 'lv': 'Ceturtdiena, 2015. gada 17. septembris', 'bg': 'Четвъртък, 17 септември 2015', 'fr': 'Jeudi 17 septembre 2015', 'pl': 'Czwartek, 17 września 2015', 'mt': ""Il-Ħamis, 17 ta' Settembru 2015"", 'pt': 'Quinta-feira, 17 de Setembro de 2015', 'lt': 'Ketvirtadienis, 2015 m. rugsėjo 17 d.', 'sv': 'Torsdagen den 17 september 2015', 'ro': 'Joi, 17 septembrie 2015', 'es': 'Jueves 17 de septiembre de 2015', 'da': 'Torsdag den 17. september 2015', 'el': 'Πέμπτη 17 Σεπτεμβρίου 2015', 'hr': 'četvrtak, 17. rujna 2015.', 'sk': 'Štvrtok, 17. septembra 2015', 'fi': 'Torstai 17. syyskuuta 2015', 'cs': 'Čtvrtek, 17. září 2015', 'hu': '2015. szeptember 17., csütörtök', 'nl': 'Donderdag 17 september 2015', 'de': 'Donnerstag, 17. September 2015'}",2015-09-17T01:00:00+02:00,['eli/dl/event/MTG-PL-2015-09-17-VOT-ITM-463619-1'],['eli/dl/doc/OJQ-8-2015-09-17'],def/ep-activities/PLENARY_SITTING,,,,org/ep-8,,http://publications.europa.eu/resource/authority/place/BEL_BRU,
133,eli/dl/event/MTG-PL-2015-10-08,Activity,"{'@value': '2015-10-08T00:00:00+02:00', 'type': 'xsd:dateTime'}",2015-10-08T23:00:00+02:00,MTG-PL-2015-10-08,"{'sl': 'Četrtek, 8. oktober 2015', 'mt': ""Il-Ħamis, 8 ta' Ottubru 2015"", 'nl': 'Donderdag 8 oktober 2015', 'hr': 'četvrtak, 8. listopada 2015.', 'sv': 'Torsdagen den 8 oktober 2015', 'hu': '2015. október 8., csütörtök', 'fr': 'Jeudi 8 octobre 2015', 'el': 'Πέμπτη 8 Οκτωβρίου 2015', 'bg': 'Четвъртък, 8 октомври 2015', 'et': 'Neljapäev, 8. oktoober 2015', 'lv': 'Ceturtdiena, 2015. gada 8. oktobris', 'pl': 'Czwartek, 8 października 2015', 'fi': 'Torstai 8. lokakuuta 2015', 'en': 'Thursday, 8 October 2015', 'es': 'Jueves 8 de octubre de 2015', 'sk': 'Štvrtok, 8. októbra 2015', 'it': 'Giovedì 8 ottobre 2015', 'de': 'Donnerstag, 8. Oktober 2015', 'cs': 'Čtvrtek, 8. října 2015', 'lt': 'Ketvirtadienis, 2015 m. spalio 8 d.', 'pt': 'Quinta-feira, 8 de Outubro de 2015', 'da': 'Torsdag den 8. oktober 2015', 'ro': 'Joi, 8 octombrie 2015'}",2015-10-08T01:00:00+02:00,"['eli/dl/event/MTG-PL-2015-10-08-VOT-ITM-467514-5', 'eli/dl/event/MTG-PL-2015-10-08-VOT-ITM-467405-1', 'eli/dl/event/MTG-PL-2015-10-08-VOT-ITM-467407-2', 'eli/dl/event/MTG-PL-2015-10-08-VOT-ITM-467413-7', 'eli/dl/event/MTG-PL-2015-10-08-VOT-ITM-467131-10', 'eli/dl/event/MTG-PL-2015-10-08-VOT-ITM-467412-6', 'eli/dl/event/MTG-PL-2015-10-08-VOT-ITM-467414-8', 'eli/dl/event/MTG-PL-2015-10-08-VOT-ITM-467415-9', 'eli/dl/event/MTG-PL-2015-10-08-VOT-ITM-467495-4', 'eli/dl/event/MTG-PL-2015-10-08-VOT-ITM-467411-3']",['eli/dl/doc/OJQ-8-2015-10-08'],def/ep-activities/PLENARY_SITTING,,,,org/ep-8,,http://publications.europa.eu/resource/authority/place/FRA_SXB,
134,eli/dl/event/MTG-PL-2015-10-29,Activity,"{'@value': '2015-10-29T00:00:00+01:00', 'type': 'xsd:dateTime'}",2015-10-29T23:00:00+01:00,MTG-PL-2015-10-29,"{'lv': 'Ceturtdiena, 2015. gada 29. oktobris', 'pt': 'Quinta-feira, 29 de Outubro de 2015', 'hu': '2015. október 29., csütörtök', 'sv': 'Torsdagen den 29 oktober 2015', 'sk': 'Štvrtok, 29. októbra 2015', 'mt': ""Il-Ħamis, 29 ta' Ottubru 2015"", 'nl': 'Donderdag 29 oktober 2015', 'sl': 'Četrtek, 29. oktober 2015', 'it': 'Giovedì 29 ottobre 2015', 'lt': 'Ketvirtadienis, 2015 m. spalio 29 d.', 'fi': 'Torstai 29. lokakuuta 2015', 'el': 'Πέμπτη 29 Οκτωβρίου 2015', 'pl': 'Czwartek, 29 października 2015', 'da': 'Torsdag den 29. oktober 2015', 'en': 'Thursday, 29 October 2015', 'hr': 'četvrtak, 29. listopada 2015.', 'es': 'Jueves 29 de octubre de 2015', 'bg': 'Четвъртък, 29 октомври 2015', 'ro': 'Joi, 29 octombrie 2015', 'et': 'Neljapäev, 29. oktoober 2015', 'de': 'Donnerstag, 29. Oktober 2015', 'cs': 'Čtvrtek, 29. října 2015', 'fr': 'Jeudi 29 octobre 2015'}",2015-10-29T01:00:00+01:00,"['eli/dl/event/MTG-PL-2015-10-29-VOT-ITM-473705-8', 'eli/dl/event/MTG-PL-2015-10-29-VOT-ITM-473265-4', 'eli/dl/event/MTG-PL-2015-10-29-VOT-ITM-473459-6', 'eli/dl/event/MTG-PL-2015-10-29-VOT-ITM-473703-3', 'eli/dl/event/MTG-PL-2015-10-29-VOT-ITM-473139-1', 'eli/dl/event/MTG-PL-2015-10-29-VOT-ITM-472910-2', 'eli/dl/event/MTG-PL-2015-10-29-VOT-ITM-473704-5', 'eli/dl/event/MTG-PL-2015-10-29-VOT-ITM-473141-7']",['eli/dl/doc/OJQ-8-2015-10-29'],def/ep-activities/PLENARY_SITTING,,,,org/ep-8,,http://publications.europa.eu/resource/authority/place/FRA_SXB,
135,eli/dl/event/MTG-PL-2015-11-26,Activity,"{'@value': '2015-11-26T00:00:00+01:00', 'type': 'xsd:dateTime'}",2015-11-26T23:00:00+01:00,MTG-PL-2015-11-26,"{'nl': 'Donderdag 26 november 2015', 'cs': 'Čtvrtek, 26. listopadu 2015', 'bg': 'Четвъртък, 26 ноември 2015', 'lt': 'Ketvirtadienis, 2015 m. lapkričio 26 d.', 'pt': 'Quinta-feira, 26 de Novembro de 2015', 'et': 'Neljapäev, 26. november 2015', 'da': 'Torsdag den 26. november 2015', 'sl': 'Četrtek, 26. november 2015', 'mt': ""Il-Ħamis, 26 ta' Novembru 2015"", 'lv': 'Ceturtdiena, 2015. gada 26. novembris', 'sk': 'Štvrtok, 26. novembra 2015', 'ro': 'Joi, 26 noiembrie 2015', 'hu': '2015. november 26., csütörtök', 'es': 'Jueves 26 de noviembre de 2015', 'en': 'Thursday, 26 November 2015', 'fr': 'Jeudi 26 novembre 2015', 'hr': 'četvrtak, 26. studenog 2015.', 'it': 'Giovedì 26 novembre 2015', 'de': 'Donnerstag, 26. November 2015', 'fi': 'Torstai 26. marraskuuta 2015', 'pl': 'Czwartek, 26 listopada 2015', 'sv': 'Torsdagen den 26 november 2015', 'el': 'Πέμπτη 26 Νοεμβρίου 2015'}",2015-11-26T01:00:00+01:00,"['eli/dl/event/MTG-PL-2015-11-26-VOT-ITM-479716-7', 'eli/dl/event/MTG-PL-2015-11-26-VOT-ITM-479714-4', 'eli/dl/event/MTG-PL-2015-11-26-VOT-ITM-479711-2', 'eli/dl/event/MTG-PL-2015-11-26-VOT-ITM-479713-3', 'eli/dl/event/MTG-PL-2015-11-26-VOT-ITM-479715-5', 'eli/dl/event/MTG-PL-2015-11-26-VOT-ITM-479709-1', 'eli/dl/event/MTG-PL-2015-11-26-VOT-ITM-481413-6', 'eli/dl/event/MTG-PL-2015-11-26-VOT-ITM-479717-8']",['eli/dl/doc/OJQ-8-2015-11-26'],def/ep-activities/PLENARY_SITTING,,,,org/ep-8,,http://publications.europa.eu/resource/authority/place/FRA_SXB,
136,eli/dl/event/MTG-PL-2015-12-17,Activity,"{'@value': '2015-12-17T00:00:00+01:00', 'type': 'xsd:dateTime'}",2015-12-17T23:00:00+01:00,MTG-PL-2015-12-17,"{'lv': 'Ceturtdiena, 2015. gada 17. decembris', 'es': 'Jueves 17 de diciembre de 2015', 'sl': 'Četrtek, 17. december 2015', 'fi': 'Torstai 17. joulukuuta 2015', 'lt': 'Ketvirtadienis, 2015 m. gruodžio 17 d.', 'bg': 'Четвъртък, 17 декември 2015', 'el': 'Πέμπτη 17 Δεκεμβρίου 2015', 'nl': 'Donderdag 17 december 2015', 'fr': 'Jeudi 17 décembre 2015', 'it': 'Giovedì 17 dicembre 2015', 'ro': 'Joi, 17 decembrie 2015', 'hu': '2015. december 17., csütörtök', 'cs': 'Čtvrtek, 17. prosince 2015', 'en': 'Thursday, 17 December 2015', 'sk': 'Štvrtok, 17. decembra 2015', 'pt': 'Quinta-feira, 17 de Dezembro de 2015', 'de': 'Donnerstag, 17. Dezember 2015', 'hr': 'četvrtak, 17. prosinca 2015.', 'sv': 'Torsdagen den 17 december 2015', 'et': 'Neljapäev, 17. detsember 2015', 'da': 'Torsdag den 17. december 2015', 'mt': ""Il-Ħamis, 17 ta' Diċembru 2015"", 'pl': 'Czwartek, 17 grudnia 2015'}",2015-12-17T01:00:00+01:00,"['eli/dl/event/MTG-PL-2015-12-17-VOT-ITM-485717-5', 'eli/dl/event/MTG-PL-2015-12-17-VOT-ITM-486660-2', 'eli/dl/event/MTG-PL-2015-12-17-VOT-ITM-486634-13', 'eli/dl/event/MTG-PL-2015-12-17-VOT-ITM-485724-11', 'eli/dl/event/MTG-PL-2015-12-17-VOT-ITM-485722-9', 'eli/dl/event/MTG-PL-2015-12-17-VOT-ITM-486636-14', 'eli/dl/event/MTG-PL-2015-12-17-VOT-ITM-486632-12', 'eli/dl/event/MTG-PL-2015-12-17-VOT-ITM-486631-10', 'eli/dl/event/MTG-PL-2015-12-17-VOT-ITM-487985-1', 'eli/dl/event/MTG-PL-2015-12-17-VOT-ITM-486629-4', 'eli/dl/event/MTG-PL-2015-12-17-VOT-ITM-486630-8', 'eli/dl/event/MTG-PL-2015-12-17-VOT-ITM-485718-7', 'eli/dl/event/MTG-PL-2015-12-17-VOT-ITM-486628-3', 'eli/dl/event/MTG-PL-2015-12-17-VOT-ITM-485717-6']",['eli/dl/doc/OJQ-8-2015-12-17'],def/ep-activities/PLENARY_SITTING,,,,org/ep-8,,http://publications.europa.eu/resource/authority/place/FRA_SXB,
107,eli/dl/event/MTG-PL-2016-01-21,Activity,"{'@value': '2016-01-21T00:00:00+01:00', 'type': 'xsd:dateTime'}",2016-01-21T23:00:00+01:00,MTG-PL-2016-01-21,"{'hr': 'četvrtak, 21. siječnja 2016.', 'pl': 'Czwartek, 21 stycznia 2016', 'da': 'Torsdag den 21. januar 2016', 'fr': 'Jeudi 21 janvier 2016', 'sk': 'Štvrtok, 21. januára 2016', 'it': 'Giovedì 21 gennaio 2016', 'bg': 'Четвъртък, 21 януари 2016', 'lt': 'Ketvirtadienis, 2016 m. sausio 21 d.', 'nl': 'Donderdag 21 januari 2016', 'es': 'Jueves 21 de enero de 2016', 'lv': 'Ceturtdiena, 2016. gada 21. janvāris', 'ro': 'Joi, 21 ianuarie 2016', 'de': 'Donnerstag, 21. Januar 2016', 'en': 'Thursday, 21 January 2016', 'et': 'Neljapäev, 21. jaanuar 2016', 'sv': 'Torsdagen den 21 januari 2016', 'el': 'Πέμπτη 21 Ιανουαρίου 2016', 'hu': '2016. január 21., csütörtök', 'cs': 'Čtvrtek, 21. ledna 2016', 'sl': 'Četrtek, 21. januar 2016', 'mt': ""Il-Ħamis, 21 ta' Jannar 2016"", 'fi': 'Torstai 21. tammikuuta 2016', 'pt': 'Quinta-feira, 21 de Janeiro de 2016'}",2016-01-21T01:00:00+01:00,"['eli/dl/event/MTG-PL-2016-01-21-VOT-ITM-496539-7', 'eli/dl/event/MTG-PL-2016-01-21-VOT-ITM-496534-2', 'eli/dl/event/MTG-PL-2016-01-21-VOT-ITM-495969-1', 'eli/dl/event/MTG-PL-2016-01-21-VOT-ITM-495661-6', 'eli/dl/event/MTG-PL-2016-01-21-VOT-ITM-496540-8', 'eli/dl/event/MTG-PL-2016-01-21-VOT-ITM-496542-9', 'eli/dl/event/MTG-PL-2016-01-21-VOT-ITM-496537-4', 'eli/dl/event/MTG-PL-2016-01-21-VOT-ITM-496535-3', 'eli/dl/event/MTG-PL-2016-01-21-VOT-ITM-496538-5']",['eli/dl/doc/OJQ-8-2016-01-21'],def/ep-activities/PLENARY_SITTING,,,,org/ep-8,,http://publications.europa.eu/resource/authority/place/FRA_SXB,
108,eli/dl/event/MTG-PL-2016-02-04,Activity,"{'@value': '2016-02-04T00:00:00+01:00', 'type': 'xsd:dateTime'}",2016-02-04T23:00:00+01:00,MTG-PL-2016-02-04,"{'hu': '2016. február 4., csütörtök', 'it': 'Giovedì 4 febbraio 2016', 'cs': 'Čtvrtek, 4. února 2016', 'sl': 'Četrtek, 4. februar 2016', 'sv': 'Torsdagen den 4 februari 2016', 'pt': 'Quinta-feira, 4 de Fevereiro de 2016', 'hr': 'četvrtak, 4. veljače 2016.', 'et': 'Neljapäev, 4. veebruar 2016', 'ro': 'Joi, 4 februarie 2016', 'mt': ""Il-Ħamis, 4 ta' Frar 2016"", 'pl': 'Czwartek, 4 lutego 2016', 'bg': 'Четвъртък, 4 февруари 2016', 'el': 'Πέμπτη 4 Φεβρουαρίου 2016', 'fi': 'Torstai 4. helmikuuta 2016', 'es': 'Jueves 4 de febrero de 2016', 'de': 'Donnerstag, 4. Februar 2016', 'sk': 'Štvrtok, 4. februára 2016', 'en': 'Thursday, 4 February 2016', 'fr': 'Jeudi 4 février 2016', 'nl': 'Donderdag 4 februari 2016', 'lt': 'Ketvirtadienis, 2016 m. vasario 4 d.', 'lv': 'Ceturtdiena, 2016. gada 4. februāris', 'da': 'Torsdag den 4. februar 2016'}",2016-02-04T01:00:00+01:00,"['eli/dl/event/MTG-PL-2016-02-04-VOT-ITM-500676-7', 'eli/dl/event/MTG-PL-2016-02-04-VOT-ITM-500673-5', 'eli/dl/event/MTG-PL-2016-02-04-VOT-ITM-500671-4', 'eli/dl/event/MTG-PL-2016-02-04-VOT-ITM-500675-6', 'eli/dl/event/MTG-PL-2016-02-04-VOT-ITM-500665-1', 'eli/dl/event/MTG-PL-2016-02-04-VOT-ITM-500680-9', 'eli/dl/event/MTG-PL-2016-02-04-VOT-ITM-500668-3', 'eli/dl/event/MTG-PL-2016-02-04-VOT-ITM-500677-8', 'eli/dl/event/MTG-PL-2016-02-04-VOT-ITM-500667-2']",['eli/dl/doc/OJQ-8-2016-02-04'],def/ep-activities/PLENARY_SITTING,,,,org/ep-8,,http://publications.europa.eu/resource/authority/place/FRA_SXB,
109,eli/dl/event/MTG-PL-2016-02-25,Activity,"{'@value': '2016-02-25T00:00:00+01:00', 'type': 'xsd:dateTime'}",2016-02-25T23:00:00+01:00,MTG-PL-2016-02-25,"{'pl': 'Czwartek, 25 lutego 2016', 'ro': 'Joi, 25 februarie 2016', 'en': 'Thursday, 25 February 2016', 'lt': 'Ketvirtadienis, 2016 m. vasario 25 d.', 'el': 'Πέμπτη 25 Φεβρουαρίου 2016', 'pt': 'Quinta-feira, 25 de Fevereiro de 2016', 'nl': 'Donderdag 25 februari 2016', 'sk': 'Štvrtok, 25. februára 2016', 'bg': 'Четвъртък, 25 февруари 2016', 'da': 'Torsdag den 25. februar 2016', 'mt': ""Il-Ħamis, 25 ta' Frar 2016"", 'fi': 'Torstai 25. helmikuuta 2016', 'cs': 'Čtvrtek, 25. února 2016', 'sv': 'Torsdagen den 25 februari 2016', 'sl': 'Četrtek, 25. februar 2016', 'hr': 'četvrtak, 25. veljače 2016.', 'it': 'Giovedì 25 febbraio 2016', 'lv': 'Ceturtdiena, 2016. gada 25. februāris', 'hu': '2016. február 25., csütörtök', 'et': 'Neljapäev, 25. veebruar 2016', 'fr': 'Jeudi 25 février 2016', 'de': 'Donnerstag, 25. Februar 2016', 'es': 'Jueves 25 de febrero de 2016'}",2016-02-25T01:00:00+01:00,"['eli/dl/event/MTG-PL-2016-02-25-VOT-ITM-506502-13', 'eli/dl/event/MTG-PL-2016-02-25-VOT-ITM-506503-14', 'eli/dl/event/MTG-PL-2016-02-25-VOT-ITM-506240-1', 'eli/dl/event/MTG-PL-2016-02-25-VOT-ITM-506243-5', 'eli/dl/event/MTG-PL-2016-02-25-VOT-ITM-506244-9', 'eli/dl/event/MTG-PL-2016-02-25-VOT-ITM-506241-4', 'eli/dl/event/MTG-PL-2016-02-25-VOT-ITM-500679-15', 'eli/dl/event/MTG-PL-2016-02-25-VOT-ITM-506240-2', 'eli/dl/event/MTG-PL-2016-02-25-VOT-ITM-508039-8', 'eli/dl/event/MTG-PL-2016-02-25-VOT-ITM-506245-11', 'eli/dl/event/MTG-PL-2016-02-25-VOT-ITM-506247-12', 'eli/dl/event/MTG-PL-2016-02-25-VOT-ITM-508040-6', 'eli/dl/event/MTG-PL-2016-02-25-VOT-ITM-506240-3', 'eli/dl/event/MTG-PL-2016-02-25-VOT-ITM-508038-7', 'eli/dl/event/MTG-PL-2016-02-25-VOT-ITM-506501-10']",['eli/dl/doc/OJQ-8-2016-02-25'],def/ep-activities/PLENARY_SITTING,,,,org/ep-8,,http://publications.europa.eu/resource/authority/place/BEL_BRU,
110,eli/dl/event/MTG-PL-2016-03-10,Activity,"{'@value': '2016-03-10T00:00:00+01:00', 'type': 'xsd:dateTime'}",2016-03-10T23:00:00+01:00,MTG-PL-2016-03-10,"{'mt': ""Il-Ħamis, 10 ta' Marzu 2016"", 'de': 'Donnerstag, 10. März 2016', 'nl': 'Donderdag 10 maart 2016', 'el': 'Πέμπτη 10 Μαρτίου 2016', 'hu': '2016. március 10., csütörtök', 'hr': 'četvrtak, 10. ožujka 2016.', 'da': 'Torsdag den 10. marts 2016', 'bg': 'Четвъртък, 10 март 2016', 'en': 'Thursday, 10 March 2016', 'pl': 'Czwartek, 10 marca 2016', 'es': 'Jueves 10 de marzo de 2016', 'ro': 'Joi, 10 martie 2016', 'sk': 'Štvrtok, 10. marca 2016', 'cs': 'Čtvrtek, 10. března 2016', 'pt': 'Quinta-feira, 10 de Março de 2016', 'et': 'Neljapäev, 10. märts 2016', 'sl': 'Četrtek, 10. marec 2016', 'it': 'Giovedì 10 marzo 2016', 'sv': 'Torsdagen den 10 mars 2016', 'fr': 'Jeudi 10 mars 2016', 'lv': 'Ceturtdiena, 2016. gada 10. marts', 'fi': 'Torstai 10. maaliskuuta 2016', 'lt': 'Ketvirtadienis, 2016 m. kovo 10 d.'}",2016-03-10T01:00:00+01:00,"['eli/dl/event/MTG-PL-2016-03-10-VOT-ITM-510614-8', 'eli/dl/event/MTG-PL-2016-03-10-VOT-ITM-510626-3', 'eli/dl/event/MTG-PL-2016-03-10-VOT-ITM-512438-4', 'eli/dl/event/MTG-PL-2016-03-10-VOT-ITM-510627-7', 'eli/dl/event/MTG-PL-2016-03-10-VOT-ITM-510624-2', 'eli/dl/event/MTG-PL-2016-03-10-VOT-ITM-510328-11', 'eli/dl/event/MTG-PL-2016-03-10-VOT-ITM-510616-9', 'eli/dl/event/MTG-PL-2016-03-10-VOT-ITM-510622-1', 'eli/dl/event/MTG-PL-2016-03-10-VOT-ITM-510620-10', 'eli/dl/event/MTG-PL-2016-03-10-VOT-ITM-510337-6', 'eli/dl/event/MTG-PL-2016-03-10-VOT-ITM-510336-5']",['eli/dl/doc/OJQ-8-2016-03-10'],def/ep-activities/PLENARY_SITTING,,,,org/ep-8,,http://publications.europa.eu/resource/authority/place/FRA_SXB,
111,eli/dl/event/MTG-PL-2016-04-14,Activity,"{'@value': '2016-04-14T00:00:00+02:00', 'type': 'xsd:dateTime'}",2016-04-14T23:00:00+02:00,MTG-PL-2016-04-14,"{'es': 'Jueves 14 de abril de 2016', 'lt': 'Ketvirtadienis, 2016 m. balandžio 14 d.', 'pt': 'Quinta-feira, 14 de Abril de 2016', 'el': 'Πέμπτη 14 Απριλίου 2016', 'sv': 'Torsdagen den 14 april 2016', 'hr': 'četvrtak, 14. travnja 2016.', 'lv': 'Ceturtdiena, 2016. gada 14. aprīlis', 'fr': 'Jeudi 14 avril 2016', 'hu': '2016. április 14., csütörtök', 'et': 'Neljapäev, 14. aprill 2016', 'cs': 'Čtvrtek, 14. dubna 2016', 'ro': 'Joi, 14 aprilie 2016', 'fi': 'Torstai 14. huhtikuuta 2016', 'it': 'Giovedì 14 aprile 2016', 'pl': 'Czwartek, 14 kwietnia 2016', 'da': 'Torsdag den 14. april 2016', 'en': 'Thursday, 14 April 2016', 'sl': 'Četrtek, 14. april 2016', 'de': 'Donnerstag, 14. April 2016', 'mt': ""Il-Ħamis, 14 ta' April 2016"", 'sk': 'Štvrtok, 14. apríla 2016', 'bg': 'Четвъртък, 14 април 2016', 'nl': 'Donderdag 14 april 2016'}",2016-04-14T01:00:00+02:00,"['eli/dl/event/MTG-PL-2016-04-14-VOT-ITM-520228-12', 'eli/dl/event/MTG-PL-2016-04-14-VOT-ITM-521886-9', 'eli/dl/event/MTG-PL-2016-04-14-VOT-ITM-520555-4', 'eli/dl/event/MTG-PL-2016-04-14-VOT-ITM-521904-3', 'eli/dl/event/MTG-PL-2016-04-14-VOT-ITM-521888-10', 'eli/dl/event/MTG-PL-2016-04-14-VOT-ITM-520229-13', 'eli/dl/event/MTG-PL-2016-04-14-VOT-ITM-522222-2', 'eli/dl/event/MTG-PL-2016-04-14-VOT-ITM-522167-8', 'eli/dl/event/MTG-PL-2016-04-14-VOT-ITM-520225-7', 'eli/dl/event/MTG-PL-2016-04-14-VOT-ITM-522221-1', 'eli/dl/event/MTG-PL-2016-04-14-VOT-ITM-520557-5', 'eli/dl/event/MTG-PL-2016-04-14-VOT-ITM-521889-11', 'eli/dl/event/MTG-PL-2016-04-14-VOT-ITM-520559-6']",['eli/dl/doc/OJQ-8-2016-04-14'],def/ep-activities/PLENARY_SITTING,,,,org/ep-8,,http://publications.europa.eu/resource/authority/place/FRA_SXB,
112,eli/dl/event/MTG-PL-2016-04-28,Activity,"{'@value': '2016-04-28T00:00:00+02:00', 'type': 'xsd:dateTime'}",2016-04-28T23:00:00+02:00,MTG-PL-2016-04-28,"{'fr': 'Jeudi 28 avril 2016', 'et': 'Neljapäev, 28. aprill 2016', 'fi': 'Torstai 28. huhtikuuta 2016', 'en': 'Thursday, 28 April 2016', 'bg': 'Четвъртък, 28 април 2016', 'mt': ""Il-Ħamis, 28 ta' April 2016"", 'pl': 'Czwartek, 28 kwietnia 2016', 'nl': 'Donderdag 28 april 2016', 'lv': 'Ceturtdiena, 2016. gada 28. aprīlis', 'sl': 'Četrtek, 28. april 2016', 'da': 'Torsdag den 28. april 2016', 'sk': 'Štvrtok, 28. apríla 2016', 'es': 'Jueves 28 de abril de 2016', 'cs': 'Čtvrtek, 28. dubna 2016', 'el': 'Πέμπτη 28 Απριλίου 2016', 'de': 'Donnerstag, 28. April 2016', 'hr': 'četvrtak, 28. travnja 2016.', 'hu': '2016. április 28., csütörtök', 'pt': 'Quinta-feira, 28 de Abril de 2016', 'sv': 'Torsdagen den 28 april 2016', 'lt': 'Ketvirtadienis, 2016 m. balandžio 28 d.', 'ro': 'Joi, 28 aprilie 2016', 'it': 'Giovedì 28 aprile 2016'}",2016-04-28T01:00:00+02:00,"['eli/dl/event/MTG-PL-2016-04-28-VOT-ITM-523892-51', 'eli/dl/event/MTG-PL-2016-04-28-VOT-ITM-523841-27', 'eli/dl/event/MTG-PL-2016-04-28-VOT-ITM-527936-6', 'eli/dl/event/MTG-PL-2016-04-28-VOT-ITM-524844-68', 'eli/dl/event/MTG-PL-2016-04-28-VOT-ITM-523886-45', 'eli/dl/event/MTG-PL-2016-04-28-VOT-ITM-524833-4', 'eli/dl/event/MTG-PL-2016-04-28-VOT-ITM-523835-21', 'eli/dl/event/MTG-PL-2016-04-28-VOT-ITM-523915-59', 'eli/dl/event/MTG-PL-2016-04-28-VOT-ITM-523837-23', 'eli/dl/event/MTG-PL-2016-04-28-VOT-ITM-523877-39', 'eli/dl/event/MTG-PL-2016-04-28-VOT-ITM-523888-47', 'eli/dl/event/MTG-PL-2016-04-28-VOT-ITM-523853-34', 'eli/dl/event/MTG-PL-2016-04-28-VOT-ITM-523887-46', 'eli/dl/event/MTG-PL-2016-04-28-VOT-ITM-523830-16', 'eli/dl/event/MTG-PL-2016-04-28-VOT-ITM-523884-43', 'eli/dl/event/MTG-PL-2016-04-28-VOT-ITM-520211-8', 'eli/dl/event/MTG-PL-2016-04-28-VOT-ITM-523846-28', 'eli/dl/event/MTG-PL-2016-04-28-VOT-ITM-523879-41', 'eli/dl/event/MTG-PL-2016-04-28-VOT-ITM-523918-62', 'eli/dl/event/MTG-PL-2016-04-28-VOT-ITM-523847-29', 'eli/dl/event/MTG-PL-2016-04-28-VOT-ITM-523912-56', 'eli/dl/event/MTG-PL-2016-04-28-VOT-ITM-525910-10', 'eli/dl/event/MTG-PL-2016-04-28-VOT-ITM-523889-48', 'eli/dl/event/MTG-PL-2016-04-28-VOT-ITM-524838-64', 'eli/dl/event/MTG-PL-2016-04-28-VOT-ITM-523891-50', 'eli/dl/event/MTG-PL-2016-04-28-VOT-ITM-523824-13', 'eli/dl/event/MTG-PL-2016-04-28-VOT-ITM-524842-66', 'eli/dl/event/MTG-PL-2016-04-28-VOT-ITM-523890-49', 'eli/dl/event/MTG-PL-2016-04-28-VOT-ITM-523831-17', 'eli/dl/event/MTG-PL-2016-04-28-VOT-ITM-523874-36', 'eli/dl/event/MTG-PL-2016-04-28-VOT-ITM-523833-19', 'eli/dl/event/MTG-PL-2016-04-28-VOT-ITM-523870-35', 'eli/dl/event/MTG-PL-2016-04-28-VOT-ITM-523919-63', 'eli/dl/event/MTG-PL-2016-04-28-VOT-ITM-524833-1', 'eli/dl/event/MTG-PL-2016-04-28-VOT-ITM-523916-60', 'eli/dl/event/MTG-PL-2016-04-28-VOT-ITM-523913-57', 'eli/dl/event/MTG-PL-2016-04-28-VOT-ITM-523875-37', 'eli/dl/event/MTG-PL-2016-04-28-VOT-ITM-523836-22', 'eli/dl/event/MTG-PL-2016-04-28-VOT-ITM-523848-30', 'eli/dl/event/MTG-PL-2016-04-28-VOT-ITM-523838-24', 'eli/dl/event/MTG-PL-2016-04-28-VOT-ITM-523917-61', 'eli/dl/event/MTG-PL-2016-04-28-VOT-ITM-523893-52', 'eli/dl/event/MTG-PL-2016-04-28-VOT-ITM-520212-9', 'eli/dl/event/MTG-PL-2016-04-28-VOT-ITM-523885-44', 'eli/dl/event/MTG-PL-2016-04-28-VOT-ITM-523834-20', 'eli/dl/event/MTG-PL-2016-04-28-VOT-ITM-523897-53', 'eli/dl/event/MTG-PL-2016-04-28-VOT-ITM-523823-12', 'eli/dl/event/MTG-PL-2016-04-28-VOT-ITM-525993-5', 'eli/dl/event/MTG-PL-2016-04-28-VOT-ITM-523849-31', 'eli/dl/event/MTG-PL-2016-04-28-VOT-ITM-523832-18', 'eli/dl/event/MTG-PL-2016-04-28-VOT-ITM-523852-33', 'eli/dl/event/MTG-PL-2016-04-28-VOT-ITM-523839-25', 'eli/dl/event/MTG-PL-2016-04-28-VOT-ITM-520210-7', 'eli/dl/event/MTG-PL-2016-04-28-VOT-ITM-523911-55', 'eli/dl/event/MTG-PL-2016-04-28-VOT-ITM-524833-3', 'eli/dl/event/MTG-PL-2016-04-28-VOT-ITM-524833-2', 'eli/dl/event/MTG-PL-2016-04-28-VOT-ITM-523825-14', 'eli/dl/event/MTG-PL-2016-04-28-VOT-ITM-523840-26', 'eli/dl/event/MTG-PL-2016-04-28-VOT-ITM-523822-11', 'eli/dl/event/MTG-PL-2016-04-28-VOT-ITM-524843-67', 'eli/dl/event/MTG-PL-2016-04-28-VOT-ITM-523878-40', 'eli/dl/event/MTG-PL-2016-04-28-VOT-ITM-523850-32', 'eli/dl/event/MTG-PL-2016-04-28-VOT-ITM-523898-54', 'eli/dl/event/MTG-PL-2016-04-28-VOT-ITM-523826-15', 'eli/dl/event/MTG-PL-2016-04-28-VOT-ITM-523880-42', 'eli/dl/event/MTG-PL-2016-04-28-VOT-ITM-526000-65', 'eli/dl/event/MTG-PL-2016-04-28-VOT-ITM-523914-58', 'eli/dl/event/MTG-PL-2016-04-28-VOT-ITM-523876-38']",['eli/dl/doc/OJQ-8-2016-04-28'],def/ep-activities/PLENARY_SITTING,,,,org/ep-8,,http://publications.europa.eu/resource/authority/place/BEL_BRU,
113,eli/dl/event/MTG-PL-2016-05-12,Activity,"{'@value': '2016-05-12T00:00:00+02:00', 'type': 'xsd:dateTime'}",2016-05-12T23:00:00+02:00,MTG-PL-2016-05-12,"{'sv': 'Torsdagen den 12 maj 2016', 'bg': 'Четвъртък, 12 май 2016', 'pt': 'Quinta-feira, 12 de Maio de 2016', 'lv': 'Ceturtdiena, 2016. gada 12. maijs', 'de': 'Donnerstag, 12. Mai 2016', 'lt': 'Ketvirtadienis, 2016 m. gegužės 12 d.', 'cs': 'Čtvrtek, 12. května 2016', 'en': 'Thursday, 12 May 2016', 'es': 'Jueves 12 de mayo de 2016', 'it': 'Giovedì 12 maggio 2016', 'fr': 'Jeudi 12 mai 2016', 'ro': 'Joi, 12 mai 2016', 'hr': 'četvrtak, 12. svibnja 2016.', 'el': 'Πέμπτη 12 Μαίου 2016', 'sl': 'Četrtek, 12. maj 2016', 'sk': 'Štvrtok, 12. mája 2016', 'mt': ""Il-Ħamis, 12 ta' Mejju 2016"", 'hu': '2016. május 12., csütörtök', 'nl': 'Donderdag 12 mei 2016', 'et': 'Neljapäev, 12. mai 2016', 'pl': 'Czwartek, 12 maja 2016', 'fi': 'Torstai 12. toukokuuta 2016', 'da': 'Torsdag den 12. maj 2016'}",2016-05-12T01:00:00+02:00,"['eli/dl/event/MTG-PL-2016-05-12-VOT-ITM-534084-3', 'eli/dl/event/MTG-PL-2016-05-12-VOT-ITM-532030-5', 'eli/dl/event/MTG-PL-2016-05-12-VOT-ITM-531956-8', 'eli/dl/event/MTG-PL-2016-05-12-VOT-ITM-534080-2', 'eli/dl/event/MTG-PL-2016-05-12-VOT-ITM-530962-10', 'eli/dl/event/MTG-PL-2016-05-12-VOT-ITM-530961-9', 'eli/dl/event/MTG-PL-2016-05-12-VOT-ITM-532031-7', 'eli/dl/event/MTG-PL-2016-05-12-VOT-ITM-532130-6', 'eli/dl/event/MTG-PL-2016-05-12-VOT-ITM-530935-4', 'eli/dl/event/MTG-PL-2016-05-12-VOT-ITM-534079-1']",['eli/dl/doc/OJQ-8-2016-05-12'],def/ep-activities/PLENARY_SITTING,,,,org/ep-8,,http://publications.europa.eu/resource/authority/place/FRA_SXB,
114,eli/dl/event/MTG-PL-2016-05-26,Activity,"{'@value': '2016-05-26T00:00:00+02:00', 'type': 'xsd:dateTime'}",2016-05-26T23:00:00+02:00,MTG-PL-2016-05-26,"{'es': 'Jueves 26 de mayo de 2016', 'da': 'Torsdag den 26. maj 2016', 'cs': 'Čtvrtek, 26. května 2016', 'bg': 'Четвъртък, 26 май 2016', 'en': 'Thursday, 26 May 2016', 'fr': 'Jeudi 26 mai 2016', 'mt': ""Il-Ħamis, 26 ta' Mejju 2016"", 'sk': 'Štvrtok, 26. mája 2016', 'lt': 'Ketvirtadienis, 2016 m. gegužės 26 d.', 'fi': 'Torstai 26. toukokuuta 2016', 'pt': 'Quinta-feira, 26 de Maio de 2016', 'lv': 'Ceturtdiena, 2016. gada 26. maijs', 'sl': 'Četrtek, 26. maj 2016', 'nl': 'Donderdag 26 mei 2016', 'el': 'Πέμπτη 26 Μαίου 2016', 'sv': 'Torsdagen den 26 maj 2016', 'et': 'Neljapäev, 26. mai 2016', 'ro': 'Joi, 26 mai 2016', 'hu': '2016. május 26., csütörtök', 'de': 'Donnerstag, 26. Mai 2016', 'pl': 'Czwartek, 26 maja 2016', 'it': 'Giovedì 26 maggio 2016', 'hr': 'četvrtak, 26. svibnja 2016.'}",2016-05-26T01:00:00+02:00,"['eli/dl/event/MTG-PL-2016-05-26-VOT-ITM-536466-4', 'eli/dl/event/MTG-PL-2016-05-26-VOT-ITM-536466-3', 'eli/dl/event/MTG-PL-2016-05-26-VOT-ITM-536483-5', 'eli/dl/event/MTG-PL-2016-05-26-VOT-ITM-536487-9', 'eli/dl/event/MTG-PL-2016-05-26-VOT-ITM-536488-10', 'eli/dl/event/MTG-PL-2016-05-26-VOT-ITM-536466-2', 'eli/dl/event/MTG-PL-2016-05-26-VOT-ITM-538366-6', 'eli/dl/event/MTG-PL-2016-05-26-VOT-ITM-536485-7', 'eli/dl/event/MTG-PL-2016-05-26-VOT-ITM-536491-8', 'eli/dl/event/MTG-PL-2016-05-26-VOT-ITM-536466-1']",['eli/dl/doc/OJQ-8-2016-05-26'],def/ep-activities/PLENARY_SITTING,,,,org/ep-8,,http://publications.europa.eu/resource/authority/place/BEL_BRU,
115,eli/dl/event/MTG-PL-2016-06-09,Activity,"{'@value': '2016-06-09T00:00:00+02:00', 'type': 'xsd:dateTime'}",2016-06-09T23:00:00+02:00,MTG-PL-2016-06-09,"{'sl': 'Četrtek, 9. junij 2016', 'en': 'Thursday, 9 June 2016', 'it': 'Giovedì 9 giugno 2016', 'cs': 'Čtvrtek, 9. června 2016', 'el': 'Πέμπτη 9 Ιουνίου 2016', 'ro': 'Joi, 9 iunie 2016', 'lv': 'Ceturtdiena, 2016. gada 9. jūnijs', 'nl': 'Donderdag 9 juni 2016', 'hr': 'četvrtak, 9. lipnja 2016.', 'mt': ""Il-Ħamis, 9 ta' Ġunju 2016"", 'lt': 'Ketvirtadienis, 2016 m. birželio 9 d.', 'es': 'Jueves 9 de junio de 2016', 'fr': 'Jeudi 9 juin 2016', 'pl': 'Czwartek, 9 czerwca 2016', 'de': 'Donnerstag, 9. Juni 2016', 'fi': 'Torstai 9. kesäkuuta 2016', 'bg': 'Четвъртък, 9 юни 2016', 'pt': 'Quinta-feira, 9 de Junho de 2016', 'da': 'Torsdag den 9. juni 2016', 'sk': 'Štvrtok, 9. júna 2016', 'hu': '2016. június 9., csütörtök', 'sv': 'Torsdagen den 9 juni 2016', 'et': 'Neljapäev, 9. juuni 2016'}",2016-06-09T01:00:00+02:00,"['eli/dl/event/MTG-PL-2016-06-09-VOT-ITM-542340-2', 'eli/dl/event/MTG-PL-2016-06-09-VOT-ITM-540102-4', 'eli/dl/event/MTG-PL-2016-06-09-VOT-ITM-540103-5', 'eli/dl/event/MTG-PL-2016-06-09-VOT-ITM-542339-1', 'eli/dl/event/MTG-PL-2016-06-09-VOT-ITM-542341-3', 'eli/dl/event/MTG-PL-2016-06-09-VOT-ITM-540116-7', 'eli/dl/event/MTG-PL-2016-06-09-VOT-ITM-540115-6']",['eli/dl/doc/OJQ-8-2016-06-09'],def/ep-activities/PLENARY_SITTING,,,,org/ep-8,,http://publications.europa.eu/resource/authority/place/FRA_SXB,
116,eli/dl/event/MTG-PL-2016-06-23,Activity,"{'@value': '2016-06-23T00:00:00+02:00', 'type': 'xsd:dateTime'}",2016-06-23T23:00:00+02:00,MTG-PL-2016-06-23,"{'fr': 'Jeudi 23 juin 2016', 'pt': 'Quinta-feira, 23 de Junho de 2016', 'sl': 'Četrtek, 23. junij 2016', 'bg': 'Четвъртък, 23 юни 2016', 'mt': ""Il-Ħamis, 23 ta' Ġunju 2016"", 'ro': 'Joi, 23 iunie 2016', 'el': 'Πέμπτη 23 Ιουνίου 2016', 'nl': 'Donderdag 23 juni 2016', 'da': 'Torsdag den 23. juni 2016', 'hr': 'četvrtak, 23. lipnja 2016.', 'hu': '2016. június 23., csütörtök', 'pl': 'Czwartek, 23 czerwca 2016', 'en': 'Thursday, 23 June 2016', 'lv': 'Ceturtdiena, 2016. gada 23. jūnijs', 'es': 'Jueves 23 de junio de 2016', 'de': 'Donnerstag, 23. Juni 2016', 'sk': 'Štvrtok, 23. júna 2016', 'sv': 'Torsdagen den 23 juni 2016', 'et': 'Neljapäev, 23. juuni 2016', 'fi': 'Torstai 23. kesäkuuta 2016', 'lt': 'Ketvirtadienis, 2016 m. birželio 23 d.', 'cs': 'Čtvrtek, 23. června 2016', 'it': 'Giovedì 23 giugno 2016'}",2016-06-23T01:00:00+02:00,"['eli/dl/event/MTG-PL-2016-06-23-VOT-ITM-543988-14', 'eli/dl/event/MTG-PL-2016-06-23-VOT-ITM-543982-4', 'eli/dl/event/MTG-PL-2016-06-23-VOT-ITM-543987-13', 'eli/dl/event/MTG-PL-2016-06-23-VOT-ITM-543996-7', 'eli/dl/event/MTG-PL-2016-06-23-VOT-ITM-544659-9', 'eli/dl/event/MTG-PL-2016-06-23-VOT-ITM-544645-10', 'eli/dl/event/MTG-PL-2016-06-23-VOT-ITM-546362-1', 'eli/dl/event/MTG-PL-2016-06-23-VOT-ITM-544661-11', 'eli/dl/event/MTG-PL-2016-06-23-VOT-ITM-543982-5', 'eli/dl/event/MTG-PL-2016-06-23-VOT-ITM-543982-3', 'eli/dl/event/MTG-PL-2016-06-23-VOT-ITM-543997-8', 'eli/dl/event/MTG-PL-2016-06-23-VOT-ITM-543982-6', 'eli/dl/event/MTG-PL-2016-06-23-VOT-ITM-543986-12', 'eli/dl/event/MTG-PL-2016-06-23-VOT-ITM-543982-2']",['eli/dl/doc/OJQ-8-2016-06-23'],def/ep-activities/PLENARY_SITTING,,,,org/ep-8,,http://publications.europa.eu/resource/authority/place/BEL_BRU,
117,eli/dl/event/MTG-PL-2016-07-07,Activity,"{'@value': '2016-07-07T00:00:00+02:00', 'type': 'xsd:dateTime'}",2016-07-07T23:00:00+02:00,MTG-PL-2016-07-07,"{'sk': 'Štvrtok, 7. júla 2016', 'cs': 'Čtvrtek, 7. července 2016', 'fr': 'Jeudi 7 juillet 2016', 'de': 'Donnerstag, 7. Juli 2016', 'mt': ""Il-Ħamis, 7 ta' Lulju 2016"", 'lt': 'Ketvirtadienis, 2016 m. liepos 7 d.', 'el': 'Πέμπτη 7 Ιουλίου 2016', 'hr': 'četvrtak, 7. srpnja 2016.', 'ro': 'Joi, 7 iulie 2016', 'nl': 'Donderdag 7 juli 2016', 'pt': 'Quinta-feira, 7 de Julho de 2016', 'bg': 'Четвъртък, 7 юли 2016', 'sv': 'Torsdagen den 7 juli 2016', 'en': 'Thursday, 7 July 2016', 'da': 'Torsdag den 7. juli 2016', 'it': 'Giovedì 7 luglio 2016', 'lv': 'Ceturtdiena, 2016. gada 7. jūlijs', 'es': 'Jueves 7 de julio de 2016', 'pl': 'Czwartek, 7 lipca 2016', 'sl': 'Četrtek, 7. julij 2016', 'hu': '2016. július 7., csütörtök', 'et': 'Neljapäev, 7. juuli 2016', 'fi': 'Torstai 7. heinäkuuta 2016'}",2016-07-07T01:00:00+02:00,"['eli/dl/event/MTG-PL-2016-07-07-VOT-ITM-548787-2', 'eli/dl/event/MTG-PL-2016-07-07-VOT-ITM-548785-1', 'eli/dl/event/MTG-PL-2016-07-07-VOT-ITM-547985-5', 'eli/dl/event/MTG-PL-2016-07-07-VOT-ITM-547963-4', 'eli/dl/event/MTG-PL-2016-07-07-VOT-ITM-548826-6', 'eli/dl/event/MTG-PL-2016-07-07-VOT-ITM-548812-3']",['eli/dl/doc/OJQ-8-2016-07-07'],def/ep-activities/PLENARY_SITTING,,,,org/ep-8,,http://publications.europa.eu/resource/authority/place/FRA_SXB,
118,eli/dl/event/MTG-PL-2016-09-15,Activity,"{'@value': '2016-09-15T00:00:00+02:00', 'type': 'xsd:dateTime'}",2016-09-15T23:00:00+02:00,MTG-PL-2016-09-15,"{'lt': 'Ketvirtadienis, 2016 m. rugsėjo 15 d.', 'fi': 'Torstai 15. syyskuuta 2016', 'hu': '2016. szeptember 15., csütörtök', 'en': 'Thursday, 15 September 2016', 'el': 'Πέμπτη 15 Σεπτεμβρίου 2016', 'de': 'Donnerstag, 15. September 2016', 'sv': 'Torsdagen den 15 september 2016', 'sl': 'Četrtek, 15. september 2016', 'nl': 'Donderdag 15 september 2016', 'ro': 'Joi, 15 septembrie 2016', 'it': 'Giovedì 15 settembre 2016', 'mt': ""Il-Ħamis, 15 ta' Settembru 2016"", 'pt': 'Quinta-feira, 15 de Setembro de 2016', 'fr': 'Jeudi 15 septembre 2016', 'et': 'Neljapäev, 15. september 2016', 'lv': 'Ceturtdiena, 2016. gada 15. septembris', 'hr': 'četvrtak, 15. rujna 2016.', 'sk': 'Štvrtok, 15. septembra 2016', 'pl': 'Czwartek, 15 września 2016', 'bg': 'Четвъртък, 15 септември 2016', 'cs': 'Čtvrtek, 15. září 2016', 'da': 'Torsdag den 15. september 2016', 'es': 'Jueves 15 de septiembre de 2016'}",2016-09-15T01:00:00+02:00,"['eli/dl/event/MTG-PL-2016-09-15-VOT-ITM-561992-9', 'eli/dl/event/MTG-PL-2016-09-15-VOT-ITM-561911-6', 'eli/dl/event/MTG-PL-2016-09-15-VOT-ITM-561906-11', 'eli/dl/event/MTG-PL-2016-09-15-VOT-ITM-561905-10', 'eli/dl/event/MTG-PL-2016-09-15-VOT-ITM-561907-12', 'eli/dl/event/MTG-PL-2016-09-15-VOT-ITM-561947-14', 'eli/dl/event/MTG-PL-2016-09-15-VOT-ITM-561903-8', 'eli/dl/event/MTG-PL-2016-09-15-VOT-ITM-561993-2', 'eli/dl/event/MTG-PL-2016-09-15-VOT-ITM-561901-5', 'eli/dl/event/MTG-PL-2016-09-15-VOT-ITM-562068-1', 'eli/dl/event/MTG-PL-2016-09-15-VOT-ITM-561908-13', 'eli/dl/event/MTG-PL-2016-09-15-VOT-ITM-561900-7', 'eli/dl/event/MTG-PL-2016-09-15-VOT-ITM-561994-3', 'eli/dl/event/MTG-PL-2016-09-15-VOT-ITM-561996-4']",['eli/dl/doc/OJQ-8-2016-09-15'],def/ep-activities/PLENARY_SITTING,,,,org/ep-8,,http://publications.europa.eu/resource/authority/place/FRA_SXB,
119,eli/dl/event/MTG-PL-2016-10-06,Activity,"{'@value': '2016-10-06T00:00:00+02:00', 'type': 'xsd:dateTime'}",2016-10-06T23:00:00+02:00,MTG-PL-2016-10-06,"{'cs': 'Čtvrtek, 6. října 2016', 'mt': ""Il-Ħamis, 6 ta' Ottubru 2016"", 'ro': 'Joi, 6 octombrie 2016', 'el': 'Πέμπτη 6 Οκτωβρίου 2016', 'en': 'Thursday, 6 October 2016', 'de': 'Donnerstag, 6. Oktober 2016', 'et': 'Neljapäev, 6. oktoober 2016', 'lt': 'Ketvirtadienis, 2016 m. spalio 6 d.', 'bg': 'Четвъртък, 6 октомври 2016', 'hr': 'četvrtak, 6. listopada 2016.', 'fr': 'Jeudi 6 octobre 2016', 'lv': 'Ceturtdiena, 2016. gada 6. oktobris', 'pl': 'Czwartek, 6 października 2016', 'es': 'Jueves 6 de octubre de 2016', 'da': 'Torsdag den 6. oktober 2016', 'sk': 'Štvrtok, 6. októbra 2016', 'hu': '2016. október 6., csütörtök', 'fi': 'Torstai 6. lokakuuta 2016', 'sl': 'Četrtek, 6. oktober 2016', 'it': 'Giovedì 6 ottobre 2016', 'nl': 'Donderdag 6 oktober 2016', 'pt': 'Quinta-feira, 6 de Outubro de 2016', 'sv': 'Torsdagen den 6 oktober 2016'}",2016-10-06T01:00:00+02:00,"['eli/dl/event/MTG-PL-2016-10-06-VOT-ITM-562115-1', 'eli/dl/event/MTG-PL-2016-10-06-VOT-ITM-562113-12', 'eli/dl/event/MTG-PL-2016-10-06-VOT-ITM-562092-7', 'eli/dl/event/MTG-PL-2016-10-06-VOT-ITM-562111-10', 'eli/dl/event/MTG-PL-2016-10-06-VOT-ITM-562122-6', 'eli/dl/event/MTG-PL-2016-10-06-VOT-ITM-562117-2', 'eli/dl/event/MTG-PL-2016-10-06-VOT-ITM-562110-9', 'eli/dl/event/MTG-PL-2016-10-06-VOT-ITM-562119-3', 'eli/dl/event/MTG-PL-2016-10-06-VOT-ITM-562114-13', 'eli/dl/event/MTG-PL-2016-10-06-VOT-ITM-562093-8', 'eli/dl/event/MTG-PL-2016-10-06-VOT-ITM-562120-4', 'eli/dl/event/MTG-PL-2016-10-06-VOT-ITM-562188-5', 'eli/dl/event/MTG-PL-2016-10-06-VOT-ITM-562112-11']",['eli/dl/doc/OJQ-8-2016-10-06'],def/ep-activities/PLENARY_SITTING,,,,org/ep-8,,http://publications.europa.eu/resource/authority/place/FRA_SXB,
120,eli/dl/event/MTG-PL-2016-10-27,Activity,"{'@value': '2016-10-27T00:00:00+02:00', 'type': 'xsd:dateTime'}",2016-10-27T23:00:00+02:00,MTG-PL-2016-10-27,"{'da': 'Torsdag den 27. oktober 2016', 'sv': 'Torsdagen den 27 oktober 2016', 'fr': 'Jeudi 27 octobre 2016', 'lt': 'Ketvirtadienis, 2016 m. spalio 27 d.', 'es': 'Jueves 27 de octubre de 2016', 'et': 'Neljapäev, 27. oktoober 2016', 'fi': 'Torstai 27. lokakuuta 2016', 'pl': 'Czwartek, 27 października 2016', 'el': 'Πέμπτη 27 Οκτωβρίου 2016', 'sk': 'Štvrtok, 27. októbra 2016', 'ro': 'Joi, 27 octombrie 2016', 'cs': 'Čtvrtek, 27. října 2016', 'hr': 'četvrtak, 27. listopada 2016.', 'bg': 'Четвъртък, 27 октомври 2016', 'mt': ""Il-Ħamis, 27 ta' Ottubru 2016"", 'it': 'Giovedì 27 ottobre 2016', 'hu': '2016. október 27., csütörtök', 'en': 'Thursday, 27 October 2016', 'pt': 'Quinta-feira, 27 de Outubro de 2016', 'de': 'Donnerstag, 27. Oktober 2016', 'sl': 'Četrtek, 27. oktober 2016', 'nl': 'Donderdag 27 oktober 2016', 'lv': 'Ceturtdiena, 2016. gada 27. oktobris'}",2016-10-27T01:00:00+02:00,"['eli/dl/event/MTG-PL-2016-10-27-VOT-ITM-562287-1', 'eli/dl/event/MTG-PL-2016-10-27-VOT-ITM-562274-8', 'eli/dl/event/MTG-PL-2016-10-27-VOT-ITM-562223-2', 'eli/dl/event/MTG-PL-2016-10-27-VOT-ITM-562226-9', 'eli/dl/event/MTG-PL-2016-10-27-VOT-ITM-562212-10', 'eli/dl/event/MTG-PL-2016-10-27-VOT-ITM-562270-6', 'eli/dl/event/MTG-PL-2016-10-27-VOT-ITM-562276-5', 'eli/dl/event/MTG-PL-2016-10-27-VOT-ITM-562224-3', 'eli/dl/event/MTG-PL-2016-10-27-VOT-ITM-562225-4', 'eli/dl/event/MTG-PL-2016-10-27-VOT-ITM-562268-7']",['eli/dl/doc/OJQ-8-2016-10-27'],def/ep-activities/PLENARY_SITTING,,,,org/ep-8,,http://publications.europa.eu/resource/authority/place/FRA_SXB,
121,eli/dl/event/MTG-PL-2016-11-24,Activity,"{'@value': '2016-11-24T00:00:00+01:00', 'type': 'xsd:dateTime'}",2016-11-24T23:00:00+01:00,MTG-PL-2016-11-24,"{'sv': 'Torsdagen den 24 november 2016', 'en': 'Thursday, 24 November 2016', 'pt': 'Quinta-feira, 24 de Novembro de 2016', 'da': 'Torsdag den 24. november 2016', 'el': 'Πέμπτη 24 Νοεμβρίου 2016', 'cs': 'Čtvrtek, 24. listopadu 2016', 'hr': 'četvrtak, 24. studenog 2016.', 'mt': ""Il-Ħamis, 24 ta' Novembru 2016"", 'bg': 'Четвъртък, 24 ноември 2016', 'hu': '2016. november 24., csütörtök', 'lt': 'Ketvirtadienis, 2016 m. lapkričio 24 d.', 'fi': 'Torstai 24. marraskuuta 2016', 'ro': 'Joi, 24 noiembrie 2016', 'fr': 'Jeudi 24 novembre 2016', 'it': 'Giovedì 24 novembre 2016', 'de': 'Donnerstag, 24. November 2016', 'sk': 'Štvrtok, 24. novembra 2016', 'lv': 'Ceturtdiena, 2016. gada 24. novembris', 'pl': 'Czwartek, 24 listopada 2016', 'es': 'Jueves 24 de noviembre de 2016', 'nl': 'Donderdag 24 november 2016', 'et': 'Neljapäev, 24. november 2016', 'sl': 'Četrtek, 24. november 2016'}",2016-11-24T01:00:00+01:00,"['eli/dl/event/MTG-PL-2016-11-24-VOT-ITM-562455-1', 'eli/dl/event/MTG-PL-2016-11-24-VOT-ITM-562419-10', 'eli/dl/event/MTG-PL-2016-11-24-VOT-ITM-562449-5', 'eli/dl/event/MTG-PL-2016-11-24-VOT-ITM-562460-6', 'eli/dl/event/MTG-PL-2016-11-24-VOT-ITM-562423-9', 'eli/dl/event/MTG-PL-2016-11-24-VOT-ITM-562411-11', 'eli/dl/event/MTG-PL-2016-11-24-VOT-ITM-562462-8', 'eli/dl/event/MTG-PL-2016-11-24-VOT-ITM-562458-3', 'eli/dl/event/MTG-PL-2016-11-24-VOT-ITM-562464-13', 'eli/dl/event/MTG-PL-2016-11-24-VOT-ITM-562461-7', 'eli/dl/event/MTG-PL-2016-11-24-VOT-ITM-562417-4', 'eli/dl/event/MTG-PL-2016-11-24-VOT-ITM-562420-12', 'eli/dl/event/MTG-PL-2016-11-24-VOT-ITM-562456-2']",['eli/dl/doc/OJQ-8-2016-11-24'],def/ep-activities/PLENARY_SITTING,,,,org/ep-8,,http://publications.europa.eu/resource/authority/place/FRA_SXB,
122,eli/dl/event/MTG-PL-2016-12-01,Activity,"{'@value': '2016-12-01T00:00:00+01:00', 'type': 'xsd:dateTime'}",2016-12-01T23:00:00+01:00,MTG-PL-2016-12-01,"{'it': 'Giovedì 1 dicembre 2016', 'hr': 'četvrtak, 1. prosinca 2016.', 'cs': 'Čtvrtek, 1. prosince 2016', 'pl': 'Czwartek, 1 grudnia 2016', 'nl': 'Donderdag 1 december 2016', 'da': 'Torsdag den 1. december 2016', 'hu': '2016. december 1., csütörtök', 'lt': 'Ketvirtadienis, 2016 m. gruodžio 1 d.', 'et': 'Neljapäev, 1. detsember 2016', 'fi': 'Torstai 1. joulukuuta 2016', 'lv': 'Ceturtdiena, 2016. gada 1. decembris', 'pt': 'Quinta-feira, 1 de Dezembro de 2016', 'sk': 'Štvrtok, 1. decembra 2016', 'es': 'Jueves 1 de diciembre de 2016', 'mt': ""Il-Ħamis, 1 ta' Diċembru 2016"", 'ro': 'Joi, 1 decembrie 2016', 'de': 'Donnerstag, 1. Dezember 2016', 'sv': 'Torsdagen den 1 december 2016', 'bg': 'Четвъртък, 1 декември 2016', 'el': 'Πέμπτη 1 Δεκεμβρίου 2016', 'fr': 'Jeudi 1 décembre 2016', 'en': 'Thursday, 1 December 2016', 'sl': 'Četrtek, 1. december 2016'}",2016-12-01T01:00:00+01:00,"['eli/dl/event/MTG-PL-2016-12-01-VOT-ITM-562567-2', 'eli/dl/event/MTG-PL-2016-12-01-VOT-ITM-562613-13', 'eli/dl/event/MTG-PL-2016-12-01-VOT-ITM-562608-19', 'eli/dl/event/MTG-PL-2016-12-01-VOT-ITM-562612-12', 'eli/dl/event/MTG-PL-2016-12-01-VOT-ITM-562588-21', 'eli/dl/event/MTG-PL-2016-12-01-VOT-ITM-562668-24', 'eli/dl/event/MTG-PL-2016-12-01-VOT-ITM-562609-17', 'eli/dl/event/MTG-PL-2016-12-01-VOT-ITM-562567-1', 'eli/dl/event/MTG-PL-2016-12-01-VOT-ITM-562567-3', 'eli/dl/event/MTG-PL-2016-12-01-VOT-ITM-562610-18', 'eli/dl/event/MTG-PL-2016-12-01-VOT-ITM-562567-8', 'eli/dl/event/MTG-PL-2016-12-01-VOT-ITM-562568-26', 'eli/dl/event/MTG-PL-2016-12-01-VOT-ITM-562465-25', 'eli/dl/event/MTG-PL-2016-12-01-VOT-ITM-562615-15', 'eli/dl/event/MTG-PL-2016-12-01-VOT-ITM-562627-10', 'eli/dl/event/MTG-PL-2016-12-01-VOT-ITM-562614-14', 'eli/dl/event/MTG-PL-2016-12-01-VOT-ITM-562567-6', 'eli/dl/event/MTG-PL-2016-12-01-VOT-ITM-562688-23', 'eli/dl/event/MTG-PL-2016-12-01-VOT-ITM-562647-9', 'eli/dl/event/MTG-PL-2016-12-01-VOT-ITM-562567-5', 'eli/dl/event/MTG-PL-2016-12-01-VOT-ITM-562567-4', 'eli/dl/event/MTG-PL-2016-12-01-VOT-ITM-562616-16', 'eli/dl/event/MTG-PL-2016-12-01-VOT-ITM-562611-20', 'eli/dl/event/MTG-PL-2016-12-01-VOT-ITM-562567-7', 'eli/dl/event/MTG-PL-2016-12-01-VOT-ITM-562570-22', 'eli/dl/event/MTG-PL-2016-12-01-VOT-ITM-562569-11']",['eli/dl/doc/OJQ-8-2016-12-01'],def/ep-activities/PLENARY_SITTING,,,,org/ep-8,,http://publications.europa.eu/resource/authority/place/BEL_BRU,
123,eli/dl/event/MTG-PL-2016-12-15,Activity,"{'@value': '2016-12-15T00:00:00+01:00', 'type': 'xsd:dateTime'}",2016-12-15T23:00:00+01:00,MTG-PL-2016-12-15,"{'en': 'Thursday, 15 December 2016', 'da': 'Torsdag den 15. december 2016', 'hu': '2016. december 15., csütörtök', 'nl': 'Donderdag 15 december 2016', 'hr': 'četvrtak, 15. prosinca 2016.', 'sk': 'Štvrtok, 15. decembra 2016', 'sl': 'Četrtek, 15. december 2016', 'lt': 'Ketvirtadienis, 2016 m. gruodžio 15 d.', 'pt': 'Quinta-feira, 15 de Dezembro de 2016', 'ro': 'Joi, 15 decembrie 2016', 'bg': 'Четвъртък, 15 декември 2016', 'fi': 'Torstai 15. joulukuuta 2016', 'cs': 'Čtvrtek, 15. prosince 2016', 'sv': 'Torsdagen den 15 december 2016', 'de': 'Donnerstag, 15. Dezember 2016', 'mt': ""Il-Ħamis, 15 ta' Diċembru 2016"", 'lv': 'Ceturtdiena, 2016. gada 15. decembris', 'fr': 'Jeudi 15 décembre 2016', 'el': 'Πέμπτη 15 Δεκεμβρίου 2016', 'et': 'Neljapäev, 15. detsember 2016', 'es': 'Jueves 15 de diciembre de 2016', 'pl': 'Czwartek, 15 grudnia 2016', 'it': 'Giovedì 15 dicembre 2016'}",2016-12-15T01:00:00+01:00,"['eli/dl/event/MTG-PL-2016-12-15-VOT-ITM-563013-2', 'eli/dl/event/MTG-PL-2016-12-15-VOT-ITM-563019-7', 'eli/dl/event/MTG-PL-2016-12-15-VOT-ITM-563015-3', 'eli/dl/event/MTG-PL-2016-12-15-VOT-ITM-563962-4', 'eli/dl/event/MTG-PL-2016-12-15-VOT-ITM-563017-9', 'eli/dl/event/MTG-PL-2016-12-15-VOT-ITM-563010-5', 'eli/dl/event/MTG-PL-2016-12-15-VOT-ITM-562723-8', 'eli/dl/event/MTG-PL-2016-12-15-VOT-ITM-563011-1', 'eli/dl/event/MTG-PL-2016-12-15-VOT-ITM-563018-6']",['eli/dl/doc/OJQ-8-2016-12-15'],def/ep-activities/PLENARY_SITTING,,,,org/ep-8,,http://publications.europa.eu/resource/authority/place/FRA_SXB,
90,eli/dl/event/MTG-PL-2017-01-19,Activity,"{'@value': '2017-01-19T00:00:00+01:00', 'type': 'xsd:dateTime'}",2017-01-19T23:00:00+01:00,MTG-PL-2017-01-19,"{'fi': 'Torstai 19. tammikuuta 2017', 'et': 'Neljapäev, 19. jaanuar 2017', 'es': 'Jueves 19 de enero de 2017', 'pl': 'Czwartek, 19 stycznia 2017', 'cs': 'Čtvrtek, 19. ledna 2017', 'pt': 'Quinta-feira, 19 de Janeiro de 2017', 'de': 'Donnerstag, 19. Januar 2017', 'da': 'Torsdag den 19. januar 2017', 'lv': 'Ceturtdiena, 2017. gada 19. janvāris', 'ro': 'Joi, 19 ianuarie 2017', 'fr': 'Jeudi 19 janvier 2017', 'sk': 'Štvrtok, 19. januára 2017', 'mt': ""Il-Ħamis, 19 ta' Jannar 2017"", 'bg': 'Четвъртък, 19 януари 2017', 'sl': 'Četrtek, 19. januar 2017', 'sv': 'Torsdagen den 19 januari 2017', 'hr': 'četvrtak, 19. siječnja 2017.', 'el': 'Πέμπτη 19 Ιανουαρίου 2017', 'en': 'Thursday, 19 January 2017', 'lt': 'Ketvirtadienis, 2017 m. sausio 19 d.', 'it': 'Giovedì 19 gennaio 2017', 'nl': 'Donderdag 19 januari 2017', 'hu': '2017. január 19., csütörtök'}",2017-01-19T01:00:00+01:00,"['eli/dl/event/MTG-PL-2017-01-19-VOT-ITM-572605-4', 'eli/dl/event/MTG-PL-2017-01-19-VOT-ITM-572887-7', 'eli/dl/event/MTG-PL-2017-01-19-VOT-ITM-572606-10', 'eli/dl/event/MTG-PL-2017-01-19-VOT-ITM-572879-1', 'eli/dl/event/MTG-PL-2017-01-19-VOT-ITM-572878-11', 'eli/dl/event/MTG-PL-2017-01-19-VOT-ITM-572883-3', 'eli/dl/event/MTG-PL-2017-01-19-VOT-ITM-572605-6', 'eli/dl/event/MTG-PL-2017-01-19-VOT-ITM-572605-5', 'eli/dl/event/MTG-PL-2017-01-19-VOT-ITM-572881-2', 'eli/dl/event/MTG-PL-2017-01-19-VOT-ITM-574551-8', 'eli/dl/event/MTG-PL-2017-01-19-VOT-ITM-572601-9']",['eli/dl/doc/OJQ-8-2017-01-19'],def/ep-activities/PLENARY_SITTING,,,,org/ep-8,,http://publications.europa.eu/resource/authority/place/FRA_SXB,
91,eli/dl/event/MTG-PL-2017-02-02,Activity,"{'@value': '2017-02-02T00:00:00+01:00', 'type': 'xsd:dateTime'}",2017-02-02T23:00:00+01:00,MTG-PL-2017-02-02,"{'cs': 'Čtvrtek, 2. února 2017', 'fi': 'Torstai 2. helmikuuta 2017', 'sl': 'Četrtek, 2. februar 2017', 'hr': 'četvrtak, 2. veljače 2017.', 'lt': 'Ketvirtadienis, 2017 m. vasario 2 d.', 'sk': 'Štvrtok, 2. februára 2017', 'en': 'Thursday, 2 February 2017', 'mt': ""Il-Ħamis, 2 ta' Frar 2017"", 'pt': 'Quinta-feira, 2 de Fevereiro de 2017', 'da': 'Torsdag den 2. februar 2017', 'es': 'Jueves 2 de febrero de 2017', 'sv': 'Torsdagen den 2 februari 2017', 'bg': 'Четвъртък, 2 февруари 2017', 'it': 'Giovedì 2 febbraio 2017', 'el': 'Πέμπτη 2 Φεβρουαρίου 2017', 'ro': 'Joi, 2 februarie 2017', 'hu': '2017. február 2., csütörtök', 'lv': 'Ceturtdiena, 2017. gada 2. februāris', 'nl': 'Donderdag 2 februari 2017', 'et': 'Neljapäev, 2. veebruar 2017', 'pl': 'Czwartek, 2 lutego 2017', 'fr': 'Jeudi 2 février 2017', 'de': 'Donnerstag, 2. Februar 2017'}",2017-02-02T01:00:00+01:00,"['eli/dl/event/MTG-PL-2017-02-02-VOT-ITM-576464-2', 'eli/dl/event/MTG-PL-2017-02-02-VOT-ITM-576489-5', 'eli/dl/event/MTG-PL-2017-02-02-VOT-ITM-576465-4', 'eli/dl/event/MTG-PL-2017-02-02-VOT-ITM-576736-6', 'eli/dl/event/MTG-PL-2017-02-02-VOT-ITM-576464-1', 'eli/dl/event/MTG-PL-2017-02-02-VOT-ITM-576466-7', 'eli/dl/event/MTG-PL-2017-02-02-VOT-ITM-576485-3']",['eli/dl/doc/OJQ-8-2017-02-02'],def/ep-activities/PLENARY_SITTING,,,,org/ep-8,,http://publications.europa.eu/resource/authority/place/BEL_BRU,
92,eli/dl/event/MTG-PL-2017-02-16,Activity,"{'@value': '2017-02-16T00:00:00+01:00', 'type': 'xsd:dateTime'}",2017-02-16T23:00:00+01:00,MTG-PL-2017-02-16,"{'de': 'Donnerstag, 16. Februar 2017', 'en': 'Thursday, 16 February 2017', 'mt': ""Il-Ħamis, 16 ta' Frar 2017"", 'sk': 'Štvrtok, 16. februára 2017', 'da': 'Torsdag den 16. februar 2017', 'el': 'Πέμπτη 16 Φεβρουαρίου 2017', 'cs': 'Čtvrtek, 16. února 2017', 'sv': 'Torsdagen den 16 februari 2017', 'lt': 'Ketvirtadienis, 2017 m. vasario 16 d.', 'pt': 'Quinta-feira, 16 de Fevereiro de 2017', 'hu': '2017. február 16., csütörtök', 'it': 'Giovedì 16 febbraio 2017', 'lv': 'Ceturtdiena, 2017. gada 16. februāris', 'ro': 'Joi, 16 februarie 2017', 'hr': 'četvrtak, 16. veljače 2017.', 'sl': 'Četrtek, 16. februar 2017', 'es': 'Jueves 16 de febrero de 2017', 'bg': 'Четвъртък, 16 февруари 2017', 'fr': 'Jeudi 16 février 2017', 'pl': 'Czwartek, 16 lutego 2017', 'fi': 'Torstai 16. helmikuuta 2017', 'nl': 'Donderdag 16 februari 2017', 'et': 'Neljapäev, 16. veebruar 2017'}",2017-02-16T01:00:00+01:00,"['eli/dl/event/MTG-PL-2017-02-16-VOT-ITM-580525-5', 'eli/dl/event/MTG-PL-2017-02-16-VOT-ITM-582080-8', 'eli/dl/event/MTG-PL-2017-02-16-VOT-ITM-580861-2', 'eli/dl/event/MTG-PL-2017-02-16-VOT-ITM-580534-11', 'eli/dl/event/MTG-PL-2017-02-16-VOT-ITM-580862-3', 'eli/dl/event/MTG-PL-2017-02-16-VOT-ITM-580532-12', 'eli/dl/event/MTG-PL-2017-02-16-VOT-ITM-580524-4', 'eli/dl/event/MTG-PL-2017-02-16-VOT-ITM-580527-7', 'eli/dl/event/MTG-PL-2017-02-16-VOT-ITM-580533-10', 'eli/dl/event/MTG-PL-2017-02-16-VOT-ITM-580528-9', 'eli/dl/event/MTG-PL-2017-02-16-VOT-ITM-580526-6', 'eli/dl/event/MTG-PL-2017-02-16-VOT-ITM-580863-13', 'eli/dl/event/MTG-PL-2017-02-16-VOT-ITM-580859-1']",['eli/dl/doc/OJQ-8-2017-02-16'],def/ep-activities/PLENARY_SITTING,,,,org/ep-8,,http://publications.europa.eu/resource/authority/place/FRA_SXB,
93,eli/dl/event/MTG-PL-2017-03-02,Activity,"{'@value': '2017-03-02T00:00:00+01:00', 'type': 'xsd:dateTime'}",2017-03-02T23:00:00+01:00,MTG-PL-2017-03-02,"{'hr': 'četvrtak, 2. ožujka 2017.', 'it': 'Giovedì 2 marzo 2017', 'el': 'Πέμπτη 2 Μαρτίου 2017', 'da': 'Torsdag den 2. marts 2017', 'sk': 'Štvrtok, 2. marca 2017', 'cs': 'Čtvrtek, 2. března 2017', 'bg': 'Четвъртък, 2 март 2017', 'nl': 'Donderdag 2 maart 2017', 'sv': 'Torsdagen den 2 mars 2017', 'pt': 'Quinta-feira, 2 de Março de 2017', 'sl': 'Četrtek, 2. marec 2017', 'fi': 'Torstai 2. maaliskuuta 2017', 'en': 'Thursday, 2 March 2017', 'de': 'Donnerstag, 2. März 2017', 'fr': 'Jeudi 2 mars 2017', 'pl': 'Czwartek, 2 marca 2017', 'et': 'Neljapäev, 2. märts 2017', 'ro': 'Joi, 2 martie 2017', 'hu': '2017. március 2., csütörtök', 'lv': 'Ceturtdiena, 2017. gada 2. marts', 'mt': ""Il-Ħamis, 2 ta' Marzu 2017"", 'lt': 'Ketvirtadienis, 2017 m. kovo 2 d.', 'es': 'Jueves 2 de marzo de 2017'}",2017-03-02T01:00:00+01:00,"['eli/dl/event/MTG-PL-2017-03-02-VOT-ITM-584940-7', 'eli/dl/event/MTG-PL-2017-03-02-VOT-ITM-584933-3', 'eli/dl/event/MTG-PL-2017-03-02-VOT-ITM-584941-8', 'eli/dl/event/MTG-PL-2017-03-02-VOT-ITM-584942-9', 'eli/dl/event/MTG-PL-2017-03-02-VOT-ITM-586305-5', 'eli/dl/event/MTG-PL-2017-03-02-VOT-ITM-584934-4', 'eli/dl/event/MTG-PL-2017-03-02-VOT-ITM-584933-2', 'eli/dl/event/MTG-PL-2017-03-02-VOT-ITM-584933-1', 'eli/dl/event/MTG-PL-2017-03-02-VOT-ITM-584937-6']",['eli/dl/doc/OJQ-8-2017-03-02'],def/ep-activities/PLENARY_SITTING,,,,org/ep-8,,http://publications.europa.eu/resource/authority/place/BEL_BRU,
94,eli/dl/event/MTG-PL-2017-03-16,Activity,"{'@value': '2017-03-16T00:00:00+01:00', 'type': 'xsd:dateTime'}",2017-03-16T23:00:00+01:00,MTG-PL-2017-03-16,"{'fi': 'Torstai 16. maaliskuuta 2017', 'pt': 'Quinta-feira, 16 de Março de 2017', 'sl': 'Četrtek, 16. marec 2017', 'mt': ""Il-Ħamis, 16 ta' Marzu 2017"", 'cs': 'Čtvrtek, 16. března 2017', 'da': 'Torsdag den 16. marts 2017', 'nl': 'Donderdag 16 maart 2017', 'hu': '2017. március 16., csütörtök', 'ro': 'Joi, 16 martie 2017', 'lv': 'Ceturtdiena, 2017. gada 16. marts', 'bg': 'Четвъртък, 16 март 2017', 'it': 'Giovedì 16 marzo 2017', 'sv': 'Torsdagen den 16 mars 2017', 'sk': 'Štvrtok, 16. marca 2017', 'fr': 'Jeudi 16 mars 2017', 'de': 'Donnerstag, 16. März 2017', 'lt': 'Ketvirtadienis, 2017 m. kovo 16 d.', 'pl': 'Czwartek, 16 marca 2017', 'hr': 'četvrtak, 16. ožujka 2017.', 'et': 'Neljapäev, 16. märts 2017', 'es': 'Jueves 16 de marzo de 2017', 'el': 'Πέμπτη 16 Μαρτίου 2017', 'en': 'Thursday, 16 March 2017'}",2017-03-16T01:00:00+01:00,"['eli/dl/event/MTG-PL-2017-03-16-VOT-ITM-588998-5', 'eli/dl/event/MTG-PL-2017-03-16-VOT-ITM-589229-6', 'eli/dl/event/MTG-PL-2017-03-16-VOT-ITM-590340-2', 'eli/dl/event/MTG-PL-2017-03-16-VOT-ITM-588902-8', 'eli/dl/event/MTG-PL-2017-03-16-VOT-ITM-588915-7', 'eli/dl/event/MTG-PL-2017-03-16-VOT-ITM-588924-9', 'eli/dl/event/MTG-PL-2017-03-16-VOT-ITM-591009-4', 'eli/dl/event/MTG-PL-2017-03-16-VOT-ITM-584939-10', 'eli/dl/event/MTG-PL-2017-03-16-VOT-ITM-590362-1', 'eli/dl/event/MTG-PL-2017-03-16-VOT-ITM-590342-3']",['eli/dl/doc/OJQ-8-2017-03-16'],def/ep-activities/PLENARY_SITTING,,,,org/ep-8,,http://publications.europa.eu/resource/authority/place/FRA_SXB,
95,eli/dl/event/MTG-PL-2017-04-06,Activity,"{'@value': '2017-04-06T00:00:00+02:00', 'type': 'xsd:dateTime'}",2017-04-06T23:00:00+02:00,MTG-PL-2017-04-06,"{'en': 'Thursday, 6 April 2017', 'sl': 'Četrtek, 6. april 2017', 'hr': 'četvrtak, 6. travnja 2017.', 'bg': 'Четвъртък, 6 април 2017', 'fi': 'Torstai 6. huhtikuuta 2017', 'et': 'Neljapäev, 6. aprill 2017', 'lt': 'Ketvirtadienis, 2017 m. balandžio 6 d.', 'mt': ""Il-Ħamis, 6 ta' April 2017"", 'de': 'Donnerstag, 6. April 2017', 'pt': 'Quinta-feira, 6 de Abril de 2017', 'cs': 'Čtvrtek, 6. dubna 2017', 'sk': 'Štvrtok, 6. apríla 2017', 'lv': 'Ceturtdiena, 2017. gada 6. aprīlis', 'es': 'Jueves 6 de abril de 2017', 'fr': 'Jeudi 6 avril 2017', 'hu': '2017. április 6., csütörtök', 'pl': 'Czwartek, 6 kwietnia 2017', 'ro': 'Joi, 6 aprilie 2017', 'sv': 'Torsdagen den 6 april 2017', 'nl': 'Donderdag 6 april 2017', 'it': 'Giovedì 6 aprile 2017', 'el': 'Πέμπτη 6 Απριλίου 2017', 'da': 'Torsdag den 6. april 2017'}",2017-04-06T01:00:00+02:00,"['eli/dl/event/MTG-PL-2017-04-06-VOT-ITM-595030-5', 'eli/dl/event/MTG-PL-2017-04-06-VOT-ITM-595322-4', 'eli/dl/event/MTG-PL-2017-04-06-VOT-ITM-596111-2', 'eli/dl/event/MTG-PL-2017-04-06-VOT-ITM-596128-6', 'eli/dl/event/MTG-PL-2017-04-06-VOT-ITM-596114-7', 'eli/dl/event/MTG-PL-2017-04-06-VOT-ITM-596113-3', 'eli/dl/event/MTG-PL-2017-04-06-VOT-ITM-596108-1']",['eli/dl/doc/OJQ-8-2017-04-06'],def/ep-activities/PLENARY_SITTING,,,,org/ep-8,,http://publications.europa.eu/resource/authority/place/FRA_SXB,
96,eli/dl/event/MTG-PL-2017-04-27,Activity,"{'@value': '2017-04-27T00:00:00+02:00', 'type': 'xsd:dateTime'}",2017-04-27T23:00:00+02:00,MTG-PL-2017-04-27,"{'lv': 'Ceturtdiena, 2017. gada 27. aprīlis', 'sv': 'Torsdagen den 27 april 2017', 'mt': ""Il-Ħamis, 27 ta' April 2017"", 'nl': 'Donderdag 27 april 2017', 'lt': 'Ketvirtadienis, 2017 m. balandžio 27 d.', 'pl': 'Czwartek, 27 kwietnia 2017', 'de': 'Donnerstag, 27. April 2017', 'el': 'Πέμπτη 27 Απριλίου 2017', 'fr': 'Jeudi 27 avril 2017', 'pt': 'Quinta-feira, 27 de Abril de 2017', 'da': 'Torsdag den 27. april 2017', 'hu': '2017. április 27., csütörtök', 'et': 'Neljapäev, 27. aprill 2017', 'bg': 'Четвъртък, 27 април 2017', 'hr': 'četvrtak, 27. travnja 2017.', 'it': 'Giovedì 27 aprile 2017', 'ro': 'Joi, 27 aprilie 2017', 'cs': 'Čtvrtek, 27. dubna 2017', 'es': 'Jueves 27 de abril de 2017', 'sk': 'Štvrtok, 27. apríla 2017', 'fi': 'Torstai 27. huhtikuuta 2017', 'sl': 'Četrtek, 27. april 2017', 'en': 'Thursday, 27 April 2017'}",2017-04-27T01:00:00+02:00,"['eli/dl/event/MTG-PL-2017-04-27-VOT-ITM-602105-47', 'eli/dl/event/MTG-PL-2017-04-27-VOT-ITM-602145-14', 'eli/dl/event/MTG-PL-2017-04-27-VOT-ITM-602106-48', 'eli/dl/event/MTG-PL-2017-04-27-VOT-ITM-602126-9', 'eli/dl/event/MTG-PL-2017-04-27-VOT-ITM-602082-33', 'eli/dl/event/MTG-PL-2017-04-27-VOT-ITM-602125-63', 'eli/dl/event/MTG-PL-2017-04-27-VOT-ITM-602121-60', 'eli/dl/event/MTG-PL-2017-04-27-VOT-ITM-602108-51', 'eli/dl/event/MTG-PL-2017-04-27-VOT-ITM-602123-8', 'eli/dl/event/MTG-PL-2017-04-27-VOT-ITM-602104-68', 'eli/dl/event/MTG-PL-2017-04-27-VOT-ITM-602216-6', 'eli/dl/event/MTG-PL-2017-04-27-VOT-ITM-602147-23', 'eli/dl/event/MTG-PL-2017-04-27-VOT-ITM-602128-12', 'eli/dl/event/MTG-PL-2017-04-27-VOT-ITM-602216-2', 'eli/dl/event/MTG-PL-2017-04-27-VOT-ITM-602116-56', 'eli/dl/event/MTG-PL-2017-04-27-VOT-ITM-602138-69', 'eli/dl/event/MTG-PL-2017-04-27-VOT-ITM-602216-7', 'eli/dl/event/MTG-PL-2017-04-27-VOT-ITM-602117-57', 'eli/dl/event/MTG-PL-2017-04-27-VOT-ITM-602216-3', 'eli/dl/event/MTG-PL-2017-04-27-VOT-ITM-602098-44', 'eli/dl/event/MTG-PL-2017-04-27-VOT-ITM-602111-52', 'eli/dl/event/MTG-PL-2017-04-27-VOT-ITM-602264-67', 'eli/dl/event/MTG-PL-2017-04-27-VOT-ITM-602143-20', 'eli/dl/event/MTG-PL-2017-04-27-VOT-ITM-602127-64', 'eli/dl/event/MTG-PL-2017-04-27-VOT-ITM-602153-29', 'eli/dl/event/MTG-PL-2017-04-27-VOT-ITM-602080-32', 'eli/dl/event/MTG-PL-2017-04-27-VOT-ITM-602115-55', 'eli/dl/event/MTG-PL-2017-04-27-VOT-ITM-602129-65', 'eli/dl/event/MTG-PL-2017-04-27-VOT-ITM-602144-21', 'eli/dl/event/MTG-PL-2017-04-27-VOT-ITM-602151-27', 'eli/dl/event/MTG-PL-2017-04-27-VOT-ITM-602132-16', 'eli/dl/event/MTG-PL-2017-04-27-VOT-ITM-602088-36', 'eli/dl/event/MTG-PL-2017-04-27-VOT-ITM-602103-46', 'eli/dl/event/MTG-PL-2017-04-27-VOT-ITM-602139-17', 'eli/dl/event/MTG-PL-2017-04-27-VOT-ITM-602216-4', 'eli/dl/event/MTG-PL-2017-04-27-VOT-ITM-602142-18', 'eli/dl/event/MTG-PL-2017-04-27-VOT-ITM-602216-5', 'eli/dl/event/MTG-PL-2017-04-27-VOT-ITM-602078-31', 'eli/dl/event/MTG-PL-2017-04-27-VOT-ITM-602090-38', 'eli/dl/event/MTG-PL-2017-04-27-VOT-ITM-602100-45', 'eli/dl/event/MTG-PL-2017-04-27-VOT-ITM-602119-59', 'eli/dl/event/MTG-PL-2017-04-27-VOT-ITM-602133-66', 'eli/dl/event/MTG-PL-2017-04-27-VOT-ITM-602102-50', 'eli/dl/event/MTG-PL-2017-04-27-VOT-ITM-602154-30', 'eli/dl/event/MTG-PL-2017-04-27-VOT-ITM-602152-28', 'eli/dl/event/MTG-PL-2017-04-27-VOT-ITM-602099-11', 'eli/dl/event/MTG-PL-2017-04-27-VOT-ITM-602089-37', 'eli/dl/event/MTG-PL-2017-04-27-VOT-ITM-602118-58', 'eli/dl/event/MTG-PL-2017-04-27-VOT-ITM-602150-26', 'eli/dl/event/MTG-PL-2017-04-27-VOT-ITM-602091-39', 'eli/dl/event/MTG-PL-2017-04-27-VOT-ITM-602130-13', 'eli/dl/event/MTG-PL-2017-04-27-VOT-ITM-602107-49', 'eli/dl/event/MTG-PL-2017-04-27-VOT-ITM-602114-54', 'eli/dl/event/MTG-PL-2017-04-27-VOT-ITM-602094-41', 'eli/dl/event/MTG-PL-2017-04-27-VOT-ITM-602141-19', 'eli/dl/event/MTG-PL-2017-04-27-VOT-ITM-602148-24', 'eli/dl/event/MTG-PL-2017-04-27-VOT-ITM-602095-42', 'eli/dl/event/MTG-PL-2017-04-27-VOT-ITM-602097-43', 'eli/dl/event/MTG-PL-2017-04-27-VOT-ITM-602146-22', 'eli/dl/event/MTG-PL-2017-04-27-VOT-ITM-602124-62', 'eli/dl/event/MTG-PL-2017-04-27-VOT-ITM-602216-1', 'eli/dl/event/MTG-PL-2017-04-27-VOT-ITM-602084-34', 'eli/dl/event/MTG-PL-2017-04-27-VOT-ITM-602096-10', 'eli/dl/event/MTG-PL-2017-04-27-VOT-ITM-602149-25', 'eli/dl/event/MTG-PL-2017-04-27-VOT-ITM-602092-40', 'eli/dl/event/MTG-PL-2017-04-27-VOT-ITM-602131-15', 'eli/dl/event/MTG-PL-2017-04-27-VOT-ITM-602086-35', 'eli/dl/event/MTG-PL-2017-04-27-VOT-ITM-602113-53', 'eli/dl/event/MTG-PL-2017-04-27-VOT-ITM-602122-61', 'eli/dl/event/MTG-PL-2017-04-27-VOT-ITM-602475-70']",['eli/dl/doc/OJQ-8-2017-04-27'],def/ep-activities/PLENARY_SITTING,,,,org/ep-8,,http://publications.europa.eu/resource/authority/place/BEL_BRU,
97,eli/dl/event/MTG-PL-2017-05-18,Activity,"{'@value': '2017-05-18T00:00:00+02:00', 'type': 'xsd:dateTime'}",2017-05-18T23:00:00+02:00,MTG-PL-2017-05-18,"{'ro': 'Joi, 18 mai 2017', 'mt': ""Il-Ħamis, 18 ta' Mejju 2017"", 'fi': 'Torstai 18. toukokuuta 2017', 'el': 'Πέμπτη 18 Μαίου 2017', 'hr': 'četvrtak, 18. svibnja 2017.', 'sk': 'Štvrtok, 18. mája 2017', 'et': 'Neljapäev, 18. mai 2017', 'it': 'Giovedì 18 maggio 2017', 'nl': 'Donderdag 18 mei 2017', 'lt': 'Ketvirtadienis, 2017 m. gegužės 18 d.', 'fr': 'Jeudi 18 mai 2017', 'pl': 'Czwartek, 18 maja 2017', 'bg': 'Четвъртък, 18 май 2017', 'sl': 'Četrtek, 18. maj 2017', 'pt': 'Quinta-feira, 18 de Maio de 2017', 'sv': 'Torsdagen den 18 maj 2017', 'hu': '2017. május 18., csütörtök', 'da': 'Torsdag den 18. maj 2017', 'es': 'Jueves 18 de mayo de 2017', 'en': 'Thursday, 18 May 2017', 'cs': 'Čtvrtek, 18. května 2017', 'de': 'Donnerstag, 18. Mai 2017', 'lv': 'Ceturtdiena, 2017. gada 18. maijs'}",2017-05-18T01:00:00+02:00,"['eli/dl/event/MTG-PL-2017-05-18-VOT-ITM-608838-11', 'eli/dl/event/MTG-PL-2017-05-18-VOT-ITM-609176-1', 'eli/dl/event/MTG-PL-2017-05-18-VOT-ITM-608836-10', 'eli/dl/event/MTG-PL-2017-05-18-VOT-ITM-608841-12', 'eli/dl/event/MTG-PL-2017-05-18-VOT-ITM-608831-4', 'eli/dl/event/MTG-PL-2017-05-18-VOT-ITM-608831-5', 'eli/dl/event/MTG-PL-2017-05-18-VOT-ITM-609180-14', 'eli/dl/event/MTG-PL-2017-05-18-VOT-ITM-610279-8', 'eli/dl/event/MTG-PL-2017-05-18-VOT-ITM-609082-7', 'eli/dl/event/MTG-PL-2017-05-18-VOT-ITM-609182-15', 'eli/dl/event/MTG-PL-2017-05-18-VOT-ITM-608831-6', 'eli/dl/event/MTG-PL-2017-05-18-VOT-ITM-609179-3', 'eli/dl/event/MTG-PL-2017-05-18-VOT-ITM-609181-13', 'eli/dl/event/MTG-PL-2017-05-18-VOT-ITM-609178-2', 'eli/dl/event/MTG-PL-2017-05-18-VOT-ITM-608830-9']",['eli/dl/doc/OJQ-8-2017-05-18'],def/ep-activities/PLENARY_SITTING,,,,org/ep-8,,http://publications.europa.eu/resource/authority/place/FRA_SXB,
98,eli/dl/event/MTG-PL-2017-06-01,Activity,"{'@value': '2017-06-01T00:00:00+02:00', 'type': 'xsd:dateTime'}",2017-06-01T23:00:00+02:00,MTG-PL-2017-06-01,"{'da': 'Torsdag den 1. juni 2017', 'fr': 'Jeudi 1 juin 2017', 'lt': 'Ketvirtadienis, 2017 m. birželio 1 d.', 'mt': ""Il-Ħamis, 1 ta' Ġunju 2017"", 'cs': 'Čtvrtek, 1. června 2017', 'de': 'Donnerstag, 1. Juni 2017', 'fi': 'Torstai 1. kesäkuuta 2017', 'it': 'Giovedì 1 giugno 2017', 'bg': 'Четвъртък, 1 юни 2017', 'ro': 'Joi, 1 iunie 2017', 'et': 'Neljapäev, 1. juuni 2017', 'nl': 'Donderdag 1 juni 2017', 'lv': 'Ceturtdiena, 2017. gada 1. jūnijs', 'hu': '2017. június 1., csütörtök', 'sv': 'Torsdagen den 1 juni 2017', 'pl': 'Czwartek, 1 czerwca 2017', 'hr': 'četvrtak, 1. lipnja 2017.', 'en': 'Thursday, 1 June 2017', 'sl': 'Četrtek, 1. junij 2017', 'el': 'Πέμπτη 1 Ιουνίου 2017', 'sk': 'Štvrtok, 1. júna 2017', 'es': 'Jueves 1 de junio de 2017', 'pt': 'Quinta-feira, 1 de Junho de 2017'}",2017-06-01T01:00:00+02:00,"['eli/dl/event/MTG-PL-2017-06-01-VOT-ITM-614181-7', 'eli/dl/event/MTG-PL-2017-06-01-VOT-ITM-612348-2', 'eli/dl/event/MTG-PL-2017-06-01-VOT-ITM-612345-12', 'eli/dl/event/MTG-PL-2017-06-01-VOT-ITM-612348-4', 'eli/dl/event/MTG-PL-2017-06-01-VOT-ITM-612344-11', 'eli/dl/event/MTG-PL-2017-06-01-VOT-ITM-612342-10', 'eli/dl/event/MTG-PL-2017-06-01-VOT-ITM-612347-13', 'eli/dl/event/MTG-PL-2017-06-01-VOT-ITM-612348-3', 'eli/dl/event/MTG-PL-2017-06-01-VOT-ITM-612348-5', 'eli/dl/event/MTG-PL-2017-06-01-VOT-ITM-614187-6', 'eli/dl/event/MTG-PL-2017-06-01-VOT-ITM-612348-1', 'eli/dl/event/MTG-PL-2017-06-01-VOT-ITM-612346-8', 'eli/dl/event/MTG-PL-2017-06-01-VOT-ITM-612341-9']",['eli/dl/doc/OJQ-8-2017-06-01'],def/ep-activities/PLENARY_SITTING,,,,org/ep-8,,http://publications.europa.eu/resource/authority/place/BEL_BRU,
99,eli/dl/event/MTG-PL-2017-06-15,Activity,"{'@value': '2017-06-15T00:00:00+02:00', 'type': 'xsd:dateTime'}",2017-06-15T23:00:00+02:00,MTG-PL-2017-06-15,"{'hr': 'četvrtak, 15. lipnja 2017.', 'de': 'Donnerstag, 15. Juni 2017', 'it': 'Giovedì 15 giugno 2017', 'bg': 'Четвъртък, 15 юни 2017', 'el': 'Πέμπτη 15 Ιουνίου 2017', 'lv': 'Ceturtdiena, 2017. gada 15. jūnijs', 'da': 'Torsdag den 15. juni 2017', 'lt': 'Ketvirtadienis, 2017 m. birželio 15 d.', 'ro': 'Joi, 15 iunie 2017', 'en': 'Thursday, 15 June 2017', 'mt': ""Il-Ħamis, 15 ta' Ġunju 2017"", 'cs': 'Čtvrtek, 15. června 2017', 'et': 'Neljapäev, 15. juuni 2017', 'sv': 'Torsdagen den 15 juni 2017', 'pl': 'Czwartek, 15 czerwca 2017', 'pt': 'Quinta-feira, 15 de Junho de 2017', 'nl': 'Donderdag 15 juni 2017', 'sk': 'Štvrtok, 15. júna 2017', 'es': 'Jueves 15 de junio de 2017', 'hu': '2017. június 15., csütörtök', 'sl': 'Četrtek, 15. junij 2017', 'fr': 'Jeudi 15 juin 2017', 'fi': 'Torstai 15. kesäkuuta 2017'}",2017-06-15T01:00:00+02:00,"['eli/dl/event/MTG-PL-2017-06-15-VOT-ITM-616607-3', 'eli/dl/event/MTG-PL-2017-06-15-VOT-ITM-615892-7', 'eli/dl/event/MTG-PL-2017-06-15-VOT-ITM-618009-1', 'eli/dl/event/MTG-PL-2017-06-15-VOT-ITM-615889-5', 'eli/dl/event/MTG-PL-2017-06-15-VOT-ITM-616611-8', 'eli/dl/event/MTG-PL-2017-06-15-VOT-ITM-616605-2', 'eli/dl/event/MTG-PL-2017-06-15-VOT-ITM-615891-6', 'eli/dl/event/MTG-PL-2017-06-15-VOT-ITM-616609-4', 'eli/dl/event/MTG-PL-2017-06-15-VOT-ITM-616621-9']",['eli/dl/doc/OJQ-8-2017-06-15'],def/ep-activities/PLENARY_SITTING,,,,org/ep-8,,http://publications.europa.eu/resource/authority/place/FRA_SXB,
100,eli/dl/event/MTG-PL-2017-07-06,Activity,"{'@value': '2017-07-06T00:00:00+02:00', 'type': 'xsd:dateTime'}",2017-07-06T23:00:00+02:00,MTG-PL-2017-07-06,"{'el': 'Πέμπτη 6 Ιουλίου 2017', 'ro': 'Joi, 6 iulie 2017', 'nl': 'Donderdag 6 juli 2017', 'sl': 'Četrtek, 6. julij 2017', 'mt': ""Il-Ħamis, 6 ta' Lulju 2017"", 'pl': 'Czwartek, 6 lipca 2017', 'en': 'Thursday, 6 July 2017', 'et': 'Neljapäev, 6. juuli 2017', 'sv': 'Torsdagen den 6 juli 2017', 'de': 'Donnerstag, 6. Juli 2017', 'pt': 'Quinta-feira, 6 de Julho de 2017', 'hr': 'četvrtak, 6. srpnja 2017.', 'es': 'Jueves 6 de julio de 2017', 'it': 'Giovedì 6 luglio 2017', 'fr': 'Jeudi 6 juillet 2017', 'da': 'Torsdag den 6. juli 2017', 'bg': 'Четвъртък, 6 юли 2017', 'hu': '2017. július 6., csütörtök', 'sk': 'Štvrtok, 6. júla 2017', 'lt': 'Ketvirtadienis, 2017 m. liepos 6 d.', 'cs': 'Čtvrtek, 6. července 2017', 'lv': 'Ceturtdiena, 2017. gada 6. jūlijs', 'fi': 'Torstai 6. heinäkuuta 2017'}",2017-07-06T01:00:00+02:00,"['eli/dl/event/MTG-PL-2017-07-06-VOT-ITM-621437-1', 'eli/dl/event/MTG-PL-2017-07-06-VOT-ITM-621438-11', 'eli/dl/event/MTG-PL-2017-07-06-VOT-ITM-622174-4', 'eli/dl/event/MTG-PL-2017-07-06-VOT-ITM-623570-2', 'eli/dl/event/MTG-PL-2017-07-06-VOT-ITM-621975-6', 'eli/dl/event/MTG-PL-2017-07-06-VOT-ITM-622171-3', 'eli/dl/event/MTG-PL-2017-07-06-VOT-ITM-621750-10', 'eli/dl/event/MTG-PL-2017-07-06-VOT-ITM-621436-9', 'eli/dl/event/MTG-PL-2017-07-06-VOT-ITM-621435-8', 'eli/dl/event/MTG-PL-2017-07-06-VOT-ITM-621431-7', 'eli/dl/event/MTG-PL-2017-07-06-VOT-ITM-622176-5']",['eli/dl/doc/OJQ-8-2017-07-06'],def/ep-activities/PLENARY_SITTING,,,,org/ep-8,,http://publications.europa.eu/resource/authority/place/FRA_SXB,
101,eli/dl/event/MTG-PL-2017-09-14,Activity,"{'@value': '2017-09-14T00:00:00+02:00', 'type': 'xsd:dateTime'}",2017-09-14T23:00:00+02:00,MTG-PL-2017-09-14,"{'sv': 'Torsdagen den 14 september 2017', 'cs': 'Čtvrtek, 14. září 2017', 'el': 'Πέμπτη 14 Σεπτεμβρίου 2017', 'de': 'Donnerstag, 14. September 2017', 'lt': 'Ketvirtadienis, 2017 m. rugsėjo 14 d.', 'lv': 'Ceturtdiena, 2017. gada 14. septembris', 'bg': 'Четвъртък, 14 септември 2017', 'sl': 'Četrtek, 14. september 2017', 'et': 'Neljapäev, 14. september 2017', 'pt': 'Quinta-feira, 14 de Setembro de 2017', 'pl': 'Czwartek, 14 września 2017', 'ro': 'Joi, 14 septembrie 2017', 'en': 'Thursday, 14 September 2017', 'nl': 'Donderdag 14 september 2017', 'hu': '2017. szeptember 14., csütörtök', 'hr': 'četvrtak, 14. rujna 2017.', 'da': 'Torsdag den 14. september 2017', 'sk': 'Štvrtok, 14. septembra 2017', 'it': 'Giovedì 14 settembre 2017', 'fr': 'Jeudi 14 septembre 2017', 'fi': 'Torstai 14. syyskuuta 2017', 'es': 'Jueves 14 de septiembre de 2017', 'mt': ""Il-Ħamis, 14 ta' Settembru 2017""}",2017-09-14T01:00:00+02:00,"['eli/dl/event/MTG-PL-2017-09-14-VOT-ITM-641564-11', 'eli/dl/event/MTG-PL-2017-09-14-VOT-ITM-640198-7', 'eli/dl/event/MTG-PL-2017-09-14-VOT-ITM-641509-4', 'eli/dl/event/MTG-PL-2017-09-14-VOT-ITM-640203-15', 'eli/dl/event/MTG-PL-2017-09-14-VOT-ITM-640444-9', 'eli/dl/event/MTG-PL-2017-09-14-VOT-ITM-641506-14', 'eli/dl/event/MTG-PL-2017-09-14-VOT-ITM-641507-2', 'eli/dl/event/MTG-PL-2017-09-14-VOT-ITM-640445-10', 'eli/dl/event/MTG-PL-2017-09-14-VOT-ITM-641975-12', 'eli/dl/event/MTG-PL-2017-09-14-VOT-ITM-641576-8', 'eli/dl/event/MTG-PL-2017-09-14-VOT-ITM-641510-5', 'eli/dl/event/MTG-PL-2017-09-14-VOT-ITM-640198-6', 'eli/dl/event/MTG-PL-2017-09-14-VOT-ITM-640202-1', 'eli/dl/event/MTG-PL-2017-09-14-VOT-ITM-641754-13', 'eli/dl/event/MTG-PL-2017-09-14-VOT-ITM-641508-3']",['eli/dl/doc/OJQ-8-2017-09-14'],def/ep-activities/PLENARY_SITTING,,,,org/ep-8,,http://publications.europa.eu/resource/authority/place/FRA_SXB,"['eli/dl/event/MTG-PL-2017-09-14-TF-1130', 'eli/dl/event/MTG-PL-2017-09-14-TF-0830', 'eli/dl/event/MTG-PL-2017-09-14-TF-1500']"
102,eli/dl/event/MTG-PL-2017-10-05,Activity,"{'@value': '2017-10-05T00:00:00+02:00', 'type': 'xsd:dateTime'}",2017-10-05T23:00:00+02:00,MTG-PL-2017-10-05,"{'lv': 'Ceturtdiena, 2017. gada 5. oktobris', 'cs': 'Čtvrtek, 5. října 2017', 'hu': '2017. október 5., csütörtök', 'pl': 'Czwartek, 5 października 2017', 'sk': 'Štvrtok, 5. októbra 2017', 'mt': ""Il-Ħamis, 5 ta' Ottubru 2017"", 'sl': 'Četrtek, 5. oktober 2017', 'fr': 'Jeudi 5 octobre 2017', 'lt': 'Ketvirtadienis, 2017 m. spalio 5 d.', 'en': 'Thursday, 5 October 2017', 'de': 'Donnerstag, 5. Oktober 2017', 'ro': 'Joi, 5 octombrie 2017', 'pt': 'Quinta-feira, 5 de Outubro de 2017', 'el': 'Πέμπτη 5 Οκτωβρίου 2017', 'et': 'Neljapäev, 5. oktoober 2017', 'hr': 'četvrtak, 5. listopada 2017.', 'sv': 'Torsdagen den 5 oktober 2017', 'da': 'Torsdag den 5. oktober 2017', 'nl': 'Donderdag 5 oktober 2017', 'it': 'Giovedì 5 ottobre 2017', 'es': 'Jueves 5 de octubre de 2017', 'fi': 'Torstai 5. lokakuuta 2017', 'bg': 'Четвъртък, 5 октомври 2017'}",2017-10-05T01:00:00+02:00,"['eli/dl/event/MTG-PL-2017-10-05-VOT-ITM-646098-2', 'eli/dl/event/MTG-PL-2017-10-05-VOT-ITM-646100-3', 'eli/dl/event/MTG-PL-2017-10-05-VOT-ITM-647470-4', 'eli/dl/event/MTG-PL-2017-10-05-VOT-ITM-646097-1', 'eli/dl/event/MTG-PL-2017-10-05-VOT-ITM-645607-5']",['eli/dl/doc/OJQ-8-2017-10-05'],def/ep-activities/PLENARY_SITTING,,,,org/ep-8,,http://publications.europa.eu/resource/authority/place/FRA_SXB,
103,eli/dl/event/MTG-PL-2017-10-26,Activity,"{'@value': '2017-10-26T00:00:00+02:00', 'type': 'xsd:dateTime'}",2017-10-26T23:00:00+02:00,MTG-PL-2017-10-26,"{'lv': 'Ceturtdiena, 2017. gada 26. oktobris', 'fi': 'Torstai 26. lokakuuta 2017', 'sl': 'Četrtek, 26. oktober 2017', 'mt': ""Il-Ħamis, 26 ta' Ottubru 2017"", 'fr': 'Jeudi 26 octobre 2017', 'hr': 'četvrtak, 26. listopada 2017.', 'nl': 'Donderdag 26 oktober 2017', 'hu': '2017. október 26., csütörtök', 'el': 'Πέμπτη 26 Οκτωβρίου 2017', 'ro': 'Joi, 26 octombrie 2017', 'en': 'Thursday, 26 October 2017', 'pt': 'Quinta-feira, 26 de Outubro de 2017', 'da': 'Torsdag den 26. oktober 2017', 'it': 'Giovedì 26 ottobre 2017', 'de': 'Donnerstag, 26. Oktober 2017', 'pl': 'Czwartek, 26 października 2017', 'sk': 'Štvrtok, 26. októbra 2017', 'et': 'Neljapäev, 26. oktoober 2017', 'es': 'Jueves 26 de octubre de 2017', 'lt': 'Ketvirtadienis, 2017 m. spalio 26 d.', 'bg': 'Четвъртък, 26 октомври 2017', 'sv': 'Torsdagen den 26 oktober 2017', 'cs': 'Čtvrtek, 26. října 2017'}",2017-10-26T01:00:00+02:00,"['eli/dl/event/MTG-PL-2017-10-26-VOT-ITM-650796-6', 'eli/dl/event/MTG-PL-2017-10-26-VOT-ITM-651989-4', 'eli/dl/event/MTG-PL-2017-10-26-VOT-ITM-651728-5', 'eli/dl/event/MTG-PL-2017-10-26-VOT-ITM-650784-9', 'eli/dl/event/MTG-PL-2017-10-26-VOT-ITM-650777-1', 'eli/dl/event/MTG-PL-2017-10-26-VOT-ITM-650794-7', 'eli/dl/event/MTG-PL-2017-10-26-VOT-ITM-650779-3', 'eli/dl/event/MTG-PL-2017-10-26-VOT-ITM-650790-8', 'eli/dl/event/MTG-PL-2017-10-26-VOT-ITM-650780-2']",['eli/dl/doc/OJQ-8-2017-10-26'],def/ep-activities/PLENARY_SITTING,,,,org/ep-8,,http://publications.europa.eu/resource/authority/place/FRA_SXB,
104,eli/dl/event/MTG-PL-2017-11-16,Activity,"{'@value': '2017-11-16T00:00:00+01:00', 'type': 'xsd:dateTime'}",2017-11-16T23:00:00+01:00,MTG-PL-2017-11-16,"{'pt': 'Quinta-feira, 16 de Novembro de 2017', 'mt': ""Il-Ħamis, 16 ta' Novembru 2017"", 'pl': 'Czwartek, 16 listopada 2017', 'lt': 'Ketvirtadienis, 2017 m. lapkričio 16 d.', 'sl': 'Četrtek, 16. november 2017', 'bg': 'Четвъртък, 16 ноември 2017', 'da': 'Torsdag den 16. november 2017', 'cs': 'Čtvrtek, 16. listopadu 2017', 'de': 'Donnerstag, 16. November 2017', 'hr': 'četvrtak, 16. studenog 2017.', 'nl': 'Donderdag 16 november 2017', 'fr': 'Jeudi 16 novembre 2017', 'ro': 'Joi, 16 noiembrie 2017', 'sk': 'Štvrtok, 16. novembra 2017', 'el': 'Πέμπτη 16 Νοεμβρίου 2017', 'lv': 'Ceturtdiena, 2017. gada 16. novembris', 'hu': '2017. november 16., csütörtök', 'it': 'Giovedì 16 novembre 2017', 'et': 'Neljapäev, 16. november 2017', 'sv': 'Torsdagen den 16 november 2017', 'en': 'Thursday, 16 November 2017', 'fi': 'Torstai 16. marraskuuta 2017', 'es': 'Jueves 16 de noviembre de 2017'}",2017-11-16T01:00:00+01:00,"['eli/dl/event/MTG-PL-2017-11-16-VOT-ITM-655595-7', 'eli/dl/event/MTG-PL-2017-11-16-VOT-ITM-655659-6', 'eli/dl/event/MTG-PL-2017-11-16-VOT-ITM-655913-2', 'eli/dl/event/MTG-PL-2017-11-16-VOT-ITM-655912-1', 'eli/dl/event/MTG-PL-2017-11-16-VOT-ITM-655914-3', 'eli/dl/event/MTG-PL-2017-11-16-VOT-ITM-655594-8', 'eli/dl/event/MTG-PL-2017-11-16-VOT-ITM-655910-9', 'eli/dl/event/MTG-PL-2017-11-16-VOT-ITM-657327-4', 'eli/dl/event/MTG-PL-2017-11-16-VOT-ITM-655660-10', 'eli/dl/event/MTG-PL-2017-11-16-VOT-ITM-655644-5']",['eli/dl/doc/OJQ-8-2017-11-16'],def/ep-activities/PLENARY_SITTING,,,,org/ep-8,,http://publications.europa.eu/resource/authority/place/FRA_SXB,
105,eli/dl/event/MTG-PL-2017-11-30,Activity,"{'@value': '2017-11-30T00:00:00+01:00', 'type': 'xsd:dateTime'}",2017-11-30T23:00:00+01:00,MTG-PL-2017-11-30,"{'fr': 'Jeudi 30 novembre 2017', 'lt': 'Ketvirtadienis, 2017 m. lapkričio 30 d.', 'pt': 'Quinta-feira, 30 de Novembro de 2017', 'mt': ""Il-Ħamis, 30 ta' Novembru 2017"", 'hr': 'četvrtak, 30. studenog 2017.', 'bg': 'Четвъртък, 30 ноември 2017', 'sk': 'Štvrtok, 30. novembra 2017', 'lv': 'Ceturtdiena, 2017. gada 30. novembris', 'de': 'Donnerstag, 30. November 2017', 'it': 'Giovedì 30 novembre 2017', 'sl': 'Četrtek, 30. november 2017', 'hu': '2017. november 30., csütörtök', 'sv': 'Torsdagen den 30 november 2017', 'nl': 'Donderdag 30 november 2017', 'da': 'Torsdag den 30. november 2017', 'et': 'Neljapäev, 30. november 2017', 'pl': 'Czwartek, 30 listopada 2017', 'el': 'Πέμπτη 30 Νοεμβρίου 2017', 'cs': 'Čtvrtek, 30. listopadu 2017', 'ro': 'Joi, 30 noiembrie 2017', 'fi': 'Torstai 30. marraskuuta 2017', 'en': 'Thursday, 30 November 2017', 'es': 'Jueves 30 de noviembre de 2017'}",2017-11-30T01:00:00+01:00,"['eli/dl/event/MTG-PL-2017-11-30-VOT-ITM-659087-16', 'eli/dl/event/MTG-PL-2017-11-30-VOT-ITM-659087-12', 'eli/dl/event/MTG-PL-2017-11-30-VOT-ITM-659090-19', 'eli/dl/event/MTG-PL-2017-11-30-VOT-ITM-659087-8', 'eli/dl/event/MTG-PL-2017-11-30-VOT-ITM-659087-10', 'eli/dl/event/MTG-PL-2017-11-30-VOT-ITM-659650-5', 'eli/dl/event/MTG-PL-2017-11-30-VOT-ITM-659092-21', 'eli/dl/event/MTG-PL-2017-11-30-VOT-ITM-660401-3', 'eli/dl/event/MTG-PL-2017-11-30-VOT-ITM-659091-20', 'eli/dl/event/MTG-PL-2017-11-30-VOT-ITM-659095-22', 'eli/dl/event/MTG-PL-2017-11-30-VOT-ITM-659149-18', 'eli/dl/event/MTG-PL-2017-11-30-VOT-ITM-659609-1', 'eli/dl/event/MTG-PL-2017-11-30-VOT-ITM-659093-23', 'eli/dl/event/MTG-PL-2017-11-30-VOT-ITM-659651-7', 'eli/dl/event/MTG-PL-2017-11-30-VOT-ITM-659614-4', 'eli/dl/event/MTG-PL-2017-11-30-VOT-ITM-659087-9', 'eli/dl/event/MTG-PL-2017-11-30-VOT-ITM-659087-15', 'eli/dl/event/MTG-PL-2017-11-30-VOT-ITM-659087-11', 'eli/dl/event/MTG-PL-2017-11-30-VOT-ITM-660405-2', 'eli/dl/event/MTG-PL-2017-11-30-VOT-ITM-659087-13', 'eli/dl/event/MTG-PL-2017-11-30-VOT-ITM-659087-14', 'eli/dl/event/MTG-PL-2017-11-30-VOT-ITM-659088-17', 'eli/dl/event/MTG-PL-2017-11-30-VOT-ITM-659650-6']",['eli/dl/doc/OJQ-8-2017-11-30'],def/ep-activities/PLENARY_SITTING,,,,org/ep-8,,http://publications.europa.eu/resource/authority/place/BEL_BRU,
106,eli/dl/event/MTG-PL-2017-12-14,Activity,"{'@value': '2017-12-14T00:00:00+01:00', 'type': 'xsd:dateTime'}",2017-12-14T23:00:00+01:00,MTG-PL-2017-12-14,"{'mt': ""Il-Ħamis, 14 ta' Diċembru 2017"", 'sv': 'Torsdagen den 14 december 2017', 'cs': 'Čtvrtek, 14. prosince 2017', 'lt': 'Ketvirtadienis, 2017 m. gruodžio 14 d.', 'hu': '2017. december 14., csütörtök', 'da': 'Torsdag den 14. december 2017', 'es': 'Jueves 14 de diciembre de 2017', 'nl': 'Donderdag 14 december 2017', 'et': 'Neljapäev, 14. detsember 2017', 'hr': 'četvrtak, 14. prosinca 2017.', 'pt': 'Quinta-feira, 14 de Dezembro de 2017', 'ro': 'Joi, 14 decembrie 2017', 'de': 'Donnerstag, 14. Dezember 2017', 'sk': 'Štvrtok, 14. decembra 2017', 'fr': 'Jeudi 14 décembre 2017', 'it': 'Giovedì 14 dicembre 2017', 'fi': 'Torstai 14. joulukuuta 2017', 'bg': 'Четвъртък, 14 декември 2017', 'pl': 'Czwartek, 14 grudnia 2017', 'sl': 'Četrtek, 14. december 2017', 'en': 'Thursday, 14 December 2017', 'el': 'Πέμπτη 14 Δεκεμβρίου 2017', 'lv': 'Ceturtdiena, 2017. gada 14. decembris'}",2017-12-14T01:00:00+01:00,"['eli/dl/event/MTG-PL-2017-12-14-VOT-ITM-664145-4', 'eli/dl/event/MTG-PL-2017-12-14-VOT-ITM-663724-7', 'eli/dl/event/MTG-PL-2017-12-14-VOT-ITM-662351-6', 'eli/dl/event/MTG-PL-2017-12-14-VOT-ITM-664186-2', 'eli/dl/event/MTG-PL-2017-12-14-VOT-ITM-662349-8', 'eli/dl/event/MTG-PL-2017-12-14-VOT-ITM-664189-1', 'eli/dl/event/MTG-PL-2017-12-14-VOT-ITM-662350-5', 'eli/dl/event/MTG-PL-2017-12-14-VOT-ITM-662586-9', 'eli/dl/event/MTG-PL-2017-12-14-VOT-ITM-664193-3']",['eli/dl/doc/OJQ-8-2017-12-14'],def/ep-activities/PLENARY_SITTING,,,,org/ep-8,,http://publications.europa.eu/resource/authority/place/FRA_SXB,
75,eli/dl/event/MTG-PL-2018-01-18,Activity,"{'@value': '2018-01-18T00:00:00+01:00', 'type': 'xsd:dateTime'}",2018-01-18T23:00:00+01:00,MTG-PL-2018-01-18,"{'mt': ""Il-Ħamis, 18 ta' Jannar 2018"", 'it': 'Giovedì 18 gennaio 2018', 'nl': 'Donderdag 18 januari 2018', 'de': 'Donnerstag, 18. Januar 2018', 'ro': 'Joi, 18 ianuarie 2018', 'fr': 'Jeudi 18 janvier 2018', 'en': 'Thursday, 18 January 2018', 'sl': 'Četrtek, 18. januar 2018', 'sk': 'Štvrtok, 18. januára 2018', 'hr': 'četvrtak, 18. siječnja 2018.', 'pl': 'Czwartek, 18 stycznia 2018', 'pt': 'Quinta-feira, 18 de Janeiro de 2018', 'fi': 'Torstai 18. tammikuuta 2018', 'cs': 'Čtvrtek, 18. ledna 2018', 'bg': 'Четвъртък, 18 януари 2018', 'et': 'Neljapäev, 18. jaanuar 2018', 'da': 'Torsdag den 18. januar 2018', 'es': 'Jueves 18 de enero de 2018', 'hu': '2018. január 18., csütörtök', 'lt': 'Ketvirtadienis, 2018 m. sausio 18 d.', 'sv': 'Torsdagen den 18 januari 2018', 'lv': 'Ceturtdiena, 2018. gada 18. janvāris', 'el': 'Πέμπτη 18 Ιανουαρίου 2018'}",2018-01-18T01:00:00+01:00,"['eli/dl/event/MTG-PL-2018-01-18-VOT-ITM-670670-5', 'eli/dl/event/MTG-PL-2018-01-18-VOT-ITM-670670-4', 'eli/dl/event/MTG-PL-2018-01-18-VOT-ITM-671059-3', 'eli/dl/event/MTG-PL-2018-01-18-VOT-ITM-670671-6', 'eli/dl/event/MTG-PL-2018-01-18-VOT-ITM-671058-2', 'eli/dl/event/MTG-PL-2018-01-18-VOT-ITM-670672-7', 'eli/dl/event/MTG-PL-2018-01-18-VOT-ITM-671054-1']",['eli/dl/doc/OJQ-8-2018-01-18'],def/ep-activities/PLENARY_SITTING,,,,org/ep-8,,http://publications.europa.eu/resource/authority/place/FRA_SXB,
76,eli/dl/event/MTG-PL-2018-02-08,Activity,"{'@value': '2018-02-08T00:00:00+01:00', 'type': 'xsd:dateTime'}",2018-02-08T23:00:00+01:00,MTG-PL-2018-02-08,"{'hr': 'četvrtak, 8. veljače 2018.', 'sl': 'Četrtek, 8. februar 2018', 'cs': 'Čtvrtek, 8. února 2018', 'da': 'Torsdag den 8. februar 2018', 'it': 'Giovedì 8 febbraio 2018', 'de': 'Donnerstag, 8. Februar 2018', 'sv': 'Torsdagen den 8 februari 2018', 'es': 'Jueves 8 de febrero de 2018', 'fr': 'Jeudi 8 février 2018', 'fi': 'Torstai 8. helmikuuta 2018', 'hu': '2018. február 8., csütörtök', 'nl': 'Donderdag 8 februari 2018', 'mt': ""Il-Ħamis, 8 ta' Frar 2018"", 'pl': 'Czwartek, 8 lutego 2018', 'lv': 'Ceturtdiena, 2018. gada 8. februāris', 'el': 'Πέμπτη 8 Φεβρουαρίου 2018', 'lt': 'Ketvirtadienis, 2018 m. vasario 8 d.', 'et': 'Neljapäev, 8. veebruar 2018', 'bg': 'Четвъртък, 8 февруари 2018', 'en': 'Thursday, 8 February 2018', 'sk': 'Štvrtok, 8. februára 2018', 'ro': 'Joi, 8 februarie 2018', 'pt': 'Quinta-feira, 8 de Fevereiro de 2018'}",2018-02-08T01:00:00+01:00,"['eli/dl/event/MTG-PL-2018-02-08-VOT-ITM-677162-3', 'eli/dl/event/MTG-PL-2018-02-08-VOT-ITM-677398-5', 'eli/dl/event/MTG-PL-2018-02-08-VOT-ITM-675416-8', 'eli/dl/event/MTG-PL-2018-02-08-VOT-ITM-677160-1', 'eli/dl/event/MTG-PL-2018-02-08-VOT-ITM-675415-7', 'eli/dl/event/MTG-PL-2018-02-08-VOT-ITM-676141-11', 'eli/dl/event/MTG-PL-2018-02-08-VOT-ITM-676143-12', 'eli/dl/event/MTG-PL-2018-02-08-VOT-ITM-675675-9', 'eli/dl/event/MTG-PL-2018-02-08-VOT-ITM-677161-2', 'eli/dl/event/MTG-PL-2018-02-08-VOT-ITM-676139-13', 'eli/dl/event/MTG-PL-2018-02-08-VOT-ITM-677418-4', 'eli/dl/event/MTG-PL-2018-02-08-VOT-ITM-676142-10', 'eli/dl/event/MTG-PL-2018-02-08-VOT-ITM-677399-6']",['eli/dl/doc/OJQ-8-2018-02-08'],def/ep-activities/PLENARY_SITTING,,,,org/ep-8,,http://publications.europa.eu/resource/authority/place/FRA_SXB,
77,eli/dl/event/MTG-PL-2018-03-01,Activity,"{'@value': '2018-03-01T00:00:00+01:00', 'type': 'xsd:dateTime'}",2018-03-01T23:00:00+01:00,MTG-PL-2018-03-01,"{'el': 'Πέμπτη 1 Μαρτίου 2018', 'nl': 'Donderdag 1 maart 2018', 'de': 'Donnerstag, 1. März 2018', 'da': 'Torsdag den 1. marts 2018', 'lv': 'Ceturtdiena, 2018. gada 1. marts', 'et': 'Neljapäev, 1. märts 2018', 'ro': 'Joi, 1 martie 2018', 'pl': 'Czwartek, 1 marca 2018', 'it': 'Giovedì 1 marzo 2018', 'bg': 'Четвъртък, 1 март 2018', 'fi': 'Torstai 1. maaliskuuta 2018', 'es': 'Jueves 1 de marzo de 2018', 'sl': 'Četrtek, 1. marec 2018', 'en': 'Thursday, 1 March 2018', 'fr': 'Jeudi 1 mars 2018', 'pt': 'Quinta-feira, 1 de Março de 2018', 'hu': '2018. március 1., csütörtök', 'lt': 'Ketvirtadienis, 2018 m. kovo 1 d.', 'sv': 'Torsdagen den 1 mars 2018', 'sk': 'Štvrtok, 1. marca 2018', 'cs': 'Čtvrtek, 1. března 2018', 'hr': 'četvrtak, 1. ožujka 2018.', 'mt': ""Il-Ħamis, 1 ta' Marzu 2018""}",2018-03-01T01:00:00+01:00,"['eli/dl/event/MTG-PL-2018-03-01-VOT-ITM-680793-14', 'eli/dl/event/MTG-PL-2018-03-01-VOT-ITM-680759-7', 'eli/dl/event/MTG-PL-2018-03-01-VOT-ITM-680795-17', 'eli/dl/event/MTG-PL-2018-03-01-VOT-ITM-681952-16', 'eli/dl/event/MTG-PL-2018-03-01-VOT-ITM-680761-12', 'eli/dl/event/MTG-PL-2018-03-01-VOT-ITM-680748-4', 'eli/dl/event/MTG-PL-2018-03-01-VOT-ITM-680748-2', 'eli/dl/event/MTG-PL-2018-03-01-VOT-ITM-680792-13', 'eli/dl/event/MTG-PL-2018-03-01-VOT-ITM-680748-1', 'eli/dl/event/MTG-PL-2018-03-01-VOT-ITM-680755-5', 'eli/dl/event/MTG-PL-2018-03-01-VOT-ITM-682121-8', 'eli/dl/event/MTG-PL-2018-03-01-VOT-ITM-681963-10', 'eli/dl/event/MTG-PL-2018-03-01-VOT-ITM-682122-9', 'eli/dl/event/MTG-PL-2018-03-01-VOT-ITM-680748-3', 'eli/dl/event/MTG-PL-2018-03-01-VOT-ITM-682094-11', 'eli/dl/event/MTG-PL-2018-03-01-VOT-ITM-680756-6', 'eli/dl/event/MTG-PL-2018-03-01-VOT-ITM-680794-15']",['eli/dl/doc/OJQ-8-2018-03-01'],def/ep-activities/PLENARY_SITTING,,,,org/ep-8,,http://publications.europa.eu/resource/authority/place/BEL_BRU,
78,eli/dl/event/MTG-PL-2018-03-15,Activity,"{'@value': '2018-03-15T00:00:00+01:00', 'type': 'xsd:dateTime'}",2018-03-15T23:00:00+01:00,MTG-PL-2018-03-15,"{'es': 'Jueves 15 de marzo de 2018', 'hu': '2018. március 15., csütörtök', 'pl': 'Czwartek, 15 marca 2018', 'hr': 'četvrtak, 15. ožujka 2018.', 'pt': 'Quinta-feira, 15 de Março de 2018', 'ro': 'Joi, 15 martie 2018', 'mt': ""Il-Ħamis, 15 ta' Marzu 2018"", 'fi': 'Torstai 15. maaliskuuta 2018', 'sl': 'Četrtek, 15. marec 2018', 'da': 'Torsdag den 15. marts 2018', 'it': 'Giovedì 15 marzo 2018', 'et': 'Neljapäev, 15. märts 2018', 'sv': 'Torsdagen den 15 mars 2018', 'nl': 'Donderdag 15 maart 2018', 'bg': 'Четвъртък, 15 март 2018', 'sk': 'Štvrtok, 15. marca 2018', 'lt': 'Ketvirtadienis, 2018 m. kovo 15 d.', 'cs': 'Čtvrtek, 15. března 2018', 'el': 'Πέμπτη 15 Μαρτίου 2018', 'fr': 'Jeudi 15 mars 2018', 'lv': 'Ceturtdiena, 2018. gada 15. marts', 'de': 'Donnerstag, 15. März 2018', 'en': 'Thursday, 15 March 2018'}",2018-03-15T01:00:00+01:00,"['eli/dl/event/MTG-PL-2018-03-15-VOT-ITM-684523-3', 'eli/dl/event/MTG-PL-2018-03-15-VOT-ITM-684525-13', 'eli/dl/event/MTG-PL-2018-03-15-VOT-ITM-685806-14', 'eli/dl/event/MTG-PL-2018-03-15-VOT-ITM-684524-12', 'eli/dl/event/MTG-PL-2018-03-15-VOT-ITM-684518-1', 'eli/dl/event/MTG-PL-2018-03-15-VOT-ITM-684255-6', 'eli/dl/event/MTG-PL-2018-03-15-VOT-ITM-685720-11', 'eli/dl/event/MTG-PL-2018-03-15-VOT-ITM-685814-8', 'eli/dl/event/MTG-PL-2018-03-15-VOT-ITM-684256-7', 'eli/dl/event/MTG-PL-2018-03-15-VOT-ITM-684261-10', 'eli/dl/event/MTG-PL-2018-03-15-VOT-ITM-684248-5', 'eli/dl/event/MTG-PL-2018-03-15-VOT-ITM-684248-4', 'eli/dl/event/MTG-PL-2018-03-15-VOT-ITM-684257-9', 'eli/dl/event/MTG-PL-2018-03-15-VOT-ITM-684522-2']",['eli/dl/doc/OJQ-8-2018-03-15'],def/ep-activities/PLENARY_SITTING,,,,org/ep-8,,http://publications.europa.eu/resource/authority/place/FRA_SXB,
79,eli/dl/event/MTG-PL-2018-04-19,Activity,"{'@value': '2018-04-19T00:00:00+02:00', 'type': 'xsd:dateTime'}",2018-04-19T23:00:00+02:00,MTG-PL-2018-04-19,"{'cs': 'Čtvrtek, 19. dubna 2018', 'hr': 'četvrtak, 19. travnja 2018.', 'sv': 'Torsdagen den 19 april 2018', 'fi': 'Torstai 19. huhtikuuta 2018', 'et': 'Neljapäev, 19. aprill 2018', 'es': 'Jueves 19 de abril de 2018', 'de': 'Donnerstag, 19. April 2018', 'pt': 'Quinta-feira, 19 de Abril de 2018', 'mt': ""Il-Ħamis, 19 ta' April 2018"", 'nl': 'Donderdag 19 april 2018', 'pl': 'Czwartek, 19 kwietnia 2018', 'el': 'Πέμπτη 19 Απριλίου 2018', 'sk': 'Štvrtok, 19. apríla 2018', 'it': 'Giovedì 19 aprile 2018', 'ro': 'Joi, 19 aprilie 2018', 'en': 'Thursday, 19 April 2018', 'bg': 'Четвъртък, 19 април 2018', 'da': 'Torsdag den 19. april 2018', 'sl': 'Četrtek, 19. april 2018', 'hu': '2018. április 19., csütörtök', 'lt': 'Ketvirtadienis, 2018 m. balandžio 19 d.', 'fr': 'Jeudi 19 avril 2018', 'lv': 'Ceturtdiena, 2018. gada 19. aprīlis'}",2018-04-19T01:00:00+02:00,"['eli/dl/event/MTG-PL-2018-04-19-VOT-ITM-693997-13', 'eli/dl/event/MTG-PL-2018-04-19-VOT-ITM-693640-14', 'eli/dl/event/MTG-PL-2018-04-19-VOT-ITM-693995-12', 'eli/dl/event/MTG-PL-2018-04-19-VOT-ITM-695236-10', 'eli/dl/event/MTG-PL-2018-04-19-VOT-ITM-693643-17', 'eli/dl/event/MTG-PL-2018-04-19-VOT-ITM-693638-7', 'eli/dl/event/MTG-PL-2018-04-19-VOT-ITM-693989-2', 'eli/dl/event/MTG-PL-2018-04-19-VOT-ITM-693991-3', 'eli/dl/event/MTG-PL-2018-04-19-VOT-ITM-694942-9', 'eli/dl/event/MTG-PL-2018-04-19-VOT-ITM-693641-15', 'eli/dl/event/MTG-PL-2018-04-19-VOT-ITM-694941-8', 'eli/dl/event/MTG-PL-2018-04-19-VOT-ITM-693987-1', 'eli/dl/event/MTG-PL-2018-04-19-VOT-ITM-693635-6', 'eli/dl/event/MTG-PL-2018-04-19-VOT-ITM-693671-4', 'eli/dl/event/MTG-PL-2018-04-19-VOT-ITM-693634-5', 'eli/dl/event/MTG-PL-2018-04-19-VOT-ITM-694000-18', 'eli/dl/event/MTG-PL-2018-04-19-VOT-ITM-693999-16', 'eli/dl/event/MTG-PL-2018-04-19-VOT-ITM-693994-11']",['eli/dl/doc/OJQ-8-2018-04-19'],def/ep-activities/PLENARY_SITTING,,,,org/ep-8,,http://publications.europa.eu/resource/authority/place/FRA_SXB,
80,eli/dl/event/MTG-PL-2018-05-03,Activity,"{'@value': '2018-05-03T00:00:00+02:00', 'type': 'xsd:dateTime'}",2018-05-03T23:00:00+02:00,MTG-PL-2018-05-03,"{'da': 'Torsdag den 3. maj 2018', 'fi': 'Torstai 3. toukokuuta 2018', 'en': 'Thursday, 3 May 2018', 'it': 'Giovedì 3 maggio 2018', 'sk': 'Štvrtok, 3. mája 2018', 'ro': 'Joi, 3 mai 2018', 'bg': 'Четвъртък, 3 май 2018', 'pt': 'Quinta-feira, 3 de Maio de 2018', 'hu': '2018. május 3., csütörtök', 'sl': 'Četrtek, 3. maj 2018', 'mt': ""Il-Ħamis, 3 ta' Mejju 2018"", 'de': 'Donnerstag, 3. Mai 2018', 'fr': 'Jeudi 3 mai 2018', 'hr': 'četvrtak, 3. svibnja 2018.', 'pl': 'Czwartek, 3 maja 2018', 'et': 'Neljapäev, 3. mai 2018', 'lt': 'Ketvirtadienis, 2018 m. gegužės 3 d.', 'es': 'Jueves 3 de mayo de 2018', 'cs': 'Čtvrtek, 3. května 2018', 'el': 'Πέμπτη 3 Μαίου 2018', 'sv': 'Torsdagen den 3 maj 2018', 'lv': 'Ceturtdiena, 2018. gada 3. maijs', 'nl': 'Donderdag 3 mei 2018'}",2018-05-03T01:00:00+02:00,"['eli/dl/event/MTG-PL-2018-05-03-VOT-ITM-698972-7', 'eli/dl/event/MTG-PL-2018-05-03-VOT-ITM-696775-5', 'eli/dl/event/MTG-PL-2018-05-03-VOT-ITM-696782-15', 'eli/dl/event/MTG-PL-2018-05-03-VOT-ITM-696780-12', 'eli/dl/event/MTG-PL-2018-05-03-VOT-ITM-696775-1', 'eli/dl/event/MTG-PL-2018-05-03-VOT-ITM-696775-6', 'eli/dl/event/MTG-PL-2018-05-03-VOT-ITM-696779-9', 'eli/dl/event/MTG-PL-2018-05-03-VOT-ITM-696775-3', 'eli/dl/event/MTG-PL-2018-05-03-VOT-ITM-696775-4', 'eli/dl/event/MTG-PL-2018-05-03-VOT-ITM-699016-10', 'eli/dl/event/MTG-PL-2018-05-03-VOT-ITM-696785-13', 'eli/dl/event/MTG-PL-2018-05-03-VOT-ITM-696783-11', 'eli/dl/event/MTG-PL-2018-05-03-VOT-ITM-696781-14', 'eli/dl/event/MTG-PL-2018-05-03-VOT-ITM-696775-2', 'eli/dl/event/MTG-PL-2018-05-03-VOT-ITM-697406-8']",['eli/dl/doc/OJQ-8-2018-05-03'],def/ep-activities/PLENARY_SITTING,,,,org/ep-8,,http://publications.europa.eu/resource/authority/place/BEL_BRU,
81,eli/dl/event/MTG-PL-2018-05-31,Activity,"{'@value': '2018-05-31T00:00:00+02:00', 'type': 'xsd:dateTime'}",2018-05-31T23:00:00+02:00,MTG-PL-2018-05-31,"{'et': 'Neljapäev, 31. mai 2018', 'pt': 'Quinta-feira, 31 de Maio de 2018', 'lt': 'Ketvirtadienis, 2018 m. gegužės 31 d.', 'sk': 'Štvrtok, 31. mája 2018', 'it': 'Giovedì 31 maggio 2018', 'ro': 'Joi, 31 mai 2018', 'hu': '2018. május 31., csütörtök', 'sv': 'Torsdagen den 31 maj 2018', 'de': 'Donnerstag, 31. Mai 2018', 'fr': 'Jeudi 31 mai 2018', 'cs': 'Čtvrtek, 31. května 2018', 'nl': 'Donderdag 31 mei 2018', 'fi': 'Torstai 31. toukokuuta 2018', 'bg': 'Четвъртък, 31 май 2018', 'el': 'Πέμπτη 31 Μαίου 2018', 'sl': 'Četrtek, 31. maj 2018', 'lv': 'Ceturtdiena, 2018. gada 31. maijs', 'mt': ""Il-Ħamis, 31 ta' Mejju 2018"", 'es': 'Jueves 31 de mayo de 2018', 'da': 'Torsdag den 31. maj 2018', 'pl': 'Czwartek, 31 maja 2018', 'hr': 'četvrtak, 31. svibnja 2018.', 'en': 'Thursday, 31 May 2018'}",2018-05-31T01:00:00+02:00,"['eli/dl/event/MTG-PL-2018-05-31-VOT-ITM-704616-2', 'eli/dl/event/MTG-PL-2018-05-31-VOT-ITM-704619-7', 'eli/dl/event/MTG-PL-2018-05-31-VOT-ITM-704614-1', 'eli/dl/event/MTG-PL-2018-05-31-VOT-ITM-704326-10', 'eli/dl/event/MTG-PL-2018-05-31-VOT-ITM-704328-11', 'eli/dl/event/MTG-PL-2018-05-31-VOT-ITM-704826-8', 'eli/dl/event/MTG-PL-2018-05-31-VOT-ITM-704621-12', 'eli/dl/event/MTG-PL-2018-05-31-VOT-ITM-705991-6', 'eli/dl/event/MTG-PL-2018-05-31-VOT-ITM-704323-9', 'eli/dl/event/MTG-PL-2018-05-31-VOT-ITM-704664-4', 'eli/dl/event/MTG-PL-2018-05-31-VOT-ITM-704618-3', 'eli/dl/event/MTG-PL-2018-05-31-VOT-ITM-704322-5']",['eli/dl/doc/OJQ-8-2018-05-31'],def/ep-activities/PLENARY_SITTING,,,,org/ep-8,,http://publications.europa.eu/resource/authority/place/FRA_SXB,
82,eli/dl/event/MTG-PL-2018-06-14,Activity,"{'@value': '2018-06-14T00:00:00+02:00', 'type': 'xsd:dateTime'}",2018-06-14T23:00:00+02:00,MTG-PL-2018-06-14,"{'es': 'Jueves 14 de junio de 2018', 'ro': 'Joi, 14 iunie 2018', 'hu': '2018. június 14., csütörtök', 'sv': 'Torsdagen den 14 juni 2018', 'de': 'Donnerstag, 14. Juni 2018', 'lt': 'Ketvirtadienis, 2018 m. birželio 14 d.', 'da': 'Torsdag den 14. juni 2018', 'nl': 'Donderdag 14 juni 2018', 'bg': 'Четвъртък, 14 юни 2018', 'fr': 'Jeudi 14 juin 2018', 'sk': 'Štvrtok, 14. júna 2018', 'fi': 'Torstai 14. kesäkuuta 2018', 'hr': 'četvrtak, 14. lipnja 2018.', 'en': 'Thursday, 14 June 2018', 'lv': 'Ceturtdiena, 2018. gada 14. jūnijs', 'cs': 'Čtvrtek, 14. června 2018', 'mt': ""Il-Ħamis, 14 ta' Ġunju 2018"", 'pt': 'Quinta-feira, 14 de Junho de 2018', 'pl': 'Czwartek, 14 czerwca 2018', 'sl': 'Četrtek, 14. junij 2018', 'et': 'Neljapäev, 14. juuni 2018', 'it': 'Giovedì 14 giugno 2018', 'el': 'Πέμπτη 14 Ιουνίου 2018'}",2018-06-14T01:00:00+02:00,"['eli/dl/event/MTG-PL-2018-06-14-VOT-ITM-708188-2', 'eli/dl/event/MTG-PL-2018-06-14-VOT-ITM-707918-5', 'eli/dl/event/MTG-PL-2018-06-14-VOT-ITM-708197-12', 'eli/dl/event/MTG-PL-2018-06-14-VOT-ITM-708189-3', 'eli/dl/event/MTG-PL-2018-06-14-VOT-ITM-707917-4', 'eli/dl/event/MTG-PL-2018-06-14-VOT-ITM-708186-1', 'eli/dl/event/MTG-PL-2018-06-14-VOT-ITM-709564-7', 'eli/dl/event/MTG-PL-2018-06-14-VOT-ITM-708191-10', 'eli/dl/event/MTG-PL-2018-06-14-VOT-ITM-709569-9', 'eli/dl/event/MTG-PL-2018-06-14-VOT-ITM-707992-6', 'eli/dl/event/MTG-PL-2018-06-14-VOT-ITM-708195-11', 'eli/dl/event/MTG-PL-2018-06-14-VOT-ITM-709568-8', 'eli/dl/event/MTG-PL-2018-06-14-VOT-ITM-707919-13']",['eli/dl/doc/OJQ-8-2018-06-14'],def/ep-activities/PLENARY_SITTING,,,,org/ep-8,,http://publications.europa.eu/resource/authority/place/FRA_SXB,
83,eli/dl/event/MTG-PL-2018-07-05,Activity,"{'@value': '2018-07-05T00:00:00+02:00', 'type': 'xsd:dateTime'}",2018-07-05T23:00:00+02:00,MTG-PL-2018-07-05,"{'en': 'Thursday, 5 July 2018', 'el': 'Πέμπτη 5 Ιουλίου 2018', 'sv': 'Torsdagen den 5 juli 2018', 'cs': 'Čtvrtek, 5. července 2018', 'bg': 'Четвъртък, 5 юли 2018', 'sk': 'Štvrtok, 5. júla 2018', 'fi': 'Torstai 5. heinäkuuta 2018', 'et': 'Neljapäev, 5. juuli 2018', 'de': 'Donnerstag, 5. Juli 2018', 'hu': '2018. július 5., csütörtök', 'nl': 'Donderdag 5 juli 2018', 'da': 'Torsdag den 5. juli 2018', 'lt': 'Ketvirtadienis, 2018 m. liepos 5 d.', 'es': 'Jueves 5 de julio de 2018', 'sl': 'Četrtek, 5. julij 2018', 'ro': 'Joi, 5 iulie 2018', 'pt': 'Quinta-feira, 5 de Julho de 2018', 'fr': 'Jeudi 5 juillet 2018', 'lv': 'Ceturtdiena, 2018. gada 5. jūlijs', 'mt': ""Il-Ħamis, 5 ta' Lulju 2018"", 'pl': 'Czwartek, 5 lipca 2018', 'hr': 'četvrtak, 5. srpnja 2018.', 'it': 'Giovedì 5 luglio 2018'}",2018-07-05T01:00:00+02:00,"['eli/dl/event/MTG-PL-2018-07-05-VOT-ITM-713376-16', 'eli/dl/event/MTG-PL-2018-07-05-VOT-ITM-713640-14', 'eli/dl/event/MTG-PL-2018-07-05-VOT-ITM-713361-7', 'eli/dl/event/MTG-PL-2018-07-05-VOT-ITM-713363-9', 'eli/dl/event/MTG-PL-2018-07-05-VOT-ITM-713634-6', 'eli/dl/event/MTG-PL-2018-07-05-VOT-ITM-714914-4', 'eli/dl/event/MTG-PL-2018-07-05-VOT-ITM-713638-17', 'eli/dl/event/MTG-PL-2018-07-05-VOT-ITM-713637-12', 'eli/dl/event/MTG-PL-2018-07-05-VOT-ITM-714879-11', 'eli/dl/event/MTG-PL-2018-07-05-VOT-ITM-713870-2', 'eli/dl/event/MTG-PL-2018-07-05-VOT-ITM-713374-13', 'eli/dl/event/MTG-PL-2018-07-05-VOT-ITM-713375-15', 'eli/dl/event/MTG-PL-2018-07-05-VOT-ITM-714999-5', 'eli/dl/event/MTG-PL-2018-07-05-VOT-ITM-713874-3', 'eli/dl/event/MTG-PL-2018-07-05-VOT-ITM-713635-10', 'eli/dl/event/MTG-PL-2018-07-05-VOT-ITM-713362-8', 'eli/dl/event/MTG-PL-2018-07-05-VOT-ITM-713867-1']",['eli/dl/doc/OJQ-8-2018-07-05'],def/ep-activities/PLENARY_SITTING,,,,org/ep-8,,http://publications.europa.eu/resource/authority/place/FRA_SXB,
84,eli/dl/event/MTG-PL-2018-09-13,Activity,"{'@value': '2018-09-13T00:00:00+02:00', 'type': 'xsd:dateTime'}",2018-09-13T23:00:00+02:00,MTG-PL-2018-09-13,"{'pl': 'Czwartek, 13 września 2018', 'et': 'Neljapäev, 13. september 2018', 'ro': 'Joi, 13 septembrie 2018', 'es': 'Jueves 13 de septiembre de 2018', 'lv': 'Ceturtdiena, 2018. gada 13. septembris', 'pt': 'Quinta-feira, 13 de Setembro de 2018', 'lt': 'Ketvirtadienis, 2018 m. rugsėjo 13 d.', 'cs': 'Čtvrtek, 13. září 2018', 'el': 'Πέμπτη 13 Σεπτεμβρίου 2018', 'sv': 'Torsdagen den 13 september 2018', 'hr': 'četvrtak, 13. rujna 2018.', 'de': 'Donnerstag, 13. September 2018', 'da': 'Torsdag den 13. september 2018', 'mt': ""Il-Ħamis, 13 ta' Settembru 2018"", 'fi': 'Torstai 13. syyskuuta 2018', 'it': 'Giovedì 13 settembre 2018', 'sl': 'Četrtek, 13. september 2018', 'bg': 'Четвъртък, 13 септември 2018', 'fr': 'Jeudi 13 septembre 2018', 'nl': 'Donderdag 13 september 2018', 'sk': 'Štvrtok, 13. septembra 2018', 'hu': '2018. szeptember 13., csütörtök', 'en': 'Thursday, 13 September 2018'}",2018-09-13T01:00:00+02:00,"['eli/dl/event/MTG-PL-2018-09-13-VOT-ITM-732240-11', 'eli/dl/event/MTG-PL-2018-09-13-VOT-ITM-732512-1', 'eli/dl/event/MTG-PL-2018-09-13-VOT-ITM-732738-7', 'eli/dl/event/MTG-PL-2018-09-13-VOT-ITM-730982-13', 'eli/dl/event/MTG-PL-2018-09-13-VOT-ITM-732514-2', 'eli/dl/event/MTG-PL-2018-09-13-VOT-ITM-730983-14', 'eli/dl/event/MTG-PL-2018-09-13-VOT-ITM-730984-15', 'eli/dl/event/MTG-PL-2018-09-13-VOT-ITM-730964-12', 'eli/dl/event/MTG-PL-2018-09-13-VOT-ITM-730979-5', 'eli/dl/event/MTG-PL-2018-09-13-VOT-ITM-730977-4', 'eli/dl/event/MTG-PL-2018-09-13-VOT-ITM-730980-6', 'eli/dl/event/MTG-PL-2018-09-13-VOT-ITM-732511-9', 'eli/dl/event/MTG-PL-2018-09-13-VOT-ITM-732516-3', 'eli/dl/event/MTG-PL-2018-09-13-VOT-ITM-730981-10', 'eli/dl/event/MTG-PL-2018-09-13-VOT-ITM-732507-8']",['eli/dl/doc/OJQ-8-2018-09-13'],def/ep-activities/PLENARY_SITTING,,,,org/ep-8,,http://publications.europa.eu/resource/authority/place/FRA_SXB,
85,eli/dl/event/MTG-PL-2018-10-04,Activity,"{'@value': '2018-10-04T00:00:00+02:00', 'type': 'xsd:dateTime'}",2018-10-04T23:00:00+02:00,MTG-PL-2018-10-04,"{'pl': 'Czwartek, 4 października 2018', 'mt': ""Il-Ħamis, 4 ta' Ottubru 2018"", 'fi': 'Torstai 4. lokakuuta 2018', 'hr': 'četvrtak, 4. listopada 2018.', 'en': 'Thursday, 4 October 2018', 'hu': '2018. október 4., csütörtök', 'sl': 'Četrtek, 4. oktober 2018', 'et': 'Neljapäev, 4. oktoober 2018', 'pt': 'Quinta-feira, 4 de Outubro de 2018', 'sk': 'Štvrtok, 4. októbra 2018', 'lt': 'Ketvirtadienis, 2018 m. spalio 4 d.', 'nl': 'Donderdag 4 oktober 2018', 'bg': 'Четвъртък, 4 октомври 2018', 'cs': 'Čtvrtek, 4. října 2018', 'el': 'Πέμπτη 4 Οκτωβρίου 2018', 'lv': 'Ceturtdiena, 2018. gada 4. oktobris', 'de': 'Donnerstag, 4. Oktober 2018', 'ro': 'Joi, 4 octombrie 2018', 'da': 'Torsdag den 4. oktober 2018', 'sv': 'Torsdagen den 4 oktober 2018', 'it': 'Giovedì 4 ottobre 2018', 'fr': 'Jeudi 4 octobre 2018', 'es': 'Jueves 4 de octubre de 2018'}",2018-10-04T01:00:00+02:00,"['eli/dl/event/MTG-PL-2018-10-04-VOT-ITM-736143-6', 'eli/dl/event/MTG-PL-2018-10-04-VOT-ITM-736127-7', 'eli/dl/event/MTG-PL-2018-10-04-VOT-ITM-737489-9', 'eli/dl/event/MTG-PL-2018-10-04-VOT-ITM-736141-4', 'eli/dl/event/MTG-PL-2018-10-04-VOT-ITM-737490-10', 'eli/dl/event/MTG-PL-2018-10-04-VOT-ITM-737969-8', 'eli/dl/event/MTG-PL-2018-10-04-VOT-ITM-737491-2', 'eli/dl/event/MTG-PL-2018-10-04-VOT-ITM-737493-1', 'eli/dl/event/MTG-PL-2018-10-04-VOT-ITM-737494-3', 'eli/dl/event/MTG-PL-2018-10-04-VOT-ITM-736142-5']",['eli/dl/doc/OJQ-8-2018-10-04'],def/ep-activities/PLENARY_SITTING,,,,org/ep-8,,http://publications.europa.eu/resource/authority/place/FRA_SXB,
86,eli/dl/event/MTG-PL-2018-10-25,Activity,"{'@value': '2018-10-25T00:00:00+02:00', 'type': 'xsd:dateTime'}",2018-10-25T23:00:00+02:00,MTG-PL-2018-10-25,"{'et': 'Neljapäev, 25. oktoober 2018', 'el': 'Πέμπτη 25 Οκτωβρίου 2018', 'lt': 'Ketvirtadienis, 2018 m. spalio 25 d.', 'lv': 'Ceturtdiena, 2018. gada 25. oktobris', 'it': 'Giovedì 25 ottobre 2018', 'sv': 'Torsdagen den 25 oktober 2018', 'cs': 'Čtvrtek, 25. října 2018', 'fi': 'Torstai 25. lokakuuta 2018', 'nl': 'Donderdag 25 oktober 2018', 'fr': 'Jeudi 25 octobre 2018', 'de': 'Donnerstag, 25. Oktober 2018', 'da': 'Torsdag den 25. oktober 2018', 'es': 'Jueves 25 de octubre de 2018', 'hu': '2018. október 25., csütörtök', 'bg': 'Четвъртък, 25 октомври 2018', 'sl': 'Četrtek, 25. oktober 2018', 'mt': ""Il-Ħamis, 25 ta' Ottubru 2018"", 'sk': 'Štvrtok, 25. októbra 2018', 'pl': 'Czwartek, 25 października 2018', 'hr': 'četvrtak, 25. listopada 2018.', 'pt': 'Quinta-feira, 25 de Outubro de 2018', 'en': 'Thursday, 25 October 2018', 'ro': 'Joi, 25 octombrie 2018'}",2018-10-25T01:00:00+02:00,"['eli/dl/event/MTG-PL-2018-10-25-VOT-ITM-741271-7', 'eli/dl/event/MTG-PL-2018-10-25-VOT-ITM-743346-3', 'eli/dl/event/MTG-PL-2018-10-25-VOT-ITM-741748-10', 'eli/dl/event/MTG-PL-2018-10-25-VOT-ITM-741280-23', 'eli/dl/event/MTG-PL-2018-10-25-VOT-ITM-741279-22', 'eli/dl/event/MTG-PL-2018-10-25-VOT-ITM-741751-11', 'eli/dl/event/MTG-PL-2018-10-25-VOT-ITM-741277-6', 'eli/dl/event/MTG-PL-2018-10-25-VOT-ITM-741270-2', 'eli/dl/event/MTG-PL-2018-10-25-VOT-ITM-742880-17', 'eli/dl/event/MTG-PL-2018-10-25-VOT-ITM-741749-8', 'eli/dl/event/MTG-PL-2018-10-25-VOT-ITM-742881-18', 'eli/dl/event/MTG-PL-2018-10-25-VOT-ITM-742878-14', 'eli/dl/event/MTG-PL-2018-10-25-VOT-ITM-741289-4', 'eli/dl/event/MTG-PL-2018-10-25-VOT-ITM-741848-16', 'eli/dl/event/MTG-PL-2018-10-25-VOT-ITM-741270-1', 'eli/dl/event/MTG-PL-2018-10-25-VOT-ITM-742887-21', 'eli/dl/event/MTG-PL-2018-10-25-VOT-ITM-742888-12', 'eli/dl/event/MTG-PL-2018-10-25-VOT-ITM-742876-13', 'eli/dl/event/MTG-PL-2018-10-25-VOT-ITM-742882-19', 'eli/dl/event/MTG-PL-2018-10-25-VOT-ITM-741290-5', 'eli/dl/event/MTG-PL-2018-10-25-VOT-ITM-741745-9', 'eli/dl/event/MTG-PL-2018-10-25-VOT-ITM-742885-20', 'eli/dl/event/MTG-PL-2018-10-25-VOT-ITM-742879-15']",['eli/dl/doc/OJQ-8-2018-10-25'],def/ep-activities/PLENARY_SITTING,,,,org/ep-8,,http://publications.europa.eu/resource/authority/place/FRA_SXB,
87,eli/dl/event/MTG-PL-2018-11-15,Activity,"{'@value': '2018-11-15T00:00:00+01:00', 'type': 'xsd:dateTime'}",2018-11-15T23:00:00+01:00,MTG-PL-2018-11-15,"{'pl': 'Czwartek, 15 listopada 2018', 'hr': 'četvrtak, 15. studenog 2018.', 'sv': 'Torsdagen den 15 november 2018', 'mt': ""Il-Ħamis, 15 ta' Novembru 2018"", 'it': 'Giovedì 15 novembre 2018', 'sl': 'Četrtek, 15. november 2018', 'fr': 'Jeudi 15 novembre 2018', 'en': 'Thursday, 15 November 2018', 'lv': 'Ceturtdiena, 2018. gada 15. novembris', 'de': 'Donnerstag, 15. November 2018', 'fi': 'Torstai 15. marraskuuta 2018', 'sk': 'Štvrtok, 15. novembra 2018', 'el': 'Πέμπτη 15 Νοεμβρίου 2018', 'bg': 'Четвъртък, 15 ноември 2018', 'es': 'Jueves 15 de noviembre de 2018', 'ro': 'Joi, 15 noiembrie 2018', 'nl': 'Donderdag 15 november 2018', 'lt': 'Ketvirtadienis, 2018 m. lapkričio 15 d.', 'et': 'Neljapäev, 15. november 2018', 'pt': 'Quinta-feira, 15 de Novembro de 2018', 'cs': 'Čtvrtek, 15. listopadu 2018', 'hu': '2018. november 15., csütörtök', 'da': 'Torsdag den 15. november 2018'}",2018-11-15T01:00:00+01:00,"['eli/dl/event/MTG-PL-2018-11-15-VOT-ITM-748166-8', 'eli/dl/event/MTG-PL-2018-11-15-VOT-ITM-748172-2', 'eli/dl/event/MTG-PL-2018-11-15-VOT-ITM-748174-3', 'eli/dl/event/MTG-PL-2018-11-15-VOT-ITM-748592-4', 'eli/dl/event/MTG-PL-2018-11-15-VOT-ITM-746815-5', 'eli/dl/event/MTG-PL-2018-11-15-VOT-ITM-746816-6', 'eli/dl/event/MTG-PL-2018-11-15-VOT-ITM-746818-7', 'eli/dl/event/MTG-PL-2018-11-15-VOT-ITM-748171-1']",['eli/dl/doc/OJQ-8-2018-11-15'],def/ep-activities/PLENARY_SITTING,,,,org/ep-8,,http://publications.europa.eu/resource/authority/place/FRA_SXB,
88,eli/dl/event/MTG-PL-2018-11-29,Activity,"{'@value': '2018-11-29T00:00:00+01:00', 'type': 'xsd:dateTime'}",2018-11-29T23:00:00+01:00,MTG-PL-2018-11-29,"{'pl': 'Czwartek, 29 listopada 2018', 'fi': 'Torstai 29. marraskuuta 2018', 'pt': 'Quinta-feira, 29 de Novembro de 2018', 'lt': 'Ketvirtadienis, 2018 m. lapkričio 29 d.', 'lv': 'Ceturtdiena, 2018. gada 29. novembris', 'sk': 'Štvrtok, 29. novembra 2018', 'mt': ""Il-Ħamis, 29 ta' Novembru 2018"", 'fr': 'Jeudi 29 novembre 2018', 'el': 'Πέμπτη 29 Νοεμβρίου 2018', 'en': 'Thursday, 29 November 2018', 'sv': 'Torsdagen den 29 november 2018', 'et': 'Neljapäev, 29. november 2018', 'sl': 'Četrtek, 29. november 2018', 'cs': 'Čtvrtek, 29. listopadu 2018', 'ro': 'Joi, 29 noiembrie 2018', 'nl': 'Donderdag 29 november 2018', 'da': 'Torsdag den 29. november 2018', 'es': 'Jueves 29 de noviembre de 2018', 'hr': 'četvrtak, 29. studenog 2018.', 'de': 'Donnerstag, 29. November 2018', 'hu': '2018. november 29., csütörtök', 'it': 'Giovedì 29 novembre 2018', 'bg': 'Четвъртък, 29 ноември 2018'}",2018-11-29T01:00:00+01:00,"['eli/dl/event/MTG-PL-2018-11-29-VOT-ITM-749928-15', 'eli/dl/event/MTG-PL-2018-11-29-VOT-ITM-749933-10', 'eli/dl/event/MTG-PL-2018-11-29-VOT-ITM-749922-4', 'eli/dl/event/MTG-PL-2018-11-29-VOT-ITM-751991-18', 'eli/dl/event/MTG-PL-2018-11-29-VOT-ITM-749922-1', 'eli/dl/event/MTG-PL-2018-11-29-VOT-ITM-749930-16', 'eli/dl/event/MTG-PL-2018-11-29-VOT-ITM-749922-5', 'eli/dl/event/MTG-PL-2018-11-29-VOT-ITM-751772-12', 'eli/dl/event/MTG-PL-2018-11-29-VOT-ITM-751774-9', 'eli/dl/event/MTG-PL-2018-11-29-VOT-ITM-749927-14', 'eli/dl/event/MTG-PL-2018-11-29-VOT-ITM-749925-8', 'eli/dl/event/MTG-PL-2018-11-29-VOT-ITM-749922-2', 'eli/dl/event/MTG-PL-2018-11-29-VOT-ITM-749926-13', 'eli/dl/event/MTG-PL-2018-11-29-VOT-ITM-749931-17', 'eli/dl/event/MTG-PL-2018-11-29-VOT-ITM-749922-6', 'eli/dl/event/MTG-PL-2018-11-29-VOT-ITM-749922-3', 'eli/dl/event/MTG-PL-2018-11-29-VOT-ITM-749934-11', 'eli/dl/event/MTG-PL-2018-11-29-VOT-ITM-749924-7', 'eli/dl/event/MTG-PL-2018-11-29-VOT-ITM-749935-19']",['eli/dl/doc/OJQ-8-2018-11-29'],def/ep-activities/PLENARY_SITTING,,,,org/ep-8,,http://publications.europa.eu/resource/authority/place/BEL_BRU,
89,eli/dl/event/MTG-PL-2018-12-13,Activity,"{'@value': '2018-12-13T00:00:00+01:00', 'type': 'xsd:dateTime'}",2018-12-13T23:00:00+01:00,MTG-PL-2018-12-13,"{'mt': ""Il-Ħamis, 13 ta' Diċembru 2018"", 'hu': '2018. december 13., csütörtök', 'fr': 'Jeudi 13 décembre 2018', 'sl': 'Četrtek, 13. december 2018', 'el': 'Πέμπτη 13 Δεκεμβρίου 2018', 'sk': 'Štvrtok, 13. decembra 2018', 'en': 'Thursday, 13 December 2018', 'bg': 'Четвъртък, 13 декември 2018', 'cs': 'Čtvrtek, 13. prosince 2018', 'pt': 'Quinta-feira, 13 de Dezembro de 2018', 'pl': 'Czwartek, 13 grudnia 2018', 'de': 'Donnerstag, 13. Dezember 2018', 'et': 'Neljapäev, 13. detsember 2018', 'nl': 'Donderdag 13 december 2018', 'lv': 'Ceturtdiena, 2018. gada 13. decembris', 'lt': 'Ketvirtadienis, 2018 m. gruodžio 13 d.', 'ro': 'Joi, 13 decembrie 2018', 'es': 'Jueves 13 de diciembre de 2018', 'da': 'Torsdag den 13. december 2018', 'sv': 'Torsdagen den 13 december 2018', 'fi': 'Torstai 13. joulukuuta 2018', 'hr': 'četvrtak, 13. prosinca 2018.', 'it': 'Giovedì 13 dicembre 2018'}",2018-12-13T01:00:00+01:00,"['eli/dl/event/MTG-PL-2018-12-13-VOT-ITM-754023-11', 'eli/dl/event/MTG-PL-2018-12-13-VOT-ITM-754297-3', 'eli/dl/event/MTG-PL-2018-12-13-VOT-ITM-755908-8', 'eli/dl/event/MTG-PL-2018-12-13-VOT-ITM-756007-13', 'eli/dl/event/MTG-PL-2018-12-13-VOT-ITM-755909-9', 'eli/dl/event/MTG-PL-2018-12-13-VOT-ITM-756095-2', 'eli/dl/event/MTG-PL-2018-12-13-VOT-ITM-754029-15', 'eli/dl/event/MTG-PL-2018-12-13-VOT-ITM-756098-5', 'eli/dl/event/MTG-PL-2018-12-13-VOT-ITM-755757-12', 'eli/dl/event/MTG-PL-2018-12-13-VOT-ITM-756000-1', 'eli/dl/event/MTG-PL-2018-12-13-VOT-ITM-755910-10', 'eli/dl/event/MTG-PL-2018-12-13-VOT-ITM-754027-14', 'eli/dl/event/MTG-PL-2018-12-13-VOT-ITM-754298-4', 'eli/dl/event/MTG-PL-2018-12-13-VOT-ITM-754112-6', 'eli/dl/event/MTG-PL-2018-12-13-VOT-ITM-754113-7']",['eli/dl/doc/OJQ-8-2018-12-13'],def/ep-activities/PLENARY_SITTING,,,,org/ep-8,,http://publications.europa.eu/resource/authority/place/FRA_SXB,
60,eli/dl/event/MTG-PL-2019-01-17,Activity,"{'@value': '2019-01-17T00:00:00+01:00', 'type': 'xsd:dateTime'}",2019-01-17T23:00:00+01:00,MTG-PL-2019-01-17,"{'pt': 'Quinta-feira, 17 de Janeiro de 2019', 'cs': 'Čtvrtek, 17. ledna 2019', 'it': 'Giovedì 17 gennaio 2019', 'ro': 'Joi, 17 ianuarie 2019', 'bg': 'Четвъртък, 17 януари 2019', 'en': 'Thursday, 17 January 2019', 'lt': 'Ketvirtadienis, 2019 m. sausio 17 d.', 'el': 'Πέμπτη 17 Ιανουαρίου 2019', 'hu': '2019. január 17., csütörtök', 'hr': 'četvrtak, 17. siječnja 2019.', 'sv': 'Torsdagen den 17 januari 2019', 'es': 'Jueves 17 de enero de 2019', 'de': 'Donnerstag, 17. Januar 2019', 'sk': 'Štvrtok, 17. januára 2019', 'et': 'Neljapäev, 17. jaanuar 2019', 'sl': 'Četrtek, 17. januar 2019', 'pl': 'Czwartek, 17 stycznia 2019', 'mt': ""Il-Ħamis, 17 ta' Jannar 2019"", 'nl': 'Donderdag 17 januari 2019', 'fr': 'Jeudi 17 janvier 2019', 'fi': 'Torstai 17. tammikuuta 2019', 'lv': 'Ceturtdiena, 2019. gada 17. janvāris', 'da': 'Torsdag den 17. januar 2019'}",2019-01-17T01:00:00+01:00,"['eli/dl/event/MTG-PL-2019-01-17-VOT-ITM-763604-1', 'eli/dl/event/MTG-PL-2019-01-17-VOT-ITM-763222-13', 'eli/dl/event/MTG-PL-2019-01-17-VOT-ITM-763384-11', 'eli/dl/event/MTG-PL-2019-01-17-VOT-ITM-763217-5', 'eli/dl/event/MTG-PL-2019-01-17-VOT-ITM-764958-6', 'eli/dl/event/MTG-PL-2019-01-17-VOT-ITM-763221-12', 'eli/dl/event/MTG-PL-2019-01-17-VOT-ITM-763220-8', 'eli/dl/event/MTG-PL-2019-01-17-VOT-ITM-763218-10', 'eli/dl/event/MTG-PL-2019-01-17-VOT-ITM-763224-15', 'eli/dl/event/MTG-PL-2019-01-17-VOT-ITM-763217-4', 'eli/dl/event/MTG-PL-2019-01-17-VOT-ITM-764959-7', 'eli/dl/event/MTG-PL-2019-01-17-VOT-ITM-763608-2', 'eli/dl/event/MTG-PL-2019-01-17-VOT-ITM-763376-9', 'eli/dl/event/MTG-PL-2019-01-17-VOT-ITM-763223-14', 'eli/dl/event/MTG-PL-2019-01-17-VOT-ITM-763217-3']",['eli/dl/doc/OJQ-8-2019-01-17'],def/ep-activities/PLENARY_SITTING,,,,org/ep-8,,http://publications.europa.eu/resource/authority/place/FRA_SXB,
61,eli/dl/event/MTG-PL-2019-01-31,Activity,"{'@value': '2019-01-31T00:00:00+01:00', 'type': 'xsd:dateTime'}",2019-01-31T23:00:00+01:00,MTG-PL-2019-01-31,"{'hu': '2019. január 31., csütörtök', 'lt': 'Ketvirtadienis, 2019 m. sausio 31 d.', 'nl': 'Donderdag 31 januari 2019', 'fr': 'Jeudi 31 janvier 2019', 'es': 'Jueves 31 de enero de 2019', 'it': 'Giovedì 31 gennaio 2019', 'en': 'Thursday, 31 January 2019', 'da': 'Torsdag den 31. januar 2019', 'de': 'Donnerstag, 31. Januar 2019', 'cs': 'Čtvrtek, 31. ledna 2019', 'mt': ""Il-Ħamis, 31 ta' Jannar 2019"", 'sl': 'Četrtek, 31. januar 2019', 'sk': 'Štvrtok, 31. januára 2019', 'et': 'Neljapäev, 31. jaanuar 2019', 'pl': 'Czwartek, 31 stycznia 2019', 'bg': 'Четвъртък, 31 януари 2019', 'lv': 'Ceturtdiena, 2019. gada 31. janvāris', 'el': 'Πέμπτη 31 Ιανουαρίου 2019', 'ro': 'Joi, 31 ianuarie 2019', 'fi': 'Torstai 31. tammikuuta 2019', 'pt': 'Quinta-feira, 31 de Janeiro de 2019', 'hr': 'četvrtak, 31. siječnja 2019.', 'sv': 'Torsdagen den 31 januari 2019'}",2019-01-31T01:00:00+01:00,"['eli/dl/event/MTG-PL-2019-01-31-VOT-ITM-768760-16', 'eli/dl/event/MTG-PL-2019-01-31-VOT-ITM-766676-4', 'eli/dl/event/MTG-PL-2019-01-31-VOT-ITM-766884-14', 'eli/dl/event/MTG-PL-2019-01-31-VOT-ITM-766605-10', 'eli/dl/event/MTG-PL-2019-01-31-VOT-ITM-766608-17', 'eli/dl/event/MTG-PL-2019-01-31-VOT-ITM-766677-5', 'eli/dl/event/MTG-PL-2019-01-31-VOT-ITM-766680-8', 'eli/dl/event/MTG-PL-2019-01-31-VOT-ITM-766882-13', 'eli/dl/event/MTG-PL-2019-01-31-VOT-ITM-766607-11', 'eli/dl/event/MTG-PL-2019-01-31-VOT-ITM-766886-15', 'eli/dl/event/MTG-PL-2019-01-31-VOT-ITM-766678-6', 'eli/dl/event/MTG-PL-2019-01-31-VOT-ITM-766681-9', 'eli/dl/event/MTG-PL-2019-01-31-VOT-ITM-766601-1', 'eli/dl/event/MTG-PL-2019-01-31-VOT-ITM-768509-3', 'eli/dl/event/MTG-PL-2019-01-31-VOT-ITM-766881-12', 'eli/dl/event/MTG-PL-2019-01-31-VOT-ITM-766675-2', 'eli/dl/event/MTG-PL-2019-01-31-VOT-ITM-766679-7']",['eli/dl/doc/OJQ-8-2019-01-31'],def/ep-activities/PLENARY_SITTING,,,,org/ep-8,,http://publications.europa.eu/resource/authority/place/BEL_BRU,
62,eli/dl/event/MTG-PL-2019-02-14,Activity,"{'@value': '2019-02-14T00:00:00+01:00', 'type': 'xsd:dateTime'}",2019-02-14T23:00:00+01:00,MTG-PL-2019-02-14,"{'lv': 'Ceturtdiena, 2019. gada 14. februāris', 'pl': 'Czwartek, 14 lutego 2019', 'sk': 'Štvrtok, 14. februára 2019', 'lt': 'Ketvirtadienis, 2019 m. vasario 14 d.', 'fi': 'Torstai 14. helmikuuta 2019', 'el': 'Πέμπτη 14 Φεβρουαρίου 2019', 'nl': 'Donderdag 14 februari 2019', 'it': 'Giovedì 14 febbraio 2019', 'cs': 'Čtvrtek, 14. února 2019', 'mt': ""Il-Ħamis, 14 ta' Frar 2019"", 'es': 'Jueves 14 de febrero de 2019', 'pt': 'Quinta-feira, 14 de Fevereiro de 2019', 'da': 'Torsdag den 14. februar 2019', 'fr': 'Jeudi 14 février 2019', 'hr': 'četvrtak, 14. veljače 2019.', 'ro': 'Joi, 14 februarie 2019', 'bg': 'Четвъртък, 14 февруари 2019', 'sl': 'Četrtek, 14. februar 2019', 'en': 'Thursday, 14 February 2019', 'de': 'Donnerstag, 14. Februar 2019', 'hu': '2019. február 14., csütörtök', 'et': 'Neljapäev, 14. veebruar 2019', 'sv': 'Torsdagen den 14 februari 2019'}",2019-02-14T01:00:00+01:00,"['eli/dl/event/MTG-PL-2019-02-14-VOT-ITM-770475-12', 'eli/dl/event/MTG-PL-2019-02-14-VOT-ITM-770216-9', 'eli/dl/event/MTG-PL-2019-02-14-VOT-ITM-770592-6', 'eli/dl/event/MTG-PL-2019-02-14-VOT-ITM-770222-19', 'eli/dl/event/MTG-PL-2019-02-14-VOT-ITM-771502-2', 'eli/dl/event/MTG-PL-2019-02-14-VOT-ITM-770477-5', 'eli/dl/event/MTG-PL-2019-02-14-VOT-ITM-771846-17', 'eli/dl/event/MTG-PL-2019-02-14-VOT-ITM-770219-20', 'eli/dl/event/MTG-PL-2019-02-14-VOT-ITM-771504-3', 'eli/dl/event/MTG-PL-2019-02-14-VOT-ITM-771500-1', 'eli/dl/event/MTG-PL-2019-02-14-VOT-ITM-771770-16', 'eli/dl/event/MTG-PL-2019-02-14-VOT-ITM-770221-18', 'eli/dl/event/MTG-PL-2019-02-14-VOT-ITM-770474-11', 'eli/dl/event/MTG-PL-2019-02-14-VOT-ITM-770217-10', 'eli/dl/event/MTG-PL-2019-02-14-VOT-ITM-770215-8', 'eli/dl/event/MTG-PL-2019-02-14-VOT-ITM-771509-14', 'eli/dl/event/MTG-PL-2019-02-14-VOT-ITM-770476-4', 'eli/dl/event/MTG-PL-2019-02-14-VOT-ITM-771512-13', 'eli/dl/event/MTG-PL-2019-02-14-VOT-ITM-771769-15', 'eli/dl/event/MTG-PL-2019-02-14-VOT-ITM-770214-7']",['eli/dl/doc/OJQ-8-2019-02-14'],def/ep-activities/PLENARY_SITTING,,,,org/ep-8,,http://publications.europa.eu/resource/authority/place/FRA_SXB,
63,eli/dl/event/MTG-PL-2019-03-14,Activity,"{'@value': '2019-03-14T00:00:00+01:00', 'type': 'xsd:dateTime'}",2019-03-14T23:00:00+01:00,MTG-PL-2019-03-14,"{'pt': 'Quinta-feira, 14 de Março de 2019', 'it': 'Giovedì 14 marzo 2019', 'bg': 'Четвъртък, 14 март 2019', 'es': 'Jueves 14 de marzo de 2019', 'lv': 'Ceturtdiena, 2019. gada 14. marts', 'et': 'Neljapäev, 14. märts 2019', 'da': 'Torsdag den 14. marts 2019', 'pl': 'Czwartek, 14 marca 2019', 'mt': ""Il-Ħamis, 14 ta' Marzu 2019"", 'sv': 'Torsdagen den 14 mars 2019', 'fr': 'Jeudi 14 mars 2019', 'ro': 'Joi, 14 martie 2019', 'sl': 'Četrtek, 14. marec 2019', 'nl': 'Donderdag 14 maart 2019', 'de': 'Donnerstag, 14. März 2019', 'hu': '2019. március 14., csütörtök', 'en': 'Thursday, 14 March 2019', 'hr': 'četvrtak, 14. ožujka 2019.', 'lt': 'Ketvirtadienis, 2019 m. kovo 14 d.', 'fi': 'Torstai 14. maaliskuuta 2019', 'sk': 'Štvrtok, 14. marca 2019', 'cs': 'Čtvrtek, 14. března 2019', 'el': 'Πέμπτη 14 Μαρτίου 2019'}",2019-03-14T01:00:00+01:00,"['eli/dl/event/MTG-PL-2019-03-14-VOT-ITM-777923-6', 'eli/dl/event/MTG-PL-2019-03-14-VOT-ITM-778867-8', 'eli/dl/event/MTG-PL-2019-03-14-PVCRE-ITM-9', 'eli/dl/event/MTG-PL-2019-03-14-VOT-ITM-777897-11', 'eli/dl/event/MTG-PL-2019-03-14-VOT-ITM-777892-17', 'eli/dl/event/MTG-PL-2019-03-14-PVCRE-ITM-10', 'eli/dl/event/MTG-PL-2019-03-14-VOT-ITM-777894-19', 'eli/dl/event/MTG-PL-2019-03-14-PVCRE-ITM-2', 'eli/dl/event/MTG-PL-2019-03-14-PVCRE-ITM-20', 'eli/dl/event/MTG-PL-2019-03-14-PVCRE-ITM-4', 'eli/dl/event/MTG-PL-2019-03-14-VOT-ITM-777891-7', 'eli/dl/event/MTG-PL-2019-03-14-PVCRE-ITM-15', 'eli/dl/event/MTG-PL-2019-03-14-VOT-ITM-778149-14', 'eli/dl/event/MTG-PL-2019-03-14-PVCRE-ITM-5', 'eli/dl/event/MTG-PL-2019-03-14-VOT-ITM-777898-12', 'eli/dl/event/MTG-PL-2019-03-14-PVCRE-ITM-16', 'eli/dl/event/MTG-PL-2019-03-14-VOT-ITM-777762-10', 'eli/dl/event/MTG-PL-2019-03-14-PVCRE-ITM-19', 'eli/dl/event/MTG-PL-2019-03-14-PVCRE-ITM-21', 'eli/dl/event/MTG-PL-2019-03-14-PVCRE-ITM-22', 'eli/dl/event/MTG-PL-2019-03-14-PVCRE-ITM-11', 'eli/dl/event/MTG-PL-2019-03-14-PVCRE-ITM-12', 'eli/dl/event/MTG-PL-2019-03-14-VOT-ITM-778144-3', 'eli/dl/event/MTG-PL-2019-03-14-VOT-ITM-778148-13', 'eli/dl/event/MTG-PL-2019-03-14-PVCRE-ITM-6', 'eli/dl/event/MTG-PL-2019-03-14-VOT-ITM-778141-2', 'eli/dl/event/MTG-PL-2019-03-14-PVCRE-ITM-17', 'eli/dl/event/MTG-PL-2019-03-14-VOT-ITM-778152-15', 'eli/dl/event/MTG-PL-2019-03-14-VOT-ITM-778139-1', 'eli/dl/event/MTG-PL-2019-03-14-VOT-ITM-777889-4', 'eli/dl/event/MTG-PL-2019-03-14-PVCRE-ITM-7', 'eli/dl/event/MTG-PL-2019-03-14-VOT-ITM-778145-9', 'eli/dl/event/MTG-PL-2019-03-14-PVCRE-ITM-13', 'eli/dl/event/MTG-PL-2019-03-14-PVCRE-ITM-1', 'eli/dl/event/MTG-PL-2019-03-14-PVCRE-ITM-3', 'eli/dl/event/MTG-PL-2019-03-14-PVCRE-ITM-14', 'eli/dl/event/MTG-PL-2019-03-14-VOT-ITM-778154-16', 'eli/dl/event/MTG-PL-2019-03-14-PVCRE-ITM-8', 'eli/dl/event/MTG-PL-2019-03-14-VOT-ITM-778156-18', 'eli/dl/event/MTG-PL-2019-03-14-VOT-ITM-777890-5', 'eli/dl/event/MTG-PL-2019-03-14-PVCRE-ITM-18']",['eli/dl/doc/OJQ-8-2019-03-14'],def/ep-activities/PLENARY_SITTING,,,,org/ep-8,"['eli/dl/doc/PV-8-2019-03-14-RCV', 'eli/dl/doc/PV-8-2019-03-14']",http://publications.europa.eu/resource/authority/place/FRA_SXB,
64,eli/dl/event/MTG-PL-2019-03-28,Activity,"{'@value': '2019-03-28T00:00:00+01:00', 'type': 'xsd:dateTime'}",2019-03-28T23:00:00+01:00,MTG-PL-2019-03-28,"{'el': 'Πέμπτη 28 Μαρτίου 2019', 'pl': 'Czwartek, 28 marca 2019', 'hr': 'četvrtak, 28. ožujka 2019.', 'es': 'Jueves 28 de marzo de 2019', 'ro': 'Joi, 28 martie 2019', 'lt': 'Ketvirtadienis, 2019 m. kovo 28 d.', 'sl': 'Četrtek, 28. marec 2019', 'et': 'Neljapäev, 28. märts 2019', 'bg': 'Четвъртък, 28 март 2019', 'fr': 'Jeudi 28 mars 2019', 'sv': 'Torsdagen den 28 mars 2019', 'de': 'Donnerstag, 28. März 2019', 'lv': 'Ceturtdiena, 2019. gada 28. marts', 'fi': 'Torstai 28. maaliskuuta 2019', 'hu': '2019. március 28., csütörtök', 'mt': ""Il-Ħamis, 28 ta' Marzu 2019"", 'pt': 'Quinta-feira, 28 de Março de 2019', 'da': 'Torsdag den 28. marts 2019', 'en': 'Thursday, 28 March 2019', 'sk': 'Štvrtok, 28. marca 2019', 'nl': 'Donderdag 28 maart 2019', 'cs': 'Čtvrtek, 28. března 2019', 'it': 'Giovedì 28 marzo 2019'}",2019-03-28T01:00:00+01:00,"['eli/dl/event/MTG-PL-2019-03-28-VOT-ITM-781185-11', 'eli/dl/event/MTG-PL-2019-03-28-PVCRE-ITM-2', 'eli/dl/event/MTG-PL-2019-03-28-VOT-ITM-782219-8', 'eli/dl/event/MTG-PL-2019-03-28-PVCRE-ITM-20', 'eli/dl/event/MTG-PL-2019-03-28-PVCRE-ITM-10', 'eli/dl/event/MTG-PL-2019-03-28-PVCRE-ITM-14', 'eli/dl/event/MTG-PL-2019-03-28-PVCRE-ITM-5', 'eli/dl/event/MTG-PL-2019-03-28-VOT-ITM-782218-12', 'eli/dl/event/MTG-PL-2019-03-28-VOT-ITM-780726-5', 'eli/dl/event/MTG-PL-2019-03-28-VOT-ITM-780727-7', 'eli/dl/event/MTG-PL-2019-03-28-PVCRE-ITM-17', 'eli/dl/event/MTG-PL-2019-03-28-VOT-ITM-781184-9', 'eli/dl/event/MTG-PL-2019-03-28-PVCRE-ITM-1', 'eli/dl/event/MTG-PL-2019-03-28-VOT-ITM-782272-10', 'eli/dl/event/MTG-PL-2019-03-28-VOT-ITM-781051-1', 'eli/dl/event/MTG-PL-2019-03-28-VOT-ITM-780754-2', 'eli/dl/event/MTG-PL-2019-03-28-PVCRE-ITM-4', 'eli/dl/event/MTG-PL-2019-03-28-PVCRE-ITM-13', 'eli/dl/event/MTG-PL-2019-03-28-PVCRE-ITM-12', 'eli/dl/event/MTG-PL-2019-03-28-PVCRE-ITM-16', 'eli/dl/event/MTG-PL-2019-03-28-PVCRE-ITM-7', 'eli/dl/event/MTG-PL-2019-03-28-VOT-ITM-780723-3', 'eli/dl/event/MTG-PL-2019-03-28-PVCRE-ITM-19', 'eli/dl/event/MTG-PL-2019-03-28-PVCRE-ITM-9', 'eli/dl/event/MTG-PL-2019-03-28-PVCRE-ITM-3', 'eli/dl/event/MTG-PL-2019-03-28-VOT-ITM-780755-4', 'eli/dl/event/MTG-PL-2019-03-28-PVCRE-ITM-6', 'eli/dl/event/MTG-PL-2019-03-28-VOT-ITM-781069-6', 'eli/dl/event/MTG-PL-2019-03-28-PVCRE-ITM-21', 'eli/dl/event/MTG-PL-2019-03-28-PVCRE-ITM-11', 'eli/dl/event/MTG-PL-2019-03-28-PVCRE-ITM-15', 'eli/dl/event/MTG-PL-2019-03-28-PVCRE-ITM-18', 'eli/dl/event/MTG-PL-2019-03-28-PVCRE-ITM-8']",['eli/dl/doc/OJQ-8-2019-03-28'],def/ep-activities/PLENARY_SITTING,,,,org/ep-8,"['eli/dl/doc/PV-8-2019-03-28-RCV', 'eli/dl/doc/PV-8-2019-03-28']",http://publications.europa.eu/resource/authority/place/FRA_SXB,
65,eli/dl/event/MTG-PL-2019-04-04,Activity,"{'@value': '2019-04-04T00:00:00+02:00', 'type': 'xsd:dateTime'}",2019-04-04T23:00:00+02:00,MTG-PL-2019-04-04,"{'es': 'Jueves 4 de abril de 2019', 'sk': 'Štvrtok, 4. apríla 2019', 'et': 'Neljapäev, 4. aprill 2019', 'sl': 'Četrtek, 4. april 2019', 'fr': 'Jeudi 4 avril 2019', 'el': 'Πέμπτη 4 Απριλίου 2019', 'pt': 'Quinta-feira, 4 de Abril de 2019', 'cs': 'Čtvrtek, 4. dubna 2019', 'hu': '2019. április 4., csütörtök', 'ro': 'Joi, 4 aprilie 2019', 'it': 'Giovedì 4 aprile 2019', 'lv': 'Ceturtdiena, 2019. gada 4. aprīlis', 'bg': 'Четвъртък, 4 април 2019', 'fi': 'Torstai 4. huhtikuuta 2019', 'da': 'Torsdag den 4. april 2019', 'de': 'Donnerstag, 4. April 2019', 'en': 'Thursday, 4 April 2019', 'mt': ""Il-Ħamis, 4 ta' April 2019"", 'nl': 'Donderdag 4 april 2019', 'lt': 'Ketvirtadienis, 2019 m. balandžio 4 d.', 'pl': 'Czwartek, 4 kwietnia 2019', 'hr': 'četvrtak, 4. travnja 2019.', 'sv': 'Torsdagen den 4 april 2019'}",2019-04-04T01:00:00+02:00,"['eli/dl/event/MTG-PL-2019-04-04-VOT-ITM-782577-19', 'eli/dl/event/MTG-PL-2019-04-04-VOT-ITM-782532-11', 'eli/dl/event/MTG-PL-2019-04-04-VOT-ITM-783860-26', 'eli/dl/event/MTG-PL-2019-04-04-VOT-ITM-782552-21', 'eli/dl/event/MTG-PL-2019-04-04-VOT-ITM-782541-14', 'eli/dl/event/MTG-PL-2019-04-04-PVCRE-ITM-7', 'eli/dl/event/MTG-PL-2019-04-04-PVCRE-ITM-2', 'eli/dl/event/MTG-PL-2019-04-04-PVCRE-ITM-14', 'eli/dl/event/MTG-PL-2019-04-04-PVCRE-ITM-6', 'eli/dl/event/MTG-PL-2019-04-04-PVCRE-ITM-13', 'eli/dl/event/MTG-PL-2019-04-04-VOT-ITM-784135-1', 'eli/dl/event/MTG-PL-2019-04-04-VOT-ITM-780744-8', 'eli/dl/event/MTG-PL-2019-04-04-VOT-ITM-782579-4', 'eli/dl/event/MTG-PL-2019-04-04-VOT-ITM-782543-16', 'eli/dl/event/MTG-PL-2019-04-04-VOT-ITM-782572-12', 'eli/dl/event/MTG-PL-2019-04-04-VOT-ITM-784136-2', 'eli/dl/event/MTG-PL-2019-04-04-PVCRE-ITM-3', 'eli/dl/event/MTG-PL-2019-04-04-VOT-ITM-780743-7', 'eli/dl/event/MTG-PL-2019-04-04-PVCRE-ITM-10', 'eli/dl/event/MTG-PL-2019-04-04-VOT-ITM-784137-3', 'eli/dl/event/MTG-PL-2019-04-04-VOT-ITM-782575-17', 'eli/dl/event/MTG-PL-2019-04-04-PVCRE-ITM-8', 'eli/dl/event/MTG-PL-2019-04-04-VOT-ITM-782554-23', 'eli/dl/event/MTG-PL-2019-04-04-VOT-ITM-782544-5', 'eli/dl/event/MTG-PL-2019-04-04-VOT-ITM-782542-15', 'eli/dl/event/MTG-PL-2019-04-04-PVCRE-ITM-9', 'eli/dl/event/MTG-PL-2019-04-04-VOT-ITM-782551-20', 'eli/dl/event/MTG-PL-2019-04-04-VOT-ITM-782571-10', 'eli/dl/event/MTG-PL-2019-04-04-PVCRE-ITM-4', 'eli/dl/event/MTG-PL-2019-04-04-VOT-ITM-782576-18', 'eli/dl/event/MTG-PL-2019-04-04-PVCRE-ITM-11', 'eli/dl/event/MTG-PL-2019-04-04-VOT-ITM-783778-25', 'eli/dl/event/MTG-PL-2019-04-04-PVCRE-ITM-1', 'eli/dl/event/MTG-PL-2019-04-04-PVCRE-ITM-5', 'eli/dl/event/MTG-PL-2019-04-04-VOT-ITM-782534-13', 'eli/dl/event/MTG-PL-2019-04-04-VOT-ITM-782578-24', 'eli/dl/event/MTG-PL-2019-04-04-VOT-ITM-782553-22', 'eli/dl/event/MTG-PL-2019-04-04-VOT-ITM-780747-9', 'eli/dl/event/MTG-PL-2019-04-04-PVCRE-ITM-12', 'eli/dl/event/MTG-PL-2019-04-04-VOT-ITM-783775-6']",['eli/dl/doc/OJQ-8-2019-04-04'],def/ep-activities/PLENARY_SITTING,,,,org/ep-8,"['eli/dl/doc/PV-8-2019-04-04', 'eli/dl/doc/PV-8-2019-04-04-RCV']",http://publications.europa.eu/resource/authority/place/BEL_BRU,
66,eli/dl/event/MTG-PL-2019-04-18,Activity,"{'@value': '2019-04-18T00:00:00+02:00', 'type': 'xsd:dateTime'}",2019-04-18T23:00:00+02:00,MTG-PL-2019-04-18,"{'et': 'Neljapäev, 18. aprill 2019', 'sl': 'Četrtek, 18. april 2019', 'ro': 'Joi, 18 aprilie 2019', 'bg': 'Четвъртък, 18 април 2019', 'pt': 'Quinta-feira, 18 de Abril de 2019', 'hu': '2019. április 18., csütörtök', 'pl': 'Czwartek, 18 kwietnia 2019', 'el': 'Πέμπτη 18 Απριλίου 2019', 'en': 'Thursday, 18 April 2019', 'cs': 'Čtvrtek, 18. dubna 2019', 'fi': 'Torstai 18. huhtikuuta 2019', 'sv': 'Torsdagen den 18 april 2019', 'de': 'Donnerstag, 18. April 2019', 'mt': ""Il-Ħamis, 18 ta' April 2019"", 'lv': 'Ceturtdiena, 2019. gada 18. aprīlis', 'da': 'Torsdag den 18. april 2019', 'hr': 'četvrtak, 18. travnja 2019.', 'lt': 'Ketvirtadienis, 2019 m. balandžio 18 d.', 'sk': 'Štvrtok, 18. apríla 2019', 'it': 'Giovedì 18 aprile 2019', 'es': 'Jueves 18 de abril de 2019', 'nl': 'Donderdag 18 april 2019', 'fr': 'Jeudi 18 avril 2019'}",2019-04-18T01:00:00+02:00,"['eli/dl/event/MTG-PL-2019-04-18-VOT-ITM-786314-16', 'eli/dl/event/MTG-PL-2019-04-18-PVCRE-ITM-5', 'eli/dl/event/MTG-PL-2019-04-18-PVCRE-ITM-7', 'eli/dl/event/MTG-PL-2019-04-18-VOT-ITM-786292-9', 'eli/dl/event/MTG-PL-2019-04-18-VOT-ITM-786313-15', 'eli/dl/event/MTG-PL-2019-04-18-PVCRE-ITM-10', 'eli/dl/event/MTG-PL-2019-04-18-PVCRE-ITM-14', 'eli/dl/event/MTG-PL-2019-04-18-VOT-ITM-786551-19', 'eli/dl/event/MTG-PL-2019-04-18-PVCRE-ITM-1', 'eli/dl/event/MTG-PL-2019-04-18-PVCRE-ITM-4', 'eli/dl/event/MTG-PL-2019-04-18-VOT-ITM-786057-11', 'eli/dl/event/MTG-PL-2019-04-18-VOT-ITM-786300-12', 'eli/dl/event/MTG-PL-2019-04-18-VOT-ITM-786054-7', 'eli/dl/event/MTG-PL-2019-04-18-VOT-ITM-786064-18', 'eli/dl/event/MTG-PL-2019-04-18-PVCRE-ITM-13', 'eli/dl/event/MTG-PL-2019-04-18-PVCRE-ITM-12', 'eli/dl/event/MTG-PL-2019-04-18-VOT-ITM-786062-14', 'eli/dl/event/MTG-PL-2019-04-18-VOT-ITM-786063-17', 'eli/dl/event/MTG-PL-2019-04-18-VOT-ITM-780652-13', 'eli/dl/event/MTG-PL-2019-04-18-VOT-ITM-786556-20', 'eli/dl/event/MTG-PL-2019-04-18-VOT-ITM-786582-4', 'eli/dl/event/MTG-PL-2019-04-18-PVCRE-ITM-16', 'eli/dl/event/MTG-PL-2019-04-18-PVCRE-ITM-18', 'eli/dl/event/MTG-PL-2019-04-18-VOT-ITM-786056-10', 'eli/dl/event/MTG-PL-2019-04-18-VOT-ITM-787766-21', 'eli/dl/event/MTG-PL-2019-04-18-PVCRE-ITM-3', 'eli/dl/event/MTG-PL-2019-04-18-PVCRE-ITM-9', 'eli/dl/event/MTG-PL-2019-04-18-PVCRE-ITM-6', 'eli/dl/event/MTG-PL-2019-04-18-VOT-ITM-786291-5', 'eli/dl/event/MTG-PL-2019-04-18-VOT-ITM-786558-1', 'eli/dl/event/MTG-PL-2019-04-18-VOT-ITM-786311-8', 'eli/dl/event/MTG-PL-2019-04-18-VOT-ITM-786310-6', 'eli/dl/event/MTG-PL-2019-04-18-PVCRE-ITM-11', 'eli/dl/event/MTG-PL-2019-04-18-VOT-ITM-786560-3', 'eli/dl/event/MTG-PL-2019-04-18-PVCRE-ITM-2', 'eli/dl/event/MTG-PL-2019-04-18-PVCRE-ITM-17', 'eli/dl/event/MTG-PL-2019-04-18-PVCRE-ITM-15', 'eli/dl/event/MTG-PL-2019-04-18-VOT-ITM-786559-2', 'eli/dl/event/MTG-PL-2019-04-18-PVCRE-ITM-8']",['eli/dl/doc/OJQ-8-2019-04-18'],def/ep-activities/PLENARY_SITTING,,,,org/ep-8,"['eli/dl/doc/PV-8-2019-04-18', 'eli/dl/doc/PV-8-2019-04-18-RCV']",http://publications.europa.eu/resource/authority/place/FRA_SXB,
67,eli/dl/event/MTG-PL-2019-07-04,Activity,"{'@value': '2019-07-04T00:00:00+02:00', 'type': 'xsd:dateTime'}",2019-07-04T23:00:00+02:00,MTG-PL-2019-07-04,"{'ro': 'Joi, 4 iulie 2019', 'sk': 'Štvrtok, 4. júla 2019', 'en': 'Thursday, 4 July 2019', 'de': 'Donnerstag, 4. Juli 2019', 'bg': 'Четвъртък, 4 юли 2019', 'hr': 'četvrtak, 4. srpnja 2019.', 'nl': 'Donderdag 4 juli 2019', 'pl': 'Czwartek, 4 lipca 2019', 'es': 'Jueves 4 de julio de 2019', 'hu': '2019. július 4., csütörtök', 'lv': 'Ceturtdiena, 2019. gada 4. jūlijs', 'el': 'Πέμπτη 4 Ιουλίου 2019', 'pt': 'Quinta-feira, 4 de Julho de 2019', 'it': 'Giovedì 4 luglio 2019', 'lt': 'Ketvirtadienis, 2019 m. liepos 4 d.', 'et': 'Neljapäev, 4. juuli 2019', 'fr': 'Jeudi 4 juillet 2019', 'sl': 'Četrtek, 4. julij 2019', 'sv': 'Torsdagen den 4 juli 2019', 'da': 'Torsdag den 4. juli 2019', 'fi': 'Torstai 4. heinäkuuta 2019', 'cs': 'Čtvrtek, 4. července 2019', 'mt': ""Il-Ħamis, 4 ta' Lulju 2019""}",2019-07-04T01:00:00+02:00,"['eli/dl/event/MTG-PL-2019-07-04-PVCRE-ITM-12', 'eli/dl/event/MTG-PL-2019-07-04-PVCRE-ITM-9', 'eli/dl/event/MTG-PL-2019-07-04-PVCRE-ITM-6', 'eli/dl/event/MTG-PL-2019-07-04-PVCRE-ITM-7', 'eli/dl/event/MTG-PL-2019-07-04-PVCRE-ITM-10', 'eli/dl/event/MTG-PL-2019-07-04-PVCRE-ITM-2', 'eli/dl/event/MTG-PL-2019-07-04-PVCRE-ITM-3', 'eli/dl/event/MTG-PL-2019-07-04-PVCRE-ITM-1', 'eli/dl/event/MTG-PL-2019-07-04-PVCRE-ITM-5', 'eli/dl/event/MTG-PL-2019-07-04-PVCRE-ITM-8', 'eli/dl/event/MTG-PL-2019-07-04-PVCRE-ITM-11', 'eli/dl/event/MTG-PL-2019-07-04-PVCRE-ITM-4']",['eli/dl/doc/OJQ-9-2019-07-04'],def/ep-activities/PLENARY_SITTING,"['person/125067', 'person/197542']","['person/197466', 'person/187917', 'person/197589', 'person/197473', 'person/112014', 'person/96668', 'person/96880', 'person/99945', 'person/28219', 'person/124992', 'person/197538', 'person/197835', 'person/131507', 'person/197801', 'person/124777', 'person/97198', 'person/197662', 'person/28266', 'person/28298', 'person/197828', 'person/124831', 'person/35016', 'person/124835', 'person/197592', 'person/197551', 'person/197512', 'person/197742', 'person/197739', 'person/197746', 'person/188945', 'person/197588', 'person/197482', 'person/101585', 'person/197402', 'person/197797', 'person/94649', 'person/190099', 'person/198329', 'person/2054', 'person/125023', 'person/125030', 'person/113959', 'person/125065', 'person/197800', 'person/197810', 'person/193273', 'person/197771', 'person/197697', 'person/124834', 'person/197627', 'person/197617', 'person/96892', 'person/96812', 'person/197452', 'person/197751', 'person/197826', 'person/197755', 'person/96951', 'person/197681', 'person/96955', 'person/197601', 'person/96934', 'person/197507', 'person/197401', 'person/197478', 'person/197433', 'person/197590', 'person/185619', 'person/197405', 'person/197437', 'person/106936', 'person/197704', 'person/124953', 'person/124784', 'person/197736', 'person/124781', 'person/38542', 'person/28400', 'person/96885', 'person/129073', 'person/96837', 'person/124700', 'person/96844', 'person/124704', 'person/125068', 'person/96725', 'person/28226', 'person/28223', 'person/197626', 'person/23712', 'person/197678', 'person/5565', 'person/96891', 'person/96811', 'person/197520', 'person/197597', 'person/197552', 'person/197517', 'person/124985', 'person/197391', 'person/190519', 'person/197842', 'person/124989', 'person/124866', 'person/124828', 'person/197400', 'person/86793', 'person/197410', 'person/4555', 'person/197494', 'person/197404', 'person/197491', 'person/197414', 'person/197446', 'person/197703', 'person/124952', 'person/197710', 'person/125706', 'person/2309', 'person/96730', 'person/197549', 'person/125042', 'person/96903', 'person/96734', 'person/96780', 'person/197812', 'person/28372', 'person/96810', 'person/197629', 'person/38420', 'person/1917', 'person/197841', 'person/197838', 'person/125128', 'person/197845', 'person/197620', 'person/123562', 'person/96978', 'person/197624', 'person/124802', 'person/197511', 'person/4267', 'person/197595', 'person/197550', 'person/58766', 'person/197445', 'person/197449', 'person/96842', 'person/4513', 'person/58789', 'person/98582', 'person/96779', 'person/197701', 'person/197796', 'person/4344', 'person/197807', 'person/197638', 'person/124735', 'person/197564', 'person/197543', 'person/124739', 'person/197547', 'person/28161', 'person/197840', 'person/197802', 'person/197844', 'person/197773', 'person/197770', 'person/119434', 'person/119431', 'person/197777', 'person/96852', 'person/197619', 'person/197412', 'person/197444', 'person/197496', 'person/197451', 'person/197416', 'person/197448', 'person/28347', 'person/197458', 'person/28389', 'person/96698', 'person/124873', 'person/197715', 'person/197722', 'person/197754', 'person/197641', 'person/198176', 'person/197645', 'person/125110', 'person/124734', 'person/124996', 'person/124738', 'person/197461', 'person/124887', 'person/197889', 'person/2187', 'person/124586', 'person/197632', 'person/197839', 'person/197805', 'person/124807', 'person/197677', 'person/197636', 'person/124814', 'person/124846', 'person/190774', 'person/197596', 'person/197555', 'person/197516', 'person/197390', 'person/197559', 'person/28353', 'person/96697', 'person/185341', 'person/37229', 'person/23699', 'person/30490', 'person/197690', 'person/188636', 'person/4253', 'person/28294', 'person/4525', 'person/197493', 'person/197406', 'person/4519', 'person/197413', 'person/23768', 'person/101039', 'person/125027', 'person/197587', 'person/96740', 'person/96772', 'person/197460', 'person/197894', 'person/197814', 'person/197811', 'person/197782', 'person/192634', 'person/197779', 'person/197804', 'person/197571', 'person/112744', 'person/96809', 'person/197837', 'person/112748', 'person/124779', 'person/197759', 'person/127096', 'person/197664', 'person/197671', 'person/124833', 'person/197668', 'person/131580', 'person/197510', 'person/124837', 'person/197594', 'person/96706', 'person/197489', 'person/96713', 'person/124785', 'person/126644', 'person/197680', 'person/96922', 'person/197600', 'person/197708', 'person/124701', 'person/197502', 'person/124708', 'person/124705', 'person/124715', 'person/197421', 'person/125043', 'person/197463', 'person/1909', 'person/96739', 'person/197425', 'person/130833', 'person/197791', 'person/197637', 'person/96867', 'person/96899', 'person/197528', 'person/197846', 'person/124891', 'person/197395', 'person/197772', 'person/38511', 'person/28288', 'person/198183', 'person/23868', 'person/197488', 'person/197523', 'person/197498', 'person/197495', 'person/197453', 'person/197418', 'person/197415', 'person/37324', 'person/197408', 'person/197457', 'person/28508', 'person/197820', 'person/28615', 'person/197760', 'person/197714', 'person/124963', 'person/197757', 'person/197603', 'person/124692', 'person/124710', 'person/107212', 'person/4246', 'person/197501', 'person/190713', 'person/125004', 'person/124714', 'person/125046', 'person/197472', 'person/96791', 'person/38595', 'person/197573', 'person/197580', 'person/124747', 'person/197849', 'person/88715', 'person/28269', 'person/197631', 'person/197628', 'person/197635', 'person/124806', 'person/197522', 'person/197554', 'person/122978', 'person/197519', 'person/197393', 'person/197935', 'person/197526', 'person/72779', 'person/34578', 'person/30482', 'person/96952', 'person/197650', 'person/197500', 'person/197816', 'person/197602', 'person/197692', 'person/124713', 'person/130100', 'person/197504', 'person/28297', 'person/197423', 'person/197427', 'person/96681', 'person/197705', 'person/197712', 'person/124760', 'person/96830', 'person/2323', 'person/1927', 'person/197470', 'person/197848', 'person/197813', 'person/124861', 'person/112611', 'person/197784', 'person/197778', 'person/197788', 'person/197806', 'person/197521', 'person/197531', 'person/197563', 'person/197570', 'person/197455', 'person/197535', 'person/33997', 'person/197567', 'person/197525', 'person/197459', 'person/124877', 'person/96808', 'person/124884', 'person/96646', 'person/23781', 'person/197758', 'person/188733', 'person/197649', 'person/197719', 'person/124722', 'person/27714', 'person/103381', 'person/124726', 'person/197432', 'person/124970', 'person/197436', 'person/125104', 'person/97133', 'person/197721', 'person/197640', 'person/26837', 'person/96998', 'person/197644', 'person/38398', 'person/125001', 'person/197465', 'person/125214', 'person/4550', 'person/197469', 'person/197790', 'person/197787', 'person/197809', 'person/28390', 'person/124818', 'person/197566', 'person/197863', 'person/197394', 'person/130256', 'person/197610', 'person/197694', 'person/197614', 'person/124973', 'person/197497', 'person/197417', 'person/197720', 'person/197752', 'person/197717', 'person/197749', 'person/197756', 'person/197643', 'person/197647', 'person/125038', 'person/96776', 'person/197464', 'person/197471', 'person/197430', 'person/197468', 'person/22858', 'person/197786', 'person/197733', 'person/23816', 'person/197808', 'person/97058', 'person/197540', 'person/197572', 'person/197582', 'person/197537', 'person/103746', 'person/197579', 'person/197781', 'person/132191', 'person/197675', 'person/124812', 'person/124844', 'person/182995', 'person/197679', 'person/124809', 'person/124972', 'person/197518', 'person/197392', 'person/128483', 'person/197825', 'person/197761', 'person/124799', 'person/197765', 'person/197642', 'person/197652', 'person/197684', 'person/197818', 'person/197691', 'person/197604', 'person/197646', 'person/197656', 'person/197611', 'person/197815', 'person/197506', 'person/4289', 'person/96933', 'person/124709', 'person/197467', 'person/96750', 'person/2341', 'person/197429', 'person/197795', 'person/198096', 'person/28340', 'person/197799', 'person/97236', 'person/96826', 'person/197581', 'person/197462', 'person/183916', 'person/124895', 'person/197399', 'person/24594', 'person/197530', 'person/197527', 'person/28141', 'person/197499', 'person/125020', 'person/197419', 'person/190518', 'person/197824', 'person/197870', 'person/28619', 'person/197764', 'person/197831', 'person/114268', 'person/124766', 'person/193419', 'person/197687', 'person/197607', 'person/124696', 'person/96932', 'person/197718', 'person/197505', 'person/96711', 'person/197431', 'person/197483', 'person/4533', 'person/197428', 'person/197403', 'person/37312', 'person/197435', 'person/197731', 'person/125106', 'person/23821', 'person/197735', 'person/124934', 'person/124691', 'person/197577', 'person/197584', 'person/125045', 'person/96820', 'person/124856', 'person/97968', 'person/124991', 'person/190517', 'person/197763', 'person/197869', 'person/197767', 'person/197654', 'person/197686', 'person/197696', 'person/197661', 'person/197693', 'person/197616', 'person/197827', 'person/197658', 'person/197623', 'person/197613', 'person/197508', 'person/197606', 'person/125109', 'person/197822', 'person/28617', 'person/197716', 'person/4465', 'person/124965', 'person/124771', 'person/197709', 'person/124712', 'person/197503', 'person/96743', 'person/197422', 'person/125237', 'person/96747', 'person/40599', 'person/197481', 'person/197426', 'person/124862', 'person/197700', 'person/197732', 'person/124780', 'person/39725', 'person/96801', 'person/197532', 'person/96833', 'person/197574', 'person/197529', 'person/197539', 'person/197536', 'person/197546', 'person/125064', 'person/197578', 'person/197836', 'person/197868', 'person/197843', 'person/189525', 'person/98341', 'person/111011', 'person/197670', 'person/124808', 'person/197593', 'person/197443', 'person/197513', 'person/197447', 'person/124872', 'person/28399', 'person/124942', 'person/124770', 'person/96709', 'person/124936', 'person/197651', 'person/197817', 'person/197648', 'person/197490', 'person/197655', 'person/124693', 'person/125005', 'person/96752', 'person/4554', 'person/96756', 'person/197480', 'person/120478', 'person/125670', 'person/197794', 'person/198063', 'person/118949', 'person/197798', 'person/96829', 'person/840', 'person/197541', 'person/197545', 'person/125063', 'person/23788', 'person/197398', 'person/197621', 'person/24505', 'person/197698', 'person/197618', 'person/197625', 'person/113892', 'person/135511', 'person/125012', 'person/1913', 'person/124765', 'person/197728', 'person/95074', 'person/96787', 'person/197591', 'person/197475', 'person/197434', 'person/4560', 'person/197438', 'person/197730', 'person/189065', 'person/197740', 'person/197737', 'person/197702', 'person/197734', 'person/197744', 'person/24922', 'person/28115', 'person/28122', 'person/99283', 'person/197544', 'person/197576', 'person/197586', 'person/197548', 'person/96761', 'person/96771', 'person/197785', 'person/197792', 'person/28224', 'person/197789', 'person/96864', 'person/197803', 'person/197634', 'person/96868', 'person/197553', 'person/124986', 'person/134605', 'person/125021', 'person/197557', 'person/28150', 'person/1854', 'person/197769', 'person/197653', 'person/197663', 'person/118859', 'person/197608', 'person/124867', 'person/197615', 'person/124822', 'person/33982', 'person/197695', 'person/197657', 'person/197699', 'person/29579', 'person/28586', 'person/124836', 'person/197819', 'person/197667', 'person/197829', 'person/1394', 'person/197440', 'person/197492', 'person/99461', 'person/185771', 'person/5729', 'person/197711', 'person/197743', 'person/124929', 'person/96991', 'person/1992', 'person/96911', 'person/197585', 'person/125093']",709.0,org/ep-9,['eli/dl/doc/PV-9-2019-07-04'],http://publications.europa.eu/resource/authority/place/FRA_SXB,
68,eli/dl/event/MTG-PL-2019-07-18,Activity,"{'@value': '2019-07-18T00:00:00+02:00', 'type': 'xsd:dateTime'}",2019-07-18T23:00:00+02:00,MTG-PL-2019-07-18,"{'mt': ""Il-Ħamis, 18 ta' Lulju 2019"", 'et': 'Neljapäev, 18. juuli 2019', 'it': 'Giovedì 18 luglio 2019', 'lt': 'Ketvirtadienis, 2019 m. liepos 18 d.', 'sk': 'Štvrtok, 18. júla 2019', 'pl': 'Czwartek, 18 lipca 2019', 'pt': 'Quinta-feira, 18 de Julho de 2019', 'sv': 'Torsdagen den 18 juli 2019', 'lv': 'Ceturtdiena, 2019. gada 18. jūlijs', 'bg': 'Четвъртък, 18 юли 2019', 'hu': '2019. július 18., csütörtök', 'sl': 'Četrtek, 18. julij 2019', 'en': 'Thursday, 18 July 2019', 'hr': 'četvrtak, 18. srpnja 2019.', 'es': 'Jueves 18 de julio de 2019', 'da': 'Torsdag den 18. juli 2019', 'nl': 'Donderdag 18 juli 2019', 'fr': 'Jeudi 18 juillet 2019', 'ro': 'Joi, 18 iulie 2019', 'de': 'Donnerstag, 18. Juli 2019', 'fi': 'Torstai 18. heinäkuuta 2019', 'cs': 'Čtvrtek, 18. července 2019', 'el': 'Πέμπτη 18 Ιουλίου 2019'}",2019-07-18T01:00:00+02:00,"['eli/dl/event/MTG-PL-2019-07-18-PVCRE-ITM-1', 'eli/dl/event/MTG-PL-2019-07-18-PVCRE-ITM-13', 'eli/dl/event/MTG-PL-2019-07-18-PVCRE-ITM-9', 'eli/dl/event/MTG-PL-2019-07-18-VOT-ITM-809173-3', 'eli/dl/event/MTG-PL-2019-07-18-VOT-ITM-809443-4', 'eli/dl/event/MTG-PL-2019-07-18-PVCRE-ITM-3', 'eli/dl/event/MTG-PL-2019-07-18-PVCRE-ITM-6', 'eli/dl/event/MTG-PL-2019-07-18-PVCRE-ITM-12', 'eli/dl/event/MTG-PL-2019-07-18-PVCRE-ITM-5', 'eli/dl/event/MTG-PL-2019-07-18-PVCRE-ITM-15', 'eli/dl/event/MTG-PL-2019-07-18-VOT-ITM-809170-2', 'eli/dl/event/MTG-PL-2019-07-18-PVCRE-ITM-8', 'eli/dl/event/MTG-PL-2019-07-18-PVCRE-ITM-14', 'eli/dl/event/MTG-PL-2019-07-18-VOT-ITM-809168-1', 'eli/dl/event/MTG-PL-2019-07-18-PVCRE-ITM-11', 'eli/dl/event/MTG-PL-2019-07-18-PVCRE-ITM-2', 'eli/dl/event/MTG-PL-2019-07-18-PVCRE-ITM-7', 'eli/dl/event/MTG-PL-2019-07-18-PVCRE-ITM-16', 'eli/dl/event/MTG-PL-2019-07-18-PVCRE-ITM-4', 'eli/dl/event/MTG-PL-2019-07-18-PVCRE-ITM-10']",['eli/dl/doc/OJQ-9-2019-07-18'],def/ep-activities/PLENARY_SITTING,"['person/197640', 'person/197799', 'person/124806', 'person/197586', 'person/197542']","['person/197678', 'person/123562', 'person/118859', 'person/112744', 'person/197429', 'person/197508', 'person/197846', 'person/198063', 'person/124712', 'person/28288', 'person/197395', 'person/197805', 'person/197414', 'person/97198', 'person/197889', 'person/197835', 'person/197820', 'person/198183', 'person/197594', 'person/28219', 'person/197525', 'person/197579', 'person/197510', 'person/126644', 'person/190518', 'person/197769', 'person/28141', 'person/197472', 'person/197863', 'person/197390', 'person/197596', 'person/125027', 'person/197587', 'person/197553', 'person/28372', 'person/125012', 'person/96772', 'person/124986', 'person/88715', 'person/95074', 'person/124691', 'person/197743', 'person/197720', 'person/28399', 'person/197784', 'person/197403', 'person/124770', 'person/29579', 'person/96646', 'person/197800', 'person/96808', 'person/96787', 'person/197658', 'person/197643', 'person/124693', 'person/197722', 'person/197495', 'person/197480', 'person/197786', 'person/96934', 'person/111011', 'person/197826', 'person/101585', 'person/197507', 'person/197576', 'person/125063', 'person/197692', 'person/197664', 'person/197828', 'person/4465', 'person/124835', 'person/197792', 'person/124812', 'person/26837', 'person/197518', 'person/38542', 'person/197623', 'person/124709', 'person/197694', 'person/28400', 'person/197465', 'person/124814', 'person/190774', 'person/96951', 'person/197567', 'person/28586', 'person/197625', 'person/197398', 'person/197808', 'person/96810', 'person/197728', 'person/189065', 'person/197736', 'person/1913', 'person/197417', 'person/188636', 'person/197777', 'person/197430', 'person/197402', 'person/2341', 'person/124953', 'person/197546', 'person/37324', 'person/124722', 'person/197702', 'person/197460', 'person/197488', 'person/197445', 'person/197419', 'person/5392', 'person/23868', 'person/197520', 'person/96752', 'person/193419', 'person/197616', 'person/24922', 'person/197764', 'person/197772', 'person/197453', 'person/124828', 'person/197447', 'person/28508', 'person/197541', 'person/96780', 'person/96711', 'person/197646', 'person/197710', 'person/107212', 'person/125043', 'person/197680', 'person/96713', 'person/197611', 'person/96885', 'person/124856', 'person/197438', 'person/124799', 'person/197836', 'person/2054', 'person/197595', 'person/112014', 'person/125093', 'person/197526', 'person/27714', 'person/197511', 'person/197697', 'person/197682', 'person/28269', 'person/28226', 'person/197701', 'person/185771', 'person/197468', 'person/124802', 'person/4560', 'person/197870', 'person/197842', 'person/197391', 'person/28115', 'person/197597', 'person/197528', 'person/125214', 'person/28150', 'person/197433', 'person/197410', 'person/197427', 'person/124771', 'person/197844', 'person/96809', 'person/197549', 'person/125109', 'person/197718', 'person/197534', 'person/2187', 'person/96734', 'person/124710', 'person/197803', 'person/185341', 'person/197746', 'person/197481', 'person/197435', 'person/197412', 'person/197577', 'person/33982', 'person/124877', 'person/125064', 'person/197619', 'person/189391', 'person/28223', 'person/97968', 'person/197767', 'person/197829', 'person/197752', 'person/124808', 'person/124836', 'person/197585', 'person/197519', 'person/125001', 'person/197667', 'person/96867', 'person/96852', 'person/112748', 'person/197782', 'person/197503', 'person/197709', 'person/193273', 'person/120478', 'person/197641', 'person/197632', 'person/197399', 'person/197809', 'person/124992', 'person/197737', 'person/106936', 'person/124844', 'person/197426', 'person/124779', 'person/97133', 'person/197505', 'person/98582', 'person/197514', 'person/197690', 'person/197662', 'person/1909', 'person/197461', 'person/197790', 'person/197489', 'person/131580', 'person/96776', 'person/197621', 'person/119434', 'person/197732', 'person/197773', 'person/197463', 'person/39725', 'person/113959', 'person/192634', 'person/197550', 'person/23712', 'person/197734', 'person/197711', 'person/28347', 'person/197415', 'person/197781', 'person/197400', 'person/132191', 'person/103746', 'person/125067', 'person/125110', 'person/197544', 'person/197655', 'person/197612', 'person/124972', 'person/197817', 'person/197760', 'person/182995', 'person/197796', 'person/197443', 'person/134605', 'person/4533', 'person/124887', 'person/1854', 'person/96750', 'person/124872', 'person/125046', 'person/197698', 'person/197683', 'person/197614', 'person/119431', 'person/197770', 'person/197469', 'person/197798', 'person/124818', 'person/197451', 'person/124929', 'person/135511', 'person/197635', 'person/197620', 'person/96820', 'person/5729', 'person/197717', 'person/197434', 'person/197406', 'person/129073', 'person/124780', 'person/197868', 'person/197845', 'person/197558', 'person/197535', 'person/197719', 'person/124895', 'person/124852', 'person/193292', 'person/124726', 'person/94649', 'person/197637', 'person/96891', 'person/197789', 'person/197408', 'person/124965', 'person/124942', 'person/197593', 'person/197810', 'person/28224', 'person/1927', 'person/197457', 'person/124809', 'person/4513', 'person/197840', 'person/197530', 'person/96771', 'person/96743', 'person/197742', 'person/197714', 'person/197778', 'person/197431', 'person/197459', 'person/840', 'person/197532', 'person/197600', 'person/122978', 'person/197628', 'person/124692', 'person/183916', 'person/96933', 'person/197825', 'person/197506', 'person/197581', 'person/197515', 'person/188733', 'person/197686', 'person/197663', 'person/197617', 'person/131507', 'person/187917', 'person/197602', 'person/96899', 'person/197705', 'person/124834', 'person/197791', 'person/96991', 'person/96668', 'person/96681', 'person/197523', 'person/197517', 'person/197671', 'person/197665', 'person/197733', 'person/197422', 'person/197470', 'person/124760', 'person/197848', 'person/192635', 'person/197501', 'person/197566', 'person/197538', 'person/197551', 'person/96779', 'person/4344', 'person/124714', 'person/197807', 'person/197735', 'person/197416', 'person/124777', 'person/197401', 'person/124785', 'person/197813', 'person/125068', 'person/197512', 'person/125106', 'person/96725', 'person/197608', 'person/197656', 'person/124973', 'person/112611', 'person/197818', 'person/197797', 'person/197493', 'person/197589', 'person/197574', 'person/197730', 'person/197758', 'person/197771', 'person/124833', 'person/197452', 'person/197540', 'person/197651', 'person/197645', 'person/197679', 'person/197636', 'person/124996', 'person/96864', 'person/103381', 'person/197869', 'person/125042', 'person/197559', 'person/127096', 'person/197653', 'person/197610', 'person/197638', 'person/28266', 'person/125670', 'person/197815', 'person/197396', 'person/197806', 'person/197749', 'person/197794', 'person/124822', 'person/28353', 'person/96697', 'person/124861', 'person/190519', 'person/197681', 'person/96844', 'person/130833', 'person/197700', 'person/197473', 'person/197467', 'person/197458', 'person/197841', 'person/197554', 'person/197531', 'person/124891', 'person/125706', 'person/99283', 'person/197721', 'person/197738', 'person/197785', 'person/197779', 'person/197475', 'person/197432', 'person/124765', 'person/197404', 'person/30482', 'person/96998', 'person/124989', 'person/197843', 'person/197548', 'person/197556', 'person/197533', 'person/124850', 'person/197644', 'person/124961', 'person/24594', 'person/96829', 'person/197787', 'person/4550', 'person/124963', 'person/197582', 'person/28122', 'person/1394', 'person/197687', 'person/197618', 'person/197603', 'person/96903', 'person/197766', 'person/197751', 'person/197455', 'person/124807', 'person/197440', 'person/96978', 'person/1992', 'person/197584', 'person/124884', 'person/28340', 'person/197695', 'person/197672', 'person/197624', 'person/124700', 'person/96837', 'person/197466', 'person/124784', 'person/96952', 'person/197849', 'person/197502', 'person/197539', 'person/125030', 'person/197708', 'person/34578', 'person/72779', 'person/124715', 'person/197626', 'person/124991', 'person/96811', 'person/22858', 'person/197425', 'person/197814', 'person/197504', 'person/197513', 'person/197661', 'person/130100', 'person/96880', 'person/197757', 'person/28617', 'person/197446', 'person/197494', 'person/197831', 'person/197590', 'person/125021', 'person/197521', 'person/96747', 'person/191693', 'person/35016', 'person/197731', 'person/197759', 'person/28619', 'person/124781', 'person/30490', 'person/197448', 'person/4519', 'person/197564', 'person/197536', 'person/125023', 'person/96706', 'person/197652', 'person/124696', 'person/128483', 'person/189525', 'person/33997', 'person/197483', 'person/28389', 'person/96922', 'person/197811', 'person/197570', 'person/125038', 'person/125104', 'person/99461', 'person/124738', 'person/197606', 'person/197754', 'person/197816', 'person/97058', 'person/197795', 'person/197491', 'person/124866', 'person/58766', 'person/197837', 'person/28297', 'person/197822', 'person/198176', 'person/197527', 'person/197572', 'person/197675', 'person/130256', 'person/124831', 'person/197392', 'person/114268', 'person/197555', 'person/197529', 'person/197634', 'person/125237', 'person/197677', 'person/28298', 'person/197839', 'person/197739', 'person/23788', 'person/197428', 'person/197405', 'person/124766', 'person/124934', 'person/197802', 'person/197563', 'person/197557', 'person/198329', 'person/37312', 'person/197394', 'person/197804', 'person/197497', 'person/197482', 'person/197788', 'person/197413', 'person/28294', 'person/124936', 'person/197578', 'person/125065', 'person/96740', 'person/190517', 'person/96842', 'person/124970', 'person/197471', 'person/23768', 'person/197499', 'person/197441', 'person/58789', 'person/5565', 'person/190099', 'person/28229', 'person/197552', 'person/197935', 'person/197668', 'person/124985', 'person/96868', 'person/2309', 'person/197783', 'person/118949', 'person/96791', 'person/197657', 'person/197627', 'person/197819', 'person/124586', 'person/96955', 'person/197580', 'person/113892', 'person/197691', 'person/198096', 'person/197601', 'person/96833', 'person/197704', 'person/197462', 'person/1917', 'person/4253', 'person/197591', 'person/197522', 'person/197693', 'person/197670', 'person/101039', 'person/197464', 'person/197421', 'person/197449', 'person/97236', 'person/190713', 'person/197500', 'person/86793', 'person/197543', 'person/96756', 'person/197648', 'person/124713', 'person/99945', 'person/197740', 'person/197712', 'person/197776', 'person/197423', 'person/4554', 'person/197812', 'person/124952', 'person/197571', 'person/125045', 'person/197545', 'person/197490', 'person/188945', 'person/124862', 'person/23699', 'person/38511', 'person/96730', 'person/124739', 'person/197607', 'person/197761', 'person/197755', 'person/28161', 'person/197444', 'person/197492', 'person/124867', 'person/197838', 'person/185619', 'person/197588', 'person/197573', 'person/124873', 'person/197699', 'person/197684', 'person/124747', 'person/124704', 'person/197615', 'person/24505', 'person/197763', 'person/38595', 'person/197393', 'person/4267', 'person/125128', 'person/197650']",667.0,org/ep-9,"['eli/dl/doc/PV-9-2019-07-18', 'eli/dl/doc/PV-9-2019-07-18-RCV']",http://publications.europa.eu/resource/authority/place/FRA_SXB,
69,eli/dl/event/MTG-PL-2019-09-19,Activity,"{'@value': '2019-09-19T00:00:00+02:00', 'type': 'xsd:dateTime'}",2019-09-19T23:00:00+02:00,MTG-PL-2019-09-19,"{'lt': 'Ketvirtadienis, 2019 m. rugsėjo 19 d.', 'hu': '2019. szeptember 19., csütörtök', 'nl': 'Donderdag 19 september 2019', 'sv': 'Torsdagen den 19 september 2019', 'cs': 'Čtvrtek, 19. září 2019', 'et': 'Neljapäev, 19. september 2019', 'it': 'Giovedì 19 settembre 2019', 'hr': 'četvrtak, 19. rujna 2019.', 'sl': 'Četrtek, 19. september 2019', 'pt': 'Quinta-feira, 19 de Setembro de 2019', 'mt': ""Il-Ħamis, 19 ta' Settembru 2019"", 'pl': 'Czwartek, 19 września 2019', 'sk': 'Štvrtok, 19. septembra 2019', 'fr': 'Jeudi 19 septembre 2019', 'lv': 'Ceturtdiena, 2019. gada 19. septembris', 'bg': 'Четвъртък, 19 септември 2019', 'es': 'Jueves 19 de septiembre de 2019', 'en': 'Thursday, 19 September 2019', 'da': 'Torsdag den 19. september 2019', 'de': 'Donnerstag, 19. September 2019', 'fi': 'Torstai 19. syyskuuta 2019', 'ro': 'Joi, 19 septembrie 2019', 'el': 'Πέμπτη 19 Σεπτεμβρίου 2019'}",2019-09-19T01:00:00+02:00,"['eli/dl/event/MTG-PL-2019-09-19-PVCRE-ITM-4', 'eli/dl/event/MTG-PL-2019-09-19-VOT-ITM-825323', 'eli/dl/event/MTG-PL-2019-09-19-VOT-ITM-825329', 'eli/dl/event/MTG-PL-2019-09-19-PVCRE-ITM-18', 'eli/dl/event/MTG-PL-2019-09-19-PVCRE-ITM-14', 'eli/dl/event/MTG-PL-2019-09-19-PVCRE-ITM-1', 'eli/dl/event/MTG-PL-2019-09-19-PVCRE-ITM-17', 'eli/dl/event/MTG-PL-2019-09-19-PVCRE-ITM-13', 'eli/dl/event/MTG-PL-2019-09-19-PVCRE-ITM-7', 'eli/dl/event/MTG-PL-2019-09-19-PVCRE-ITM-6', 'eli/dl/event/MTG-PL-2019-09-19-VOT-ITM-825325', 'eli/dl/event/MTG-PL-2019-09-19-PVCRE-ITM-10', 'eli/dl/event/MTG-PL-2019-09-19-PVCRE-ITM-3', 'eli/dl/event/MTG-PL-2019-09-19-PVCRE-ITM-16', 'eli/dl/event/MTG-PL-2019-09-19-PVCRE-ITM-19', 'eli/dl/event/MTG-PL-2019-09-19-PVCRE-ITM-15', 'eli/dl/event/MTG-PL-2019-09-19-PVCRE-ITM-9', 'eli/dl/event/MTG-PL-2019-09-19-VOT-ITM-825667', 'eli/dl/event/MTG-PL-2019-09-19-PVCRE-ITM-2', 'eli/dl/event/MTG-PL-2019-09-19-VOT-ITM-825328', 'eli/dl/event/MTG-PL-2019-09-19-PVCRE-ITM-8', 'eli/dl/event/MTG-PL-2019-09-19-VOT-ITM-825327', 'eli/dl/event/MTG-PL-2019-09-19-PVCRE-ITM-12', 'eli/dl/event/MTG-PL-2019-09-19-PVCRE-ITM-11', 'eli/dl/event/MTG-PL-2019-09-19-PVCRE-ITM-5']",['eli/dl/doc/OJQ-9-2019-09-19'],def/ep-activities/PLENARY_SITTING,"['person/124985', 'person/197786', 'person/106936', 'person/197542', 'person/197451', 'person/124700', 'person/113892']","['person/197698', 'person/197439', 'person/197704', 'person/197591', 'person/197593', 'person/197551', 'person/190774', 'person/4246', 'person/197627', 'person/135511', 'person/197566', 'person/197844', 'person/24594', 'person/4513', 'person/96978', 'person/197783', 'person/4267', 'person/197648', 'person/197606', 'person/120478', 'person/197819', 'person/197608', 'person/190713', 'person/28122', 'person/197754', 'person/28294', 'person/125030', 'person/197529', 'person/197677', 'person/197651', 'person/197496', 'person/197574', 'person/197412', 'person/197502', 'person/197532', 'person/124739', 'person/23788', 'person/197425', 'person/22858', 'person/28347', 'person/130256', 'person/124929', 'person/197446', 'person/197404', 'person/197739', 'person/183916', 'person/96922', 'person/197845', 'person/197634', 'person/124747', 'person/197803', 'person/197784', 'person/2054', 'person/197557', 'person/197742', 'person/197531', 'person/112748', 'person/198329', 'person/197607', 'person/197665', 'person/197824', 'person/96713', 'person/4519', 'person/197789', 'person/125065', 'person/125023', 'person/197686', 'person/28223', 'person/124809', 'person/197792', 'person/197581', 'person/96734', 'person/123562', 'person/197699', 'person/96903', 'person/124867', 'person/197657', 'person/124704', 'person/98582', 'person/197615', 'person/96842', 'person/197434', 'person/124812', 'person/197554', 'person/23768', 'person/118859', 'person/2187', 'person/197399', 'person/124777', 'person/124735', 'person/197405', 'person/125106', 'person/28615', 'person/197463', 'person/124952', 'person/197810', 'person/124691', 'person/124862', 'person/197400', 'person/197825', 'person/96867', 'person/124785', 'person/197579', 'person/197413', 'person/197537', 'person/197392', 'person/197708', 'person/197687', 'person/112744', 'person/197601', 'person/197580', 'person/197540', 'person/197769', 'person/125045', 'person/125005', 'person/197798', 'person/197772', 'person/197545', 'person/197730', 'person/96772', 'person/96730', 'person/124953', 'person/197695', 'person/197653', 'person/124818', 'person/96808', 'person/197518', 'person/2309', 'person/96787', 'person/197504', 'person/197443', 'person/197401', 'person/37312', 'person/192634', 'person/23781', 'person/28372', 'person/197448', 'person/197422', 'person/197678', 'person/197652', 'person/197610', 'person/197491', 'person/197728', 'person/28219', 'person/197493', 'person/96911', 'person/132191', 'person/197533', 'person/197623', 'person/128483', 'person/26837', 'person/197681', 'person/197546', 'person/197868', 'person/197828', 'person/197813', 'person/23816', 'person/197778', 'person/197567', 'person/197736', 'person/197525', 'person/125012', 'person/96752', 'person/197675', 'person/192635', 'person/197490', 'person/197478', 'person/197570', 'person/124856', 'person/122978', 'person/5729', 'person/197449', 'person/198096', 'person/23868', 'person/1927', 'person/124877', 'person/124770', 'person/197870', 'person/28266', 'person/28224', 'person/197428', 'person/124806', 'person/124693', 'person/197869', 'person/185341', 'person/197827', 'person/197616', 'person/197658', 'person/197829', 'person/96885', 'person/197722', 'person/197431', 'person/197555', 'person/96991', 'person/197396', 'person/197661', 'person/197526', 'person/96779', 'person/197584', 'person/197848', 'person/96711', 'person/197808', 'person/197743', 'person/197701', 'person/197716', 'person/190519', 'person/124821', 'person/197563', 'person/97133', 'person/197611', 'person/197414', 'person/197534', 'person/197393', 'person/190099', 'person/96761', 'person/124771', 'person/193419', 'person/197429', 'person/30482', 'person/124696', 'person/28400', 'person/1909', 'person/124989', 'person/198063', 'person/197799', 'person/197773', 'person/197466', 'person/124844', 'person/197731', 'person/197849', 'person/124709', 'person/197809', 'person/197654', 'person/197744', 'person/197437', 'person/125020', 'person/96809', 'person/197702', 'person/197519', 'person/96955', 'person/197667', 'person/197625', 'person/96681', 'person/96852', 'person/96810', 'person/197564', 'person/197522', 'person/197781', 'person/96934', 'person/114268', 'person/197646', 'person/197815', 'person/197604', 'person/96899', 'person/197817', 'person/197796', 'person/197710', 'person/197543', 'person/197691', 'person/96844', 'person/124766', 'person/23821', 'person/197514', 'person/96646', 'person/124872', 'person/197452', 'person/197572', 'person/96725', 'person/197467', 'person/124891', 'person/197814', 'person/197507', 'person/197779', 'person/197402', 'person/197737', 'person/197843', 'person/113959', 'person/96829', 'person/197417', 'person/197782', 'person/197475', 'person/197571', 'person/197740', 'person/197647', 'person/197528', 'person/28353', 'person/197822', 'person/197787', 'person/30490', 'person/197761', 'person/125063', 'person/197837', 'person/4391', 'person/124942', 'person/96837', 'person/197684', 'person/197642', 'person/197732', 'person/197549', 'person/124807', 'person/197790', 'person/125038', 'person/96776', 'person/197655', 'person/197613', 'person/99461', 'person/188636', 'person/182995', 'person/124852', 'person/197432', 'person/96747', 'person/2341', 'person/197552', 'person/197594', 'person/197510', 'person/197508', 'person/197403', 'person/125104', 'person/124934', 'person/124992', 'person/189391', 'person/124965', 'person/124712', 'person/197480', 'person/197717', 'person/197482', 'person/197440', 'person/197612', 'person/197670', 'person/191693', 'person/197788', 'person/197497', 'person/125064', 'person/197746', 'person/197535', 'person/197720', 'person/197455', 'person/197390', 'person/37324', 'person/197643', 'person/28586', 'person/197802', 'person/125237', 'person/28298', 'person/4555', 'person/197767', 'person/4344', 'person/125043', 'person/125001', 'person/101039', 'person/96952', 'person/197831', 'person/40599', 'person/197664', 'person/198490', 'person/197770', 'person/124887', 'person/197587', 'person/124991', 'person/124780', 'person/197693', 'person/86793', 'person/96820', 'person/197438', 'person/197558', 'person/197516', 'person/96743', 'person/124713', 'person/197483', 'person/197441', 'person/58766', 'person/5565', 'person/124972', 'person/4554', 'person/197935', 'person/124837', 'person/124895', 'person/28389', 'person/197816', 'person/197462', 'person/197797', 'person/197420', 'person/197711', 'person/72779', 'person/197690', 'person/23712', 'person/197692', 'person/197650', 'person/129073', 'person/197419', 'person/197515', 'person/197573', 'person/4560', 'person/197649', 'person/24505', 'person/197588', 'person/840', 'person/58789', 'person/96771', 'person/28115', 'person/197840', 'person/125110', 'person/197705', 'person/197763', 'person/197811', 'person/197600', 'person/118949', 'person/1917', 'person/197776', 'person/197734', 'person/197523', 'person/124760', 'person/96750', 'person/124973', 'person/96868', 'person/96826', 'person/197418', 'person/197538', 'person/188733', 'person/197596', 'person/96709', 'person/197447', 'person/197421', 'person/199941', 'person/124936', 'person/97968', 'person/124833', 'person/197503', 'person/197838', 'person/197468', 'person/197733', 'person/197426', 'person/124846', 'person/197791', 'person/197656', 'person/197841', 'person/126644', 'person/197614', 'person/124701', 'person/111011', 'person/197471', 'person/197499', 'person/197595', 'person/197553', 'person/96706', 'person/197511', 'person/197629', 'person/197394', 'person/96812', 'person/96791', 'person/198183', 'person/187917', 'person/4465', 'person/197846', 'person/197804', 'person/197806', 'person/197785', 'person/197680', 'person/96833', 'person/197756', 'person/96891', 'person/197714', 'person/190517', 'person/96756', 'person/124861', 'person/197679', 'person/124726', 'person/197637', 'person/96864', 'person/197498', 'person/124834', 'person/197576', 'person/197391', 'person/124799', 'person/197469', 'person/197427', 'person/125128', 'person/185619', 'person/124692', 'person/112611', 'person/124961', 'person/197832', 'person/197406', 'person/197771', 'person/197464', 'person/124884', 'person/197889', 'person/134605', 'person/4253', 'person/97198', 'person/197636', 'person/197805', 'person/197807', 'person/197694', 'person/28161', 'person/38595', 'person/197435', 'person/197559', 'person/197700', 'person/125046', 'person/197517', 'person/38511', 'person/28399', 'person/190518', 'person/197826', 'person/197520', 'person/197721', 'person/125067', 'person/197749', 'person/125027', 'person/197709', 'person/119431', 'person/197644', 'person/112014', 'person/27714', 'person/197794', 'person/197752', 'person/197541', 'person/197617', 'person/197619', 'person/124722', 'person/197512', 'person/197500', 'person/99283', 'person/28617', 'person/197465', 'person/197423', 'person/125214', 'person/124996', 'person/197812', 'person/124714', 'person/197777', 'person/197444', 'person/23699', 'person/124822', 'person/197735', 'person/197457', 'person/197632', 'person/197415', 'person/125068', 'person/197539', 'person/96933', 'person/197597', 'person/197645', 'person/197603', 'person/96830', 'person/101585', 'person/28508', 'person/127096', 'person/197835', 'person/197624', 'person/1913', 'person/197682', 'person/197589', 'person/197758', 'person/197547', 'person/197718', 'person/125670', 'person/197697', 'person/103381', 'person/96880', 'person/197470', 'person/197590', 'person/96697', 'person/197472', 'person/124850', 'person/197430', 'person/197592', 'person/197550', 'person/124715', 'person/197506', 'person/197395', 'person/1992', 'person/197445', 'person/188945', 'person/107212', 'person/28288', 'person/124963', 'person/124710', 'person/28297', 'person/197757', 'person/197715', 'person/197408', 'person/124828', 'person/94649', 'person/34578', 'person/197638', 'person/130100', 'person/197495', 'person/197760', 'person/197453', 'person/197577', 'person/197683', 'person/197641', 'person/197548', 'person/88715', 'person/193292', 'person/35016', 'person/197800', 'person/28340', 'person/197765', 'person/96698', 'person/24922', 'person/197662', 'person/28269', 'person/197620', 'person/197738', 'person/197527', 'person/197585', 'person/124708', 'person/197436', 'person/197410', 'person/124814', 'person/197556', 'person/197530', 'person/28619', 'person/5392', 'person/124586', 'person/193273', 'person/4550', 'person/124970', 'person/189065', 'person/124808', 'person/197460', 'person/197795', 'person/197488', 'person/1394', 'person/124866', 'person/197618', 'person/96801', 'person/33982', 'person/197766', 'person/197459', 'person/197433', 'person/96780', 'person/125042', 'person/197513', 'person/125093', 'person/185771', 'person/96951', 'person/197398', 'person/197663', 'person/197621', 'person/29579', 'person/197586', 'person/96739', 'person/197544', 'person/4533', 'person/197703', 'person/189525', 'person/96998', 'person/197668', 'person/198176', 'person/197626', 'person/197839', 'person/1854', 'person/197671', 'person/197458', 'person/124836', 'person/197578', 'person/197416', 'person/197536', 'person/96668', 'person/197461', 'person/197489', 'person/124873', 'person/199996', 'person/28390', 'person/124831', 'person/197501', 'person/197836', 'person/124738', 'person/131580', 'person/99945', 'person/28150', 'person/197759', 'person/124802', 'person/38542', 'person/124781', 'person/197719']",680.0,org/ep-9,"['eli/dl/doc/PV-9-2019-09-19-RCV', 'eli/dl/doc/PV-9-2019-09-19']",http://publications.europa.eu/resource/authority/place/FRA_SXB,
70,eli/dl/event/MTG-PL-2019-10-10,Activity,"{'@value': '2019-10-10T00:00:00+02:00', 'type': 'xsd:dateTime'}",2019-10-10T23:00:00+02:00,MTG-PL-2019-10-10,"{'ro': 'Joi, 10 octombrie 2019', 'mt': ""Il-Ħamis, 10 ta' Ottubru 2019"", 'nl': 'Donderdag 10 oktober 2019', 'bg': 'Четвъртък, 10 октомври 2019', 'sl': 'Četrtek, 10. oktober 2019', 'pt': 'Quinta-feira, 10 de Outubro de 2019', 'it': 'Giovedì 10 ottobre 2019', 'el': 'Πέμπτη 10 Οκτωβρίου 2019', 'pl': 'Czwartek, 10 października 2019', 'cs': 'Čtvrtek, 10. října 2019', 'lv': 'Ceturtdiena, 2019. gada 10. oktobris', 'da': 'Torsdag den 10. oktober 2019', 'fi': 'Torstai 10. lokakuuta 2019', 'lt': 'Ketvirtadienis, 2019 m. spalio 10 d.', 'hr': 'četvrtak, 10. listopada 2019.', 'es': 'Jueves 10 de octubre de 2019', 'en': 'Thursday, 10 October 2019', 'et': 'Neljapäev, 10. oktoober 2019', 'de': 'Donnerstag, 10. Oktober 2019', 'sk': 'Štvrtok, 10. októbra 2019', 'sv': 'Torsdagen den 10 oktober 2019', 'hu': '2019. október 10., csütörtök', 'fr': 'Jeudi 10 octobre 2019'}",2019-10-10T01:00:00+02:00,"['eli/dl/event/MTG-PL-2019-10-10-PVCRE-ITM-8', 'eli/dl/event/MTG-PL-2019-10-10-PVCRE-ITM-7', 'eli/dl/event/MTG-PL-2019-10-10-VOT-ITM-830921', 'eli/dl/event/MTG-PL-2019-10-10-PVCRE-ITM-14', 'eli/dl/event/MTG-PL-2019-10-10-VOT-ITM-830920', 'eli/dl/event/MTG-PL-2019-10-10-PVCRE-ITM-5', 'eli/dl/event/MTG-PL-2019-10-10-VOT-ITM-20191010001', 'eli/dl/event/MTG-PL-2019-10-10-VOT-ITM-830919', 'eli/dl/event/MTG-PL-2019-10-10-VOT-ITM-830911', 'eli/dl/event/MTG-PL-2019-10-10-PVCRE-ITM-11', 'eli/dl/event/MTG-PL-2019-10-10-PVCRE-ITM-10', 'eli/dl/event/MTG-PL-2019-10-10-PVCRE-ITM-9', 'eli/dl/event/MTG-PL-2019-10-10-PVCRE-ITM-2', 'eli/dl/event/MTG-PL-2019-10-10-PVCRE-ITM-1', 'eli/dl/event/MTG-PL-2019-10-10-VOT-ITM-830922', 'eli/dl/event/MTG-PL-2019-10-10-VOT-ITM-830914', 'eli/dl/event/MTG-PL-2019-10-10-VOT-ITM-830907', 'eli/dl/event/MTG-PL-2019-10-10-PVCRE-ITM-6', 'eli/dl/event/MTG-PL-2019-10-10-VOT-ITM-830913', 'eli/dl/event/MTG-PL-2019-10-10-PVCRE-ITM-13', 'eli/dl/event/MTG-PL-2019-10-10-VOT-ITM-830918', 'eli/dl/event/MTG-PL-2019-10-10-PVCRE-ITM-12', 'eli/dl/event/MTG-PL-2019-10-10-PVCRE-ITM-4', 'eli/dl/event/MTG-PL-2019-10-10-VOT-ITM-830910', 'eli/dl/event/MTG-PL-2019-10-10-PVCRE-ITM-3', 'eli/dl/event/MTG-PL-2019-10-10-VOT-ITM-830924']",['eli/dl/doc/OJQ-9-2019-10-10'],def/ep-activities/PLENARY_SITTING,"['person/124973', 'person/197522', 'person/113892', 'person/36392', 'person/197835', 'person/197542', 'person/197786', 'person/197611', 'person/197820']","['person/112611', 'person/124766', 'person/197495', 'person/197799', 'person/197733', 'person/197638', 'person/197809', 'person/197656', 'person/125670', 'person/197577', 'person/197764', 'person/197687', 'person/124833', 'person/23781', 'person/124862', 'person/124846', 'person/4253', 'person/125068', 'person/96752', 'person/197452', 'person/197436', 'person/125104', 'person/2323', 'person/198183', 'person/197817', 'person/190713', 'person/28288', 'person/125214', 'person/5565', 'person/197756', 'person/197467', 'person/28617', 'person/197585', 'person/28297', 'person/197695', 'person/197530', 'person/4513', 'person/197507', 'person/197460', 'person/197392', 'person/197459', 'person/124818', 'person/37312', 'person/124834', 'person/197394', 'person/197795', 'person/197779', 'person/96991', 'person/197801', 'person/112748', 'person/197618', 'person/124692', 'person/197652', 'person/4554', 'person/197728', 'person/124992', 'person/197681', 'person/197586', 'person/124738', 'person/199996', 'person/96811', 'person/182995', 'person/197787', 'person/124781', 'person/197721', 'person/197416', 'person/197508', 'person/197709', 'person/96826', 'person/197644', 'person/4560', 'person/28372', 'person/190099', 'person/197736', 'person/96842', 'person/197549', 'person/96761', 'person/197461', 'person/197752', 'person/197675', 'person/197578', 'person/198490', 'person/197594', 'person/197510', 'person/188945', 'person/39725', 'person/197440', 'person/124991', 'person/197455', 'person/197439', 'person/197836', 'person/96867', 'person/96955', 'person/124739', 'person/197612', 'person/58766', 'person/96812', 'person/187917', 'person/112744', 'person/183916', 'person/124972', 'person/197788', 'person/197722', 'person/197551', 'person/197627', 'person/197645', 'person/96934', 'person/124806', 'person/197844', 'person/124734', 'person/124822', 'person/96891', 'person/197783', 'person/197701', 'person/125042', 'person/124747', 'person/197496', 'person/197606', 'person/197608', 'person/197412', 'person/197716', 'person/197529', 'person/23699', 'person/96725', 'person/96808', 'person/197441', 'person/197425', 'person/197635', 'person/58789', 'person/197718', 'person/190519', 'person/125021', 'person/197574', 'person/1927', 'person/101039', 'person/125038', 'person/197404', 'person/28508', 'person/197419', 'person/124704', 'person/1394', 'person/197816', 'person/197818', 'person/96780', 'person/197757', 'person/28294', 'person/96951', 'person/197845', 'person/131507', 'person/124735', 'person/103381', 'person/197696', 'person/72779', 'person/197784', 'person/124936', 'person/197531', 'person/197607', 'person/124952', 'person/199941', 'person/96998', 'person/1913', 'person/197641', 'person/197824', 'person/86793', 'person/197840', 'person/96776', 'person/197393', 'person/125128', 'person/197600', 'person/197395', 'person/197792', 'person/197776', 'person/197710', 'person/197421', 'person/197405', 'person/197523', 'person/1992', 'person/197615', 'person/96646', 'person/125001', 'person/197538', 'person/118949', 'person/197554', 'person/1909', 'person/38542', 'person/125030', 'person/24505', 'person/197400', 'person/28340', 'person/197499', 'person/197413', 'person/124784', 'person/197810', 'person/124953', 'person/124872', 'person/124700', 'person/193292', 'person/197737', 'person/124799', 'person/28122', 'person/197841', 'person/126644', 'person/197766', 'person/197595', 'person/29579', 'person/124835', 'person/197601', 'person/23868', 'person/189391', 'person/124961', 'person/197540', 'person/197804', 'person/127096', 'person/124866', 'person/197806', 'person/197761', 'person/125004', 'person/128483', 'person/96880', 'person/197772', 'person/197518', 'person/4267', 'person/106936', 'person/124807', 'person/198063', 'person/124836', 'person/197398', 'person/197717', 'person/124779', 'person/96809', 'person/23788', 'person/30490', 'person/197805', 'person/197719', 'person/197670', 'person/197807', 'person/124996', 'person/197746', 'person/96852', 'person/197559', 'person/96771', 'person/125109', 'person/124831', 'person/124770', 'person/197868', 'person/197520', 'person/37324', 'person/96899', 'person/96750', 'person/197813', 'person/96903', 'person/197664', 'person/23712', 'person/197648', 'person/96844', 'person/5392', 'person/97198', 'person/188733', 'person/197754', 'person/28615', 'person/197693', 'person/197677', 'person/125045', 'person/120478', 'person/197512', 'person/197505', 'person/131580', 'person/197444', 'person/129073', 'person/197457', 'person/124586', 'person/197390', 'person/197870', 'person/96801', 'person/197777', 'person/124771', 'person/96706', 'person/23768', 'person/197711', 'person/197869', 'person/197616', 'person/197650', 'person/4550', 'person/197632', 'person/197555', 'person/197539', 'person/197742', 'person/124895', 'person/197649', 'person/99283', 'person/124989', 'person/197584', 'person/197848', 'person/197705', 'person/197430', 'person/28347', 'person/197506', 'person/96730', 'person/28266', 'person/197734', 'person/197563', 'person/197429', 'person/197547', 'person/197445', 'person/191693', 'person/4465', 'person/197657', 'person/125027', 'person/28161', 'person/197408', 'person/38595', 'person/840', 'person/124867', 'person/118859', 'person/124708', 'person/197453', 'person/197437', 'person/124812', 'person/197773', 'person/97133', 'person/197849', 'person/124970', 'person/190774', 'person/197625', 'person/197708', 'person/107212', 'person/124985', 'person/96932', 'person/197564', 'person/122978', 'person/113959', 'person/197842', 'person/1917', 'person/197769', 'person/28400', 'person/197410', 'person/197492', 'person/197494', 'person/197796', 'person/197620', 'person/197714', 'person/197543', 'person/197527', 'person/96820', 'person/197730', 'person/183793', 'person/190517', 'person/197653', 'person/197572', 'person/197556', 'person/189525', 'person/28141', 'person/197488', 'person/124942', 'person/124861', 'person/114268', 'person/197417', 'person/197814', 'person/28269', 'person/197755', 'person/197843', 'person/98582', 'person/197694', 'person/197678', 'person/197782', 'person/124934', 'person/197513', 'person/96779', 'person/96711', 'person/197528', 'person/197822', 'person/124965', 'person/124884', 'person/197544', 'person/124712', 'person/197458', 'person/190518', 'person/125020', 'person/197837', 'person/197391', 'person/1854', 'person/112014', 'person/96868', 'person/28226', 'person/96697', 'person/197839', 'person/197790', 'person/197489', 'person/197403', 'person/197613', 'person/4519', 'person/197552', 'person/197536', 'person/197480', 'person/197482', 'person/28399', 'person/124780', 'person/197497', 'person/124856', 'person/125110', 'person/197735', 'person/124713', 'person/96681', 'person/197658', 'person/99461', 'person/197591', 'person/119434', 'person/24922', 'person/96698', 'person/124929', 'person/197802', 'person/124693', 'person/96833', 'person/38398', 'person/125093', 'person/197438', 'person/125106', 'person/2309', 'person/197682', 'person/197819', 'person/26837', 'person/197770', 'person/197758', 'person/197587', 'person/96864', 'person/197481', 'person/197483', 'person/130833', 'person/2187', 'person/28619', 'person/197697', 'person/130100', 'person/33982', 'person/125063', 'person/123562', 'person/197446', 'person/124986', 'person/197462', 'person/33997', 'person/124821', 'person/24594', 'person/124760', 'person/197797', 'person/197715', 'person/96740', 'person/124777', 'person/197731', 'person/197634', 'person/197803', 'person/124696', 'person/197760', 'person/197654', 'person/197573', 'person/197557', 'person/35016', 'person/135511', 'person/197667', 'person/193419', 'person/197789', 'person/125064', 'person/197434', 'person/124785', 'person/197811', 'person/37229', 'person/197418', 'person/30482', 'person/197628', 'person/124701', 'person/197662', 'person/197646', 'person/94649', 'person/197738', 'person/96747', 'person/197581', 'person/134605', 'person/197463', 'person/185771', 'person/197447', 'person/197691', 'person/125043', 'person/28150', 'person/197596', 'person/197503', 'person/98341', 'person/198096', 'person/197426', 'person/23816', 'person/197838', 'person/124726', 'person/197471', 'person/124814', 'person/96885', 'person/28223', 'person/192634', 'person/125237', 'person/197791', 'person/197614', 'person/185619', 'person/96830', 'person/197537', 'person/197553', 'person/124891', 'person/197740', 'person/197663', 'person/197582', 'person/96952', 'person/197785', 'person/4246', 'person/197504', 'person/197798', 'person/197642', 'person/197732', 'person/197443', 'person/197545', 'person/197637', 'person/188636', 'person/96743', 'person/198176', 'person/197671', 'person/197655', 'person/96668', 'person/125023', 'person/111011', 'person/119431', 'person/192635', 'person/197422', 'person/96922', 'person/197435', 'person/197832', 'person/28115', 'person/197771', 'person/197759', 'person/27714', 'person/197698', 'person/197863', 'person/197610', 'person/197704', 'person/197517', 'person/96713', 'person/97968', 'person/197720', 'person/124873', 'person/197623', 'person/197533', 'person/197643', 'person/197826', 'person/197546', 'person/124714', 'person/189065', 'person/124802', 'person/5729', 'person/197828', 'person/197767', 'person/197478', 'person/185341', 'person/197602', 'person/197794', 'person/197778', 'person/197500', 'person/197712', 'person/197525', 'person/197541', 'person/197617', 'person/197423', 'person/197651', 'person/96709', 'person/40599', 'person/125005', 'person/197570', 'person/34578', 'person/4289', 'person/28586', 'person/197431', 'person/197415', 'person/197812', 'person/96829', 'person/132191', 'person/2054', 'person/197739', 'person/124715', 'person/23821', 'person/95074', 'person/88715', 'person/197690', 'person/197827', 'person/197692', 'person/197829', 'person/96791', 'person/197597', 'person/124837', 'person/197603', 'person/197526', 'person/4525', 'person/198329', 'person/124963', 'person/124710', 'person/96837', 'person/197808', 'person/124709', 'person/96772', 'person/96756', 'person/197472', 'person/28389', 'person/197763', 'person/2341', 'person/197589', 'person/28224', 'person/96787', 'person/197699', 'person/197521', 'person/125067', 'person/197550', 'person/197534', 'person/4533', 'person/125012', 'person/197466']",616.0,org/ep-9,"['eli/dl/doc/PV-9-2019-10-10-RCV', 'eli/dl/doc/PV-9-2019-10-10']",http://publications.europa.eu/resource/authority/place/BEL_BRU,
71,eli/dl/event/MTG-PL-2019-10-24,Activity,"{'@value': '2019-10-24T00:00:00+02:00', 'type': 'xsd:dateTime'}",2019-10-24T23:00:00+02:00,MTG-PL-2019-10-24,"{'bg': 'Четвъртък, 24 октомври 2019', 'lv': 'Ceturtdiena, 2019. gada 24. oktobris', 'sl': 'Četrtek, 24. oktober 2019', 'pl': 'Czwartek, 24 października 2019', 'hr': 'četvrtak, 24. listopada 2019.', 'hu': '2019. október 24., csütörtök', 'de': 'Donnerstag, 24. Oktober 2019', 'et': 'Neljapäev, 24. oktoober 2019', 'it': 'Giovedì 24 ottobre 2019', 'fi': 'Torstai 24. lokakuuta 2019', 'lt': 'Ketvirtadienis, 2019 m. spalio 24 d.', 'sk': 'Štvrtok, 24. októbra 2019', 'es': 'Jueves 24 de octubre de 2019', 'ro': 'Joi, 24 octombrie 2019', 'pt': 'Quinta-feira, 24 de Outubro de 2019', 'sv': 'Torsdagen den 24 oktober 2019', 'en': 'Thursday, 24 October 2019', 'fr': 'Jeudi 24 octobre 2019', 'mt': ""Il-Ħamis, 24 ta' Ottubru 2019"", 'da': 'Torsdag den 24. oktober 2019', 'el': 'Πέμπτη 24 Οκτωβρίου 2019', 'nl': 'Donderdag 24 oktober 2019', 'cs': 'Čtvrtek, 24. října 2019'}",2019-10-24T01:00:00+02:00,"['eli/dl/event/MTG-PL-2019-10-24-PVCRE-ITM-5', 'eli/dl/event/MTG-PL-2019-10-24-PVCRE-ITM-22', 'eli/dl/event/MTG-PL-2019-10-24-PVCRE-ITM-2', 'eli/dl/event/MTG-PL-2019-10-24-VOT-ITM-834627', 'eli/dl/event/MTG-PL-2019-10-24-PVCRE-ITM-8', 'eli/dl/event/MTG-PL-2019-10-24-PVCRE-ITM-13', 'eli/dl/event/MTG-PL-2019-10-24-PVCRE-ITM-10', 'eli/dl/event/MTG-PL-2019-10-24-PVCRE-ITM-19', 'eli/dl/event/MTG-PL-2019-10-24-PVCRE-ITM-16', 'eli/dl/event/MTG-PL-2019-10-24-VOT-ITM-836231', 'eli/dl/event/MTG-PL-2019-10-24-PVCRE-ITM-21', 'eli/dl/event/MTG-PL-2019-10-24-PVCRE-ITM-1', 'eli/dl/event/MTG-PL-2019-10-24-PVCRE-ITM-7', 'eli/dl/event/MTG-PL-2019-10-24-PVCRE-ITM-4', 'eli/dl/event/MTG-PL-2019-10-24-VOT-ITM-834629', 'eli/dl/event/MTG-PL-2019-10-24-PVCRE-ITM-15', 'eli/dl/event/MTG-PL-2019-10-24-PVCRE-ITM-12', 'eli/dl/event/MTG-PL-2019-10-24-VOT-ITM-834859', 'eli/dl/event/MTG-PL-2019-10-24-PVCRE-ITM-18', 'eli/dl/event/MTG-PL-2019-10-24-VOT-ITM-834861', 'eli/dl/event/MTG-PL-2019-10-24-PVCRE-ITM-3', 'eli/dl/event/MTG-PL-2019-10-24-PVCRE-ITM-20', 'eli/dl/event/MTG-PL-2019-10-24-VOT-ITM-834864', 'eli/dl/event/MTG-PL-2019-10-24-PVCRE-ITM-9', 'eli/dl/event/MTG-PL-2019-10-24-PVCRE-ITM-6', 'eli/dl/event/MTG-PL-2019-10-24-PVCRE-ITM-11', 'eli/dl/event/MTG-PL-2019-10-24-PVCRE-ITM-17', 'eli/dl/event/MTG-PL-2019-10-24-VOT-ITM-834628', 'eli/dl/event/MTG-PL-2019-10-24-PVCRE-ITM-14', 'eli/dl/event/MTG-PL-2019-10-24-VOT-ITM-834886', 'eli/dl/event/MTG-PL-2019-10-24-VOT-ITM-834630', 'eli/dl/event/MTG-PL-2019-10-24-VOT-ITM-834863']",['eli/dl/doc/OJQ-9-2019-10-24'],def/ep-activities/PLENARY_SITTING,"['person/197543', 'person/197457', 'person/28297', 'person/124973', 'person/197708', 'person/197542', 'person/28219', 'person/28141', 'person/96810', 'person/113892', 'person/125067']","['person/197662', 'person/197527', 'person/188636', 'person/197556', 'person/124861', 'person/192635', 'person/197507', 'person/125030', 'person/197400', 'person/96922', 'person/197402', 'person/124834', 'person/124836', 'person/124692', 'person/197417', 'person/197759', 'person/197889', 'person/98582', 'person/197636', 'person/28223', 'person/96809', 'person/197694', 'person/197719', 'person/126644', 'person/197704', 'person/197782', 'person/197807', 'person/197517', 'person/96713', 'person/197571', 'person/189391', 'person/124934', 'person/197391', 'person/127096', 'person/124866', 'person/124765', 'person/96811', 'person/197785', 'person/197449', 'person/197461', 'person/197489', 'person/96868', 'person/96826', 'person/197736', 'person/197839', 'person/197671', 'person/125065', 'person/197536', 'person/129073', 'person/125023', 'person/197576', 'person/119431', 'person/197578', 'person/4267', 'person/106936', 'person/28353', 'person/197422', 'person/197812', 'person/96829', 'person/197777', 'person/58766', 'person/125110', 'person/197491', 'person/197739', 'person/28115', 'person/197493', 'person/197451', 'person/197398', 'person/197539', 'person/119434', 'person/197603', 'person/96698', 'person/124770', 'person/124831', 'person/197412', 'person/96934', 'person/125042', 'person/197414', 'person/197496', 'person/197844', 'person/26837', 'person/96833', 'person/124806', 'person/197429', 'person/197743', 'person/197701', 'person/23712', 'person/2187', 'person/197606', 'person/197608', 'person/197794', 'person/197716', 'person/197819', 'person/197529', 'person/197541', 'person/101039', 'person/96725', 'person/124986', 'person/197651', 'person/125045', 'person/28161', 'person/125005', 'person/124809', 'person/28586', 'person/24594', 'person/124777', 'person/96780', 'person/197797', 'person/96911', 'person/197473', 'person/197419', 'person/96740', 'person/197431', 'person/103381', 'person/197638', 'person/132191', 'person/197760', 'person/95074', 'person/197573', 'person/197641', 'person/197683', 'person/197588', 'person/1917', 'person/124936', 'person/22858', 'person/113959', 'person/197434', 'person/197824', 'person/197395', 'person/197789', 'person/96730', 'person/96772', 'person/197463', 'person/118949', 'person/197646', 'person/197686', 'person/96747', 'person/96787', 'person/197615', 'person/38542', 'person/197590', 'person/197592', 'person/197550', 'person/197503', 'person/124784', 'person/125012', 'person/197426', 'person/124953', 'person/197466', 'person/124700', 'person/197468', 'person/96885', 'person/124818', 'person/28340', 'person/197841', 'person/197755', 'person/197791', 'person/197801', 'person/197618', 'person/197511', 'person/197728', 'person/96779', 'person/197513', 'person/197553', 'person/197663', 'person/125670', 'person/190518', 'person/124862', 'person/124691', 'person/197508', 'person/4246', 'person/197401', 'person/190099', 'person/197403', 'person/96752', 'person/197620', 'person/198176', 'person/197443', 'person/96820', 'person/197730', 'person/197798', 'person/197732', 'person/197545', 'person/5565', 'person/197585', 'person/197653', 'person/197655', 'person/197695', 'person/96668', 'person/197518', 'person/197530', 'person/4344', 'person/197406', 'person/197836', 'person/197392', 'person/30490', 'person/197771', 'person/197435', 'person/197475', 'person/96852', 'person/197658', 'person/197698', 'person/96812', 'person/197722', 'person/183916', 'person/197627', 'person/124992', 'person/197520', 'person/97968', 'person/197438', 'person/124965', 'person/197478', 'person/185341', 'person/97198', 'person/197868', 'person/199996', 'person/124712', 'person/124714', 'person/2309', 'person/112014', 'person/197767', 'person/130256', 'person/197778', 'person/4560', 'person/120478', 'person/197525', 'person/96761', 'person/197567', 'person/198490', 'person/197675', 'person/96709', 'person/197505', 'person/28399', 'person/197480', 'person/197482', 'person/197440', 'person/124771', 'person/197415', 'person/197497', 'person/197455', 'person/197632', 'person/197845', 'person/197634', 'person/197742', 'person/72779', 'person/197557', 'person/197702', 'person/197597', 'person/197665', 'person/99461', 'person/197607', 'person/197667', 'person/124972', 'person/124877', 'person/24922', 'person/1913', 'person/124837', 'person/124693', 'person/197418', 'person/28389', 'person/28266', 'person/197848', 'person/28224', 'person/125106', 'person/96891', 'person/197705', 'person/96756', 'person/197808', 'person/197447', 'person/96864', 'person/28150', 'person/197734', 'person/197611', 'person/123562', 'person/130100', 'person/197532', 'person/197534', 'person/99945', 'person/125063', 'person/197574', 'person/118859', 'person/840', 'person/124867', 'person/124766', 'person/197462', 'person/23816', 'person/125038', 'person/197420', 'person/33997', 'person/197408', 'person/124812', 'person/124726', 'person/28508', 'person/197737', 'person/197825', 'person/197396', 'person/197672', 'person/197537', 'person/197577', 'person/197579', 'person/197687', 'person/28400', 'person/197492', 'person/96932', 'person/197452', 'person/197399', 'person/124844', 'person/124846', 'person/122978', 'person/96776', 'person/28617', 'person/124701', 'person/197469', 'person/197604', 'person/190713', 'person/185771', 'person/1992', 'person/197756', 'person/197815', 'person/197792', 'person/197581', 'person/197817', 'person/197714', 'person/197679', 'person/197691', 'person/125043', 'person/197514', 'person/125001', 'person/197554', 'person/124942', 'person/198096', 'person/124807', 'person/37312', 'person/197795', 'person/197717', 'person/197459', 'person/96991', 'person/197471', 'person/197499', 'person/197652', 'person/96711', 'person/197746', 'person/197621', 'person/28122', 'person/197623', 'person/124891', 'person/112748', 'person/197544', 'person/197681', 'person/197546', 'person/197586', 'person/124961', 'person/96952', 'person/125020', 'person/1854', 'person/101585', 'person/197432', 'person/197822', 'person/124738', 'person/197787', 'person/197721', 'person/28390', 'person/197761', 'person/193273', 'person/197642', 'person/197644', 'person/197684', 'person/96743', 'person/96880', 'person/197549', 'person/197709', 'person/197772', 'person/197613', 'person/111011', 'person/4519', 'person/39725', 'person/124991', 'person/124780', 'person/197501', 'person/188945', 'person/197935', 'person/197464', 'person/198063', 'person/124856', 'person/197751', 'person/197439', 'person/96706', 'person/197711', 'person/124713', 'person/197869', 'person/27714', 'person/197616', 'person/96681', 'person/197591', 'person/197827', 'person/197593', 'person/197829', 'person/124996', 'person/197649', 'person/197661', 'person/197526', 'person/187917', 'person/197566', 'person/189065', 'person/124929', 'person/197506', 'person/37324', 'person/28619', 'person/197481', 'person/197483', 'person/96750', 'person/197441', 'person/5392', 'person/197831', 'person/124747', 'person/124705', 'person/197664', 'person/197758', 'person/197635', 'person/96808', 'person/34578', 'person/40599', 'person/190519', 'person/197693', 'person/197718', 'person/197558', 'person/197570', 'person/197516', 'person/1927', 'person/124760', 'person/4289', 'person/124821', 'person/197404', 'person/197444', 'person/197446', 'person/124708', 'person/197731', 'person/197390', 'person/197799', 'person/197733', 'person/197849', 'person/197654', 'person/197656', 'person/197696', 'person/197784', 'person/97058', 'person/197809', 'person/197519', 'person/197531', 'person/131507', 'person/197625', 'person/190774', 'person/124895', 'person/197393', 'person/96998', 'person/125064', 'person/99283', 'person/197436', 'person/124963', 'person/124710', 'person/197763', 'person/124828', 'person/197765', 'person/197421', 'person/197811', 'person/193419', 'person/197600', 'person/197628', 'person/197521', 'person/197523', 'person/197738', 'person/197563', 'person/4465', 'person/4533', 'person/24505', 'person/96646', 'person/197538', 'person/134605', 'person/125027', 'person/1909', 'person/124872', 'person/125237', 'person/124799', 'person/193292', 'person/197779', 'person/96933', 'person/197413', 'person/197495', 'person/197453', 'person/96830', 'person/197843', 'person/97133', 'person/197740', 'person/29579', 'person/197700', 'person/192634', 'person/124970', 'person/197580', 'person/197582', 'person/197528', 'person/107212', 'person/124985', 'person/23781', 'person/124833', 'person/96978', 'person/124835', 'person/197416', 'person/197498', 'person/128483', 'person/125004', 'person/182995', 'person/197846', 'person/197458', 'person/28372', 'person/125104', 'person/124808', 'person/197804', 'person/197781', 'person/197703', 'person/197806', 'person/125214', 'person/197680', 'person/197796', 'person/197637', 'person/197572', 'person/197448', 'person/197460', 'person/197488', 'person/124722', 'person/96867', 'person/124779', 'person/23788', 'person/197863', 'person/197735', 'person/197433', 'person/197610', 'person/197612', 'person/28269', 'person/124739', 'person/197786', 'person/197394', 'person/197720', 'person/197788', 'person/197533', 'person/197670', 'person/197535', 'person/96771', 'person/125706', 'person/197643', 'person/197645', 'person/103746', 'person/124884', 'person/125093', 'person/197826', 'person/197500', 'person/197502', 'person/124781', 'person/96899', 'person/5729', 'person/197423', 'person/124802', 'person/96734', 'person/197425', 'person/197465', 'person/28615', 'person/96842', 'person/130833', 'person/197648', 'person/197602', 'person/96903', 'person/96844', 'person/96697', 'person/197752', 'person/197754', 'person/197790', 'person/197712', 'person/197617', 'person/197677', 'person/197619', 'person/131580', 'person/197510', 'person/197512', 'person/197594', 'person/124887', 'person/197552', 'person/197870', 'person/124704', 'person/23768', 'person/197757', 'person/23821', 'person/197715', 'person/197818', 'person/197690', 'person/197692', 'person/197650', 'person/4550', 'person/197515', 'person/96739', 'person/197555', 'person/112744', 'person/197584', 'person/2341', 'person/28347', 'person/197470', 'person/125046', 'person/197472', 'person/197430', 'person/124989', 'person/197820', 'person/124734', 'person/38398', 'person/124822', 'person/96837', 'person/94649', 'person/197405', 'person/197445', 'person/197835', 'person/197624', 'person/23699', 'person/124709', 'person/197682', 'person/58789', 'person/197547', 'person/197770', 'person/197587', 'person/197589', 'person/197657', 'person/191693', 'person/197697', 'person/33982', 'person/197699', 'person/38595', 'person/112611', 'person/38511', 'person/197838', 'person/124814', 'person/197773', 'person/197437', 'person/197614', 'person/197764', 'person/197766', 'person/197522', 'person/197564', 'person/199941', 'person/4253', 'person/124952', 'person/35016', 'person/125068', 'person/2323', 'person/198183', 'person/197840', 'person/197842', 'person/28288', 'person/197800', 'person/197504', 'person/125128', 'person/124785', 'person/197769', 'person/30482']",659.0,org/ep-9,"['eli/dl/doc/PV-9-2019-10-24-RCV', 'eli/dl/doc/PV-9-2019-10-24', 'eli/dl/doc/CRE-9-2019-10-24']",http://publications.europa.eu/resource/authority/place/FRA_SXB,
72,eli/dl/event/MTG-PL-2019-11-14,Activity,"{'@value': '2019-11-14T00:00:00+01:00', 'type': 'xsd:dateTime'}",2019-11-14T23:00:00+01:00,MTG-PL-2019-11-14,"{'fi': 'Torstai 14. marraskuuta 2019', 'lv': 'Ceturtdiena, 2019. gada 14. novembris', 'sl': 'Četrtek, 14. november 2019', 'da': 'Torsdag den 14. november 2019', 'bg': 'Четвъртък, 14 ноември 2019', 'pt': 'Quinta-feira, 14 de Novembro de 2019', 'lt': 'Ketvirtadienis, 2019 m. lapkričio 14 d.', 'et': 'Neljapäev, 14. november 2019', 'fr': 'Jeudi 14 novembre 2019', 'ro': 'Joi, 14 noiembrie 2019', 'hr': 'četvrtak, 14. studenog 2019.', 'nl': 'Donderdag 14 november 2019', 'es': 'Jueves 14 de noviembre de 2019', 'it': 'Giovedì 14 novembre 2019', 'sk': 'Štvrtok, 14. novembra 2019', 'el': 'Πέμπτη 14 Νοεμβρίου 2019', 'cs': 'Čtvrtek, 14. listopadu 2019', 'de': 'Donnerstag, 14. November 2019', 'en': 'Thursday, 14 November 2019', 'hu': '2019. november 14., csütörtök', 'mt': ""Il-Ħamis, 14 ta' Novembru 2019"", 'sv': 'Torsdagen den 14 november 2019', 'pl': 'Czwartek, 14 listopada 2019'}",2019-11-14T01:00:00+01:00,"['eli/dl/event/MTG-PL-2019-11-14-PVCRE-ITM-1', 'eli/dl/event/MTG-PL-2019-11-14-PVCRE-ITM-11', 'eli/dl/event/MTG-PL-2019-11-14-PVCRE-ITM-9', 'eli/dl/event/MTG-PL-2019-11-14-PVCRE-ITM-5', 'eli/dl/event/MTG-PL-2019-11-14-PVCRE-ITM-2', 'eli/dl/event/MTG-PL-2019-11-14-VOT-ITM-839712', 'eli/dl/event/MTG-PL-2019-11-14-VOT-ITM-839708', 'eli/dl/event/MTG-PL-2019-11-14-VOT-ITM-839705', 'eli/dl/event/MTG-PL-2019-11-14-PVCRE-ITM-13', 'eli/dl/event/MTG-PL-2019-11-14-PVCRE-ITM-10', 'eli/dl/event/MTG-PL-2019-11-14-PVCRE-ITM-7', 'eli/dl/event/MTG-PL-2019-11-14-PVCRE-ITM-8', 'eli/dl/event/MTG-PL-2019-11-14-PVCRE-ITM-4', 'eli/dl/event/MTG-PL-2019-11-14-VOT-ITM-840883', 'eli/dl/event/MTG-PL-2019-11-14-VOT-ITM-839709', 'eli/dl/event/MTG-PL-2019-11-14-VOT-ITM-840660', 'eli/dl/event/MTG-PL-2019-11-14-VOT-ITM-839711', 'eli/dl/event/MTG-PL-2019-11-14-VOT-ITM-839707', 'eli/dl/event/MTG-PL-2019-11-14-PVCRE-ITM-12', 'eli/dl/event/MTG-PL-2019-11-14-PVCRE-ITM-3', 'eli/dl/event/MTG-PL-2019-11-14-PVCRE-ITM-6']",['eli/dl/doc/OJQ-9-2019-11-14'],def/ep-activities/PLENARY_SITTING,"['person/197459', 'person/197785', 'person/197720', 'person/113892', 'person/197542', 'person/96998', 'person/96820', 'person/96911', 'person/28372', 'person/197498', 'person/197811', 'person/197402', 'person/197761', 'person/96844', 'person/197535', 'person/197499', 'person/124973', 'person/197627', 'person/197786', 'person/197612', 'person/197771']","['person/96933', 'person/124992', 'person/197777', 'person/197869', 'person/132191', 'person/197517', 'person/197546', 'person/197533', 'person/197623', 'person/197436', 'person/28294', 'person/125068', 'person/197452', 'person/96952', 'person/197802', 'person/28288', 'person/197831', 'person/197467', 'person/96837', 'person/96776', 'person/128483', 'person/197655', 'person/198490', 'person/28297', 'person/197732', 'person/125001', 'person/197671', 'person/124779', 'person/197819', 'person/197770', 'person/197578', 'person/197510', 'person/183793', 'person/197594', 'person/197413', 'person/197468', 'person/125030', 'person/197400', 'person/30490', 'person/97058', 'person/197658', 'person/96885', 'person/124972', 'person/197735', 'person/4554', 'person/197751', 'person/197849', 'person/197773', 'person/197526', 'person/103746', 'person/124895', 'person/96830', 'person/197597', 'person/197416', 'person/197432', 'person/4246', 'person/124712', 'person/26837', 'person/23699', 'person/197767', 'person/197789', 'person/197529', 'person/197461', 'person/197606', 'person/197608', 'person/197651', 'person/39725', 'person/125065', 'person/124771', 'person/197558', 'person/134605', 'person/124872', 'person/197814', 'person/197574', 'person/197491', 'person/124696', 'person/197493', 'person/197638', 'person/124586', 'person/197731', 'person/24594', 'person/29579', 'person/197843', 'person/124936', 'person/197522', 'person/96810', 'person/197577', 'person/197667', 'person/124952', 'person/1854', 'person/197683', 'person/185341', 'person/86793', 'person/124705', 'person/197502', 'person/197412', 'person/197496', 'person/199996', 'person/197763', 'person/197425', 'person/96734', 'person/122978', 'person/96826', 'person/197523', 'person/96811', 'person/197441', 'person/96750', 'person/197615', 'person/125128', 'person/197600', 'person/96842', 'person/197699', 'person/197686', 'person/125045', 'person/124708', 'person/197505', 'person/197798', 'person/840', 'person/124807', 'person/124836', 'person/197538', 'person/124852', 'person/197554', 'person/197428', 'person/197457', 'person/96829', 'person/197894', 'person/197444', 'person/197618', 'person/125237', 'person/27714', 'person/197740', 'person/126644', 'person/197396', 'person/96780', 'person/124884', 'person/197586', 'person/124961', 'person/197663', 'person/1917', 'person/198176', 'person/124691', 'person/97968', 'person/124701', 'person/124785', 'person/5729', 'person/197826', 'person/197405', 'person/197828', 'person/197399', 'person/28389', 'person/193419', 'person/99283', 'person/30482', 'person/197421', 'person/96730', 'person/124887', 'person/197679', 'person/124991', 'person/125214', 'person/96891', 'person/197756', 'person/189525', 'person/197695', 'person/125027', 'person/197680', 'person/197778', 'person/197794', 'person/197518', 'person/96808', 'person/106936', 'person/197408', 'person/197437', 'person/197935', 'person/197453', 'person/197704', 'person/198096', 'person/124996', 'person/135511', 'person/197698', 'person/131507', 'person/96922', 'person/197803', 'person/197797', 'person/95074', 'person/199941', 'person/197566', 'person/197551', 'person/2054', 'person/197391', 'person/197643', 'person/24922', 'person/125004', 'person/4253', 'person/124765', 'person/197721', 'person/197835', 'person/197808', 'person/197820', 'person/119431', 'person/197401', 'person/197567', 'person/101039', 'person/197644', 'person/4555', 'person/197736', 'person/197709', 'person/197675', 'person/197752', 'person/124780', 'person/197512', 'person/124812', 'person/28161', 'person/124867', 'person/23816', 'person/197838', 'person/197417', 'person/119434', 'person/188945', 'person/197433', 'person/197488', 'person/124713', 'person/72779', 'person/197739', 'person/197690', 'person/197692', 'person/28340', 'person/28269', 'person/197791', 'person/197515', 'person/197607', 'person/96771', 'person/124989', 'person/197531', 'person/124714', 'person/124828', 'person/197701', 'person/124844', 'person/197800', 'person/197449', 'person/40599', 'person/197547', 'person/197465', 'person/4519', 'person/124861', 'person/197563', 'person/197716', 'person/96880', 'person/197718', 'person/188733', 'person/4267', 'person/28219', 'person/124760', 'person/58789', 'person/124777', 'person/197817', 'person/4344', 'person/96697', 'person/124953', 'person/112611', 'person/197832', 'person/197592', 'person/197480', 'person/197497', 'person/96867', 'person/197482', 'person/197656', 'person/4550', 'person/97133', 'person/124970', 'person/197733', 'person/28586', 'person/197672', 'person/197764', 'person/96706', 'person/190518', 'person/197863', 'person/96812', 'person/197579', 'person/124891', 'person/197601', 'person/197540', 'person/197414', 'person/124985', 'person/197687', 'person/124709', 'person/197506', 'person/197430', 'person/198183', 'person/28617', 'person/38398', 'person/124710', 'person/124808', 'person/197765', 'person/197787', 'person/23712', 'person/28266', 'person/197429', 'person/197445', 'person/197527', 'person/96899', 'person/197604', 'person/197620', 'person/197710', 'person/125063', 'person/124726', 'person/96668', 'person/197556', 'person/124856', 'person/197572', 'person/197446', 'person/23821', 'person/124692', 'person/197462', 'person/28115', 'person/197728', 'person/197652', 'person/197827', 'person/96991', 'person/197829', 'person/185619', 'person/197559', 'person/125109', 'person/189065', 'person/124934', 'person/197681', 'person/197410', 'person/197492', 'person/197494', 'person/97198', 'person/124802', 'person/197783', 'person/190099', 'person/197613', 'person/197668', 'person/185771', 'person/197684', 'person/2187', 'person/129073', 'person/124722', 'person/96747', 'person/197536', 'person/124821', 'person/124850', 'person/193292', 'person/197552', 'person/197426', 'person/197392', 'person/197471', 'person/197616', 'person/197632', 'person/197722', 'person/96955', 'person/197799', 'person/28223', 'person/96779', 'person/197394', 'person/197539', 'person/96711', 'person/124929', 'person/88715', 'person/197555', 'person/197645', 'person/197584', 'person/112748', 'person/197458', 'person/197661', 'person/124738', 'person/192634', 'person/124781', 'person/101585', 'person/197824', 'person/197403', 'person/197840', 'person/197489', 'person/28150', 'person/125106', 'person/197648', 'person/197587', 'person/197677', 'person/96903', 'person/125023', 'person/123562', 'person/197754', 'person/197776', 'person/197792', 'person/124814', 'person/197516', 'person/96743', 'person/197532', 'person/23788', 'person/197435', 'person/111011', 'person/197422', 'person/124715', 'person/187917', 'person/197702', 'person/197696', 'person/197779', 'person/197795', 'person/96681', 'person/197519', 'person/96809', 'person/124833', 'person/182995', 'person/197625', 'person/124862', 'person/197564', 'person/96852', 'person/125093', 'person/197438', 'person/23868', 'person/197641', 'person/112744', 'person/124747', 'person/124734', 'person/197705', 'person/96698', 'person/124846', 'person/98341', 'person/28390', 'person/197804', 'person/197806', 'person/2309', 'person/188636', 'person/96868', 'person/197483', 'person/197628', 'person/191693', 'person/197657', 'person/197581', 'person/197734', 'person/114268', 'person/38542', 'person/131580', 'person/124766', 'person/197772', 'person/96709', 'person/24505', 'person/23768', 'person/98582', 'person/197836', 'person/197596', 'person/197415', 'person/197431', 'person/96801', 'person/28508', 'person/197737', 'person/197788', 'person/96739', 'person/197528', 'person/197513', 'person/96740', 'person/197544', 'person/197418', 'person/197621', 'person/197434', 'person/107212', 'person/197769', 'person/96932', 'person/197813', 'person/197868', 'person/28347', 'person/96756', 'person/197545', 'person/197463', 'person/96772', 'person/197637', 'person/130100', 'person/96864', 'person/4533', 'person/197714', 'person/197653', 'person/125067', 'person/1909', 'person/96787', 'person/125012', 'person/197466', 'person/197495', 'person/125110', 'person/197717', 'person/197719', 'person/197670', 'person/190774', 'person/197816', 'person/197818', 'person/197784', 'person/198329', 'person/124877', 'person/197591', 'person/197593', 'person/197504', 'person/28615', 'person/124806', 'person/197749', 'person/125670', 'person/124822', 'person/197848', 'person/127096', 'person/197427', 'person/190519', 'person/197525', 'person/96752', 'person/197617', 'person/112014', 'person/197602', 'person/197619', 'person/197541', 'person/4513', 'person/124986', 'person/197507', 'person/118949', 'person/120478', 'person/124809', 'person/36392', 'person/34578', 'person/197810', 'person/197570', 'person/192635', 'person/124739', 'person/197475', 'person/197634', 'person/198063', 'person/197711', 'person/197742', 'person/197825', 'person/96713', 'person/197398', 'person/197841', 'person/197557', 'person/197649', 'person/94649', 'person/197573', 'person/124963', 'person/197478', 'person/124693', 'person/197490', 'person/197500', 'person/197743', 'person/99461', 'person/5392', 'person/193273', 'person/33982', 'person/197781', 'person/197423', 'person/197589', 'person/197521', 'person/197611', 'person/4560', 'person/197758', 'person/197697', 'person/197682', 'person/96646', 'person/124704', 'person/197501', 'person/33997', 'person/197796', 'person/124818', 'person/197534', 'person/124834', 'person/96761', 'person/197550', 'person/197439', 'person/118859', 'person/197390', 'person/38511', 'person/28353', 'person/197440', 'person/124735', 'person/197614', 'person/37312', 'person/197805', 'person/35016', 'person/96791', 'person/197580', 'person/197553', 'person/197393', 'person/28122', 'person/1913', 'person/197472', 'person/22858', 'person/130256', 'person/124866', 'person/28224', 'person/197837', 'person/197822', 'person/197395', 'person/2341', 'person/5565', 'person/125104', 'person/4465', 'person/197646', 'person/28400', 'person/197585', 'person/197738', 'person/197662', 'person/197691', 'person/4289', 'person/124700', 'person/124799', 'person/197839', 'person/96725', 'person/124784', 'person/197790', 'person/197514', 'person/197530', 'person/197419', 'person/197404', 'person/125038', 'person/197870', 'person/197678', 'person/197610']",612.0,org/ep-9,"['eli/dl/doc/PV-9-2019-11-14', 'eli/dl/doc/PV-9-2019-11-14-RCV']",http://publications.europa.eu/resource/authority/place/BEL_BRU,
73,eli/dl/event/MTG-PL-2019-11-28,Activity,"{'@value': '2019-11-28T00:00:00+01:00', 'type': 'xsd:dateTime'}",2019-11-28T23:00:00+01:00,MTG-PL-2019-11-28,"{'sv': 'Torsdagen den 28 november 2019', 'nl': 'Donderdag 28 november 2019', 'es': 'Jueves 28 de noviembre de 2019', 'hr': 'četvrtak, 28. studenog 2019.', 'ro': 'Joi, 28 noiembrie 2019', 'bg': 'Четвъртък, 28 ноември 2019', 'et': 'Neljapäev, 28. november 2019', 'mt': ""Il-Ħamis, 28 ta' Novembru 2019"", 'it': 'Giovedì 28 novembre 2019', 'fr': 'Jeudi 28 novembre 2019', 'cs': 'Čtvrtek, 28. listopadu 2019', 'pt': 'Quinta-feira, 28 de Novembro de 2019', 'sk': 'Štvrtok, 28. novembra 2019', 'fi': 'Torstai 28. marraskuuta 2019', 'de': 'Donnerstag, 28. November 2019', 'lv': 'Ceturtdiena, 2019. gada 28. novembris', 'pl': 'Czwartek, 28 listopada 2019', 'sl': 'Četrtek, 28. november 2019', 'da': 'Torsdag den 28. november 2019', 'lt': 'Ketvirtadienis, 2019 m. lapkričio 28 d.', 'hu': '2019. november 28., csütörtök', 'el': 'Πέμπτη 28 Νοεμβρίου 2019', 'en': 'Thursday, 28 November 2019'}",2019-11-28T01:00:00+01:00,"['eli/dl/event/MTG-PL-2019-11-28-PVCRE-ITM-5', 'eli/dl/event/MTG-PL-2019-11-28-PVCRE-ITM-2', 'eli/dl/event/MTG-PL-2019-11-28-PVCRE-ITM-20', 'eli/dl/event/MTG-PL-2019-11-28-PVCRE-ITM-19', 'eli/dl/event/MTG-PL-2019-11-28-PVCRE-ITM-1', 'eli/dl/event/MTG-PL-2019-11-28-VOT-ITM-842736', 'eli/dl/event/MTG-PL-2019-11-28-PVCRE-ITM-18', 'eli/dl/event/MTG-PL-2019-11-28-VOT-ITM-842750', 'eli/dl/event/MTG-PL-2019-11-28-VOT-ITM-843499', 'eli/dl/event/MTG-PL-2019-11-28-PVCRE-ITM-15', 'eli/dl/event/MTG-PL-2019-11-28-VOT-ITM-842748', 'eli/dl/event/MTG-PL-2019-11-28-PVCRE-ITM-14', 'eli/dl/event/MTG-PL-2019-11-28-PVCRE-ITM-17', 'eli/dl/event/MTG-PL-2019-11-28-VOT-ITM-843498', 'eli/dl/event/MTG-PL-2019-11-28-PVCRE-ITM-16', 'eli/dl/event/MTG-PL-2019-11-28-VOT-ITM-842184', 'eli/dl/event/MTG-PL-2019-11-28-VOT-ITM-842747', 'eli/dl/event/MTG-PL-2019-11-28-PVCRE-ITM-13', 'eli/dl/event/MTG-PL-2019-11-28-VOT-ITM-842746', 'eli/dl/event/MTG-PL-2019-11-28-PVCRE-ITM-12', 'eli/dl/event/MTG-PL-2019-11-28-PVCRE-ITM-9', 'eli/dl/event/MTG-PL-2019-11-28-VOT-ITM-842182', 'eli/dl/event/MTG-PL-2019-11-28-VOT-ITM-842745', 'eli/dl/event/MTG-PL-2019-11-28-PVCRE-ITM-11', 'eli/dl/event/MTG-PL-2019-11-28-VOT-ITM-842185', 'eli/dl/event/MTG-PL-2019-11-28-PVCRE-ITM-8', 'eli/dl/event/MTG-PL-2019-11-28-PVCRE-ITM-10', 'eli/dl/event/MTG-PL-2019-11-28-VOT-ITM-842741', 'eli/dl/event/MTG-PL-2019-11-28-PVCRE-ITM-7', 'eli/dl/event/MTG-PL-2019-11-28-PVCRE-ITM-4', 'eli/dl/event/MTG-PL-2019-11-28-PVCRE-ITM-3', 'eli/dl/event/MTG-PL-2019-11-28-VOT-ITM-842743', 'eli/dl/event/MTG-PL-2019-11-28-PVCRE-ITM-6']",['eli/dl/doc/OJQ-9-2019-11-28'],def/ep-activities/PLENARY_SITTING,"['person/197761', 'person/197612', 'person/197549', 'person/113892', 'person/197542']","['person/125004', 'person/197620', 'person/4289', 'person/197458', 'person/112611', 'person/197437', 'person/106936', 'person/197507', 'person/197463', 'person/88715', 'person/197576', 'person/197789', 'person/28619', 'person/124821', 'person/96779', 'person/197704', 'person/197646', 'person/197625', 'person/124708', 'person/197730', 'person/124799', 'person/197489', 'person/197808', 'person/124734', 'person/197511', 'person/28340', 'person/197433', 'person/96911', 'person/197756', 'person/127096', 'person/197503', 'person/28615', 'person/197785', 'person/197516', 'person/197621', 'person/28226', 'person/124704', 'person/197839', 'person/124873', 'person/103381', 'person/197698', 'person/197508', 'person/197677', 'person/125109', 'person/124822', 'person/197647', 'person/197563', 'person/197717', 'person/95074', 'person/197420', 'person/124735', 'person/197512', 'person/125043', 'person/2054', 'person/26837', 'person/197589', 'person/97133', 'person/38511', 'person/33997', 'person/120478', 'person/197446', 'person/197425', 'person/197638', 'person/197538', 'person/197743', 'person/197722', 'person/96903', 'person/197835', 'person/197608', 'person/197777', 'person/189391', 'person/28353', 'person/197699', 'person/96837', 'person/96711', 'person/197769', 'person/124809', 'person/197472', 'person/197451', 'person/197564', 'person/197529', 'person/197421', 'person/197634', 'person/197590', 'person/197613', 'person/124970', 'person/197498', 'person/197709', 'person/197773', 'person/124722', 'person/124835', 'person/96955', 'person/124814', 'person/197822', 'person/124586', 'person/96833', 'person/96812', 'person/112014', 'person/124996', 'person/107212', 'person/197686', 'person/185341', 'person/197665', 'person/197412', 'person/197778', 'person/197525', 'person/28141', 'person/197735', 'person/197848', 'person/28219', 'person/197827', 'person/197551', 'person/124861', 'person/124866', 'person/125005', 'person/197473', 'person/124936', 'person/197394', 'person/197438', 'person/190099', 'person/197635', 'person/197464', 'person/197577', 'person/124887', 'person/197556', 'person/197705', 'person/197661', 'person/28266', 'person/96885', 'person/96864', 'person/124836', 'person/197731', 'person/97198', 'person/197710', 'person/96750', 'person/114268', 'person/1917', 'person/197687', 'person/197413', 'person/197526', 'person/199941', 'person/112748', 'person/197460', 'person/28297', 'person/197849', 'person/197552', 'person/124862', 'person/96776', 'person/197870', 'person/197517', 'person/96697', 'person/197791', 'person/99283', 'person/197439', 'person/198183', 'person/129073', 'person/197465', 'person/197678', 'person/124710', 'person/94649', 'person/197578', 'person/1913', 'person/96668', 'person/124802', 'person/197648', 'person/198096', 'person/125110', 'person/197627', 'person/197732', 'person/124963', 'person/197400', 'person/124828', 'person/197491', 'person/125023', 'person/197810', 'person/124771', 'person/122978', 'person/197461', 'person/28617', 'person/197653', 'person/124989', 'person/197426', 'person/124692', 'person/197539', 'person/197518', 'person/28115', 'person/96698', 'person/197623', 'person/197836', 'person/197792', 'person/96826', 'person/23781', 'person/197679', 'person/96852', 'person/34578', 'person/197749', 'person/125237', 'person/197452', 'person/119434', 'person/197544', 'person/124985', 'person/197422', 'person/4253', 'person/197591', 'person/197401', 'person/197614', 'person/197514', 'person/125045', 'person/197811', 'person/197478', 'person/96991', 'person/124850', 'person/96743', 'person/197675', 'person/197427', 'person/197596', 'person/2323', 'person/124784', 'person/197837', 'person/130256', 'person/28390', 'person/197540', 'person/188945', 'person/197779', 'person/197863', 'person/197610', 'person/197828', 'person/124867', 'person/125020', 'person/22858', 'person/197453', 'person/197566', 'person/197395', 'person/96952', 'person/197889', 'person/197636', 'person/197592', 'person/130833', 'person/197615', 'person/198063', 'person/198176', 'person/197557', 'person/197720', 'person/98582', 'person/124972', 'person/197662', 'person/197641', 'person/124837', 'person/96681', 'person/197711', 'person/96709', 'person/197824', 'person/197803', 'person/96730', 'person/197667', 'person/197414', 'person/197527', 'person/197737', 'person/197611', 'person/197440', 'person/96791', 'person/191693', 'person/197553', 'person/125670', 'person/197829', 'person/86793', 'person/197532', 'person/96756', 'person/125063', 'person/197391', 'person/197602', 'person/197396', 'person/124812', 'person/197419', 'person/125012', 'person/197693', 'person/197466', 'person/197558', 'person/197763', 'person/2341', 'person/124973', 'person/197663', 'person/33982', 'person/197410', 'person/197628', 'person/197733', 'person/99945', 'person/125038', 'person/190713', 'person/197825', 'person/96752', 'person/197492', 'person/124934', 'person/4267', 'person/197415', 'person/4246', 'person/197584', 'person/96801', 'person/197816', 'person/197738', 'person/197462', 'person/197441', 'person/197654', 'person/124693', 'person/125064', 'person/197519', 'person/197624', 'person/35016', 'person/197392', 'person/1394', 'person/125706', 'person/197467', 'person/124777', 'person/124712', 'person/197764', 'person/197580', 'person/197629', 'person/197798', 'person/197545', 'person/197650', 'person/124986', 'person/1992', 'person/24594', 'person/197868', 'person/197402', 'person/124738', 'person/197515', 'person/197493', 'person/197812', 'person/185619', 'person/197817', 'person/197655', 'person/197428', 'person/197597', 'person/197681', 'person/124991', 'person/1854', 'person/197838', 'person/197794', 'person/197541', 'person/124877', 'person/197520', 'person/124856', 'person/124961', 'person/28122', 'person/197843', 'person/124713', 'person/199996', 'person/125021', 'person/124952', 'person/190518', 'person/96740', 'person/197546', 'person/96932', 'person/197651', 'person/197480', 'person/197869', 'person/23788', 'person/197593', 'person/197403', 'person/124739', 'person/197572', 'person/197616', 'person/125104', 'person/197721', 'person/124760', 'person/96880', 'person/124852', 'person/197459', 'person/101039', 'person/197429', 'person/111011', 'person/197804', 'person/182995', 'person/125214', 'person/124765', 'person/197668', 'person/126644', 'person/37324', 'person/197781', 'person/96771', 'person/197533', 'person/197935', 'person/124953', 'person/197455', 'person/124700', 'person/101585', 'person/58789', 'person/96933', 'person/96706', 'person/197481', 'person/197694', 'person/197504', 'person/197800', 'person/197594', 'person/197617', 'person/197786', 'person/197559', 'person/128483', 'person/197664', 'person/197643', 'person/96867', 'person/124895', 'person/124818', 'person/197826', 'person/197805', 'person/124844', 'person/197416', 'person/197585', 'person/197690', 'person/197500', 'person/197739', 'person/197718', 'person/197782', 'person/197555', 'person/197534', 'person/125065', 'person/197831', 'person/28223', 'person/124891', 'person/96842', 'person/124701', 'person/197604', 'person/197398', 'person/113959', 'person/197695', 'person/197801', 'person/840', 'person/197468', 'person/131580', 'person/197447', 'person/23816', 'person/4519', 'person/197581', 'person/96868', 'person/197799', 'person/27714', 'person/197714', 'person/5565', 'person/197530', 'person/197494', 'person/37312', 'person/197600', 'person/193419', 'person/197417', 'person/96780', 'person/197818', 'person/197586', 'person/124831', 'person/96808', 'person/197691', 'person/23821', 'person/197443', 'person/197656', 'person/96646', 'person/197408', 'person/197740', 'person/4344', 'person/197682', 'person/124992', 'person/197499', 'person/197795', 'person/96829', 'person/197521', 'person/96998', 'person/23868', 'person/197469', 'person/124779', 'person/197844', 'person/124714', 'person/197766', 'person/124806', 'person/197490', 'person/125001', 'person/38420', 'person/2309', 'person/197582', 'person/190519', 'person/23712', 'person/197547', 'person/192634', 'person/197652', 'person/124691', 'person/197404', 'person/197573', 'person/37229', 'person/29579', 'person/197701', 'person/197495', 'person/125027', 'person/197814', 'person/197770', 'person/197819', 'person/24505', 'person/28508', 'person/96725', 'person/197840', 'person/197657', 'person/96830', 'person/124696', 'person/40599', 'person/131507', 'person/197683', 'person/28288', 'person/197430', 'person/124766', 'person/197543', 'person/28372', 'person/197522', 'person/112744', 'person/197845', 'person/124715', 'person/96772', 'person/38542', 'person/123562', 'person/197435', 'person/197548', 'person/125093', 'person/96934', 'person/192635', 'person/197758', 'person/197482', 'person/197505', 'person/197595', 'person/197405', 'person/197618', 'person/124884', 'person/125106', 'person/197787', 'person/197574', 'person/72779', 'person/28150', 'person/4554', 'person/28389', 'person/197702', 'person/4533', 'person/197644', 'person/28586', 'person/1909', 'person/96747', 'person/197841', 'person/197806', 'person/197728', 'person/197431', 'person/197649', 'person/193292', 'person/197754', 'person/197501', 'person/197670', 'person/28294', 'person/189065', 'person/197719', 'person/197783', 'person/197570', 'person/124929', 'person/96899', 'person/197535', 'person/197457', 'person/28224', 'person/197832', 'person/197399', 'person/23699', 'person/39725', 'person/197483', 'person/197696', 'person/197802', 'person/103746', 'person/197506', 'person/197619', 'person/197448', 'person/187917', 'person/132191', 'person/197645', 'person/2187', 'person/197531', 'person/197510', 'person/130100', 'person/124846', 'person/96734', 'person/38398', 'person/96713', 'person/197418', 'person/197587', 'person/38595', 'person/96809', 'person/197692', 'person/189525', 'person/197502', 'person/197671', 'person/197444', 'person/197784', 'person/197423', 'person/197536', 'person/96922', 'person/125067', 'person/96739', 'person/124780', 'person/125046', 'person/96844', 'person/197606', 'person/124872', 'person/1927', 'person/197697', 'person/188636', 'person/118949', 'person/197449', 'person/197767', 'person/97968', 'person/124807', 'person/198329', 'person/197746', 'person/197470', 'person/124785', 'person/119431', 'person/197716', 'person/197632', 'person/185771', 'person/28347', 'person/125042', 'person/197496', 'person/5729', 'person/197771', 'person/197475', 'person/197588', 'person/96761', 'person/124833', 'person/197445', 'person/197820', 'person/197658', 'person/30490', 'person/197637', 'person/96810', 'person/197742', 'person/125068', 'person/124781', 'person/197684', 'person/197797', 'person/197607', 'person/97236', 'person/197776', 'person/96787', 'person/135511', 'person/197523', 'person/28400', 'person/197846', 'person/124808', 'person/197471', 'person/197436', 'person/28399', 'person/5392', 'person/197528', 'person/190774', 'person/197759', 'person/197406', 'person/197680', 'person/197497', 'person/197708', 'person/197772', 'person/24922', 'person/124834', 'person/4560', 'person/197842', 'person/197488', 'person/197432', 'person/28269', 'person/124747', 'person/30482', 'person/197755', 'person/197734', 'person/197571', 'person/197550']",671.0,org/ep-9,"['eli/dl/doc/PV-9-2019-11-28-RCV', 'eli/dl/doc/PV-9-2019-11-28']",http://publications.europa.eu/resource/authority/place/FRA_SXB,
74,eli/dl/event/MTG-PL-2019-12-19,Activity,"{'@value': '2019-12-19T00:00:00+01:00', 'type': 'xsd:dateTime'}",2019-12-19T23:00:00+01:00,MTG-PL-2019-12-19,"{'el': 'Πέμπτη 19 Δεκεμβρίου 2019', 'cs': 'Čtvrtek, 19. prosince 2019', 'sk': 'Štvrtok, 19. decembra 2019', 'it': 'Giovedì 19 dicembre 2019', 'lv': 'Ceturtdiena, 2019. gada 19. decembris', 'et': 'Neljapäev, 19. detsember 2019', 'ro': 'Joi, 19 decembrie 2019', 'pl': 'Czwartek, 19 grudnia 2019', 'pt': 'Quinta-feira, 19 de Dezembro de 2019', 'da': 'Torsdag den 19. december 2019', 'es': 'Jueves 19 de diciembre de 2019', 'sv': 'Torsdagen den 19 december 2019', 'mt': ""Il-Ħamis, 19 ta' Diċembru 2019"", 'en': 'Thursday, 19 December 2019', 'hr': 'četvrtak, 19. prosinca 2019.', 'de': 'Donnerstag, 19. Dezember 2019', 'fr': 'Jeudi 19 décembre 2019', 'lt': 'Ketvirtadienis, 2019 m. gruodžio 19 d.', 'fi': 'Torstai 19. joulukuuta 2019', 'sl': 'Četrtek, 19. december 2019', 'nl': 'Donderdag 19 december 2019', 'hu': '2019. december 19., csütörtök', 'bg': 'Четвъртък, 19 декември 2019'}",2019-12-19T01:00:00+01:00,"['eli/dl/event/MTG-PL-2019-12-19-PVCRE-ITM-15', 'eli/dl/event/MTG-PL-2019-12-19-PVCRE-ITM-1', 'eli/dl/event/MTG-PL-2019-12-19-PVCRE-ITM-10', 'eli/dl/event/MTG-PL-2019-12-19-PVCRE-ITM-7', 'eli/dl/event/MTG-PL-2019-12-19-PVCRE-ITM-19', 'eli/dl/event/MTG-PL-2019-12-19-PVCRE-ITM-14', 'eli/dl/event/MTG-PL-2019-12-19-PVCRE-ITM-6', 'eli/dl/event/MTG-PL-2019-12-19-VOT-ITM-847442', 'eli/dl/event/MTG-PL-2019-12-19-VOT-ITM-846319', 'eli/dl/event/MTG-PL-2019-12-19-VOT-ITM-846321', 'eli/dl/event/MTG-PL-2019-12-19-PVCRE-ITM-13', 'eli/dl/event/MTG-PL-2019-12-19-PVCRE-ITM-5', 'eli/dl/event/MTG-PL-2019-12-19-PVCRE-ITM-12', 'eli/dl/event/MTG-PL-2019-12-19-PVCRE-ITM-9', 'eli/dl/event/MTG-PL-2019-12-19-PVCRE-ITM-4', 'eli/dl/event/MTG-PL-2019-12-19-PVCRE-ITM-20', 'eli/dl/event/MTG-PL-2019-12-19-PVCRE-ITM-11', 'eli/dl/event/MTG-PL-2019-12-19-PVCRE-ITM-18', 'eli/dl/event/MTG-PL-2019-12-19-VOT-ITM-847578', 'eli/dl/event/MTG-PL-2019-12-19-VOT-ITM-846322', 'eli/dl/event/MTG-PL-2019-12-19-VOT-ITM-846326', 'eli/dl/event/MTG-PL-2019-12-19-PVCRE-ITM-17', 'eli/dl/event/MTG-PL-2019-12-19-PVCRE-ITM-3', 'eli/dl/event/MTG-PL-2019-12-19-PVCRE-ITM-16', 'eli/dl/event/MTG-PL-2019-12-19-PVCRE-ITM-2', 'eli/dl/event/MTG-PL-2019-12-19-PVCRE-ITM-8', 'eli/dl/event/MTG-PL-2019-12-19-VOT-ITM-847440']",['eli/dl/doc/OJQ-9-2019-12-19'],def/ep-activities/PLENARY_SITTING,"['person/36392', 'person/113892', 'person/197542', 'person/197408', 'person/197612', 'person/197535', 'person/124986', 'person/28400', 'person/197800']","['person/197528', 'person/1909', 'person/124991', 'person/197751', 'person/197714', 'person/95074', 'person/197570', 'person/197843', 'person/197672', 'person/124861', 'person/197624', 'person/96844', 'person/197829', 'person/197540', 'person/124831', 'person/197580', 'person/197813', 'person/197395', 'person/197869', 'person/197698', 'person/197455', 'person/86793', 'person/124887', 'person/197545', 'person/120478', 'person/197771', 'person/197404', 'person/190774', 'person/28115', 'person/197566', 'person/38542', 'person/197510', 'person/197515', 'person/125214', 'person/197797', 'person/197701', 'person/197757', 'person/124738', 'person/30482', 'person/124862', 'person/197472', 'person/125023', 'person/197678', 'person/197625', 'person/197435', 'person/58789', 'person/124708', 'person/193292', 'person/197396', 'person/124837', 'person/197498', 'person/197546', 'person/28372', 'person/197643', 'person/197632', 'person/192634', 'person/197772', 'person/197648', 'person/96852', 'person/96801', 'person/197732', 'person/188636', 'person/197777', 'person/197553', 'person/197826', 'person/124807', 'person/197516', 'person/197718', 'person/96725', 'person/28347', 'person/197412', 'person/197702', 'person/197758', 'person/124739', 'person/197501', 'person/96951', 'person/124760', 'person/197831', 'person/4550', 'person/124965', 'person/197473', 'person/2309', 'person/197679', 'person/130833', 'person/197817', 'person/124709', 'person/197728', 'person/197584', 'person/197589', 'person/191693', 'person/197443', 'person/197499', 'person/192635', 'person/197649', 'person/197638', 'person/197448', 'person/99283', 'person/197778', 'person/197827', 'person/197554', 'person/124808', 'person/197691', 'person/197559', 'person/28288', 'person/197393', 'person/125706', 'person/197785', 'person/197418', 'person/197740', 'person/124726', 'person/197502', 'person/24505', 'person/185619', 'person/197661', 'person/125027', 'person/124952', 'person/197460', 'person/197529', 'person/4246', 'person/125067', 'person/197790', 'person/197613', 'person/197715', 'person/197571', 'person/197844', 'person/197687', 'person/197430', 'person/197534', 'person/22858', 'person/197470', 'person/197620', 'person/1992', 'person/23821', 'person/197449', 'person/97198', 'person/197541', 'person/197597', 'person/197814', 'person/96750', 'person/125042', 'person/197400', 'person/96713', 'person/125093', 'person/96810', 'person/197419', 'person/197746', 'person/197786', 'person/28219', 'person/4554', 'person/197511', 'person/96776', 'person/124953', 'person/125012', 'person/125068', 'person/4289', 'person/97133', 'person/197667', 'person/96739', 'person/197600', 'person/198176', 'person/197716', 'person/1394', 'person/96697', 'person/197572', 'person/96681', 'person/197845', 'person/197431', 'person/197621', 'person/197626', 'person/197436', 'person/5565', 'person/197815', 'person/125109', 'person/96791', 'person/124989', 'person/197401', 'person/124970', 'person/197773', 'person/96756', 'person/197406', 'person/23788', 'person/124714', 'person/197733', 'person/72779', 'person/98582', 'person/28297', 'person/4555', 'person/197517', 'person/197719', 'person/124996', 'person/197601', 'person/124735', 'person/5729', 'person/24594', 'person/4465', 'person/28122', 'person/96698', 'person/96952', 'person/125110', 'person/197578', 'person/197832', 'person/197675', 'person/124929', 'person/37229', 'person/28353', 'person/197627', 'person/197437', 'person/197818', 'person/96833', 'person/840', 'person/197585', 'person/124834', 'person/197802', 'person/197398', 'person/197444', 'person/197548', 'person/1913', 'person/125670', 'person/197734', 'person/124715', 'person/35016', 'person/97968', 'person/197779', 'person/197555', 'person/96932', 'person/197692', 'person/190518', 'person/197655', 'person/124722', 'person/96829', 'person/197704', 'person/197870', 'person/112748', 'person/197503', 'person/124814', 'person/197662', 'person/197889', 'person/197475', 'person/197935', 'person/124891', 'person/197791', 'person/197614', 'person/103381', 'person/197819', 'person/197803', 'person/197530', 'person/197586', 'person/124821', 'person/197445', 'person/124877', 'person/197721', 'person/96933', 'person/197693', 'person/125043', 'person/193419', 'person/2323', 'person/197742', 'person/40599', 'person/96903', 'person/28161', 'person/197504', 'person/124779', 'person/123562', 'person/197820', 'person/197663', 'person/96646', 'person/197462', 'person/134605', 'person/197668', 'person/197615', 'person/197425', 'person/197806', 'person/197717', 'person/197573', 'person/197841', 'person/124822', 'person/28586', 'person/197846', 'person/118859', 'person/197432', 'person/97058', 'person/197488', 'person/197536', 'person/96842', 'person/130256', 'person/197722', 'person/197543', 'person/124780', 'person/125004', 'person/96752', 'person/197680', 'person/197699', 'person/197493', 'person/198063', 'person/197708', 'person/124934', 'person/124985', 'person/199941', 'person/1927', 'person/99461', 'person/124710', 'person/124766', 'person/28615', 'person/124802', 'person/197650', 'person/197463', 'person/124895', 'person/4519', 'person/197602', 'person/5392', 'person/58766', 'person/197798', 'person/197574', 'person/197579', 'person/124828', 'person/197433', 'person/197523', 'person/96808', 'person/96885', 'person/197760', 'person/132191', 'person/187917', 'person/197765', 'person/29579', 'person/135511', 'person/34578', 'person/124781', 'person/197399', 'person/197681', 'person/197544', 'person/122978', 'person/197549', 'person/107212', 'person/124972', 'person/197730', 'person/124691', 'person/197735', 'person/197651', 'person/26837', 'person/124942', 'person/190519', 'person/197519', 'person/125001', 'person/197469', 'person/189065', 'person/197656', 'person/197603', 'person/197413', 'person/197490', 'person/112744', 'person/124866', 'person/125128', 'person/189391', 'person/197420', 'person/197610', 'person/197629', 'person/96830', 'person/197439', 'person/124747', 'person/197766', 'person/197804', 'person/197531', 'person/198329', 'person/197587', 'person/124784', 'person/101585', 'person/96740', 'person/28223', 'person/96780', 'person/124973', 'person/124692', 'person/197592', 'person/96934', 'person/124846', 'person/197694', 'person/197451', 'person/189525', 'person/197491', 'person/197657', 'person/99945', 'person/2054', 'person/197500', 'person/197567', 'person/197835', 'person/197664', 'person/96771', 'person/197421', 'person/197616', 'person/197426', 'person/197805', 'person/124785', 'person/197588', 'person/197532', 'person/197537', 'person/28266', 'person/124704', 'person/2187', 'person/127096', 'person/197695', 'person/125005', 'person/124884', 'person/197494', 'person/125045', 'person/197709', 'person/197457', 'person/197644', 'person/197749', 'person/197506', 'person/188945', 'person/112014', 'person/197822', 'person/197512', 'person/197464', 'person/197665', 'person/106936', 'person/38595', 'person/197617', 'person/28399', 'person/197427', 'person/197808', 'person/101039', 'person/197754', 'person/197799', 'person/197848', 'person/197434', 'person/197538', 'person/96809', 'person/197761', 'person/130100', 'person/124961', 'person/96747', 'person/124705', 'person/190713', 'person/124696', 'person/96922', 'person/96978', 'person/197682', 'person/197495', 'person/124936', 'person/125046', 'person/96891', 'person/197645', 'person/197634', 'person/124712', 'person/197731', 'person/197839', 'person/28150', 'person/197550', 'person/128483', 'person/197590', 'person/197652', 'person/197465', 'person/202073', 'person/197781', 'person/197604', 'person/197414', 'person/197576', 'person/124867', 'person/197849', 'person/197520', 'person/197525', 'person/125063', 'person/4344', 'person/96734', 'person/97236', 'person/197711', 'person/197767', 'person/23868', 'person/124799', 'person/4533', 'person/28224', 'person/197482', 'person/124872', 'person/197635', 'person/124713', 'person/27714', 'person/197737', 'person/124693', 'person/197593', 'person/125104', 'person/197810', 'person/197452', 'person/197556', 'person/131580', 'person/197653', 'person/197492', 'person/197782', 'person/197658', 'person/202112', 'person/197415', 'person/96991', 'person/96867', 'person/197787', 'person/197563', 'person/124812', 'person/197836', 'person/96772', 'person/126644', 'person/197526', 'person/197478', 'person/197422', 'person/125064', 'person/88715', 'person/96837', 'person/197712', 'person/24922', 'person/124770', 'person/197670', 'person/197533', 'person/4560', 'person/197483', 'person/125237', 'person/1917', 'person/124700', 'person/114268', 'person/197738', 'person/197594', 'person/197811', 'person/197453', 'person/197458', 'person/197608', 'person/197402', 'person/96812', 'person/96868', 'person/197788', 'person/197507', 'person/197564', 'person/197837', 'person/124818', 'person/197513', 'person/39725', 'person/193273', 'person/124992', 'person/197795', 'person/197618', 'person/197423', 'person/197755', 'person/124771', 'person/96911', 'person/197671', 'person/197539', 'person/125021', 'person/198096', 'person/96880', 'person/96743', 'person/33982', 'person/183916', 'person/197623', 'person/197720', 'person/124701', 'person/2341', 'person/197581', 'person/197394', 'person/124835', 'person/197440', 'person/197641', 'person/197480', 'person/185771', 'person/197646', 'person/197770', 'person/197403', 'person/197459', 'person/197508', 'person/197551', 'person/124856', 'person/197591', 'person/197824', 'person/28294', 'person/197410', 'person/197514', 'person/197466', 'person/28340', 'person/197796', 'person/96779', 'person/96820', 'person/197429', 'person/129073', 'person/197700', 'person/197756', 'person/197577', 'person/38511', 'person/96709', 'person/197521', 'person/125038', 'person/185341', 'person/124963', 'person/197471', 'person/28269', 'person/96730', 'person/197677', 'person/197763', 'person/37312', 'person/124836', 'person/197684', 'person/197441', 'person/197497', 'person/124873', 'person/23699', 'person/197446', 'person/197481', 'person/4253', 'person/197647', 'person/197636', 'person/197776', 'person/197552', 'person/124806', 'person/197825', 'person/28619', 'person/197467', 'person/197557', 'person/197654', 'person/124586', 'person/197391', 'person/197783', 'person/197606', 'person/197416', 'person/197743', 'person/96955', 'person/197522', 'person/96787', 'person/197527', 'person/23712', 'person/197611', 'person/197764', 'person/119431', 'person/23768', 'person/197769', 'person/197842', 'person/96668', 'person/118949', 'person/197637', 'person/197447', 'person/198183', 'person/197739', 'person/96899', 'person/197595', 'person/124844', 'person/202036', 'person/197863', 'person/190099', 'person/125106', 'person/197812', 'person/197868', 'person/197558', 'person/197392', 'person/197784', 'person/28389', 'person/197607', 'person/197417', 'person/96864', 'person/103746', 'person/197744', 'person/197789', 'person/182995', 'person/197838', 'person/96998']",656.0,org/ep-9,"['eli/dl/doc/PV-9-2019-12-19', 'eli/dl/doc/PV-9-2019-12-19-RCV']",http://publications.europa.eu/resource/authority/place/FRA_SXB,
42,eli/dl/event/MTG-PL-2023-01-19,Activity,2023-01-19,2023-01-19T23:00:00+01:00,MTG-PL-2023-01-19,"{'fr': 'Jeudi 19 janvier 2023', 'lt': 'Ketvirtadienis, 2023 m. sausio 19 d.', 'fi': 'Torstai 19. tammikuuta 2023', 'hr': 'četvrtak, 19. siječnja 2023.', 'el': 'Πέμπτη 19 Ιανουαρίου 2023', 'lv': 'Ceturtdiena, 2023. gada 19. janvāris', 'et': 'Neljapäev, 19. jaanuar 2023', 'mt': ""Il-Ħamis, 19 ta' Jannar 2023"", 'hu': '2023. január 19., csütörtök', 'pl': 'Czwartek, 19 stycznia 2023', 'de': 'Donnerstag, 19. Januar 2023', 'sv': 'Torsdagen den 19 januari 2023', 'nl': 'Donderdag 19 januari 2023', 'sk': 'Štvrtok, 19. januára 2023', 'cs': 'Čtvrtek, 19. ledna 2023', 'ro': 'Joi, 19 ianuarie 2023', 'es': 'Jueves 19 de enero de 2023', 'en': 'Thursday, 19 January 2023', 'it': 'Giovedì 19 gennaio 2023', 'sl': 'Četrtek, 19. januar 2023', 'pt': 'Quinta-feira, 19 de Janeiro de 2023', 'bg': 'Четвъртък, 19 януари 2023', 'da': 'Torsdag den 19. januar 2023', 'ga': 'Déardaoin, 19 Eanáir 2023'}",2023-01-19T01:00:00+01:00,"['eli/dl/event/MTG-PL-2023-01-19-PVCRE-ITM-7', 'eli/dl/event/MTG-PL-2023-01-19-PVCRE-ITM-16', 'eli/dl/event/MTG-PL-2023-01-19-PVCRE-ITM-6', 'eli/dl/event/MTG-PL-2023-01-19-PVCRE-ITM-15', 'eli/dl/event/MTG-PL-2023-01-19-PVCRE-ITM-9', 'eli/dl/event/MTG-PL-2023-01-19-PVCRE-ITM-8', 'eli/dl/event/MTG-PL-2023-01-19-PVCRE-ITM-10', 'eli/dl/event/MTG-PL-2023-01-19-PVCRE-ITM-1', 'eli/dl/event/MTG-PL-2023-01-19-VOT-ITM-938523', 'eli/dl/event/MTG-PL-2023-01-19-VOT-ITM-938505', 'eli/dl/event/MTG-PL-2023-01-19-PVCRE-CHA-1', 'eli/dl/event/MTG-PL-2023-01-19-VOT-ITM-938507', 'eli/dl/event/MTG-PL-2023-01-19-PVCRE-ITM-12', 'eli/dl/event/MTG-PL-2023-01-19-PVCRE-ITM-3', 'eli/dl/event/MTG-PL-2023-01-19-PVCRE-ITM-11', 'eli/dl/event/MTG-PL-2023-01-19-PVCRE-ITM-2', 'eli/dl/event/MTG-PL-2023-01-19-VOT-ITM-938543', 'eli/dl/event/MTG-PL-2023-01-19-VOT-ITM-938524', 'eli/dl/event/MTG-PL-2023-01-19-PVCRE-ITM-5', 'eli/dl/event/MTG-PL-2023-01-19-PVCRE-ITM-14', 'eli/dl/event/MTG-PL-2023-01-19-PVCRE-ITM-4', 'eli/dl/event/MTG-PL-2023-01-19-PVCRE-ITM-13', 'eli/dl/event/MTG-PL-2023-01-19-VOT-ITM-938563', 'eli/dl/event/MTG-PL-2023-01-19-VOT-ITM-938503', 'eli/dl/event/MTG-PL-2023-01-19-VOT-ITM-938544']",['eli/dl/doc/OJQ-9-2023-01-19'],def/ep-activities/PLENARY_SITTING,"['person/182995', 'person/197547', 'person/197595', 'person/98341', 'person/96698', 'person/124734', 'person/197398', 'person/206158', 'person/197540', 'person/197518', 'person/197827', 'person/124985']","['person/197462', 'person/96713', 'person/197846', 'person/197470', 'person/197465', 'person/197434', 'person/5392', 'person/197671', 'person/197429', 'person/197756', 'person/96867', 'person/125004', 'person/197764', 'person/124696', 'person/183338', 'person/226260', 'person/197452', 'person/197539', 'person/23768', 'person/197447', 'person/197782', 'person/197466', 'person/202036', 'person/197552', 'person/96709', 'person/96801', 'person/124713', 'person/239255', 'person/124715', 'person/35016', 'person/96868', 'person/34578', 'person/197557', 'person/197801', 'person/228286', 'person/197448', 'person/5729', 'person/239256', 'person/197778', 'person/198490', 'person/24922', 'person/197832', 'person/197563', 'person/197786', 'person/197558', 'person/197802', 'person/185771', 'person/197421', 'person/124709', 'person/33982', 'person/237779', 'person/125093', 'person/124770', 'person/197531', 'person/197498', 'person/197828', 'person/124850', 'person/197789', 'person/240478', 'person/197743', 'person/204346', 'person/88715', 'person/197699', 'person/197422', 'person/197746', 'person/197526', 'person/197440', 'person/236052', 'person/238639', 'person/96932', 'person/96978', 'person/197417', 'person/124846', 'person/197770', 'person/197588', 'person/197634', 'person/124861', 'person/197870', 'person/125128', 'person/131507', 'person/197863', 'person/197780', 'person/197550', 'person/72779', 'person/197527', 'person/197435', 'person/125001', 'person/236053', 'person/124887', 'person/124701', 'person/58789', 'person/124693', 'person/197635', 'person/124934', 'person/197720', 'person/124739', 'person/197545', 'person/840', 'person/197490', 'person/197820', 'person/197781', 'person/197638', 'person/124712', 'person/197776', 'person/96747', 'person/197403', 'person/221463', 'person/106936', 'person/197513', 'person/124996', 'person/185974', 'person/39725', 'person/4560', 'person/213330', 'person/197489', 'person/99283', 'person/197580', 'person/197582', 'person/197412', 'person/197734', 'person/197695', 'person/197414', 'person/125064', 'person/28294', 'person/197514', 'person/183916', 'person/204414', 'person/96820', 'person/197522', 'person/197517', 'person/197576', 'person/197578', 'person/198183', 'person/197663', 'person/237224', 'person/28615', 'person/24942', 'person/107212', 'person/135511', 'person/197395', 'person/197838', 'person/197390', 'person/124875', 'person/197702', 'person/38595', 'person/197472', 'person/1917', 'person/204418', 'person/199941', 'person/96734', 'person/197631', 'person/197626', 'person/197587', 'person/124735', 'person/197396', 'person/197766', 'person/197481', 'person/197445', 'person/218347', 'person/28619', 'person/197682', 'person/197473', 'person/197468', 'person/185619', 'person/36392', 'person/113892', 'person/124821', 'person/28400', 'person/197767', 'person/96810', 'person/197709', 'person/124799', 'person/112611', 'person/197677', 'person/197400', 'person/197402', 'person/124806', 'person/28223', 'person/197825', 'person/96780', 'person/197510', 'person/197650', 'person/229352', 'person/197645', 'person/124872', 'person/96808', 'person/204368', 'person/197843', 'person/197889', 'person/197574', 'person/126644', 'person/96775', 'person/197799', 'person/197459', 'person/197826', 'person/120478', 'person/185341', 'person/197651', 'person/192635', 'person/23868', 'person/197646', 'person/125020', 'person/197460', 'person/112748', 'person/197654', 'person/197649', 'person/124781', 'person/96776', 'person/197432', 'person/197463', 'person/4253', 'person/197839', 'person/197808', 'person/96725', 'person/197427', 'person/197754', 'person/229519', 'person/204733', 'person/197542', 'person/125021', 'person/197701', 'person/197537', 'person/197773', 'person/33997', 'person/197464', 'person/197433', 'person/88882', 'person/204443', 'person/197763', 'person/30482', 'person/197438', 'person/197765', 'person/197791', 'person/197451', 'person/27714', 'person/197538', 'person/124714', 'person/124760', 'person/28347', 'person/197818', 'person/197731', 'person/197556', 'person/204336', 'person/197800', 'person/197792', 'person/197641', 'person/204449', 'person/197831', 'person/125670', 'person/238674', 'person/197496', 'person/197787', 'person/96922', 'person/28586', 'person/112744', 'person/28266', 'person/197804', 'person/86793', 'person/197430', 'person/197806', 'person/28297', 'person/103746', 'person/197423', 'person/124834', 'person/197425', 'person/197530', 'person/132191', 'person/197497', 'person/125012', 'person/4246', 'person/96833', 'person/197426', 'person/202112', 'person/197525', 'person/124837', 'person/197618', 'person/197393', 'person/236051', 'person/197528', 'person/124891', 'person/197589', 'person/197419', 'person/209091', 'person/96668', 'person/96837', 'person/125214', 'person/96750', 'person/124710', 'person/197483', 'person/187917', 'person/218349', 'person/2341', 'person/197529', 'person/198176', 'person/204332', 'person/190518', 'person/197593', 'person/190464', 'person/124738', 'person/197675', 'person/197721', 'person/197637', 'person/118949', 'person/197868', 'person/236050', 'person/197500', 'person/197719', 'person/130100', 'person/197492', 'person/197502', 'person/28353', 'person/197458', 'person/96756', 'person/190519', 'person/197594', 'person/202073', 'person/124822', 'person/197512', 'person/96903', 'person/197610', 'person/125045', 'person/99945', 'person/197520', 'person/125106', 'person/197841', 'person/197488', 'person/22858', 'person/197503', 'person/234344', 'person/197413', 'person/197506', 'person/197584', 'person/125063', 'person/197836', 'person/197608', 'person/96791', 'person/101585', 'person/197516', 'person/124833', 'person/197523', 'person/124973', 'person/197616', 'person/23788', 'person/197662', 'person/189525', 'person/197507', 'person/197585', 'person/197711', 'person/197672', 'person/197394', 'person/197837', 'person/197665', 'person/197667', 'person/197443', 'person/96787', 'person/96697', 'person/197657', 'person/124884', 'person/101039', 'person/58766', 'person/197553', 'person/128483', 'person/124992', 'person/197480', 'person/197668', 'person/197444', 'person/197482', 'person/197446', 'person/96936', 'person/197449', 'person/197590', 'person/212855', 'person/4267', 'person/197439', 'person/193419', 'person/197559', 'person/197572', 'person/197549', 'person/197785', 'person/197819', 'person/97058', 'person/127096', 'person/28340', 'person/124771', 'person/124766', 'person/28389', 'person/197829', 'person/189065', 'person/23781', 'person/197742', 'person/197698', 'person/136236', 'person/198063', 'person/122978', 'person/197798', 'person/239260', 'person/96779', 'person/192634', 'person/197441', 'person/124852', 'person/96933', 'person/28122', 'person/197738', 'person/197418', 'person/197771', 'person/197655', 'person/197431', 'person/125068', 'person/97968', 'person/124586', 'person/197551', 'person/124691', 'person/124785', 'person/197436', 'person/94649', 'person/197541', 'person/96829', 'person/96934', 'person/124704', 'person/124802', 'person/197536', 'person/197772', 'person/23712', 'person/125023', 'person/130833', 'person/96842', 'person/125025', 'person/197636', 'person/197544', 'person/124856', 'person/197546', 'person/237465', 'person/229839', 'person/197437', 'person/197690', 'person/202351', 'person/40599', 'person/197692', 'person/23699', 'person/197790', 'person/96991', 'person/96761', 'person/96771', 'person/124708', 'person/233862', 'person/197717', 'person/197822', 'person/230085', 'person/197410', 'person/197817', 'person/204333', 'person/24594', 'person/197405', 'person/204335', 'person/124929', 'person/204420', 'person/95074', 'person/197740', 'person/197735', 'person/96772', 'person/197935', 'person/129164', 'person/2054', 'person/96852', 'person/197495', 'person/197406', 'person/193292', 'person/114268', 'person/28372', 'person/197577', 'person/197623', 'person/197579', 'person/188945', 'person/96740', 'person/96998', 'person/124835', 'person/204416', 'person/197391', 'person/197519', 'person/197624', 'person/124700', 'person/197532', 'person/2323', 'person/204419', 'person/124844', 'person/197534', 'person/98582', 'person/197627', 'person/28617', 'person/28269', 'person/208722', 'person/193273', 'person/197619', 'person/124877', 'person/197683', 'person/130256', 'person/197848', 'person/197469', 'person/197628', 'person/209896', 'person/124895', 'person/125042', 'person/190713', 'person/96739', 'person/197722', 'person/124988', 'person/197571', 'person/197401', 'person/124812', 'person/124807', 'person/96885', 'person/96952', 'person/28224', 'person/239257', 'person/197478', 'person/28219', 'person/197564', 'person/125043', 'person/197511', 'person/124747', 'person/125104', 'person/197769', 'person/197795', 'person/125046', 'person/197718', 'person/197491', 'person/197455', 'person/197501', 'person/197493', 'person/197457', 'person/204413', 'person/4746', 'person/124808', 'person/96681', 'person/96809', 'person/197504', 'person/199996', 'person/239972', 'person/239258', 'person/28141', 'person/129073', 'person/197611', 'person/197567', 'person/124831', 'person/197840', 'person/96646', 'person/197647', 'person/96899', 'person/197461', 'person/125706', 'person/198329', 'person/124867', 'person/197845', 'person/134605', 'person/239973', 'person/197670', 'person/228604', 'person/197835', 'person/38511', 'person/118859', 'person/124972', 'person/124777', 'person/197648']",563.0,org/ep-9,"['eli/dl/doc/PV-9-2023-01-19-RCV', 'eli/dl/doc/CRE-9-2023-01-19', 'eli/dl/doc/PV-9-2023-01-19']",http://publications.europa.eu/resource/authority/place/FRA_SXB,
43,eli/dl/event/MTG-PL-2023-01-26,Activity,2023-01-26,2023-01-26T23:00:00+01:00,MTG-PL-2023-01-26,"{'et': 'Neljapäev, 26. jaanuar 2023', 'pt': 'Quinta-feira, 26 de Janeiro de 2023', 'en': 'Thursday, 26 January 2023', 'sk': 'Štvrtok, 26. januára 2023', 'cs': 'Čtvrtek, 26. ledna 2023', 'lv': 'Ceturtdiena, 2023. gada 26. janvāris', 'da': 'Torsdag den 26. januar 2023', 'ro': 'Joi, 26 ianuarie 2023', 'hr': 'četvrtak, 26. siječnja 2023.', 'nl': 'Donderdag 26 januari 2023', 'mt': ""Il-Ħamis, 26 ta' Jannar 2023"", 'ga': 'Déardaoin, 26 Eanáir 2023', 'el': 'Πέμπτη 26 Ιανουαρίου 2023', 'fi': 'Torstai 26. tammikuuta 2023', 'sl': 'Četrtek, 26. januar 2023', 'fr': 'Jeudi 26 janvier 2023', 'pl': 'Czwartek, 26 stycznia 2023', 'hu': '2023. január 26., csütörtök', 'de': 'Donnerstag, 26. Januar 2023', 'it': 'Giovedì 26 gennaio 2023', 'sv': 'Torsdagen den 26 januari 2023', 'bg': 'Четвъртък, 26 януари 2023', 'lt': 'Ketvirtadienis, 2023 m. sausio 26 d.', 'es': 'Jueves 26 de enero de 2023'}",2023-01-26T01:00:00+01:00,"['eli/dl/event/MTG-PL-2023-01-26-PVCRE-ITM-6', 'eli/dl/event/MTG-PL-2023-01-26-PVCRE-ITM-4', 'eli/dl/event/MTG-PL-2023-01-26-PVCRE-ITM-10', 'eli/dl/event/MTG-PL-2023-01-26-PVCRE-ITM-1', 'eli/dl/event/MTG-PL-2023-01-26-PVCRE-ITM-9', 'eli/dl/event/MTG-PL-2023-01-26-PVCRE-ITM-2', 'eli/dl/event/MTG-PL-2023-01-26-PVCRE-ITM-7', 'eli/dl/event/MTG-PL-2023-01-26-PVCRE-CHA-1', 'eli/dl/event/MTG-PL-2023-01-26-PVCRE-ITM-5', 'eli/dl/event/MTG-PL-2023-01-26-PVCRE-ITM-8', 'eli/dl/event/MTG-PL-2023-01-26-PVCRE-ITM-3']",['eli/dl/doc/OJQ-9-2023-01-26'],def/ep-activities/PLENARY_SITTING,"['person/197824', 'person/96698', 'person/197398', 'person/197595', 'person/197827', 'person/124992', 'person/124734']","['person/33982', 'person/126644', 'person/125214', 'person/197588', 'person/28586', 'person/23699', 'person/96772', 'person/197935', 'person/125067', 'person/197671', 'person/106936', 'person/202073', 'person/125046', 'person/197817', 'person/197786', 'person/124799', 'person/2054', 'person/197445', 'person/96936', 'person/197792', 'person/228286', 'person/124846', 'person/197787', 'person/124812', 'person/197670', 'person/28122', 'person/197512', 'person/28141', 'person/197557', 'person/205452', 'person/88882', 'person/197845', 'person/124712', 'person/197638', 'person/197791', 'person/197719', 'person/204413', 'person/197656', 'person/197497', 'person/96750', 'person/197503', 'person/191693', 'person/28269', 'person/197662', 'person/197530', 'person/28353', 'person/197777', 'person/2341', 'person/197636', 'person/197770', 'person/197702', 'person/197502', 'person/24594', 'person/197393', 'person/124738', 'person/197870', 'person/197806', 'person/5729', 'person/96833', 'person/197764', 'person/28399', 'person/197889', 'person/96787', 'person/124586', 'person/96808', 'person/197765', 'person/197528', 'person/197840', 'person/96709', 'person/239973', 'person/125110', 'person/197540', 'person/28266', 'person/58766', 'person/197419', 'person/197802', 'person/197553', 'person/183916', 'person/197519', 'person/125064', 'person/185974', 'person/5565', 'person/28400', 'person/197836', 'person/96885', 'person/229839', 'person/197444', 'person/197658', 'person/239972', 'person/124862', 'person/197439', 'person/197526', 'person/114268', 'person/96933', 'person/24922', 'person/124988', 'person/72779', 'person/197742', 'person/124856', 'person/197610', 'person/125025', 'person/58789', 'person/197773', 'person/197779', 'person/24505', 'person/28223', 'person/37312', 'person/197844', 'person/197611', 'person/197637', 'person/39725', 'person/197395', 'person/101585', 'person/197722', 'person/96756', 'person/197718', 'person/124714', 'person/197578', 'person/197523', 'person/125104', 'person/206158', 'person/23781', 'person/197808', 'person/197475', 'person/86793', 'person/125042', 'person/197500', 'person/124710', 'person/204443', 'person/197680', 'person/197843', 'person/28372', 'person/197709', 'person/239258', 'person/1917', 'person/193419', 'person/197767', 'person/130100', 'person/197412', 'person/197581', 'person/96810', 'person/30482', 'person/22858', 'person/197413', 'person/197473', 'person/197434', 'person/197763', 'person/197490', 'person/197781', 'person/240478', 'person/197766', 'person/197451', 'person/197634', 'person/197465', 'person/96734', 'person/96779', 'person/97968', 'person/197551', 'person/197546', 'person/190519', 'person/38595', 'person/124766', 'person/96791', 'person/124831', 'person/197690', 'person/125027', 'person/197504', 'person/197606', 'person/28294', 'person/197437', 'person/237320', 'person/199941', 'person/202351', 'person/96952', 'person/197518', 'person/197835', 'person/38398', 'person/237779', 'person/202036', 'person/190518', 'person/1909', 'person/214839', 'person/96752', 'person/124700', 'person/124806', 'person/197441', 'person/96932', 'person/197436', 'person/197538', 'person/197496', 'person/197649', 'person/113892', 'person/118859', 'person/124781', 'person/40599', 'person/124709', 'person/197619', 'person/197576', 'person/197778', 'person/197772', 'person/124821', 'person/96852', 'person/198063', 'person/197408', 'person/96991', 'person/124696', 'person/198490', 'person/33997', 'person/197415', 'person/229519', 'person/840', 'person/23868', 'person/197805', 'person/197515', 'person/98341', 'person/124929', 'person/96922', 'person/197731', 'person/197548', 'person/229352', 'person/34578', 'person/197468', 'person/125021', 'person/197782', 'person/197433', 'person/197711', 'person/96646', 'person/23768', 'person/197464', 'person/197405', 'person/4560', 'person/197677', 'person/197545', 'person/197432', 'person/237224', 'person/4253', 'person/197401', 'person/197699', 'person/197735', 'person/197567', 'person/204333', 'person/189525', 'person/197798', 'person/124747', 'person/4267', 'person/125106', 'person/197462', 'person/124973', 'person/4246', 'person/96998', 'person/226260', 'person/134605', 'person/127096', 'person/123562', 'person/197440', 'person/197623', 'person/197435', 'person/197495', 'person/193273', 'person/96820', 'person/197667', 'person/197535', 'person/28619', 'person/96761', 'person/197461', 'person/96780', 'person/35016', 'person/28347', 'person/197457', 'person/197426', 'person/132191', 'person/27714', 'person/38511', 'person/218347', 'person/120478', 'person/124726', 'person/96747', 'person/124877', 'person/197804', 'person/95074', 'person/209140', 'person/124844', 'person/197692', 'person/197541', 'person/237465', 'person/197506', 'person/197608', 'person/197788', 'person/197510', 'person/198176', 'person/204336', 'person/197645', 'person/125065', 'person/197478', 'person/96711', 'person/197794', 'person/5392', 'person/197800', 'person/197527', 'person/197404', 'person/107212', 'person/88715', 'person/197482', 'person/94649', 'person/124861', 'person/197498', 'person/124701', 'person/197697', 'person/185341', 'person/212855', 'person/233862', 'person/197717', 'person/204418', 'person/185619', 'person/197400', 'person/197663', 'person/197596', 'person/197537', 'person/197403', 'person/124822', 'person/228604', 'person/197621', 'person/197771', 'person/197422', 'person/124972', 'person/197417', 'person/198096', 'person/197701', 'person/124739', 'person/125043', 'person/125004', 'person/197455', 'person/28150', 'person/118949', 'person/96668', 'person/197492', 'person/197421', 'person/124735', 'person/197721', 'person/197427', 'person/190464', 'person/197838']",342.0,org/ep-9,"['eli/dl/doc/PV-9-2023-01-26', 'eli/dl/doc/CRE-9-2023-01-26']",http://publications.europa.eu/resource/authority/place/BEL_BRU,
44,eli/dl/event/MTG-PL-2023-02-02,Activity,2023-02-02,2023-02-02T23:00:00+01:00,MTG-PL-2023-02-02,"{'sl': 'Četrtek, 2. februar 2023', 'sk': 'Štvrtok, 2. februára 2023', 'cs': 'Čtvrtek, 2. února 2023', 'ro': 'Joi, 2 februarie 2023', 'et': 'Neljapäev, 2. veebruar 2023', 'lt': 'Ketvirtadienis, 2023 m. vasario 2 d.', 'da': 'Torsdag den 2. februar 2023', 'en': 'Thursday, 2 February 2023', 'fr': 'Jeudi 2 février 2023', 'de': 'Donnerstag, 2. Februar 2023', 'bg': 'Четвъртък, 2 февруари 2023', 'fi': 'Torstai 2. helmikuuta 2023', 'lv': 'Ceturtdiena, 2023. gada 2. februāris', 'es': 'Jueves 2 de febrero de 2023', 'pl': 'Czwartek, 2 lutego 2023', 'mt': ""Il-Ħamis, 2 ta' Frar 2023"", 'hr': 'četvrtak, 2. veljače 2023.', 'sv': 'Torsdagen den 2 februari 2023', 'pt': 'Quinta-feira, 2 de Fevereiro de 2023', 'nl': 'Donderdag 2 februari 2023', 'el': 'Πέμπτη 2 Φεβρουαρίου 2023', 'ga': 'Déardaoin, 2 Feabhra 2023', 'it': 'Giovedì 2 febbraio 2023', 'hu': '2023. február 2., csütörtök'}",2023-02-02T01:00:00+01:00,"['eli/dl/event/MTG-PL-2023-02-02-VOT-ITM-938583', 'eli/dl/event/MTG-PL-2023-02-02-PVCRE-ITM-7', 'eli/dl/event/MTG-PL-2023-02-02-PVCRE-ITM-2', 'eli/dl/event/MTG-PL-2023-02-02-VOT-ITM-938604', 'eli/dl/event/MTG-PL-2023-02-02-PVCRE-ITM-1', 'eli/dl/event/MTG-PL-2023-02-02-PVCRE-ITM-11', 'eli/dl/event/MTG-PL-2023-02-02-VOT-ITM-938625', 'eli/dl/event/MTG-PL-2023-02-02-PVCRE-ITM-5', 'eli/dl/event/MTG-PL-2023-02-02-VOT-ITM-938624', 'eli/dl/event/MTG-PL-2023-02-02-VOT-ITM-938584', 'eli/dl/event/MTG-PL-2023-02-02-VOT-ITM-938628', 'eli/dl/event/MTG-PL-2023-02-02-PVCRE-ITM-3', 'eli/dl/event/MTG-PL-2023-02-02-PVCRE-ITM-10', 'eli/dl/event/MTG-PL-2023-02-02-VOT-ITM-938509', 'eli/dl/event/MTG-PL-2023-02-02-PVCRE-ITM-8', 'eli/dl/event/MTG-PL-2023-02-02-PVCRE-ITM-4', 'eli/dl/event/MTG-PL-2023-02-02-PVCRE-CHA-1', 'eli/dl/event/MTG-PL-2023-02-02-PVCRE-ITM-6', 'eli/dl/event/MTG-PL-2023-02-02-VOT-ITM-938603', 'eli/dl/event/MTG-PL-2023-02-02-VOT-ITM-938623', 'eli/dl/event/MTG-PL-2023-02-02-VOT-ITM-938629', 'eli/dl/event/MTG-PL-2023-02-02-PVCRE-ITM-9', 'eli/dl/event/MTG-PL-2023-02-02-VOT-ITM-938586']",['eli/dl/doc/OJQ-9-2023-02-02'],def/ep-activities/PLENARY_SITTING,"['person/197595', 'person/197585', 'person/197827', 'person/197542', 'person/124992', 'person/124734', 'person/197418', 'person/197677']","['person/197632', 'person/197579', 'person/197805', 'person/197636', 'person/197616', 'person/197889', 'person/202351', 'person/204332', 'person/197473', 'person/197467', 'person/96756', 'person/96772', 'person/197449', 'person/193292', 'person/4253', 'person/197657', 'person/221463', 'person/202036', 'person/197652', 'person/197843', 'person/197795', 'person/197439', 'person/197455', 'person/197842', 'person/125038', 'person/197836', 'person/131580', 'person/197502', 'person/197412', 'person/197496', 'person/28223', 'person/197482', 'person/106936', 'person/28150', 'person/124891', 'person/197538', 'person/197511', 'person/197682', 'person/124713', 'person/126644', 'person/99283', 'person/124846', 'person/124862', 'person/205452', 'person/5729', 'person/125067', 'person/197512', 'person/238639', 'person/197584', 'person/197505', 'person/236050', 'person/4267', 'person/197577', 'person/197563', 'person/197728', 'person/204418', 'person/197567', 'person/37312', 'person/197624', 'person/197618', 'person/185341', 'person/96697', 'person/204334', 'person/197777', 'person/124747', 'person/197461', 'person/96780', 'person/125106', 'person/197437', 'person/124722', 'person/5565', 'person/96933', 'person/124808', 'person/197641', 'person/2054', 'person/183338', 'person/198329', 'person/197702', 'person/209896', 'person/197831', 'person/197783', 'person/197840', 'person/96646', 'person/197443', 'person/197500', 'person/197824', 'person/23868', 'person/197404', 'person/124833', 'person/197468', 'person/197490', 'person/124837', 'person/38398', 'person/236053', 'person/197754', 'person/197559', 'person/197690', 'person/197670', 'person/198490', 'person/96779', 'person/124696', 'person/212855', 'person/124701', 'person/197711', 'person/197392', 'person/125093', 'person/198176', 'person/124850', 'person/127096', 'person/197556', 'person/197572', 'person/97236', 'person/197675', 'person/197571', 'person/197549', 'person/197606', 'person/197801', 'person/197779', 'person/197781', 'person/124771', 'person/124812', 'person/197425', 'person/197441', 'person/197419', 'person/124710', 'person/197822', 'person/28219', 'person/197395', 'person/124714', 'person/197498', 'person/197434', 'person/124887', 'person/197518', 'person/28429', 'person/28266', 'person/28353', 'person/197746', 'person/23699', 'person/197698', 'person/23788', 'person/24594', 'person/197719', 'person/28617', 'person/234344', 'person/197868', 'person/197810', 'person/96801', 'person/88882', 'person/197472', 'person/124929', 'person/124821', 'person/197448', 'person/125005', 'person/197530', 'person/197586', 'person/185619', 'person/197627', 'person/29579', 'person/28399', 'person/204336', 'person/97968', 'person/230085', 'person/96776', 'person/237465', 'person/125043', 'person/197580', 'person/197501', 'person/197663', 'person/1917', 'person/197553', 'person/23712', 'person/197610', 'person/233862', 'person/204420', 'person/204414', 'person/4560', 'person/197423', 'person/96903', 'person/96734', 'person/96750', 'person/197427', 'person/204449', 'person/237224', 'person/124856', 'person/125012', 'person/28161', 'person/190713', 'person/96829', 'person/185771', 'person/197406', 'person/197470', 'person/197422', 'person/197522', 'person/96978', 'person/124875', 'person/130833', 'person/197526', 'person/197734', 'person/197692', 'person/28400', 'person/96842', 'person/96826', 'person/129073', 'person/58766', 'person/204443', 'person/237320', 'person/96867', 'person/197460', 'person/131507', 'person/197436', 'person/197452', 'person/96932', 'person/197588', 'person/124807', 'person/197631', 'person/97058', 'person/197578', 'person/197635', 'person/103746', 'person/197535', 'person/197551', 'person/197529', 'person/197788', 'person/197608', 'person/96791', 'person/22858', 'person/197845', 'person/197818', 'person/197838', 'person/134605', 'person/124985', 'person/28269', 'person/197478', 'person/124867', 'person/124873', 'person/239973', 'person/28372', 'person/197651', 'person/197764', 'person/197541', 'person/197794', 'person/198063', 'person/197668', 'person/236052', 'person/197638', 'person/193273', 'person/197835', 'person/122978', 'person/24505', 'person/197771', 'person/197495', 'person/197475', 'person/197415', 'person/124844', 'person/125020', 'person/96991', 'person/112744', 'person/112748', 'person/190519', 'person/197391', 'person/197410', 'person/197510', 'person/4746', 'person/197514', 'person/4289', 'person/197507', 'person/197722', 'person/239256', 'person/58789', 'person/197680', 'person/197731', 'person/96830', 'person/197721', 'person/190774', 'person/197800', 'person/218349', 'person/124802', 'person/124770', 'person/124708', 'person/192635', 'person/197440', 'person/125023', 'person/197582', 'person/197576', 'person/197647', 'person/94649', 'person/197623', 'person/197786', 'person/197537', 'person/197523', 'person/204333', 'person/197776', 'person/197792', 'person/189065', 'person/204416', 'person/197785', 'person/202112', 'person/132191', 'person/96752', 'person/197429', 'person/197445', 'person/36392', 'person/124693', 'person/197466', 'person/188945', 'person/128483', 'person/124934', 'person/197695', 'person/197699', 'person/197589', 'person/197656', 'person/197672', 'person/197626', 'person/113892', 'person/197799', 'person/96812', 'person/197808', 'person/124785', 'person/197483', 'person/197403', 'person/197459', 'person/125064', 'person/96885', 'person/124836', 'person/218347', 'person/124784', 'person/197458', 'person/197558', 'person/124996', 'person/197662', 'person/96787', 'person/136236', 'person/197765', 'person/96668', 'person/124712', 'person/96899', 'person/197564', 'person/114268', 'person/124861', 'person/197621', 'person/197611', 'person/197525', 'person/197778', 'person/197780', 'person/96761', 'person/96681', 'person/197394', 'person/197773', 'person/124799', 'person/197497', 'person/197417', 'person/197433', 'person/197481', 'person/202352', 'person/129164', 'person/197697', 'person/197740', 'person/197718', 'person/4344', 'person/197738', 'person/197654', 'person/237779', 'person/197658', 'person/197634', 'person/96810', 'person/197701', 'person/197787', 'person/197447', 'person/125004', 'person/125046', 'person/124766', 'person/197504', 'person/96952', 'person/4246', 'person/120478', 'person/125045', 'person/125025', 'person/96936', 'person/197446', 'person/197546', 'person/197503', 'person/28288', 'person/28224', 'person/197619', 'person/197539', 'person/204335', 'person/96711', 'person/197829', 'person/98341', 'person/99945', 'person/197763', 'person/38595', 'person/28619', 'person/96775', 'person/197849', 'person/197767', 'person/124735', 'person/124739', 'person/118859', 'person/202073', 'person/189525', 'person/197489', 'person/124705', 'person/124700', 'person/229352', 'person/5392', 'person/124884', 'person/197935', 'person/124704', 'person/124973', 'person/35016', 'person/197552', 'person/124877', 'person/229519', 'person/112747', 'person/197679', 'person/1909', 'person/197593', 'person/197513', 'person/197782', 'person/197709', 'person/96808', 'person/204368', 'person/86793', 'person/204419', 'person/197463', 'person/28122', 'person/197462', 'person/197438', 'person/96998', 'person/96934', 'person/28297', 'person/33982', 'person/118949', 'person/213330', 'person/192634', 'person/125670', 'person/197691', 'person/197742', 'person/197646', 'person/209140', 'person/185974', 'person/197791', 'person/124781', 'person/198096', 'person/124822', 'person/197435', 'person/197451', 'person/197832', 'person/193419', 'person/28294', 'person/124806', 'person/96837', 'person/197444', 'person/197492', 'person/197544', 'person/199996', 'person/125027', 'person/197548', 'person/197534', 'person/197528', 'person/197527', 'person/197543', 'person/197591', 'person/182995', 'person/197796', 'person/209091', 'person/197817', 'person/96725', 'person/197837', 'person/1992', 'person/228604', 'person/34578', 'person/96740', 'person/33997', 'person/124866', 'person/96891', 'person/124872', 'person/96811', 'person/96653', 'person/239972', 'person/197393', 'person/124831', 'person/125063', 'person/204733', 'person/199941', 'person/197667', 'person/236051', 'person/197637', 'person/197557', 'person/197573', 'person/197770', 'person/23768', 'person/238674', 'person/204346', 'person/190518', 'person/39725', 'person/204413', 'person/125068', 'person/197846', 'person/28141', 'person/88715', 'person/197506', 'person/197426', 'person/96922', 'person/124895', 'person/1927', 'person/197519', 'person/95074', 'person/197650', 'person/96739', 'person/197769', 'person/840', 'person/125042', 'person/229839', 'person/197432', 'person/197480', 'person/125021', 'person/197532', 'person/239260', 'person/183916', 'person/197596', 'person/197536', 'person/197516', 'person/2323', 'person/197531', 'person/197587', 'person/197784', 'person/197841', 'person/197819', 'person/197628', 'person/101039', 'person/197825', 'person/124692', 'person/197398', 'person/197743', 'person/28615', 'person/197401', 'person/197465', 'person/197405', 'person/197469', 'person/124691', 'person/135511', 'person/24922', 'person/24942', 'person/197665', 'person/197655', 'person/197649', 'person/197671', 'person/183793', 'person/197545', 'person/28586', 'person/123562', 'person/197798', 'person/197648', 'person/226260', 'person/96820', 'person/190464', 'person/124777', 'person/125214', 'person/197828', 'person/204421', 'person/197848', 'person/125104', 'person/197870', 'person/197457', 'person/125110', 'person/240478', 'person/124738', 'person/40599', 'person/124760', 'person/197494', 'person/197488', 'person/197408', 'person/107212', 'person/197430', 'person/197566', 'person/239257', 'person/124972', 'person/208722', 'person/27714', 'person/197607', 'person/30482', 'person/96743', 'person/96747', 'person/197396', 'person/197735', 'person/124715', 'person/124709', 'person/96833', 'person/130100', 'person/125237', 'person/197520', 'person/125065', 'person/98582', 'person/125001', 'person/197540', 'person/228286', 'person/28347', 'person/28389', 'person/197772']",601.0,org/ep-9,"['eli/dl/doc/PV-9-2023-02-02', 'eli/dl/doc/PV-9-2023-02-02-RCV', 'eli/dl/doc/CRE-9-2023-02-02']",http://publications.europa.eu/resource/authority/place/BEL_BRU,
45,eli/dl/event/MTG-PL-2023-02-09,Activity,2023-02-09,2023-02-09T23:00:00+01:00,MTG-PL-2023-02-09,"{'pl': 'Czwartek, 9 lutego 2023', 'mt': ""Il-Ħamis, 9 ta' Frar 2023"", 'sl': 'Četrtek, 9. februar 2023', 'en': 'Thursday, 9 February 2023', 'de': 'Donnerstag, 9. Februar 2023', 'lt': 'Ketvirtadienis, 2023 m. vasario 9 d.', 'hu': '2023. február 9., csütörtök', 'el': 'Πέμπτη 9 Φεβρουαρίου 2023', 'nl': 'Donderdag 9 februari 2023', 'it': 'Giovedì 9 febbraio 2023', 'da': 'Torsdag den 9. februar 2023', 'ga': 'Déardaoin, 9 Feabhra 2023', 'sv': 'Torsdagen den 9 februari 2023', 'et': 'Neljapäev, 9. veebruar 2023', 'hr': 'četvrtak, 9. veljače 2023.', 'lv': 'Ceturtdiena, 2023. gada 9. februāris', 'pt': 'Quinta-feira, 9 de Fevereiro de 2023', 'bg': 'Четвъртък, 9 февруари 2023', 'fi': 'Torstai 9. helmikuuta 2023', 'cs': 'Čtvrtek, 9. února 2023', 'ro': 'Joi, 9 februarie 2023', 'sk': 'Štvrtok, 9. februára 2023', 'es': 'Jueves 9 de febrero de 2023', 'fr': 'Jeudi 9 février 2023'}",2023-02-09T01:00:00+01:00,"['eli/dl/event/MTG-PL-2023-02-09-PVCRE-ITM-7', 'eli/dl/event/MTG-PL-2023-02-09-PVCRE-ITM-6', 'eli/dl/event/MTG-PL-2023-02-09-PVCRE-ITM-3', 'eli/dl/event/MTG-PL-2023-02-09-PVCRE-ITM-2', 'eli/dl/event/MTG-PL-2023-02-09-PVCRE-ITM-8', 'eli/dl/event/MTG-PL-2023-02-09-PVCRE-ITM-1', 'eli/dl/event/MTG-PL-2023-02-09-PVCRE-ITM-5', 'eli/dl/event/MTG-PL-2023-02-09-PVCRE-ITM-4', 'eli/dl/event/MTG-PL-2023-02-09-PVCRE-CHA-1']",['eli/dl/doc/OJQ-9-2023-02-09'],def/ep-activities/PLENARY_SITTING,"['person/124734', 'person/197827', 'person/124992', 'person/197595']","['person/197694', 'person/125043', 'person/197788', 'person/23768', 'person/125064', 'person/197501', 'person/197402', 'person/229519', 'person/129073', 'person/185771', 'person/124846', 'person/101039', 'person/131580', 'person/96653', 'person/124770', 'person/5729', 'person/197432', 'person/96833', 'person/197832', 'person/197439', 'person/197634', 'person/197535', 'person/197646', 'person/197766', 'person/202351', 'person/96936', 'person/125065', 'person/4267', 'person/199996', 'person/124861', 'person/124972', 'person/238639', 'person/125046', 'person/204418', 'person/35016', 'person/197504', 'person/197405', 'person/197711', 'person/97968', 'person/28288', 'person/197433', 'person/197635', 'person/28619', 'person/197572', 'person/237779', 'person/96752', 'person/197767', 'person/4344', 'person/197798', 'person/40599', 'person/230085', 'person/197566', 'person/197698', 'person/209091', 'person/197483', 'person/197505', 'person/197406', 'person/197670', 'person/197619', 'person/239257', 'person/197545', 'person/126644', 'person/96761', 'person/34578', 'person/197792', 'person/98582', 'person/197836', 'person/197518', 'person/197638', 'person/124872', 'person/99283', 'person/840', 'person/197436', 'person/33982', 'person/96734', 'person/197671', 'person/58789', 'person/125128', 'person/197808', 'person/96820', 'person/197692', 'person/197621', 'person/197522', 'person/122978', 'person/236050', 'person/197654', 'person/197596', 'person/197576', 'person/197795', 'person/233862', 'person/28223', 'person/239973', 'person/197430', 'person/197743', 'person/197810', 'person/96812', 'person/124693', 'person/125025', 'person/212855', 'person/38595', 'person/96934', 'person/197391', 'person/30482', 'person/228604', 'person/204414', 'person/125023', 'person/197549', 'person/124586', 'person/197502', 'person/185341', 'person/124821', 'person/23816', 'person/124735', 'person/118859', 'person/120478', 'person/197765', 'person/96709', 'person/197470', 'person/197419', 'person/197720', 'person/197515', 'person/197392', 'person/197746', 'person/197868', 'person/124700', 'person/123562', 'person/125045', 'person/197460', 'person/124726', 'person/96787', 'person/124973', 'person/125104', 'person/239255', 'person/204419', 'person/124877', 'person/197434', 'person/197771', 'person/197573', 'person/197648', 'person/33997', 'person/197778', 'person/234344', 'person/197799', 'person/96885', 'person/124831', 'person/197482', 'person/197463', 'person/96808', 'person/189065', 'person/124781', 'person/197806', 'person/197443', 'person/28269', 'person/197480', 'person/197650', 'person/118949', 'person/197525', 'person/125020', 'person/197657', 'person/198096', 'person/197772', 'person/124802', 'person/124710', 'person/237465', 'person/1917', 'person/197519', 'person/125670', 'person/97058', 'person/113892', 'person/197722', 'person/28347', 'person/197444', 'person/197829', 'person/197844', 'person/197672', 'person/125021', 'person/96867', 'person/197679', 'person/197528', 'person/124738', 'person/28224', 'person/197410', 'person/124929', 'person/125110', 'person/124856', 'person/206158', 'person/96903', 'person/124988', 'person/96830', 'person/96991', 'person/197567', 'person/197467', 'person/96868', 'person/202112', 'person/197699', 'person/96952', 'person/1927', 'person/37312', 'person/197717', 'person/197529', 'person/197786', 'person/197400', 'person/96668', 'person/28266', 'person/197550', 'person/197709', 'person/197458', 'person/198329', 'person/197393', 'person/95074', 'person/204416', 'person/208722', 'person/28340', 'person/197441', 'person/228286', 'person/197718', 'person/197523', 'person/28399', 'person/197800', 'person/124867', 'person/96899', 'person/197616', 'person/197553', 'person/214839', 'person/28400', 'person/39725', 'person/197779', 'person/197394', 'person/28586', 'person/96809', 'person/124887', 'person/197731', 'person/23788', 'person/197805', 'person/2341', 'person/189525', 'person/130833', 'person/124833', 'person/197721', 'person/124766', 'person/197702', 'person/197465', 'person/1992', 'person/197445', 'person/197626', 'person/197845', 'person/197527', 'person/204413', 'person/197584', 'person/124712', 'person/94649', 'person/124985', 'person/124739', 'person/127096', 'person/197680', 'person/1909', 'person/197491', 'person/197510', 'person/197466', 'person/197536', 'person/96810', 'person/197398', 'person/197557', 'person/134605', 'person/197585', 'person/229352', 'person/124704', 'person/204346', 'person/112611', 'person/88882', 'person/4560', 'person/28150', 'person/197401', 'person/124807', 'person/2054', 'person/28226', 'person/197530', 'person/197551', 'person/197662', 'person/96725', 'person/23781', 'person/96852', 'person/185974', 'person/112744', 'person/4253', 'person/135511', 'person/197421', 'person/124808', 'person/106936', 'person/197497', 'person/96740', 'person/190519', 'person/124714', 'person/130256', 'person/204443', 'person/124812', 'person/124708', 'person/28294', 'person/193419', 'person/197468', 'person/197395', 'person/237320', 'person/197780', 'person/125063', 'person/2323', 'person/124934', 'person/197544', 'person/86793', 'person/197687', 'person/205452', 'person/197403', 'person/238674', 'person/197472', 'person/197431', 'person/197452', 'person/197534', 'person/197459', 'person/96750', 'person/24922', 'person/197627', 'person/197863', 'person/125706', 'person/96646', 'person/197817', 'person/5392', 'person/96922', 'person/98341', 'person/130100', 'person/197610', 'person/197511', 'person/197516', 'person/197492', 'person/197742', 'person/96998', 'person/197537', 'person/202073', 'person/24594', 'person/197784', 'person/124701', 'person/197697', 'person/96791', 'person/96829', 'person/124722', 'person/124747', 'person/226260', 'person/38420', 'person/197426', 'person/96801', 'person/197520', 'person/197531', 'person/197835', 'person/197663', 'person/125012', 'person/197538', 'person/107212', 'person/197559', 'person/27714', 'person/197587', 'person/185619', 'person/197435', 'person/197446', 'person/124996', 'person/197691', 'person/193273', 'person/96932', 'person/24505', 'person/197408', 'person/197540', 'person/124799', 'person/197429', 'person/129164', 'person/197735', 'person/197498', 'person/125042', 'person/183916', 'person/124696', 'person/198063', 'person/197390', 'person/197645', 'person/197541', 'person/197840']",381.0,org/ep-9,"['eli/dl/doc/PV-9-2023-02-09-ATT', 'eli/dl/doc/CRE-9-2023-02-09', 'eli/dl/doc/PV-9-2023-02-09']",http://publications.europa.eu/resource/authority/place/BEL_BRU,
46,eli/dl/event/MTG-PL-2023-02-16,Activity,2023-02-16,2023-02-16T23:00:00+01:00,MTG-PL-2023-02-16,"{'et': 'Neljapäev, 16. veebruar 2023', 'sl': 'Četrtek, 16. februar 2023', 'cs': 'Čtvrtek, 16. února 2023', 'el': 'Πέμπτη 16 Φεβρουαρίου 2023', 'bg': 'Четвъртък, 16 февруари 2023', 'it': 'Giovedì 16 febbraio 2023', 'ro': 'Joi, 16 februarie 2023', 'pl': 'Czwartek, 16 lutego 2023', 'da': 'Torsdag den 16. februar 2023', 'hu': '2023. február 16., csütörtök', 'pt': 'Quinta-feira, 16 de Fevereiro de 2023', 'lv': 'Ceturtdiena, 2023. gada 16. februāris', 'sk': 'Štvrtok, 16. februára 2023', 'mt': ""Il-Ħamis, 16 ta' Frar 2023"", 'lt': 'Ketvirtadienis, 2023 m. vasario 16 d.', 'ga': 'Déardaoin, 16 Feabhra 2023', 'es': 'Jueves 16 de febrero de 2023', 'sv': 'Torsdagen den 16 februari 2023', 'en': 'Thursday, 16 February 2023', 'hr': 'četvrtak, 16. veljače 2023.', 'nl': 'Donderdag 16 februari 2023', 'fi': 'Torstai 16. helmikuuta 2023', 'fr': 'Jeudi 16 février 2023', 'de': 'Donnerstag, 16. Februar 2023'}",2023-02-16T01:00:00+01:00,"['eli/dl/event/MTG-PL-2023-02-16-VOT-ITM-938744', 'eli/dl/event/MTG-PL-2023-02-16-PVCRE-ITM-7', 'eli/dl/event/MTG-PL-2023-02-16-VOT-ITM-938662', 'eli/dl/event/MTG-PL-2023-02-16-PVCRE-ITM-13', 'eli/dl/event/MTG-PL-2023-02-16-VOT-ITM-938764', 'eli/dl/event/MTG-PL-2023-02-16-PVCRE-ITM-1', 'eli/dl/event/MTG-PL-2023-02-16-PVCRE-CHA-1', 'eli/dl/event/MTG-PL-2023-02-16-PVCRE-ITM-3', 'eli/dl/event/MTG-PL-2023-02-16-PVCRE-ITM-14', 'eli/dl/event/MTG-PL-2023-02-16-VOT-ITM-938728', 'eli/dl/event/MTG-PL-2023-02-16-VOT-ITM-938729', 'eli/dl/event/MTG-PL-2023-02-16-VOT-ITM-938743', 'eli/dl/event/MTG-PL-2023-02-16-VOT-ITM-938745', 'eli/dl/event/MTG-PL-2023-02-16-VOT-ITM-938665', 'eli/dl/event/MTG-PL-2023-02-16-VOT-ITM-938724', 'eli/dl/event/MTG-PL-2023-02-16-PVCRE-ITM-6', 'eli/dl/event/MTG-PL-2023-02-16-PVCRE-ITM-11', 'eli/dl/event/MTG-PL-2023-02-16-PVCRE-ITM-12', 'eli/dl/event/MTG-PL-2023-02-16-VOT-ITM-938763', 'eli/dl/event/MTG-PL-2023-02-16-PVCRE-ITM-8', 'eli/dl/event/MTG-PL-2023-02-16-PVCRE-ITM-9', 'eli/dl/event/MTG-PL-2023-02-16-PVCRE-ITM-2', 'eli/dl/event/MTG-PL-2023-02-16-PVCRE-ITM-4', 'eli/dl/event/MTG-PL-2023-02-16-PVCRE-ITM-15', 'eli/dl/event/MTG-PL-2023-02-16-VOT-ITM-938723', 'eli/dl/event/MTG-PL-2023-02-16-PVCRE-ITM-5', 'eli/dl/event/MTG-PL-2023-02-16-PVCRE-ITM-10']",['eli/dl/doc/OJQ-9-2023-02-16'],def/ep-activities/PLENARY_SITTING,"['person/197595', 'person/124992', 'person/197683', 'person/36392', 'person/197827', 'person/197522', 'person/124713', 'person/98341', 'person/124734']","['person/197648', 'person/202112', 'person/122978', 'person/204332', 'person/197776', 'person/197828', 'person/197438', 'person/28297', 'person/124738', 'person/205452', 'person/128483', 'person/4253', 'person/221463', 'person/197507', 'person/124866', 'person/33982', 'person/197584', 'person/197687', 'person/1917', 'person/197672', 'person/188945', 'person/204733', 'person/96713', 'person/197810', 'person/96801', 'person/197756', 'person/185341', 'person/96885', 'person/197427', 'person/197800', 'person/197412', 'person/204414', 'person/28161', 'person/197506', 'person/96833', 'person/197481', 'person/101585', 'person/197459', 'person/197444', 'person/125027', 'person/197526', 'person/125012', 'person/197511', 'person/197740', 'person/197558', 'person/197543', 'person/96739', 'person/129073', 'person/197789', 'person/197826', 'person/197443', 'person/124834', 'person/96891', 'person/124861', 'person/114268', 'person/96668', 'person/28390', 'person/96653', 'person/120478', 'person/197557', 'person/125043', 'person/5729', 'person/197542', 'person/197532', 'person/197788', 'person/197574', 'person/191693', 'person/197626', 'person/197825', 'person/197611', 'person/204334', 'person/96711', 'person/96829', 'person/28619', 'person/197778', 'person/124722', 'person/197469', 'person/197842', 'person/118859', 'person/198176', 'person/124850', 'person/197398', 'person/197417', 'person/197402', 'person/124808', 'person/197649', 'person/124895', 'person/124586', 'person/24922', 'person/197651', 'person/197718', 'person/197794', 'person/124766', 'person/197831', 'person/198063', 'person/124807', 'person/197441', 'person/229839', 'person/204443', 'person/96820', 'person/28224', 'person/125214', 'person/197460', 'person/197607', 'person/197690', 'person/197742', 'person/197587', 'person/197838', 'person/197624', 'person/202073', 'person/23788', 'person/24594', 'person/27714', 'person/28617', 'person/96743', 'person/124691', 'person/197396', 'person/197544', 'person/197586', 'person/28340', 'person/197571', 'person/197647', 'person/197638', 'person/197623', 'person/72779', 'person/190464', 'person/197679', 'person/1909', 'person/197701', 'person/197429', 'person/197395', 'person/197802', 'person/197844', 'person/96808', 'person/197414', 'person/204416', 'person/197498', 'person/197419', 'person/96936', 'person/197404', 'person/202351', 'person/197446', 'person/197488', 'person/28266', 'person/197473', 'person/124837', 'person/197663', 'person/124972', 'person/4289', 'person/197518', 'person/197843', 'person/197695', 'person/202036', 'person/197403', 'person/197472', 'person/124836', 'person/125068', 'person/124821', 'person/94649', 'person/197435', 'person/124785', 'person/124770', 'person/197517', 'person/28294', 'person/125001', 'person/124929', 'person/197549', 'person/197534', 'person/204336', 'person/96740', 'person/189065', 'person/197817', 'person/197393', 'person/96787', 'person/96772', 'person/125042', 'person/124714', 'person/124693', 'person/96934', 'person/126644', 'person/236050', 'person/192634', 'person/197588', 'person/197573', 'person/197610', 'person/2323', 'person/238639', 'person/96771', 'person/204413', 'person/237224', 'person/124692', 'person/197804', 'person/197416', 'person/96933', 'person/197401', 'person/197458', 'person/204418', 'person/96837', 'person/197470', 'person/125128', 'person/197448', 'person/28226', 'person/197433', 'person/197515', 'person/197665', 'person/197650', 'person/197692', 'person/28400', 'person/197702', 'person/197547', 'person/58766', 'person/197697', 'person/1927', 'person/197682', 'person/197734', 'person/97968', 'person/136236', 'person/197447', 'person/197432', 'person/99283', 'person/96991', 'person/124712', 'person/197546', 'person/197491', 'person/197501', 'person/197531', 'person/197681', 'person/197536', 'person/197578', 'person/197777', 'person/197829', 'person/197615', 'person/197590', 'person/124726', 'person/124739', 'person/125093', 'person/197819', 'person/135511', 'person/96734', 'person/88715', 'person/23781', 'person/190713', 'person/124867', 'person/124701', 'person/197406', 'person/134605', 'person/96978', 'person/197520', 'person/124884', 'person/129164', 'person/35016', 'person/127096', 'person/228286', 'person/197552', 'person/197801', 'person/97236', 'person/237779', 'person/197870', 'person/197798', 'person/197783', 'person/197835', 'person/125110', 'person/197820', 'person/197445', 'person/197430', 'person/23868', 'person/131507', 'person/197464', 'person/96952', 'person/124828', 'person/197559', 'person/125045', 'person/28122', 'person/197694', 'person/197746', 'person/197731', 'person/209140', 'person/197628', 'person/2341', 'person/125670', 'person/22858', 'person/198490', 'person/197935', 'person/197763', 'person/96747', 'person/23699', 'person/98582', 'person/229352', 'person/124802', 'person/197548', 'person/197451', 'person/28347', 'person/197533', 'person/28389', 'person/197627', 'person/199996', 'person/197779', 'person/197550', 'person/197668', 'person/193292', 'person/96709', 'person/197418', 'person/197781', 'person/86793', 'person/190519', 'person/197408', 'person/197462', 'person/197564', 'person/185974', 'person/197667', 'person/197652', 'person/197719', 'person/237465', 'person/28353', 'person/113892', 'person/197795', 'person/197657', 'person/197699', 'person/197832', 'person/197721', 'person/190518', 'person/197770', 'person/23712', 'person/124799', 'person/28141', 'person/197461', 'person/185619', 'person/197439', 'person/197390', 'person/239271', 'person/125005', 'person/197641', 'person/197538', 'person/185771', 'person/197523', 'person/96810', 'person/209896', 'person/96776', 'person/34578', 'person/125046', 'person/125004', 'person/197500', 'person/239260', 'person/4246', 'person/124831', 'person/197577', 'person/125063', 'person/197629', 'person/124934', 'person/237320', 'person/37312', 'person/197717', 'person/199941', 'person/197512', 'person/197596', 'person/96681', 'person/38511', 'person/96809', 'person/96775', 'person/197631', 'person/38595', 'person/197845', 'person/124696', 'person/4560', 'person/197808', 'person/204346', 'person/197405', 'person/189525', 'person/96922', 'person/96750', 'person/197489', 'person/96868', 'person/124747', 'person/124988', 'person/124973', 'person/197437', 'person/197422', 'person/197519', 'person/124875', 'person/197654', 'person/206158', 'person/24942', 'person/197782', 'person/197671', 'person/197738', 'person/96867', 'person/197765', 'person/28586', 'person/197436', 'person/183916', 'person/197421', 'person/124771', 'person/197463', 'person/96899', 'person/124812', 'person/193273', 'person/197490', 'person/96646', 'person/28219', 'person/28288', 'person/197453', 'person/197495', 'person/197505', 'person/197535', 'person/125021', 'person/197480', 'person/124844', 'person/112744', 'person/197670', 'person/197722', 'person/107212', 'person/197525', 'person/197567', 'person/197510', 'person/197619', 'person/197818', 'person/197594', 'person/197754', 'person/30482', 'person/124700', 'person/234344', 'person/58789', 'person/192635', 'person/124705', 'person/28372', 'person/226260', 'person/197593', 'person/124873', 'person/239973', 'person/197556', 'person/197541', 'person/197805', 'person/123562', 'person/197889', 'person/214839', 'person/204419', 'person/197787', 'person/197772', 'person/197839', 'person/204333', 'person/197449', 'person/197434', 'person/187917', 'person/230085', 'person/124887', 'person/125104', 'person/124872', 'person/239972', 'person/118949', 'person/197503', 'person/4746', 'person/197580', 'person/197698', 'person/197735', 'person/197720', 'person/208722', 'person/239256', 'person/23768', 'person/197863', 'person/96812', 'person/197767', 'person/204420', 'person/197423', 'person/39725', 'person/197502', 'person/124856', 'person/218349', 'person/193419', 'person/124806', 'person/125038', 'person/197440', 'person/197537', 'person/125023', 'person/197579', 'person/125065', 'person/197616', 'person/197591', 'person/28223', 'person/197766', 'person/96698', 'person/197606', 'person/197709', 'person/209091', 'person/197785', 'person/96725', 'person/132191', 'person/96998', 'person/197466', 'person/197553', 'person/233862', 'person/197656', 'person/238674', 'person/197799', 'person/197585', 'person/197784', 'person/197637', 'person/197836', 'person/96791', 'person/197868', 'person/197465', 'person/112611', 'person/218347', 'person/96903', 'person/197394', 'person/197413', 'person/197497', 'person/197482', 'person/5565', 'person/106936', 'person/197645', 'person/124891', 'person/124996', 'person/197527', 'person/130256', 'person/197764', 'person/239258', 'person/197677', 'person/2054', 'person/840', 'person/197662', 'person/197790', 'person/124777', 'person/197452', 'person/197504', 'person/125020', 'person/198183', 'person/125067', 'person/197566', 'person/239257', 'person/197551', 'person/197516', 'person/101039', 'person/197635', 'person/96779', 'person/236053', 'person/96830', 'person/204335', 'person/212855', 'person/125106', 'person/183338', 'person/197392', 'person/198329', 'person/197540', 'person/197582', 'person/197634', 'person/236052', 'person/4344', 'person/197786', 'person/197572', 'person/24505', 'person/197771', 'person/197675', 'person/197769', 'person/197391', 'person/124760', 'person/197410', 'person/197494', 'person/197415', 'person/239262', 'person/197400', 'person/197457', 'person/96932', 'person/197539', 'person/125025', 'person/240478', 'person/124833', 'person/112748', 'person/239255', 'person/197711', 'person/197529', 'person/197514', 'person/197608', 'person/28429', 'person/197743', 'person/124704', 'person/197483', 'person/124709', 'person/112747', 'person/125064', 'person/5392', 'person/197431', 'person/197528', 'person/197513', 'person/124822', 'person/124877', 'person/197632', 'person/197545', 'person/197530']",588.0,org/ep-9,"['eli/dl/doc/PV-9-2023-02-16', 'eli/dl/doc/PV-9-2023-02-16-RCV', 'eli/dl/doc/CRE-9-2023-02-16']",http://publications.europa.eu/resource/authority/place/FRA_SXB,
47,eli/dl/event/MTG-PL-2023-03-16,Activity,2023-03-16,2023-03-16T23:00:00+01:00,MTG-PL-2023-03-16,"{'fr': 'Jeudi 16 mars 2023', 'hu': '2023. március 16., csütörtök', 'sv': 'Torsdagen den 16 mars 2023', 'cs': 'Čtvrtek, 16. března 2023', 'pt': 'Quinta-feira, 16 de Março de 2023', 'de': 'Donnerstag, 16. März 2023', 'el': 'Πέμπτη 16 Μαρτίου 2023', 'pl': 'Czwartek, 16 marca 2023', 'bg': 'Четвъртък, 16 март 2023', 'mt': ""Il-Ħamis, 16 ta' Marzu 2023"", 'en': 'Thursday, 16 March 2023', 'fi': 'Torstai 16. maaliskuuta 2023', 'et': 'Neljapäev, 16. märts 2023', 'sl': 'Četrtek, 16. marec 2023', 'es': 'Jueves 16 de marzo de 2023', 'ga': 'Déardaoin, 16 Márta 2023', 'sk': 'Štvrtok, 16. marca 2023', 'nl': 'Donderdag 16 maart 2023', 'da': 'Torsdag den 16. marts 2023', 'ro': 'Joi, 16 martie 2023', 'it': 'Giovedì 16 marzo 2023', 'lt': 'Ketvirtadienis, 2023 m. kovo 16 d.', 'lv': 'Ceturtdiena, 2023. gada 16. marts', 'hr': 'četvrtak, 16. ožujka 2023.'}",2023-03-16T01:00:00+01:00,"['eli/dl/event/MTG-PL-2023-03-16-PVCRE-ITM-16', 'eli/dl/event/MTG-PL-2023-03-16-PVCRE-ITM-10', 'eli/dl/event/MTG-PL-2023-03-16-PVCRE-ITM-8', 'eli/dl/event/MTG-PL-2023-03-16-PVCRE-ITM-9', 'eli/dl/event/MTG-PL-2023-03-16-PVCRE-ITM-2', 'eli/dl/event/MTG-PL-2023-03-16-PVCRE-ITM-13', 'eli/dl/event/MTG-PL-2023-03-16-VOT-ITM-938864', 'eli/dl/event/MTG-PL-2023-03-16-PVCRE-ITM-4', 'eli/dl/event/MTG-PL-2023-03-16-PVCRE-ITM-5', 'eli/dl/event/MTG-PL-2023-03-16-VOT-ITM-938885', 'eli/dl/event/MTG-PL-2023-03-16-PVCRE-ITM-14', 'eli/dl/event/MTG-PL-2023-03-16-PVCRE-ITM-17', 'eli/dl/event/MTG-PL-2023-03-16-PVCRE-ITM-3', 'eli/dl/event/MTG-PL-2023-03-16-PVCRE-ITM-11', 'eli/dl/event/MTG-PL-2023-03-16-PVCRE-ITM-1', 'eli/dl/event/MTG-PL-2023-03-16-PVCRE-ITM-12', 'eli/dl/event/MTG-PL-2023-03-16-PVCRE-ITM-7', 'eli/dl/event/MTG-PL-2023-03-16-VOT-ITM-938883', 'eli/dl/event/MTG-PL-2023-03-16-PVCRE-CHA-1', 'eli/dl/event/MTG-PL-2023-03-16-PVCRE-ITM-15', 'eli/dl/event/MTG-PL-2023-03-16-VOT-ITM-938884', 'eli/dl/event/MTG-PL-2023-03-16-PVCRE-ITM-6', 'eli/dl/event/MTG-PL-2023-03-16-VOT-ITM-938809']",['eli/dl/doc/OJQ-9-2023-03-16'],def/ep-activities/PLENARY_SITTING,"['person/96812', 'person/112744', 'person/197434', 'person/124812', 'person/185974', 'person/197796', 'person/197595', 'person/197576', 'person/36392', 'person/98341', 'person/124734', 'person/125063', 'person/202036']","['person/131580', 'person/197585', 'person/197641', 'person/840', 'person/106936', 'person/197482', 'person/197817', 'person/130833', 'person/28294', 'person/197527', 'person/130256', 'person/124996', 'person/124866', 'person/197534', 'person/1917', 'person/125042', 'person/229839', 'person/205452', 'person/124586', 'person/197452', 'person/96772', 'person/33997', 'person/197551', 'person/96740', 'person/38511', 'person/197618', 'person/2323', 'person/197690', 'person/204418', 'person/197588', 'person/126644', 'person/197478', 'person/185341', 'person/238639', 'person/229352', 'person/101039', 'person/96809', 'person/197426', 'person/197401', 'person/96934', 'person/204346', 'person/197841', 'person/229519', 'person/38595', 'person/125106', 'person/202073', 'person/124834', 'person/197771', 'person/197738', 'person/24505', 'person/28586', 'person/197701', 'person/125025', 'person/96725', 'person/28340', 'person/197447', 'person/197634', 'person/197671', 'person/96867', 'person/97058', 'person/197494', 'person/197491', 'person/124760', 'person/124739', 'person/197590', 'person/96899', 'person/197615', 'person/191693', 'person/197400', 'person/124704', 'person/124701', 'person/197819', 'person/197529', 'person/197546', 'person/197608', 'person/197680', 'person/197578', 'person/28619', 'person/197539', 'person/197722', 'person/197536', 'person/5392', 'person/24922', 'person/197398', 'person/239973', 'person/198176', 'person/96903', 'person/124850', 'person/124808', 'person/124873', 'person/197754', 'person/197520', 'person/96791', 'person/96734', 'person/197552', 'person/197513', 'person/228286', 'person/134605', 'person/197835', 'person/197438', 'person/124738', 'person/197828', 'person/124887', 'person/197445', 'person/197801', 'person/197632', 'person/96978', 'person/228604', 'person/202112', 'person/197545', 'person/96820', 'person/197798', 'person/23788', 'person/124710', 'person/125670', 'person/23699', 'person/96952', 'person/197507', 'person/28297', 'person/28617', 'person/96779', 'person/130100', 'person/125214', 'person/239256', 'person/197720', 'person/125027', 'person/182995', 'person/2341', 'person/197396', 'person/28150', 'person/197496', 'person/197451', 'person/197412', 'person/197550', 'person/197444', 'person/197511', 'person/197650', 'person/197692', 'person/197548', 'person/1909', 'person/197682', 'person/197627', 'person/124713', 'person/197766', 'person/96808', 'person/136236', 'person/197564', 'person/197543', 'person/114268', 'person/197557', 'person/197780', 'person/197461', 'person/124799', 'person/125043', 'person/197773', 'person/197770', 'person/197439', 'person/88715', 'person/197589', 'person/197493', 'person/197626', 'person/197645', 'person/197402', 'person/129164', 'person/197842', 'person/185771', 'person/124891', 'person/198183', 'person/197538', 'person/239258', 'person/124835', 'person/197460', 'person/125004', 'person/197764', 'person/125046', 'person/197677', 'person/237320', 'person/197500', 'person/209896', 'person/96776', 'person/124766', 'person/95074', 'person/197596', 'person/197512', 'person/124747', 'person/4267', 'person/99945', 'person/197731', 'person/124973', 'person/197437', 'person/197838', 'person/28224', 'person/96681', 'person/198329', 'person/197489', 'person/197405', 'person/197845', 'person/197631', 'person/197587', 'person/1927', 'person/96713', 'person/197624', 'person/197782', 'person/197935', 'person/197421', 'person/197463', 'person/197763', 'person/96750', 'person/197391', 'person/96739', 'person/190464', 'person/96922', 'person/197571', 'person/28347', 'person/197675', 'person/124833', 'person/28389', 'person/197638', 'person/124771', 'person/197498', 'person/190519', 'person/197495', 'person/197453', 'person/197668', 'person/107212', 'person/197446', 'person/197488', 'person/197510', 'person/197652', 'person/197619', 'person/197404', 'person/124708', 'person/197691', 'person/124705', 'person/197802', 'person/197844', 'person/112748', 'person/197472', 'person/124715', 'person/58789', 'person/28266', 'person/94649', 'person/124884', 'person/35016', 'person/197791', 'person/124877', 'person/28353', 'person/96711', 'person/192635', 'person/214839', 'person/197517', 'person/197556', 'person/197721', 'person/125001', 'person/197772', 'person/97236', 'person/204332', 'person/197805', 'person/187917', 'person/197449', 'person/197636', 'person/221463', 'person/197889', 'person/197839', 'person/197549', 'person/33982', 'person/125706', 'person/197687', 'person/124714', 'person/4253', 'person/204413', 'person/37312', 'person/237224', 'person/197610', 'person/209140', 'person/197863', 'person/197580', 'person/204420', 'person/197470', 'person/192634', 'person/197573', 'person/199996', 'person/124852', 'person/197717', 'person/197502', 'person/124802', 'person/197458', 'person/197756', 'person/197522', 'person/125038', 'person/197455', 'person/209091', 'person/197804', 'person/197515', 'person/28161', 'person/197740', 'person/28400', 'person/197448', 'person/197654', 'person/96885', 'person/96801', 'person/197432', 'person/206158', 'person/197837', 'person/28226', 'person/28223', 'person/96833', 'person/97968', 'person/1992', 'person/197547', 'person/58766', 'person/124712', 'person/96891', 'person/197784', 'person/124861', 'person/197465', 'person/197765', 'person/99283', 'person/96668', 'person/96998', 'person/197563', 'person/197501', 'person/96752', 'person/197777', 'person/5565', 'person/23712', 'person/197531', 'person/204334', 'person/118859', 'person/197637', 'person/96829', 'person/197497', 'person/135511', 'person/112611', 'person/28372', 'person/197413', 'person/2054', 'person/197651', 'person/197406', 'person/125020', 'person/197846', 'person/4246', 'person/124895', 'person/197430', 'person/197870', 'person/23868', 'person/197783', 'person/96810', 'person/197464', 'person/124777', 'person/197718', 'person/197566', 'person/197504', 'person/124807', 'person/239260', 'person/237779', 'person/124696', 'person/197516', 'person/197559', 'person/96787', 'person/197742', 'person/197698', 'person/125045', 'person/208722', 'person/197735', 'person/96842', 'person/96771', 'person/189525', 'person/96761', 'person/197635', 'person/24942', 'person/96868', 'person/197647', 'person/212855', 'person/197467', 'person/197767', 'person/197786', 'person/197425', 'person/96933', 'person/197540', 'person/197582', 'person/86793', 'person/197779', 'person/197572', 'person/197781', 'person/96852', 'person/124837', 'person/132191', 'person/96991', 'person/197462', 'person/240478', 'person/197395', 'person/197679', 'person/193273', 'person/4289', 'person/197709', 'person/197418', 'person/124844', 'person/213330', 'person/197514', 'person/234344', 'person/124709', 'person/125064', 'person/197656', 'person/197653', 'person/197431', 'person/197663', 'person/124821', 'person/124781', 'person/197646', 'person/197832', 'person/28429', 'person/197483', 'person/197581', 'person/197795', 'person/197528', 'person/113892', 'person/189065', 'person/239972', 'person/124872', 'person/197523', 'person/197393', 'person/124992', 'person/204336', 'person/197530', 'person/204333', 'person/124693', 'person/230085', 'person/197662', 'person/204414', 'person/197427', 'person/124934', 'person/193419', 'person/34578', 'person/236050', 'person/204449', 'person/101585', 'person/125012', 'person/197621', 'person/197577', 'person/188945', 'person/197422', 'person/124856', 'person/204733', 'person/197481', 'person/4560', 'person/197506', 'person/124806', 'person/197526', 'person/197459', 'person/124988', 'person/197519', 'person/197808', 'person/197702', 'person/197558', 'person/197697', 'person/96747', 'person/197436', 'person/183338', 'person/197665', 'person/96837', 'person/197443', 'person/125021', 'person/183916', 'person/197681', 'person/96709', 'person/28288', 'person/197469', 'person/197769', 'person/5729', 'person/197480', 'person/197825', 'person/197611', 'person/197567', 'person/124700', 'person/197542', 'person/197505', 'person/197818', 'person/197525', 'person/197778', 'person/124867', 'person/23781', 'person/96756', 'person/190713', 'person/197574', 'person/103746', 'person/197743', 'person/197532', 'person/197711', 'person/197417', 'person/197593', 'person/96780', 'person/124985', 'person/204419', 'person/197655', 'person/124936', 'person/112747', 'person/226260', 'person/197475', 'person/197831', 'person/197468', 'person/197787', 'person/127096', 'person/197441', 'person/123562', 'person/197541', 'person/197794', 'person/125104', 'person/197607', 'person/204421', 'person/118949', 'person/128483', 'person/239257', 'person/197746', 'person/40599', 'person/131507', 'person/197503', 'person/197392', 'person/204335', 'person/28122', 'person/218349', 'person/27714', 'person/4746', 'person/24594', 'person/125023', 'person/88882', 'person/125065', 'person/197492', 'person/72779', 'person/197827', 'person/197591', 'person/96830', 'person/204416', 'person/197440', 'person/22858', 'person/197429', 'person/197616', 'person/193292', 'person/197586', 'person/197544', 'person/197473', 'person/197606', 'person/197623', 'person/197785', 'person/197537', 'person/197466', 'person/202351', 'person/197822', 'person/197792', 'person/197419', 'person/28399', 'person/197553', 'person/197518', 'person/239255', 'person/197699', 'person/125068', 'person/197657', 'person/238674', 'person/28390', 'person/96653', 'person/124822', 'person/190518', 'person/197836', 'person/197435', 'person/237465', 'person/124929', 'person/197667', 'person/239271', 'person/197403', 'person/233862', 'person/197868', 'person/197843']",572.0,org/ep-9,"['eli/dl/doc/PV-9-2023-03-16-RCV', 'eli/dl/doc/CRE-9-2023-03-16', 'eli/dl/doc/PV-9-2023-03-16']",http://publications.europa.eu/resource/authority/place/FRA_SXB,
48,eli/dl/event/MTG-PL-2023-03-30,Activity,2023-03-30,2023-03-30T23:00:00+02:00,MTG-PL-2023-03-30,"{'hr': 'četvrtak, 30. ožujka 2023.', 'da': 'Torsdag den 30. marts 2023', 'pt': 'Quinta-feira, 30 de Março de 2023', 'bg': 'Четвъртък, 30 март 2023', 'ga': 'Déardaoin, 30 Márta 2023', 'en': 'Thursday, 30 March 2023', 'hu': '2023. március 30., csütörtök', 'et': 'Neljapäev, 30. märts 2023', 'fi': 'Torstai 30. maaliskuuta 2023', 'it': 'Giovedì 30 marzo 2023', 'cs': 'Čtvrtek, 30. března 2023', 'nl': 'Donderdag 30 maart 2023', 'lv': 'Ceturtdiena, 2023. gada 30. marts', 'ro': 'Joi, 30 martie 2023', 'sk': 'Štvrtok, 30. marca 2023', 'pl': 'Czwartek, 30 marca 2023', 'de': 'Donnerstag, 30. März 2023', 'el': 'Πέμπτη 30 Μαρτίου 2023', 'fr': 'Jeudi 30 mars 2023', 'lt': 'Ketvirtadienis, 2023 m. kovo 30 d.', 'mt': ""Il-Ħamis, 30 ta' Marzu 2023"", 'es': 'Jueves 30 de marzo de 2023', 'sl': 'Četrtek, 30. marec 2023', 'sv': 'Torsdagen den 30 mars 2023'}",2023-03-30T01:00:00+02:00,"['eli/dl/event/MTG-PL-2023-03-30-VOT-ITM-938908', 'eli/dl/event/MTG-PL-2023-03-30-PVCRE-ITM-8', 'eli/dl/event/MTG-PL-2023-03-30-PVCRE-ITM-6', 'eli/dl/event/MTG-PL-2023-03-30-PVCRE-ITM-1', 'eli/dl/event/MTG-PL-2023-03-30-VOT-ITM-938904', 'eli/dl/event/MTG-PL-2023-03-30-PVCRE-ITM-9', 'eli/dl/event/MTG-PL-2023-03-30-VOT-ITM-938906', 'eli/dl/event/MTG-PL-2023-03-30-PVCRE-ITM-11', 'eli/dl/event/MTG-PL-2023-03-30-VOT-ITM-938907', 'eli/dl/event/MTG-PL-2023-03-30-PVCRE-CHA-1', 'eli/dl/event/MTG-PL-2023-03-30-PVCRE-ITM-3', 'eli/dl/event/MTG-PL-2023-03-30-PVCRE-ITM-5', 'eli/dl/event/MTG-PL-2023-03-30-VOT-ITM-938924', 'eli/dl/event/MTG-PL-2023-03-30-VOT-ITM-938909', 'eli/dl/event/MTG-PL-2023-03-30-PVCRE-ITM-10', 'eli/dl/event/MTG-PL-2023-03-30-PVCRE-ITM-7', 'eli/dl/event/MTG-PL-2023-03-30-VOT-ITM-938923', 'eli/dl/event/MTG-PL-2023-03-30-PVCRE-ITM-2', 'eli/dl/event/MTG-PL-2023-03-30-VOT-ITM-938905', 'eli/dl/event/MTG-PL-2023-03-30-PVCRE-ITM-4']",['eli/dl/doc/OJQ-9-2023-03-30'],def/ep-activities/PLENARY_SITTING,"['person/4246', 'person/197542', 'person/96646', 'person/197824', 'person/197683', 'person/197508', 'person/124734', 'person/96697', 'person/98341', 'person/197576']","['person/190518', 'person/197451', 'person/197460', 'person/96771', 'person/96932', 'person/197444', 'person/28353', 'person/197529', 'person/124739', 'person/197550', 'person/28141', 'person/197697', 'person/197781', 'person/124692', 'person/197536', 'person/206158', 'person/4267', 'person/124760', 'person/197543', 'person/197615', 'person/236053', 'person/197608', 'person/4344', 'person/197500', 'person/125025', 'person/197746', 'person/35016', 'person/197458', 'person/187917', 'person/197557', 'person/124781', 'person/197769', 'person/197564', 'person/197846', 'person/204733', 'person/197788', 'person/125093', 'person/197571', 'person/28269', 'person/72779', 'person/197507', 'person/199941', 'person/197795', 'person/197606', 'person/136236', 'person/197935', 'person/33997', 'person/125023', 'person/124846', 'person/197837', 'person/204333', 'person/204368', 'person/86793', 'person/23781', 'person/197472', 'person/197655', 'person/197465', 'person/39725', 'person/96776', 'person/124872', 'person/218349', 'person/197767', 'person/197844', 'person/197395', 'person/197786', 'person/197779', 'person/197585', 'person/197578', 'person/226260', 'person/197548', 'person/96811', 'person/124837', 'person/197802', 'person/183916', 'person/97058', 'person/197400', 'person/96711', 'person/94649', 'person/221463', 'person/197634', 'person/124844', 'person/197627', 'person/96867', 'person/197711', 'person/197393', 'person/28288', 'person/197470', 'person/197653', 'person/197463', 'person/197646', 'person/28372', 'person/218347', 'person/130833', 'person/197493', 'person/197592', 'person/124704', 'person/135511', 'person/118949', 'person/1927', 'person/95074', 'person/40599', 'person/125065', 'person/28619', 'person/197618', 'person/197800', 'person/197702', 'person/2054', 'person/197414', 'person/96734', 'person/24922', 'person/197520', 'person/197718', 'person/197870', 'person/197513', 'person/197632', 'person/28223', 'person/27714', 'person/198063', 'person/197681', 'person/124884', 'person/124877', 'person/24505', 'person/125042', 'person/228604', 'person/197435', 'person/197491', 'person/197667', 'person/124891', 'person/96809', 'person/5729', 'person/237779', 'person/125063', 'person/37312', 'person/124802', 'person/28617', 'person/96830', 'person/197527', 'person/197412', 'person/197405', 'person/96725', 'person/124856', 'person/38511', 'person/197511', 'person/197772', 'person/197534', 'person/197541', 'person/197498', 'person/96681', 'person/237320', 'person/124709', 'person/197588', 'person/197426', 'person/197665', 'person/193419', 'person/197433', 'person/197672', 'person/197805', 'person/183338', 'person/106936', 'person/96837', 'person/202352', 'person/197419', 'person/197440', 'person/208722', 'person/124735', 'person/197525', 'person/197518', 'person/130256', 'person/134605', 'person/96991', 'person/112748', 'person/197770', 'person/183793', 'person/30482', 'person/198329', 'person/197532', 'person/239973', 'person/2341', 'person/197505', 'person/197496', 'person/197679', 'person/124821', 'person/197489', 'person/197595', 'person/197828', 'person/125005', 'person/197835', 'person/197742', 'person/197735', 'person/197447', 'person/38595', 'person/124807', 'person/197765', 'person/197553', 'person/88882', 'person/198096', 'person/237465', 'person/96998', 'person/197842', 'person/28340', 'person/197777', 'person/197728', 'person/24594', 'person/197784', 'person/185771', 'person/197889', 'person/96653', 'person/197539', 'person/125110', 'person/124835', 'person/197503', 'person/4289', 'person/197438', 'person/197791', 'person/103746', 'person/23868', 'person/28389', 'person/192634', 'person/198490', 'person/124973', 'person/197819', 'person/125012', 'person/197826', 'person/229352', 'person/197391', 'person/124784', 'person/197567', 'person/197461', 'person/190519', 'person/124812', 'person/96772', 'person/96933', 'person/197445', 'person/124996', 'person/197452', 'person/197651', 'person/197763', 'person/189065', 'person/197756', 'person/28347', 'person/197551', 'person/237224', 'person/239262', 'person/197840', 'person/239255', 'person/197698', 'person/197581', 'person/197574', 'person/197782', 'person/124777', 'person/98582', 'person/124693', 'person/197544', 'person/197537', 'person/197798', 'person/240478', 'person/124833', 'person/197616', 'person/96709', 'person/197459', 'person/96779', 'person/204420', 'person/197623', 'person/197475', 'person/197468', 'person/197558', 'person/124875', 'person/197398', 'person/840', 'person/4746', 'person/197482', 'person/124700', 'person/197572', 'person/96952', 'person/197607', 'person/197868', 'person/28615', 'person/197403', 'person/197637', 'person/197410', 'person/197838', 'person/124861', 'person/204334', 'person/197721', 'person/96891', 'person/125214', 'person/1909', 'person/197473', 'person/124866', 'person/197466', 'person/197649', 'person/124873', 'person/238674', 'person/28429', 'person/209896', 'person/197586', 'person/197480', 'person/197579', 'person/96791', 'person/197431', 'person/197670', 'person/197663', 'person/96812', 'person/28161', 'person/204418', 'person/197810', 'person/238639', 'person/124714', 'person/197417', 'person/197523', 'person/197516', 'person/28219', 'person/197401', 'person/197635', 'person/120478', 'person/197628', 'person/197691', 'person/124852', 'person/124887', 'person/131507', 'person/197654', 'person/125045', 'person/125038', 'person/4560', 'person/197530', 'person/197494', 'person/197677', 'person/197593', 'person/197584', 'person/124705', 'person/197577', 'person/96903', 'person/99945', 'person/197422', 'person/234344', 'person/96810', 'person/197740', 'person/124929', 'person/197801', 'person/124712', 'person/96833', 'person/124747', 'person/123562', 'person/129073', 'person/197415', 'person/197408', 'person/197514', 'person/2323', 'person/124936', 'person/28224', 'person/126644', 'person/197478', 'person/197682', 'person/197894', 'person/112744', 'person/233862', 'person/38398', 'person/197501', 'person/197436', 'person/197492', 'person/197429', 'person/197668', 'person/122978', 'person/197675', 'person/197591', 'person/197817', 'person/197808', 'person/125001', 'person/118859', 'person/23712', 'person/197731', 'person/125064', 'person/197443', 'person/197754', 'person/124738', 'person/197528', 'person/229519', 'person/239260', 'person/112611', 'person/96978', 'person/113892', 'person/197717', 'person/197780', 'person/96756', 'person/125670', 'person/197773', 'person/197535', 'person/124691', 'person/124831', 'person/96740', 'person/127096', 'person/236052', 'person/33982', 'person/197427', 'person/202073', 'person/197434', 'person/190713', 'person/197822', 'person/197457', 'person/188945', 'person/197563', 'person/124985', 'person/197441', 'person/96761', 'person/96922', 'person/101039', 'person/24942', 'person/197526', 'person/197787', 'person/197519', 'person/197694', 'person/197549', 'person/197771', 'person/96747', 'person/124766', 'person/197533', 'person/197506', 'person/197540', 'person/197794', 'person/124822', 'person/236050', 'person/185974', 'person/28399', 'person/96829', 'person/197829', 'person/199996', 'person/205452', 'person/5392', 'person/204332', 'person/197464', 'person/197455', 'person/197766', 'person/23699', 'person/128483', 'person/193273', 'person/197843', 'person/239258', 'person/197394', 'person/197778', 'person/209140', 'person/197785', 'person/124696', 'person/125104', 'person/124771', 'person/28266', 'person/197619', 'person/197504', 'person/197792', 'person/197610', 'person/204400', 'person/204346', 'person/192635', 'person/197827', 'person/125020', 'person/197626', 'person/198176', 'person/28586', 'person/124785', 'person/197392', 'person/197462', 'person/197645', 'person/125043', 'person/96934', 'person/197652', 'person/197764', 'person/96668', 'person/197841', 'person/197582', 'person/28294', 'person/96780', 'person/99283', 'person/197799', 'person/204414', 'person/124710', 'person/197701', 'person/197413', 'person/197406', 'person/197512', 'person/96801', 'person/229839', 'person/124934', 'person/124799', 'person/198183', 'person/197624', 'person/197680', 'person/197469', 'person/197559', 'person/124988', 'person/197566', 'person/214839', 'person/197650', 'person/88715', 'person/197589', 'person/197483', 'person/96787', 'person/197490', 'person/96808', 'person/190464', 'person/124701', 'person/197580', 'person/197573', 'person/185341', 'person/107212', 'person/230085', 'person/1917', 'person/131580', 'person/182995', 'person/197404', 'person/197638', 'person/34578', 'person/197510', 'person/124862', 'person/212855', 'person/197722', 'person/124867', 'person/197467', 'person/197497', 'person/213330', 'person/193292', 'person/124708', 'person/197587', 'person/197596', 'person/96885', 'person/197425', 'person/197481', 'person/197432', 'person/204449', 'person/197671', 'person/101585', 'person/96820', 'person/197743', 'person/204419', 'person/36392', 'person/197804', 'person/124722', 'person/124715', 'person/202351', 'person/197418', 'person/96899', 'person/197517', 'person/132191', 'person/228286', 'person/197692', 'person/197720', 'person/112747', 'person/125046', 'person/125706', 'person/239972', 'person/197531', 'person/28122', 'person/197439', 'person/197495', 'person/197488', 'person/5565', 'person/124895', 'person/28297', 'person/197423', 'person/197430', 'person/125004', 'person/197734', 'person/58789', 'person/197453', 'person/124806', 'person/197446', 'person/124713', 'person/197416', 'person/197522', 'person/239256', 'person/197699', 'person/197515', 'person/197776', 'person/23788', 'person/197690', 'person/197545', 'person/197538', 'person/96750', 'person/197502', 'person/4253', 'person/97968', 'person/197437', 'person/22858', 'person/124972', 'person/197818', 'person/197832', 'person/197825', 'person/28400', 'person/197390']",587.0,org/ep-9,"['eli/dl/doc/PV-9-2023-03-30-RCV', 'eli/dl/doc/PV-9-2023-03-30', 'eli/dl/doc/CRE-9-2023-03-30']",http://publications.europa.eu/resource/authority/place/BEL_BRU,
49,eli/dl/event/MTG-PL-2023-04-20,Activity,2023-04-20,2023-04-20T23:00:00+02:00,MTG-PL-2023-04-20,"{'lt': 'Ketvirtadienis, 2023 m. balandžio 20 d.', 'de': 'Donnerstag, 20. April 2023', 'pt': 'Quinta-feira, 20 de Abril de 2023', 'cs': 'Čtvrtek, 20. dubna 2023', 'fr': 'Jeudi 20 avril 2023', 'it': 'Giovedì 20 aprile 2023', 'sk': 'Štvrtok, 20. apríla 2023', 'ro': 'Joi, 20 aprilie 2023', 'bg': 'Четвъртък, 20 април 2023', 'lv': 'Ceturtdiena, 2023. gada 20. aprīlis', 'pl': 'Czwartek, 20 kwietnia 2023', 'fi': 'Torstai 20. huhtikuuta 2023', 'da': 'Torsdag den 20. april 2023', 'ga': 'Déardaoin, 20 Aibreán 2023', 'et': 'Neljapäev, 20. aprill 2023', 'sv': 'Torsdagen den 20 april 2023', 'mt': ""Il-Ħamis, 20 ta' April 2023"", 'sl': 'Četrtek, 20. april 2023', 'nl': 'Donderdag 20 april 2023', 'es': 'Jueves 20 de abril de 2023', 'hu': '2023. április 20., csütörtök', 'el': 'Πέμπτη 20 Απριλίου 2023', 'hr': 'četvrtak, 20. travnja 2023.', 'en': 'Thursday, 20 April 2023'}",2023-04-20T01:00:00+02:00,"['eli/dl/event/MTG-PL-2023-04-20-VOT-ITM-938995', 'eli/dl/event/MTG-PL-2023-04-20-VOT-ITM-938988', 'eli/dl/event/MTG-PL-2023-04-20-VOT-ITM-938991', 'eli/dl/event/MTG-PL-2023-04-20-PVCRE-ITM-14', 'eli/dl/event/MTG-PL-2023-04-20-PVCRE-ITM-7', 'eli/dl/event/MTG-PL-2023-04-20-VOT-ITM-938958', 'eli/dl/event/MTG-PL-2023-04-20-PVCRE-ITM-11', 'eli/dl/event/MTG-PL-2023-04-20-PVCRE-ITM-8', 'eli/dl/event/MTG-PL-2023-04-20-VOT-ITM-938943', 'eli/dl/event/MTG-PL-2023-04-20-PVCRE-ITM-2', 'eli/dl/event/MTG-PL-2023-04-20-PVCRE-ITM-4', 'eli/dl/event/MTG-PL-2023-04-20-VOT-ITM-938994', 'eli/dl/event/MTG-PL-2023-04-20-PVCRE-ITM-16', 'eli/dl/event/MTG-PL-2023-04-20-VOT-ITM-938987', 'eli/dl/event/MTG-PL-2023-04-20-VOT-ITM-938990', 'eli/dl/event/MTG-PL-2023-04-20-PVCRE-ITM-13', 'eli/dl/event/MTG-PL-2023-04-20-PVCRE-ITM-6', 'eli/dl/event/MTG-PL-2023-04-20-PVCRE-ITM-10', 'eli/dl/event/MTG-PL-2023-04-20-VOT-ITM-938989', 'eli/dl/event/MTG-PL-2023-04-20-PVCRE-CHA-1', 'eli/dl/event/MTG-PL-2023-04-20-PVCRE-ITM-1', 'eli/dl/event/MTG-PL-2023-04-20-VOT-ITM-938992', 'eli/dl/event/MTG-PL-2023-04-20-VOT-ITM-938993', 'eli/dl/event/MTG-PL-2023-04-20-PVCRE-ITM-15', 'eli/dl/event/MTG-PL-2023-04-20-VOT-ITM-938986', 'eli/dl/event/MTG-PL-2023-04-20-PVCRE-ITM-12', 'eli/dl/event/MTG-PL-2023-04-20-PVCRE-ITM-9', 'eli/dl/event/MTG-PL-2023-04-20-PVCRE-ITM-3', 'eli/dl/event/MTG-PL-2023-04-20-PVCRE-ITM-5']",['eli/dl/doc/OJQ-9-2023-04-20'],def/ep-activities/PLENARY_SITTING,"['person/197806', 'person/98341', 'person/4746', 'person/124734', 'person/197581', 'person/197576', 'person/197434', 'person/96698', 'person/197542', 'person/197470']","['person/58789', 'person/197574', 'person/96739', 'person/197722', 'person/204346', 'person/197788', 'person/96952', 'person/197551', 'person/125046', 'person/197765', 'person/197731', 'person/204418', 'person/197627', 'person/197840', 'person/96934', 'person/124856', 'person/112747', 'person/197549', 'person/193419', 'person/197779', 'person/197402', 'person/197526', 'person/197831', 'person/96740', 'person/197522', 'person/197572', 'person/197756', 'person/197467', 'person/24594', 'person/125004', 'person/197556', 'person/124712', 'person/98582', 'person/208722', 'person/96833', 'person/197461', 'person/198490', 'person/28340', 'person/197618', 'person/197449', 'person/197547', 'person/96711', 'person/197822', 'person/209091', 'person/197393', 'person/197488', 'person/197586', 'person/197530', 'person/190518', 'person/131580', 'person/185341', 'person/28617', 'person/124821', 'person/197721', 'person/127096', 'person/197432', 'person/197482', 'person/197783', 'person/197734', 'person/124934', 'person/197672', 'person/125045', 'person/96761', 'person/243912', 'person/197843', 'person/193273', 'person/197656', 'person/24942', 'person/96820', 'person/125025', 'person/96811', 'person/197836', 'person/24922', 'person/197577', 'person/197699', 'person/228286', 'person/124862', 'person/197414', 'person/197518', 'person/197394', 'person/197695', 'person/86793', 'person/197584', 'person/120478', 'person/197457', 'person/189065', 'person/197764', 'person/197453', 'person/202351', 'person/134605', 'person/197571', 'person/197512', 'person/197430', 'person/197480', 'person/197781', 'person/190713', 'person/229352', 'person/112611', 'person/124895', 'person/96775', 'person/197677', 'person/197473', 'person/198063', 'person/124708', 'person/197506', 'person/197624', 'person/125023', 'person/96681', 'person/197405', 'person/30482', 'person/197401', 'person/28429', 'person/130100', 'person/239257', 'person/197795', 'person/124771', 'person/28219', 'person/197719', 'person/197559', 'person/197451', 'person/124837', 'person/96891', 'person/28269', 'person/124833', 'person/237779', 'person/28400', 'person/197494', 'person/197668', 'person/197746', 'person/197435', 'person/197805', 'person/197848', 'person/124985', 'person/132191', 'person/38398', 'person/197504', 'person/124992', 'person/124808', 'person/124866', 'person/230085', 'person/130833', 'person/130256', 'person/125064', 'person/197651', 'person/197828', 'person/239255', 'person/4560', 'person/197540', 'person/96932', 'person/1927', 'person/96787', 'person/197720', 'person/197711', 'person/204335', 'person/197777', 'person/197426', 'person/197492', 'person/197520', 'person/236050', 'person/125106', 'person/239260', 'person/197754', 'person/96837', 'person/197567', 'person/58766', 'person/197465', 'person/197563', 'person/237320', 'person/124714', 'person/96991', 'person/204421', 'person/124710', 'person/199941', 'person/197889', 'person/197590', 'person/197636', 'person/39725', 'person/197632', 'person/197538', 'person/197616', 'person/28161', 'person/197447', 'person/197798', 'person/197545', 'person/197515', 'person/197511', 'person/185974', 'person/204333', 'person/197391', 'person/236053', 'person/124691', 'person/96752', 'person/96903', 'person/197702', 'person/124747', 'person/197463', 'person/202036', 'person/28615', 'person/197663', 'person/4253', 'person/197670', 'person/125043', 'person/96808', 'person/191693', 'person/124701', 'person/221463', 'person/197503', 'person/197607', 'person/23781', 'person/125020', 'person/124872', 'person/197536', 'person/226260', 'person/197532', 'person/124777', 'person/33997', 'person/197690', 'person/239972', 'person/197579', 'person/28223', 'person/1992', 'person/197438', 'person/197870', 'person/197516', 'person/124738', 'person/96750', 'person/107212', 'person/124936', 'person/28372', 'person/28266', 'person/197766', 'person/197421', 'person/197772', 'person/197595', 'person/124929', 'person/96734', 'person/204419', 'person/124722', 'person/4267', 'person/234344', 'person/197628', 'person/197841', 'person/197645', 'person/112748', 'person/197641', 'person/204413', 'person/112744', 'person/122978', 'person/197825', 'person/96978', 'person/197459', 'person/197403', 'person/96899', 'person/197832', 'person/197573', 'person/199996', 'person/197566', 'person/33982', 'person/125005', 'person/197557', 'person/97058', 'person/23868', 'person/124713', 'person/96791', 'person/197770', 'person/124835', 'person/124831', 'person/197675', 'person/197462', 'person/197596', 'person/96830', 'person/188945', 'person/212855', 'person/124877', 'person/28346', 'person/96771', 'person/197846', 'person/125093', 'person/125012', 'person/840', 'person/124884', 'person/197548', 'person/124806', 'person/101039', 'person/197544', 'person/237224', 'person/197682', 'person/243979', 'person/197417', 'person/197728', 'person/197489', 'person/124760', 'person/197587', 'person/35016', 'person/197531', 'person/190519', 'person/197528', 'person/209896', 'person/197791', 'person/197440', 'person/124822', 'person/34578', 'person/197483', 'person/197784', 'person/136236', 'person/123562', 'person/197735', 'person/1909', 'person/197844', 'person/202112', 'person/197657', 'person/96812', 'person/197837', 'person/197415', 'person/197519', 'person/197817', 'person/229839', 'person/197458', 'person/5565', 'person/202352', 'person/22858', 'person/197481', 'person/197782', 'person/28619', 'person/197497', 'person/236051', 'person/197808', 'person/96776', 'person/124781', 'person/197552', 'person/96842', 'person/187917', 'person/197507', 'person/96885', 'person/197687', 'person/197743', 'person/96826', 'person/124972', 'person/131507', 'person/88715', 'person/197694', 'person/125067', 'person/38511', 'person/197501', 'person/197796', 'person/239258', 'person/197445', 'person/197543', 'person/197534', 'person/124693', 'person/197452', 'person/124834', 'person/28390', 'person/197429', 'person/197527', 'person/128483', 'person/197495', 'person/28150', 'person/214839', 'person/197665', 'person/197787', 'person/125038', 'person/197436', 'person/197550', 'person/94649', 'person/238674', 'person/237465', 'person/197800', 'person/197475', 'person/197593', 'person/192635', 'person/124867', 'person/28399', 'person/37312', 'person/197626', 'person/198176', 'person/96653', 'person/197652', 'person/96867', 'person/197829', 'person/96933', 'person/124766', 'person/197619', 'person/96709', 'person/190464', 'person/197410', 'person/197427', 'person/204336', 'person/197778', 'person/197423', 'person/233862', 'person/228604', 'person/197466', 'person/197564', 'person/96779', 'person/96697', 'person/202073', 'person/197591', 'person/238639', 'person/125030', 'person/126644', 'person/113892', 'person/124875', 'person/197827', 'person/197539', 'person/197799', 'person/197448', 'person/197546', 'person/101585', 'person/204334', 'person/125128', 'person/28226', 'person/197392', 'person/197589', 'person/197585', 'person/197611', 'person/197769', 'person/96780', 'person/4289', 'person/23788', 'person/125670', 'person/96829', 'person/197742', 'person/197431', 'person/197671', 'person/96809', 'person/28294', 'person/197648', 'person/197419', 'person/197500', 'person/124873', 'person/204400', 'person/197537', 'person/135511', 'person/204416', 'person/197533', 'person/197655', 'person/5392', 'person/27714', 'person/197717', 'person/197406', 'person/209140', 'person/239973', 'person/204443', 'person/124802', 'person/197835', 'person/28224', 'person/197413', 'person/185619', 'person/124739', 'person/197786', 'person/124735', 'person/193292', 'person/124586', 'person/197767', 'person/213330', 'person/197763', 'person/124785', 'person/197478', 'person/197773', 'person/197422', 'person/229519', 'person/96801', 'person/197780', 'person/118949', 'person/125042', 'person/106936', 'person/28389', 'person/197472', 'person/197646', 'person/124887', 'person/204414', 'person/197505', 'person/197623', 'person/197404', 'person/28586', 'person/197400', 'person/2054', 'person/96713', 'person/197935', 'person/239256', 'person/197443', 'person/197794', 'person/124770', 'person/197541', 'person/96756', 'person/197718', 'person/197558', 'person/197771', 'person/124836', 'person/124799', 'person/28141', 'person/197738', 'person/197667', 'person/197493', 'person/183338', 'person/28347', 'person/197804', 'person/96772', 'person/218349', 'person/124705', 'person/198096', 'person/4246', 'person/124807', 'person/96668', 'person/23712', 'person/95074', 'person/197418', 'person/197398', 'person/240478', 'person/197588', 'person/125063', 'person/197863', 'person/197709', 'person/197529', 'person/197610', 'person/96747', 'person/96743', 'person/197441', 'person/23699', 'person/197792', 'person/97968', 'person/189525', 'person/197785', 'person/197582', 'person/2341', 'person/197425', 'person/197776', 'person/197523', 'person/124988', 'person/28297', 'person/197468', 'person/197464', 'person/197658', 'person/218347', 'person/183916', 'person/197654', 'person/125027', 'person/118859', 'person/204420', 'person/197838', 'person/197416', 'person/197631', 'person/197396', 'person/197697', 'person/204449', 'person/28122', 'person/197818', 'person/197412', 'person/197608', 'person/124844', 'person/125021', 'person/1917', 'person/124696', 'person/205452', 'person/197868', 'person/197455', 'person/129164', 'person/197615', 'person/197514', 'person/197691', 'person/124828', 'person/197510', 'person/197498', 'person/96725', 'person/24505', 'person/197580', 'person/197439', 'person/197390', 'person/236052', 'person/197679', 'person/23816', 'person/197553', 'person/124996', 'person/99283', 'person/97236', 'person/185771', 'person/124891', 'person/132366', 'person/124973', 'person/197810', 'person/197839', 'person/197740', 'person/125068', 'person/124704', 'person/72779', 'person/124700', 'person/197502', 'person/197606', 'person/96936', 'person/197535']",591.0,org/ep-9,"['eli/dl/doc/CRE-9-2023-04-20', 'eli/dl/doc/PV-9-2023-04-20-RCV', 'eli/dl/doc/PV-9-2023-04-20']",http://publications.europa.eu/resource/authority/place/FRA_SXB,
50,eli/dl/event/MTG-PL-2023-05-11,Activity,2023-05-11,2023-05-11T23:00:00+02:00,MTG-PL-2023-05-11,"{'sv': 'Torsdagen den 11 maj 2023', 'fi': 'Torstai 11. toukokuuta 2023', 'da': 'Torsdag den 11. maj 2023', 'bg': 'Четвъртък, 11 май 2023', 'cs': 'Čtvrtek, 11. května 2023', 'hr': 'četvrtak, 11. svibnja 2023.', 'pt': 'Quinta-feira, 11 de Maio de 2023', 'sk': 'Štvrtok, 11. mája 2023', 'ro': 'Joi, 11 mai 2023', 'et': 'Neljapäev, 11. mai 2023', 'de': 'Donnerstag, 11. Mai 2023', 'pl': 'Czwartek, 11 maja 2023', 'fr': 'Jeudi 11 mai 2023', 'ga': 'Déardaoin, 11 Bealtaine 2023', 'lt': 'Ketvirtadienis, 2023 m. gegužės 11 d.', 'it': 'Giovedì 11 maggio 2023', 'el': 'Πέμπτη 11 Μαίου 2023', 'hu': '2023. május 11., csütörtök', 'es': 'Jueves 11 de mayo de 2023', 'en': 'Thursday, 11 May 2023', 'sl': 'Četrtek, 11. maj 2023', 'nl': 'Donderdag 11 mei 2023', 'mt': ""Il-Ħamis, 11 ta' Mejju 2023"", 'lv': 'Ceturtdiena, 2023. gada 11. maijs'}",2023-05-11T01:00:00+02:00,"['eli/dl/event/MTG-PL-2023-05-11-PVCRE-ITM-6', 'eli/dl/event/MTG-PL-2023-05-11-VOT-ITM-939090', 'eli/dl/event/MTG-PL-2023-05-11-PVCRE-ITM-12', 'eli/dl/event/MTG-PL-2023-05-11-PVCRE-ITM-14', 'eli/dl/event/MTG-PL-2023-05-11-PVCRE-ITM-1', 'eli/dl/event/MTG-PL-2023-05-11-VOT-ITM-939128', 'eli/dl/event/MTG-PL-2023-05-11-PVCRE-ITM-3', 'eli/dl/event/MTG-PL-2023-05-11-PVCRE-ITM-9', 'eli/dl/event/MTG-PL-2023-05-11-VOT-ITM-939123', 'eli/dl/event/MTG-PL-2023-05-11-VOT-ITM-939131', 'eli/dl/event/MTG-PL-2023-05-11-PVCRE-ITM-16', 'eli/dl/event/MTG-PL-2023-05-11-PVCRE-CHA-1', 'eli/dl/event/MTG-PL-2023-05-11-PVCRE-ITM-5', 'eli/dl/event/MTG-PL-2023-05-11-PVCRE-ITM-11', 'eli/dl/event/MTG-PL-2023-05-11-PVCRE-ITM-7', 'eli/dl/event/MTG-PL-2023-05-11-VOT-ITM-939127', 'eli/dl/event/MTG-PL-2023-05-11-PVCRE-ITM-8', 'eli/dl/event/MTG-PL-2023-05-11-VOT-ITM-939144', 'eli/dl/event/MTG-PL-2023-05-11-PVCRE-ITM-13', 'eli/dl/event/MTG-PL-2023-05-11-VOT-ITM-939130', 'eli/dl/event/MTG-PL-2023-05-11-PVCRE-ITM-15', 'eli/dl/event/MTG-PL-2023-05-11-PVCRE-ITM-2', 'eli/dl/event/MTG-PL-2023-05-11-PVCRE-ITM-4', 'eli/dl/event/MTG-PL-2023-05-11-PVCRE-ITM-10', 'eli/dl/event/MTG-PL-2023-05-11-VOT-ITM-939124']",['eli/dl/doc/OJQ-9-2023-05-11'],def/ep-activities/PLENARY_SITTING,"['person/197576', 'person/206158', 'person/96698', 'person/125027', 'person/28297', 'person/36392', 'person/197683', 'person/124734', 'person/197677', 'person/243912', 'person/125030']","['person/197628', 'person/197780', 'person/23699', 'person/209896', 'person/125046', 'person/197832', 'person/197635', 'person/197490', 'person/96653', 'person/124834', 'person/226260', 'person/197514', 'person/124777', 'person/96837', 'person/197421', 'person/239973', 'person/197580', 'person/96743', 'person/124988', 'person/185341', 'person/197668', 'person/230085', 'person/197632', 'person/1927', 'person/197415', 'person/124867', 'person/28617', 'person/96750', 'person/228604', 'person/185974', 'person/197511', 'person/98341', 'person/124802', 'person/197771', 'person/24942', 'person/124781', 'person/197481', 'person/197794', 'person/197541', 'person/236053', 'person/197665', 'person/197412', 'person/197528', 'person/198096', 'person/125067', 'person/24594', 'person/197672', 'person/197535', 'person/98582', 'person/23868', 'person/124862', 'person/197498', 'person/209091', 'person/204336', 'person/125005', 'person/96668', 'person/197429', 'person/197754', 'person/197501', 'person/124700', 'person/197436', 'person/96771', 'person/197785', 'person/197532', 'person/124895', 'person/197837', 'person/185771', 'person/197792', 'person/204333', 'person/197519', 'person/125093', 'person/197844', 'person/197779', 'person/212855', 'person/197526', 'person/238674', 'person/197489', 'person/197433', 'person/197549', 'person/58789', 'person/197935', 'person/197738', 'person/4289', 'person/23781', 'person/197496', 'person/197440', 'person/96952', 'person/197556', 'person/191693', 'person/197841', 'person/197608', 'person/204418', 'person/197427', 'person/122978', 'person/190464', 'person/197690', 'person/197457', 'person/197553', 'person/197742', 'person/124708', 'person/5565', 'person/197802', 'person/96779', 'person/185619', 'person/125023', 'person/124715', 'person/134605', 'person/209140', 'person/190774', 'person/197651', 'person/197506', 'person/197461', 'person/28346', 'person/96776', 'person/197766', 'person/124712', 'person/197645', 'person/197448', 'person/202036', 'person/124828', 'person/113892', 'person/197544', 'person/124972', 'person/124835', 'person/197390', 'person/205452', 'person/197800', 'person/197574', 'person/197763', 'person/197698', 'person/204733', 'person/197445', 'person/197581', 'person/96780', 'person/28269', 'person/96868', 'person/204443', 'person/96812', 'person/197452', 'person/28372', 'person/197512', 'person/96711', 'person/197701', 'person/197504', 'person/124739', 'person/197817', 'person/197475', 'person/125038', 'person/112747', 'person/197482', 'person/197406', 'person/4560', 'person/197469', 'person/28615', 'person/197413', 'person/197718', 'person/86793', 'person/124872', 'person/96932', 'person/197572', 'person/208722', 'person/23768', 'person/23712', 'person/197624', 'person/112744', 'person/197559', 'person/197398', 'person/125042', 'person/124766', 'person/197808', 'person/88715', 'person/236051', 'person/197663', 'person/197466', 'person/197410', 'person/38511', 'person/197670', 'person/96833', 'person/197473', 'person/197589', 'person/197722', 'person/1992', 'person/197657', 'person/244571', 'person/197621', 'person/2323', 'person/197404', 'person/197709', 'person/198329', 'person/132366', 'person/197805', 'person/233862', 'person/112611', 'person/96697', 'person/124770', 'person/96830', 'person/197783', 'person/197586', 'person/197530', 'person/197835', 'person/124696', 'person/197654', 'person/199996', 'person/197638', 'person/96756', 'person/197401', 'person/197396', 'person/197593', 'person/197517', 'person/127096', 'person/37312', 'person/124844', 'person/197777', 'person/28288', 'person/125063', 'person/197829', 'person/136236', 'person/33982', 'person/97058', 'person/197431', 'person/28219', 'person/197691', 'person/124693', 'person/197418', 'person/197590', 'person/197393', 'person/131507', 'person/204416', 'person/197425', 'person/124877', 'person/237779', 'person/97968', 'person/197577', 'person/124929', 'person/124884', 'person/197629', 'person/107212', 'person/96747', 'person/197584', 'person/124936', 'person/197889', 'person/197491', 'person/35016', 'person/130256', 'person/28223', 'person/197515', 'person/135511', 'person/131580', 'person/197740', 'person/197675', 'person/197478', 'person/197422', 'person/2341', 'person/197538', 'person/124785', 'person/125021', 'person/197682', 'person/204420', 'person/202073', 'person/197545', 'person/197734', 'person/125106', 'person/197416', 'person/204346', 'person/204414', 'person/197439', 'person/40599', 'person/124710', 'person/197699', 'person/96842', 'person/197446', 'person/197795', 'person/58766', 'person/197542', 'person/197731', 'person/96829', 'person/197529', 'person/125012', 'person/124704', 'person/28340', 'person/124856', 'person/197536', 'person/124799', 'person/28150', 'person/125104', 'person/229839', 'person/197502', 'person/124701', 'person/243979', 'person/218349', 'person/197437', 'person/96772', 'person/30482', 'person/197786', 'person/197533', 'person/197838', 'person/197540', 'person/204334', 'person/239257', 'person/197845', 'person/5729', 'person/197563', 'person/197868', 'person/197687', 'person/197434', 'person/197694', 'person/96801', 'person/197441', 'person/124821', 'person/197557', 'person/28586', 'person/28389', 'person/197806', 'person/204419', 'person/124808', 'person/197464', 'person/202112', 'person/197769', 'person/190518', 'person/197648', 'person/124722', 'person/197655', 'person/204449', 'person/197458', 'person/197402', 'person/239255', 'person/24922', 'person/124709', 'person/197606', 'person/197810', 'person/124812', 'person/193273', 'person/197548', 'person/198176', 'person/96891', 'person/197455', 'person/197394', 'person/197507', 'person/183338', 'person/197462', 'person/24505', 'person/28347', 'person/197578', 'person/190713', 'person/197767', 'person/197711', 'person/124713', 'person/197863', 'person/197646', 'person/96809', 'person/197449', 'person/197610', 'person/840', 'person/124973', 'person/197870', 'person/124836', 'person/124691', 'person/214839', 'person/197391', 'person/125214', 'person/124996', 'person/130100', 'person/124875', 'person/94649', 'person/197772', 'person/197764', 'person/197627', 'person/96998', 'person/197582', 'person/124934', 'person/125045', 'person/197831', 'person/197634', 'person/197650', 'person/124833', 'person/197513', 'person/129073', 'person/197702', 'person/197818', 'person/23788', 'person/124586', 'person/96899', 'person/192635', 'person/197680', 'person/197483', 'person/239972', 'person/96646', 'person/112748', 'person/123562', 'person/197631', 'person/236050', 'person/197414', 'person/124866', 'person/34578', 'person/202351', 'person/197566', 'person/197510', 'person/197719', 'person/229352', 'person/124873', 'person/197618', 'person/96933', 'person/197770', 'person/197573', 'person/197822', 'person/197480', 'person/197596', 'person/236052', 'person/193292', 'person/197467', 'person/197527', 'person/96681', 'person/197671', 'person/197787', 'person/197534', 'person/197839', 'person/197497', 'person/197405', 'person/1917', 'person/204335', 'person/96740', 'person/125004', 'person/229519', 'person/182995', 'person/239260', 'person/124771', 'person/187917', 'person/197435', 'person/28400', 'person/197784', 'person/197587', 'person/197531', 'person/197720', 'person/197836', 'person/197791', 'person/199941', 'person/125670', 'person/204368', 'person/204332', 'person/28226', 'person/197518', 'person/125001', 'person/197843', 'person/197778', 'person/197525', 'person/125064', 'person/5392', 'person/197488', 'person/197432', 'person/197495', 'person/124891', 'person/197419', 'person/197591', 'person/197840', 'person/197679', 'person/197426', 'person/124806', 'person/197522', 'person/118859', 'person/125025', 'person/4246', 'person/197827', 'person/221463', 'person/197782', 'person/96852', 'person/197492', 'person/22858', 'person/28224', 'person/197552', 'person/237320', 'person/197423', 'person/4344', 'person/197539', 'person/197728', 'person/124714', 'person/197611', 'person/204421', 'person/197430', 'person/197546', 'person/96709', 'person/197453', 'person/2054', 'person/189525', 'person/197505', 'person/197460', 'person/234344', 'person/197765', 'person/124747', 'person/197447', 'person/197796', 'person/96903', 'person/197543', 'person/4267', 'person/238639', 'person/197848', 'person/96713', 'person/197550', 'person/101585', 'person/124705', 'person/126644', 'person/125020', 'person/197697', 'person/237465', 'person/197641', 'person/197444', 'person/28429', 'person/125043', 'person/96867', 'person/96811', 'person/197451', 'person/124831', 'person/197567', 'person/240478', 'person/197756', 'person/197503', 'person/124738', 'person/28399', 'person/197619', 'person/125128', 'person/197438', 'person/95074', 'person/124985', 'person/239258', 'person/197468', 'person/197564', 'person/124992', 'person/197500', 'person/124735', 'person/197616', 'person/218347', 'person/197571', 'person/28294', 'person/96734', 'person/27714', 'person/124726', 'person/197623', 'person/124822', 'person/28266', 'person/197558', 'person/197662', 'person/197465', 'person/88882', 'person/190519', 'person/197472', 'person/96787', 'person/197721', 'person/39725', 'person/118949', 'person/197656', 'person/197459', 'person/96991', 'person/197403', 'person/106936', 'person/189065', 'person/124846', 'person/197804', 'person/197607', 'person/96978', 'person/96922', 'person/96725', 'person/132191', 'person/96885', 'person/193419', 'person/1909', 'person/99945', 'person/197637', 'person/197400', 'person/96791', 'person/237224', 'person/197395', 'person/197516', 'person/197463', 'person/197776', 'person/197579', 'person/197523', 'person/28390', 'person/197828', 'person/99283', 'person/124850', 'person/72779', 'person/188945', 'person/197493', 'person/124692', 'person/28619', 'person/197417', 'person/96752', 'person/197392', 'person/124760', 'person/96820', 'person/197773', 'person/96936', 'person/197520']",592.0,org/ep-9,"['eli/dl/doc/CRE-9-2023-05-11', 'eli/dl/doc/PV-9-2023-05-11', 'eli/dl/doc/PV-9-2023-05-11-RCV']",http://publications.europa.eu/resource/authority/place/FRA_SXB,
51,eli/dl/event/MTG-PL-2023-06-01,Activity,2023-06-01,2023-06-01T23:00:00+02:00,MTG-PL-2023-06-01,"{'es': 'Jueves 1 de junio de 2023', 'el': 'Πέμπτη 1 Ιουνίου 2023', 'de': 'Donnerstag, 1. Juni 2023', 'it': 'Giovedì 1 giugno 2023', 'en': 'Thursday, 1 June 2023', 'et': 'Neljapäev, 1. juuni 2023', 'hr': 'četvrtak, 1. lipnja 2023.', 'nl': 'Donderdag 1 juni 2023', 'pl': 'Czwartek, 1 czerwca 2023', 'pt': 'Quinta-feira, 1 de Junho de 2023', 'lt': 'Ketvirtadienis, 2023 m. birželio 1 d.', 'cs': 'Čtvrtek, 1. června 2023', 'sv': 'Torsdagen den 1 juni 2023', 'da': 'Torsdag den 1. juni 2023', 'fr': 'Jeudi 1 juin 2023', 'sl': 'Četrtek, 1. junij 2023', 'sk': 'Štvrtok, 1. júna 2023', 'ga': 'Déardaoin, 1 Meitheamh 2023', 'mt': ""Il-Ħamis, 1 ta' Ġunju 2023"", 'hu': '2023. június 1., csütörtök', 'bg': 'Четвъртък, 1 юни 2023', 'fi': 'Torstai 1. kesäkuuta 2023', 'ro': 'Joi, 1 iunie 2023', 'lv': 'Ceturtdiena, 2023. gada 1. jūnijs'}",2023-06-01T01:00:00+02:00,"['eli/dl/event/MTG-PL-2023-06-01-VOT-ITM-939190', 'eli/dl/event/MTG-PL-2023-06-01-VOT-ITM-939203', 'eli/dl/event/MTG-PL-2023-06-01-VOT-ITM-939204', 'eli/dl/event/MTG-PL-2023-06-01-VOT-ITM-939193', 'eli/dl/event/MTG-PL-2023-06-01-VOT-ITM-939195', 'eli/dl/event/MTG-PL-2023-06-01-PVCRE-ITM-1', 'eli/dl/event/MTG-PL-2023-06-01-PVCRE-ITM-10', 'eli/dl/event/MTG-PL-2023-06-01-VOT-ITM-939196', 'eli/dl/event/MTG-PL-2023-06-01-PVCRE-ITM-3', 'eli/dl/event/MTG-PL-2023-06-01-PVCRE-ITM-11', 'eli/dl/event/MTG-PL-2023-06-01-VOT-ITM-939184', 'eli/dl/event/MTG-PL-2023-06-01-VOT-ITM-939207', 'eli/dl/event/MTG-PL-2023-06-01-VOT-ITM-939206', 'eli/dl/event/MTG-PL-2023-06-01-PVCRE-ITM-2', 'eli/dl/event/MTG-PL-2023-06-01-PVCRE-ITM-7', 'eli/dl/event/MTG-PL-2023-06-01-PVCRE-ITM-4', 'eli/dl/event/MTG-PL-2023-06-01-PVCRE-ITM-8', 'eli/dl/event/MTG-PL-2023-06-01-PVCRE-ITM-12', 'eli/dl/event/MTG-PL-2023-06-01-VOT-ITM-939183', 'eli/dl/event/MTG-PL-2023-06-01-PVCRE-CHA-1', 'eli/dl/event/MTG-PL-2023-06-01-PVCRE-ITM-5', 'eli/dl/event/MTG-PL-2023-06-01-VOT-ITM-939185', 'eli/dl/event/MTG-PL-2023-06-01-VOT-ITM-939186', 'eli/dl/event/MTG-PL-2023-06-01-PVCRE-ITM-9', 'eli/dl/event/MTG-PL-2023-06-01-VOT-ITM-939188', 'eli/dl/event/MTG-PL-2023-06-01-PVCRE-ITM-6', 'eli/dl/event/MTG-PL-2023-06-01-VOT-ITM-939187', 'eli/dl/event/MTG-PL-2023-06-01-VOT-ITM-939189']",['eli/dl/doc/OJQ-9-2023-06-01'],def/ep-activities/PLENARY_SITTING,"['person/96837', 'person/197576', 'person/197824', 'person/197418', 'person/124734', 'person/125023']","['person/197672', 'person/197490', 'person/197728', 'person/125012', 'person/124692', 'person/88882', 'person/197687', 'person/204419', 'person/124771', 'person/197419', 'person/39725', 'person/197443', 'person/239257', 'person/96772', 'person/124862', 'person/197618', 'person/204413', 'person/197800', 'person/197493', 'person/197621', 'person/197577', 'person/96787', 'person/197413', 'person/38420', 'person/2054', 'person/29579', 'person/28223', 'person/96810', 'person/202112', 'person/197550', 'person/124873', 'person/205452', 'person/96801', 'person/190464', 'person/197398', 'person/28390', 'person/1927', 'person/124770', 'person/197894', 'person/197503', 'person/197665', 'person/197393', 'person/125005', 'person/99283', 'person/197438', 'person/27714', 'person/197441', 'person/239255', 'person/239256', 'person/197462', 'person/197721', 'person/124861', 'person/197656', 'person/197773', 'person/197680', 'person/129073', 'person/197564', 'person/197843', 'person/124887', 'person/185619', 'person/96756', 'person/197799', 'person/125045', 'person/106936', 'person/124866', 'person/197481', 'person/124846', 'person/23768', 'person/197396', 'person/197455', 'person/197817', 'person/96709', 'person/124708', 'person/240478', 'person/197534', 'person/96978', 'person/126644', 'person/197771', 'person/197649', 'person/28346', 'person/229352', 'person/234344', 'person/132366', 'person/197446', 'person/197563', 'person/197425', 'person/238674', 'person/125106', 'person/197742', 'person/197698', 'person/185771', 'person/197559', 'person/197480', 'person/28122', 'person/197395', 'person/208722', 'person/218349', 'person/199996', 'person/197671', 'person/124710', 'person/187917', 'person/197632', 'person/125214', 'person/129164', 'person/23699', 'person/197826', 'person/204418', 'person/198490', 'person/197668', 'person/197439', 'person/197511', 'person/124808', 'person/124988', 'person/130833', 'person/96771', 'person/125104', 'person/204368', 'person/23816', 'person/229519', 'person/239262', 'person/124785', 'person/197829', 'person/197935', 'person/212855', 'person/197611', 'person/197567', 'person/197546', 'person/112748', 'person/96830', 'person/197670', 'person/197467', 'person/197804', 'person/131580', 'person/125030', 'person/197711', 'person/197502', 'person/197458', 'person/125004', 'person/197392', 'person/96740', 'person/183338', 'person/197437', 'person/101039', 'person/197461', 'person/4560', 'person/103746', 'person/124714', 'person/197616', 'person/197655', 'person/197772', 'person/197889', 'person/124799', 'person/197492', 'person/96668', 'person/197595', 'person/122978', 'person/124996', 'person/197515', 'person/97236', 'person/124739', 'person/185974', 'person/197410', 'person/197507', 'person/197545', 'person/124722', 'person/239973', 'person/197798', 'person/112747', 'person/197838', 'person/96780', 'person/197466', 'person/204421', 'person/204336', 'person/243979', 'person/197841', 'person/197501', 'person/197391', 'person/30482', 'person/197436', 'person/97058', 'person/33982', 'person/197588', 'person/197770', 'person/197868', 'person/197573', 'person/124738', 'person/197582', 'person/124929', 'person/124884', 'person/191693', 'person/125042', 'person/197623', 'person/125043', 'person/197579', 'person/197697', 'person/5729', 'person/197558', 'person/197394', 'person/4344', 'person/197738', 'person/197473', 'person/124705', 'person/124726', 'person/96812', 'person/209140', 'person/197784', 'person/96833', 'person/197810', 'person/124822', 'person/197691', 'person/124781', 'person/35016', 'person/197631', 'person/197587', 'person/124696', 'person/197449', 'person/228286', 'person/28297', 'person/197825', 'person/243912', 'person/197531', 'person/197628', 'person/197667', 'person/197510', 'person/125093', 'person/197581', 'person/197478', 'person/125670', 'person/34578', 'person/197740', 'person/197422', 'person/197557', 'person/197401', 'person/214839', 'person/96826', 'person/197451', 'person/96891', 'person/197472', 'person/96811', 'person/197782', 'person/96653', 'person/124821', 'person/28141', 'person/233862', 'person/238639', 'person/197779', 'person/197457', 'person/237779', 'person/124806', 'person/197615', 'person/197635', 'person/5392', 'person/197491', 'person/86793', 'person/197694', 'person/94649', 'person/239260', 'person/24942', 'person/130256', 'person/213330', 'person/197514', 'person/197400', 'person/125237', 'person/197735', 'person/197506', 'person/239972', 'person/24922', 'person/197781', 'person/58766', 'person/96991', 'person/197837', 'person/197465', 'person/204420', 'person/107212', 'person/23788', 'person/204335', 'person/197543', 'person/197679', 'person/197405', 'person/192635', 'person/197406', 'person/197522', 'person/2323', 'person/197709', 'person/197390', 'person/197435', 'person/193419', 'person/197519', 'person/197634', 'person/202352', 'person/193292', 'person/197434', 'person/199941', 'person/28266', 'person/96779', 'person/135511', 'person/197572', 'person/197593', 'person/124895', 'person/125068', 'person/197652', 'person/197513', 'person/124833', 'person/197504', 'person/197505', 'person/28219', 'person/125027', 'person/197608', 'person/22858', 'person/124934', 'person/197836', 'person/197463', 'person/197578', 'person/197464', 'person/197743', 'person/237320', 'person/197795', 'person/197404', 'person/96752', 'person/192634', 'person/204449', 'person/198176', 'person/124766', 'person/197469', 'person/197586', 'person/118949', 'person/197526', 'person/197527', 'person/95074', 'person/28617', 'person/197412', 'person/125046', 'person/197530', 'person/197627', 'person/125067', 'person/24505', 'person/197650', 'person/124992', 'person/28340', 'person/1992', 'person/221463', 'person/124691', 'person/96791', 'person/197839', 'person/2341', 'person/197498', 'person/197695', 'person/197421', 'person/197556', 'person/134605', 'person/28353', 'person/96750', 'person/96903', 'person/197849', 'person/124837', 'person/128483', 'person/218347', 'person/197690', 'person/197468', 'person/197584', 'person/4246', 'person/236053', 'person/4267', 'person/197447', 'person/209091', 'person/125128', 'person/197525', 'person/197778', 'person/197626', 'person/96952', 'person/24594', 'person/23712', 'person/114268', 'person/197496', 'person/189525', 'person/40599', 'person/204346', 'person/197416', 'person/28150', 'person/197786', 'person/197827', 'person/202036', 'person/197848', 'person/23868', 'person/197734', 'person/96922', 'person/197533', 'person/96809', 'person/124891', 'person/197699', 'person/236052', 'person/197542', 'person/197842', 'person/96713', 'person/197777', 'person/96734', 'person/197763', 'person/197518', 'person/197539', 'person/127096', 'person/197589', 'person/136236', 'person/197433', 'person/197870', 'person/197489', 'person/197651', 'person/197769', 'person/197512', 'person/96936', 'person/197647', 'person/96899', 'person/197648', 'person/197835', 'person/197483', 'person/197540', 'person/197541', 'person/197677', 'person/197638', 'person/204334', 'person/197794', 'person/197403', 'person/197520', 'person/125001', 'person/58789', 'person/197720', 'person/97968', 'person/197517', 'person/198063', 'person/197537', 'person/124802', 'person/96747', 'person/197432', 'person/197717', 'person/96681', 'person/188945', 'person/197488', 'person/197746', 'person/204443', 'person/197767', 'person/1917', 'person/124760', 'person/96934', 'person/197610', 'person/28399', 'person/197408', 'person/98582', 'person/124831', 'person/197497', 'person/125025', 'person/28400', 'person/37312', 'person/197646', 'person/197417', 'person/197482', 'person/209896', 'person/197792', 'person/197402', 'person/38398', 'person/124836', 'person/124877', 'person/132191', 'person/124784', 'person/96885', 'person/96725', 'person/197654', 'person/28294', 'person/197430', 'person/124701', 'person/202073', 'person/28615', 'person/125064', 'person/125065', 'person/197445', 'person/840', 'person/197619', 'person/197663', 'person/197475', 'person/197495', 'person/118859', 'person/197832', 'person/197415', 'person/4746', 'person/124844', 'person/197719', 'person/113892', 'person/125038', 'person/96998', 'person/197791', 'person/33997', 'person/124777', 'person/197529', 'person/28226', 'person/197754', 'person/197470', 'person/189065', 'person/124835', 'person/197553', 'person/96646', 'person/197532', 'person/96808', 'person/124973', 'person/197806', 'person/96698', 'person/123562', 'person/236051', 'person/124693', 'person/197523', 'person/124700', 'person/38511', 'person/198096', 'person/197776', 'person/229839', 'person/125063', 'person/124747', 'person/98341', 'person/197444', 'person/197702', 'person/239258', 'person/197538', 'person/197423', 'person/96868', 'person/197662', 'person/197494', 'person/96711', 'person/197641', 'person/197414', 'person/131507', 'person/125706', 'person/5565', 'person/185341', 'person/197566', 'person/197845', 'person/197429', 'person/197846', 'person/28224', 'person/197551', 'person/96761', 'person/183793', 'person/124972', 'person/96697', 'person/96820', 'person/197637', 'person/197731', 'person/237465', 'person/197819', 'person/28269', 'person/197596', 'person/101585', 'person/125020', 'person/125021', 'person/38595', 'person/197675', 'person/197701', 'person/197516', 'person/197536', 'person/124713', 'person/28586', 'person/4289', 'person/23781', 'person/96867', 'person/124856', 'person/197431', 'person/236050', 'person/28389', 'person/120478', 'person/197591', 'person/4253', 'person/197766', 'person/96933', 'person/197844', 'person/197544', 'person/204416', 'person/28161', 'person/124850', 'person/197645', 'person/197606', 'person/124867', 'person/72779', 'person/197788', 'person/204332', 'person/130100', 'person/197500', 'person/197818', 'person/28288', 'person/28429', 'person/197535', 'person/124712', 'person/197653', 'person/88715', 'person/124586', 'person/28347', 'person/204733', 'person/226260', 'person/206158', 'person/197426', 'person/190519', 'person/204414', 'person/197801', 'person/197802', 'person/1909', 'person/197831', 'person/228604', 'person/197718', 'person/197787', 'person/96829', 'person/197528', 'person/197548', 'person/197549', 'person/197552', 'person/237224', 'person/124875', 'person/28619']",612.0,org/ep-9,"['eli/dl/doc/PV-9-2023-06-01', 'eli/dl/doc/PV-9-2023-06-01-RCV', 'eli/dl/doc/CRE-9-2023-06-01']",http://publications.europa.eu/resource/authority/place/BEL_BRU,
52,eli/dl/event/MTG-PL-2023-06-15,Activity,2023-06-15,2023-06-15T23:00:00+02:00,MTG-PL-2023-06-15,"{'ga': 'Déardaoin, 15 Meitheamh 2023', 'sl': 'Četrtek, 15. junij 2023', 'sk': 'Štvrtok, 15. júna 2023', 'pl': 'Czwartek, 15 czerwca 2023', 'ro': 'Joi, 15 iunie 2023', 'pt': 'Quinta-feira, 15 de Junho de 2023', 'it': 'Giovedì 15 giugno 2023', 'hu': '2023. június 15., csütörtök', 'de': 'Donnerstag, 15. Juni 2023', 'nl': 'Donderdag 15 juni 2023', 'fi': 'Torstai 15. kesäkuuta 2023', 'hr': 'četvrtak, 15. lipnja 2023.', 'et': 'Neljapäev, 15. juuni 2023', 'el': 'Πέμπτη 15 Ιουνίου 2023', 'cs': 'Čtvrtek, 15. června 2023', 'mt': ""Il-Ħamis, 15 ta' Ġunju 2023"", 'lv': 'Ceturtdiena, 2023. gada 15. jūnijs', 'en': 'Thursday, 15 June 2023', 'es': 'Jueves 15 de junio de 2023', 'fr': 'Jeudi 15 juin 2023', 'lt': 'Ketvirtadienis, 2023 m. birželio 15 d.', 'bg': 'Четвъртък, 15 юни 2023', 'sv': 'Torsdagen den 15 juni 2023', 'da': 'Torsdag den 15. juni 2023'}",2023-06-15T01:00:00+02:00,"['eli/dl/event/MTG-PL-2023-06-15-PVCRE-ITM-15', 'eli/dl/event/MTG-PL-2023-06-15-VOT-ITM-939306', 'eli/dl/event/MTG-PL-2023-06-15-PVCRE-ITM-6', 'eli/dl/event/MTG-PL-2023-06-15-PVCRE-ITM-2', 'eli/dl/event/MTG-PL-2023-06-15-PVCRE-ITM-10', 'eli/dl/event/MTG-PL-2023-06-15-VOT-ITM-939309', 'eli/dl/event/MTG-PL-2023-06-15-PVCRE-ITM-9', 'eli/dl/event/MTG-PL-2023-06-15-VOT-ITM-939305', 'eli/dl/event/MTG-PL-2023-06-15-PVCRE-CHA-1', 'eli/dl/event/MTG-PL-2023-06-15-VOT-ITM-939303', 'eli/dl/event/MTG-PL-2023-06-15-PVCRE-ITM-13', 'eli/dl/event/MTG-PL-2023-06-15-VOT-ITM-939307', 'eli/dl/event/MTG-PL-2023-06-15-PVCRE-ITM-4', 'eli/dl/event/MTG-PL-2023-06-15-PVCRE-ITM-7', 'eli/dl/event/MTG-PL-2023-06-15-PVCRE-ITM-11', 'eli/dl/event/MTG-PL-2023-06-15-PVCRE-ITM-14', 'eli/dl/event/MTG-PL-2023-06-15-VOT-ITM-939308', 'eli/dl/event/MTG-PL-2023-06-15-VOT-ITM-939304', 'eli/dl/event/MTG-PL-2023-06-15-PVCRE-ITM-1', 'eli/dl/event/MTG-PL-2023-06-15-VOT-ITM-939246', 'eli/dl/event/MTG-PL-2023-06-15-VOT-ITM-939223', 'eli/dl/event/MTG-PL-2023-06-15-PVCRE-ITM-12', 'eli/dl/event/MTG-PL-2023-06-15-PVCRE-ITM-5', 'eli/dl/event/MTG-PL-2023-06-15-PVCRE-ITM-3', 'eli/dl/event/MTG-PL-2023-06-15-PVCRE-ITM-8', 'eli/dl/event/MTG-PL-2023-06-15-VOT-ITM-939286', 'eli/dl/event/MTG-PL-2023-06-15-VOT-ITM-939263']",['eli/dl/doc/OJQ-9-2023-06-15'],def/ep-activities/PLENARY_SITTING,"['person/36392', 'person/197455', 'person/96837', 'person/197529', 'person/124734', 'person/197796', 'person/197418', 'person/197576', 'person/4246', 'person/125023', 'person/125030']","['person/130833', 'person/197436', 'person/197818', 'person/96653', 'person/197832', 'person/197826', 'person/197468', 'person/197537', 'person/96756', 'person/197577', 'person/209140', 'person/124586', 'person/202352', 'person/229839', 'person/118949', 'person/197528', 'person/197412', 'person/185341', 'person/96810', 'person/197840', 'person/197482', 'person/197404', 'person/197444', 'person/124808', 'person/197800', 'person/197490', 'person/197591', 'person/130100', 'person/197551', 'person/96991', 'person/190518', 'person/197534', 'person/197574', 'person/197631', 'person/124822', 'person/197623', 'person/125214', 'person/28400', 'person/23699', 'person/239257', 'person/28223', 'person/209896', 'person/229352', 'person/197510', 'person/204443', 'person/193292', 'person/197699', 'person/124726', 'person/125104', 'person/197392', 'person/228286', 'person/29579', 'person/125043', 'person/99283', 'person/197667', 'person/33982', 'person/197675', 'person/197764', 'person/197756', 'person/197589', 'person/124837', 'person/243979', 'person/96808', 'person/123562', 'person/129164', 'person/197806', 'person/197681', 'person/197846', 'person/197557', 'person/197525', 'person/197519', 'person/238639', 'person/197507', 'person/197778', 'person/198176', 'person/197786', 'person/239973', 'person/96830', 'person/197637', 'person/197464', 'person/124828', 'person/197432', 'person/197533', 'person/28269', 'person/197571', 'person/96752', 'person/96933', 'person/30482', 'person/4344', 'person/197516', 'person/2323', 'person/130256', 'person/197611', 'person/124802', 'person/101039', 'person/35016', 'person/189065', 'person/197658', 'person/197698', 'person/228604', 'person/197530', 'person/124693', 'person/124708', 'person/198096', 'person/197398', 'person/124929', 'person/96885', 'person/197655', 'person/185619', 'person/99945', 'person/124722', 'person/124714', 'person/197738', 'person/125046', 'person/199941', 'person/4289', 'person/125038', 'person/230085', 'person/96668', 'person/96891', 'person/131507', 'person/114268', 'person/197720', 'person/197545', 'person/197539', 'person/125020', 'person/197585', 'person/197798', 'person/124833', 'person/197459', 'person/197634', 'person/197628', 'person/197849', 'person/28266', 'person/96779', 'person/124777', 'person/197406', 'person/204333', 'person/197513', 'person/237465', 'person/197501', 'person/197553', 'person/234344', 'person/197610', 'person/197780', 'person/197863', 'person/197427', 'person/197473', 'person/197467', 'person/97968', 'person/96698', 'person/96747', 'person/96787', 'person/197481', 'person/197441', 'person/197767', 'person/197395', 'person/28399', 'person/96761', 'person/236051', 'person/125106', 'person/197654', 'person/197935', 'person/197646', 'person/34578', 'person/191693', 'person/185771', 'person/197735', 'person/237320', 'person/197718', 'person/96801', 'person/122978', 'person/183338', 'person/124710', 'person/197496', 'person/197651', 'person/197740', 'person/197527', 'person/28150', 'person/197616', 'person/197829', 'person/124807', 'person/197608', 'person/197837', 'person/197548', 'person/96952', 'person/197771', 'person/197541', 'person/197794', 'person/124821', 'person/197415', 'person/197493', 'person/197805', 'person/197447', 'person/28141', 'person/239256', 'person/197504', 'person/197423', 'person/96743', 'person/96711', 'person/124992', 'person/197391', 'person/239260', 'person/204414', 'person/197763', 'person/197709', 'person/125063', 'person/96868', 'person/125093', 'person/28615', 'person/197680', 'person/197731', 'person/124705', 'person/204336', 'person/190464', 'person/197777', 'person/197785', 'person/125706', 'person/199996', 'person/197438', 'person/88715', 'person/28346', 'person/124713', 'person/198183', 'person/96932', 'person/197791', 'person/124856', 'person/197492', 'person/197452', 'person/120478', 'person/124862', 'person/1927', 'person/96772', 'person/197435', 'person/197429', 'person/197817', 'person/197831', 'person/197544', 'person/96709', 'person/197536', 'person/214839', 'person/202351', 'person/212855', 'person/96740', 'person/124867', 'person/197403', 'person/197443', 'person/197769', 'person/197590', 'person/124873', 'person/218347', 'person/197500', 'person/24594', 'person/197550', 'person/209091', 'person/197648', 'person/124696', 'person/197743', 'person/22858', 'person/125045', 'person/124934', 'person/125005', 'person/245018', 'person/4253', 'person/197662', 'person/197711', 'person/197808', 'person/197498', 'person/197848', 'person/187917', 'person/197458', 'person/197559', 'person/124701', 'person/204332', 'person/197773', 'person/197426', 'person/197472', 'person/124836', 'person/96697', 'person/197434', 'person/94649', 'person/197822', 'person/185974', 'person/124887', 'person/197556', 'person/197518', 'person/197506', 'person/197564', 'person/204419', 'person/197480', 'person/124844', 'person/124812', 'person/4560', 'person/197440', 'person/239972', 'person/206158', 'person/124850', 'person/197431', 'person/239271', 'person/197532', 'person/197621', 'person/244571', 'person/204416', 'person/237779', 'person/125025', 'person/197657', 'person/197697', 'person/58766', 'person/136236', 'person/193273', 'person/124692', 'person/125001', 'person/198063', 'person/240478', 'person/38420', 'person/197665', 'person/197828', 'person/197868', 'person/197671', 'person/197836', 'person/197547', 'person/197587', 'person/197579', 'person/197636', 'person/197889', 'person/24922', 'person/197804', 'person/96820', 'person/197414', 'person/96812', 'person/197810', 'person/197446', 'person/197619', 'person/197515', 'person/96734', 'person/197593', 'person/197503', 'person/58789', 'person/28161', 'person/124739', 'person/197538', 'person/28122', 'person/127096', 'person/233862', 'person/197627', 'person/197460', 'person/197422', 'person/134605', 'person/28219', 'person/39725', 'person/197520', 'person/197512', 'person/197552', 'person/204413', 'person/236053', 'person/189525', 'person/229519', 'person/96899', 'person/96867', 'person/197694', 'person/204421', 'person/197677', 'person/124704', 'person/125068', 'person/197728', 'person/197394', 'person/125670', 'person/221463', 'person/125021', 'person/23781', 'person/96978', 'person/197645', 'person/197691', 'person/28390', 'person/124712', 'person/96826', 'person/197742', 'person/5565', 'person/197734', 'person/197788', 'person/197567', 'person/197618', 'person/124861', 'person/28288', 'person/124799', 'person/190519', 'person/135511', 'person/197824', 'person/197535', 'person/197581', 'person/197543', 'person/197632', 'person/197449', 'person/197624', 'person/197495', 'person/197489', 'person/98341', 'person/197845', 'person/239258', 'person/183916', 'person/28224', 'person/97058', 'person/197402', 'person/197615', 'person/197410', 'person/202112', 'person/197511', 'person/198329', 'person/197770', 'person/197463', 'person/124988', 'person/124781', 'person/96791', 'person/118859', 'person/238674', 'person/197393', 'person/124884', 'person/125128', 'person/197668', 'person/107212', 'person/28389', 'person/124985', 'person/28617', 'person/197690', 'person/96809', 'person/197682', 'person/197650', 'person/86793', 'person/28372', 'person/197779', 'person/96998', 'person/124700', 'person/197754', 'person/197549', 'person/197722', 'person/72779', 'person/96646', 'person/197638', 'person/124835', 'person/112748', 'person/197641', 'person/28340', 'person/132366', 'person/96934', 'person/197523', 'person/197517', 'person/197563', 'person/197776', 'person/197827', 'person/197784', 'person/197437', 'person/197606', 'person/197469', 'person/124747', 'person/197584', 'person/38398', 'person/197531', 'person/197491', 'person/197841', 'person/197483', 'person/197405', 'person/197451', 'person/197445', 'person/98582', 'person/96725', 'person/96771', 'person/132191', 'person/37312', 'person/197656', 'person/106936', 'person/124936', 'person/124866', 'person/128483', 'person/124691', 'person/112611', 'person/197670', 'person/24942', 'person/23868', 'person/125004', 'person/204733', 'person/197781', 'person/124738', 'person/125012', 'person/1909', 'person/124831', 'person/197626', 'person/197419', 'person/112744', 'person/197839', 'person/197497', 'person/28297', 'person/197457', 'person/197558', 'person/197526', 'person/197566', 'person/96681', 'person/193419', 'person/1917', 'person/124760', 'person/5392', 'person/205452', 'person/197425', 'person/236052', 'person/197772', 'person/197465', 'person/124895', 'person/840', 'person/197572', 'person/96713', 'person/197540', 'person/2054', 'person/28294', 'person/38511', 'person/243912', 'person/204418', 'person/4267', 'person/239255', 'person/197401', 'person/197765', 'person/125067', 'person/236050', 'person/28619', 'person/182995', 'person/197652', 'person/204346', 'person/197701', 'person/197787', 'person/28586', 'person/197838', 'person/204400', 'person/124715', 'person/96936', 'person/197795', 'person/197448', 'person/1992', 'person/197494', 'person/197488', 'person/197416', 'person/197844', 'person/124766', 'person/96776', 'person/197439', 'person/197835', 'person/27714', 'person/190713', 'person/197546', 'person/197586', 'person/197470', 'person/124834', 'person/197635', 'person/197629', 'person/197462', 'person/197430', 'person/24505', 'person/226260', 'person/96750', 'person/197453', 'person/124877', 'person/218349', 'person/197514', 'person/197502', 'person/101585', 'person/124891', 'person/197421', 'person/129073', 'person/197396', 'person/124973', 'person/197721', 'person/4746', 'person/202073', 'person/28353', 'person/28347', 'person/197647', 'person/126644', 'person/197687', 'person/204420']",576.0,org/ep-9,"['eli/dl/doc/CRE-9-2023-06-15', 'eli/dl/doc/PV-9-2023-06-15-RCV', 'eli/dl/doc/PV-9-2023-06-15']",http://publications.europa.eu/resource/authority/place/FRA_SXB,
53,eli/dl/event/MTG-PL-2023-07-13,Activity,2023-07-13,2023-07-13T23:00:00+02:00,MTG-PL-2023-07-13,"{'da': 'Torsdag den 13. juli 2023', 'nl': 'Donderdag 13 juli 2023', 'ro': 'Joi, 13 iulie 2023', 'en': 'Thursday, 13 July 2023', 'lv': 'Ceturtdiena, 2023. gada 13. jūlijs', 'ga': 'Déardaoin, 13 Iúil 2023', 'sv': 'Torsdagen den 13 juli 2023', 'cs': 'Čtvrtek, 13. července 2023', 'fi': 'Torstai 13. heinäkuuta 2023', 'hr': 'četvrtak, 13. srpnja 2023.', 'de': 'Donnerstag, 13. Juli 2023', 'lt': 'Ketvirtadienis, 2023 m. liepos 13 d.', 'el': 'Πέμπτη 13 Ιουλίου 2023', 'sl': 'Četrtek, 13. julij 2023', 'mt': ""Il-Ħamis, 13 ta' Lulju 2023"", 'bg': 'Четвъртък, 13 юли 2023', 'hu': '2023. július 13., csütörtök', 'pl': 'Czwartek, 13 lipca 2023', 'fr': 'Jeudi 13 juillet 2023', 'et': 'Neljapäev, 13. juuli 2023', 'it': 'Giovedì 13 luglio 2023', 'pt': 'Quinta-feira, 13 de Julho de 2023', 'sk': 'Štvrtok, 13. júla 2023', 'es': 'Jueves 13 de julio de 2023'}",2023-07-13T01:00:00+02:00,"['eli/dl/event/MTG-PL-2023-07-13-PVCRE-ITM-13', 'eli/dl/event/MTG-PL-2023-07-13-PVCRE-ITM-1', 'eli/dl/event/MTG-PL-2023-07-13-PVCRE-ITM-7', 'eli/dl/event/MTG-PL-2023-07-13-PVCRE-ITM-3', 'eli/dl/event/MTG-PL-2023-07-13-PVCRE-ITM-12', 'eli/dl/event/MTG-PL-2023-07-13-PVCRE-CHA-1', 'eli/dl/event/MTG-PL-2023-07-13-VOT-ITM-939408', 'eli/dl/event/MTG-PL-2023-07-13-PVCRE-ITM-6', 'eli/dl/event/MTG-PL-2023-07-13-VOT-ITM-939407', 'eli/dl/event/MTG-PL-2023-07-13-PVCRE-ITM-14', 'eli/dl/event/MTG-PL-2023-07-13-PVCRE-ITM-9', 'eli/dl/event/MTG-PL-2023-07-13-PVCRE-ITM-2', 'eli/dl/event/MTG-PL-2023-07-13-PVCRE-ITM-11', 'eli/dl/event/MTG-PL-2023-07-13-PVCRE-ITM-10', 'eli/dl/event/MTG-PL-2023-07-13-VOT-ITM-939385', 'eli/dl/event/MTG-PL-2023-07-13-PVCRE-ITM-5', 'eli/dl/event/MTG-PL-2023-07-13-PVCRE-ITM-4', 'eli/dl/event/MTG-PL-2023-07-13-VOT-ITM-939406', 'eli/dl/event/MTG-PL-2023-07-13-VOT-ITM-939409', 'eli/dl/event/MTG-PL-2023-07-13-PVCRE-ITM-8', 'eli/dl/event/MTG-PL-2023-07-13-VOT-ITM-939381', 'eli/dl/event/MTG-PL-2023-07-13-PVCRE-ITM-15', 'eli/dl/event/MTG-PL-2023-07-13-VOT-ITM-939424', 'eli/dl/event/MTG-PL-2023-07-13-VOT-ITM-939423']",['eli/dl/doc/OJQ-9-2023-07-13'],def/ep-activities/PLENARY_SITTING,"['person/5392', 'person/96837', 'person/36392', 'person/197491', 'person/125030', 'person/125023', 'person/197418']","['person/213330', 'person/197548', 'person/28266', 'person/197534', 'person/197400', 'person/197527', 'person/197779', 'person/197670', 'person/96668', 'person/96772', 'person/124771', 'person/197802', 'person/118949', 'person/197433', 'person/197542', 'person/96899', 'person/244571', 'person/124821', 'person/197780', 'person/130256', 'person/197740', 'person/197773', 'person/204336', 'person/197504', 'person/28224', 'person/124738', 'person/124872', 'person/197446', 'person/204413', 'person/99283', 'person/197646', 'person/197606', 'person/197767', 'person/202073', 'person/96830', 'person/197844', 'person/96991', 'person/197518', 'person/197679', 'person/197577', 'person/197461', 'person/197621', 'person/197654', 'person/197563', 'person/129073', 'person/197404', 'person/197817', 'person/197513', 'person/197687', 'person/33997', 'person/124812', 'person/197634', 'person/197711', 'person/197437', 'person/34578', 'person/197496', 'person/124973', 'person/197546', 'person/197412', 'person/197539', 'person/204733', 'person/197482', 'person/88882', 'person/197682', 'person/197777', 'person/197445', 'person/125065', 'person/1909', 'person/125128', 'person/28617', 'person/124833', 'person/197792', 'person/197785', 'person/24942', 'person/5565', 'person/130100', 'person/124806', 'person/124884', 'person/197458', 'person/124877', 'person/197618', 'person/218349', 'person/197440', 'person/197502', 'person/197567', 'person/185974', 'person/197611', 'person/24594', 'person/236051', 'person/35016', 'person/197765', 'person/197396', 'person/4246', 'person/197719', 'person/197473', 'person/197466', 'person/197805', 'person/197728', 'person/197390', 'person/126644', 'person/197582', 'person/197439', 'person/193419', 'person/197889', 'person/124700', 'person/197416', 'person/96932', 'person/197829', 'person/124586', 'person/239258', 'person/238639', 'person/228604', 'person/197525', 'person/197402', 'person/185771', 'person/197470', 'person/40599', 'person/28141', 'person/204333', 'person/197393', 'person/197449', 'person/197800', 'person/197558', 'person/4267', 'person/28372', 'person/96698', 'person/28619', 'person/97058', 'person/197540', 'person/197533', 'person/197494', 'person/4344', 'person/197794', 'person/124837', 'person/197410', 'person/187917', 'person/197694', 'person/197756', 'person/197771', 'person/197731', 'person/197826', 'person/197680', 'person/124996', 'person/197619', 'person/197566', 'person/124735', 'person/96653', 'person/96709', 'person/236050', 'person/197398', 'person/125038', 'person/197475', 'person/96891', 'person/197841', 'person/28586', 'person/197452', 'person/197507', 'person/124704', 'person/197623', 'person/197656', 'person/197616', 'person/233862', 'person/125042', 'person/96740', 'person/197808', 'person/197478', 'person/197401', 'person/96713', 'person/125021', 'person/197587', 'person/197510', 'person/96867', 'person/204418', 'person/124712', 'person/197671', 'person/197631', 'person/4560', 'person/125068', 'person/124846', 'person/125706', 'person/197537', 'person/197798', 'person/96739', 'person/198490', 'person/239256', 'person/197835', 'person/132191', 'person/197523', 'person/840', 'person/197591', 'person/96952', 'person/197721', 'person/124739', 'person/125063', 'person/23699', 'person/197647', 'person/197607', 'person/124760', 'person/197422', 'person/96734', 'person/228286', 'person/197531', 'person/234344', 'person/197845', 'person/96811', 'person/197838', 'person/230085', 'person/125012', 'person/1927', 'person/229519', 'person/127096', 'person/199941', 'person/97968', 'person/28269', 'person/96998', 'person/197405', 'person/28346', 'person/204443', 'person/197514', 'person/28400', 'person/197635', 'person/197573', 'person/197668', 'person/197628', 'person/130833', 'person/197650', 'person/197610', 'person/96852', 'person/96725', 'person/39725', 'person/197522', 'person/124692', 'person/204416', 'person/197720', 'person/197649', 'person/197431', 'person/124985', 'person/197426', 'person/197535', 'person/96810', 'person/239972', 'person/183916', 'person/204420', 'person/197810', 'person/197441', 'person/2323', 'person/182995', 'person/197434', 'person/23788', 'person/190518', 'person/197550', 'person/197516', 'person/198176', 'person/197677', 'person/197781', 'person/197637', 'person/124802', 'person/96779', 'person/124873', 'person/96761', 'person/218347', 'person/197868', 'person/96933', 'person/197526', 'person/197519', 'person/28340', 'person/135511', 'person/96787', 'person/197462', 'person/124777', 'person/197717', 'person/197435', 'person/28122', 'person/197571', 'person/112747', 'person/197801', 'person/125045', 'person/96646', 'person/28353', 'person/197818', 'person/124709', 'person/23868', 'person/124781', 'person/114268', 'person/197443', 'person/185341', 'person/197438', 'person/197552', 'person/197547', 'person/2054', 'person/28615', 'person/124831', 'person/197783', 'person/106936', 'person/204346', 'person/128483', 'person/96885', 'person/124875', 'person/189525', 'person/124992', 'person/209140', 'person/197419', 'person/197608', 'person/37312', 'person/197528', 'person/197394', 'person/204449', 'person/99945', 'person/197464', 'person/124807', 'person/72779', 'person/197503', 'person/236052', 'person/96752', 'person/96808', 'person/197497', 'person/197697', 'person/124866', 'person/124822', 'person/245018', 'person/197391', 'person/197447', 'person/204414', 'person/28288', 'person/197556', 'person/237320', 'person/197549', 'person/125064', 'person/98582', 'person/124835', 'person/197754', 'person/197787', 'person/96812', 'person/197831', 'person/125106', 'person/204334', 'person/125004', 'person/229839', 'person/197564', 'person/197559', 'person/23816', 'person/28429', 'person/197641', 'person/197795', 'person/197468', 'person/96820', 'person/124887', 'person/189065', 'person/2341', 'person/198063', 'person/125001', 'person/191693', 'person/96756', 'person/190774', 'person/197417', 'person/237465', 'person/24505', 'person/96833', 'person/197483', 'person/28219', 'person/197778', 'person/197738', 'person/125025', 'person/124891', 'person/197585', 'person/124710', 'person/197662', 'person/197624', 'person/96771', 'person/197839', 'person/112744', 'person/197701', 'person/4253', 'person/101039', 'person/124834', 'person/124929', 'person/240478', 'person/197786', 'person/88715', 'person/197480', 'person/24922', 'person/124988', 'person/197695', 'person/197459', 'person/190464', 'person/197595', 'person/197511', 'person/204419', 'person/197772', 'person/204335', 'person/204368', 'person/28223', 'person/197672', 'person/197632', 'person/197645', 'person/94649', 'person/33982', 'person/96747', 'person/197766', 'person/197870', 'person/212855', 'person/197843', 'person/197836', 'person/197467', 'person/118859', 'person/96978', 'person/112611', 'person/197576', 'person/197453', 'person/124701', 'person/204332', 'person/197430', 'person/197403', 'person/124862', 'person/188945', 'person/197589', 'person/197512', 'person/197709', 'person/124714', 'person/125020', 'person/197580', 'person/197626', 'person/205452', 'person/197429', 'person/112748', 'person/96750', 'person/197495', 'person/197827', 'person/197488', 'person/96922', 'person/239260', 'person/197699', 'person/239255', 'person/28347', 'person/197520', 'person/197515', 'person/125109', 'person/124696', 'person/197681', 'person/197636', 'person/96776', 'person/124766', 'person/96903', 'person/204400', 'person/197492', 'person/198096', 'person/214839', 'person/124799', 'person/197784', 'person/125104', 'person/124693', 'person/197457', 'person/28389', 'person/96780', 'person/22858', 'person/124770', 'person/125093', 'person/197432', 'person/132366', 'person/124936', 'person/197848', 'person/209896', 'person/197718', 'person/125214', 'person/221463', 'person/197465', 'person/124713', 'person/124808', 'person/239973', 'person/197665', 'person/23768', 'person/243979', 'person/197574', 'person/204421', 'person/28390', 'person/190519', 'person/197651', 'person/197415', 'person/197863', 'person/197551', 'person/197408', 'person/236053', 'person/193292', 'person/239257', 'person/197517', 'person/202112', 'person/124726', 'person/131507', 'person/197638', 'person/197460', 'person/197722', 'person/197392', 'person/28294', 'person/125670', 'person/197423', 'person/86793', 'person/23712', 'person/96934', 'person/125043', 'person/197532', 'person/197493', 'person/124836', 'person/193273', 'person/1992', 'person/197788', 'person/124785', 'person/197770', 'person/96711', 'person/5729', 'person/197825', 'person/197436', 'person/28297', 'person/197545', 'person/124844', 'person/238674', 'person/192635', 'person/197743', 'person/197690', 'person/197469', 'person/96801', 'person/197490', 'person/197451', 'person/197444', 'person/197506', 'person/28226', 'person/124691', 'person/124747', 'person/107212', 'person/197655', 'person/1917', 'person/197553', 'person/197648', 'person/197769', 'person/202036', 'person/58789', 'person/124934', 'person/197791', 'person/1892', 'person/197586', 'person/197501', 'person/120478', 'person/197427', 'person/96936', 'person/197536', 'person/4289', 'person/23781', 'person/197395', 'person/197529', 'person/197413', 'person/197406', 'person/199996', 'person/245858', 'person/197472', 'person/197481', 'person/4746', 'person/197804', 'person/197734', 'person/38511', 'person/197581', 'person/197590', 'person/209091', 'person/29579', 'person/38595', 'person/134605', 'person/237779', 'person/197544', 'person/96809', 'person/197828', 'person/197498', 'person/131580', 'person/197421', 'person/122978', 'person/197698', 'person/124867', 'person/197530', 'person/197782', 'person/197742', 'person/197691', 'person/101585', 'person/197448', 'person/27714', 'person/197557', 'person/190713', 'person/124856', 'person/197832', 'person/197463', 'person/28150', 'person/124715', 'person/124708', 'person/28399', 'person/197572', 'person/197500', 'person/197667', 'person/197627', 'person/124734', 'person/226260', 'person/136236', 'person/125046', 'person/183338', 'person/197489', 'person/197763', 'person/208722', 'person/197840', 'person/197935', 'person/38420', 'person/197675', 'person/30482', 'person/185619']",608.0,org/ep-9,"['eli/dl/doc/CRE-9-2023-07-13', 'eli/dl/doc/PV-9-2023-07-13', 'eli/dl/doc/PV-9-2023-07-13-RCV']",http://publications.europa.eu/resource/authority/place/FRA_SXB,"['eli/dl/event/MTG-PL-2023-07-13-TF-1200', 'eli/dl/event/MTG-PL-2023-07-13-TF-0900', 'eli/dl/event/MTG-PL-2023-07-13-TF-1500']"
54,eli/dl/event/MTG-PL-2023-09-14,Activity,2023-09-14,2023-09-14T23:00:00+02:00,MTG-PL-2023-09-14,"{'hr': 'četvrtak, 14. rujna 2023.', 'ro': 'Joi, 14 septembrie 2023', 'sk': 'Štvrtok, 14. septembra 2023', 'hu': '2023. szeptember 14., csütörtök', 'pl': 'Czwartek, 14 września 2023', 'it': 'Giovedì 14 settembre 2023', 'fi': 'Torstai 14. syyskuuta 2023', 'cs': 'Čtvrtek, 14. září 2023', 'pt': 'Quinta-feira, 14 de Setembro de 2023', 'ga': 'Déardaoin, 14 Meán Fómhair 2023', 'lv': 'Ceturtdiena, 2023. gada 14. septembris', 'sl': 'Četrtek, 14. september 2023', 'el': 'Πέμπτη 14 Σεπτεμβρίου 2023', 'da': 'Torsdag den 14. september 2023', 'en': 'Thursday, 14 September 2023', 'et': 'Neljapäev, 14. september 2023', 'es': 'Jueves 14 de septiembre de 2023', 'fr': 'Jeudi 14 septembre 2023', 'nl': 'Donderdag 14 september 2023', 'mt': ""Il-Ħamis, 14 ta' Settembru 2023"", 'bg': 'Четвъртък, 14 септември 2023', 'lt': 'Ketvirtadienis, 2023 m. rugsėjo 14 d.', 'de': 'Donnerstag, 14. September 2023', 'sv': 'Torsdagen den 14 september 2023'}",2023-09-14T01:00:00+02:00,"['eli/dl/event/MTG-PL-2023-09-14-PVCRE-ITM-12', 'eli/dl/event/MTG-PL-2023-09-14-VOT-ITM-939486', 'eli/dl/event/MTG-PL-2023-09-14-PVCRE-ITM-5', 'eli/dl/event/MTG-PL-2023-09-14-VOT-ITM-939483', 'eli/dl/event/MTG-PL-2023-09-14-PVCRE-ITM-2', 'eli/dl/event/MTG-PL-2023-09-14-PVCRE-ITM-15', 'eli/dl/event/MTG-PL-2023-09-14-VOT-ITM-939462', 'eli/dl/event/MTG-PL-2023-09-14-PVCRE-ITM-7', 'eli/dl/event/MTG-PL-2023-09-14-VOT-ITM-939465', 'eli/dl/event/MTG-PL-2023-09-14-PVCRE-ITM-11', 'eli/dl/event/MTG-PL-2023-09-14-PVCRE-ITM-14', 'eli/dl/event/MTG-PL-2023-09-14-VOT-ITM-939494', 'eli/dl/event/MTG-PL-2023-09-14-VOT-ITM-939496', 'eli/dl/event/MTG-PL-2023-09-14-PVCRE-ITM-10', 'eli/dl/event/MTG-PL-2023-09-14-PVCRE-ITM-4', 'eli/dl/event/MTG-PL-2023-09-14-PVCRE-CHA-1', 'eli/dl/event/MTG-PL-2023-09-14-PVCRE-ITM-9', 'eli/dl/event/MTG-PL-2023-09-14-VOT-ITM-939484', 'eli/dl/event/MTG-PL-2023-09-14-PVCRE-ITM-1', 'eli/dl/event/MTG-PL-2023-09-14-PVCRE-ITM-8', 'eli/dl/event/MTG-PL-2023-09-14-PVCRE-ITM-6', 'eli/dl/event/MTG-PL-2023-09-14-PVCRE-ITM-13', 'eli/dl/event/MTG-PL-2023-09-14-VOT-ITM-939493', 'eli/dl/event/MTG-PL-2023-09-14-PVCRE-ITM-3', 'eli/dl/event/MTG-PL-2023-09-14-VOT-ITM-939495', 'eli/dl/event/MTG-PL-2023-09-14-PVCRE-ITM-16', 'eli/dl/event/MTG-PL-2023-09-14-VOT-ITM-939463']",['eli/dl/doc/OJQ-9-2023-09-14'],def/ep-activities/PLENARY_SITTING,"['person/125030', 'person/23868', 'person/197670', 'person/96837', 'person/197795', 'person/197632', 'person/197848', 'person/197683', 'person/197529', 'person/197615', 'person/5392', 'person/197802']","['person/129164', 'person/197425', 'person/124738', 'person/197621', 'person/124712', 'person/197607', 'person/197498', 'person/197514', 'person/106936', 'person/124705', 'person/96771', 'person/96978', 'person/206158', 'person/197675', 'person/197799', 'person/197546', 'person/197843', 'person/35016', 'person/125670', 'person/197829', 'person/197421', 'person/190713', 'person/204416', 'person/23712', 'person/239271', 'person/112744', 'person/130256', 'person/28224', 'person/124701', 'person/124696', 'person/202112', 'person/218349', 'person/239260', 'person/28340', 'person/124807', 'person/197453', 'person/124766', 'person/197423', 'person/197635', 'person/125064', 'person/28399', 'person/204418', 'person/197496', 'person/197542', 'person/239255', 'person/197430', 'person/240478', 'person/124867', 'person/204346', 'person/96936', 'person/197544', 'person/112611', 'person/204421', 'person/245018', 'person/197827', 'person/33982', 'person/86793', 'person/204414', 'person/197574', 'person/28266', 'person/125001', 'person/197551', 'person/197451', 'person/190518', 'person/197549', 'person/197465', 'person/197437', 'person/124812', 'person/197540', 'person/197779', 'person/229519', 'person/124771', 'person/197526', 'person/197765', 'person/197717', 'person/124895', 'person/112747', 'person/124713', 'person/197395', 'person/97058', 'person/125067', 'person/130833', 'person/124835', 'person/197461', 'person/239258', 'person/197433', 'person/197754', 'person/1927', 'person/124844', 'person/197572', 'person/197731', 'person/124996', 'person/197558', 'person/124891', 'person/197402', 'person/124877', 'person/96697', 'person/124973', 'person/197463', 'person/197493', 'person/96713', 'person/99283', 'person/197470', 'person/96903', 'person/197656', 'person/239972', 'person/4253', 'person/125004', 'person/197391', 'person/197468', 'person/197738', 'person/197449', 'person/197645', 'person/136236', 'person/124802', 'person/96811', 'person/197586', 'person/197400', 'person/197516', 'person/124747', 'person/197652', 'person/236051', 'person/197616', 'person/197491', 'person/197776', 'person/197523', 'person/96725', 'person/197398', 'person/247737', 'person/197677', 'person/197654', 'person/197445', 'person/28122', 'person/124710', 'person/129073', 'person/197582', 'person/4267', 'person/197512', 'person/125093', 'person/204733', 'person/197772', 'person/96791', 'person/197473', 'person/28400', 'person/197935', 'person/124856', 'person/197637', 'person/197584', 'person/197507', 'person/190774', 'person/197414', 'person/197650', 'person/94649', 'person/197668', 'person/96868', 'person/204332', 'person/96922', 'person/130100', 'person/197781', 'person/197680', 'person/197589', 'person/197403', 'person/40599', 'person/204400', 'person/197580', 'person/197503', 'person/197619', 'person/197566', 'person/197410', 'person/114268', 'person/190464', 'person/197610', 'person/197682', 'person/197770', 'person/197628', 'person/125109', 'person/197489', 'person/197535', 'person/124872', 'person/124929', 'person/197657', 'person/197804', 'person/125046', 'person/197818', 'person/247709', 'person/197412', 'person/197528', 'person/23816', 'person/197719', 'person/197788', 'person/132191', 'person/202352', 'person/197832', 'person/182995', 'person/197624', 'person/124821', 'person/197531', 'person/197435', 'person/197417', 'person/124722', 'person/205452', 'person/197800', 'person/124708', 'person/204335', 'person/96740', 'person/218347', 'person/197784', 'person/197839', 'person/131507', 'person/197533', 'person/197740', 'person/197519', 'person/197419', 'person/197846', 'person/2054', 'person/24922', 'person/120478', 'person/191693', 'person/187917', 'person/197786', 'person/197431', 'person/96934', 'person/122978', 'person/124704', 'person/96833', 'person/197440', 'person/197556', 'person/197538', 'person/197426', 'person/124739', 'person/124875', 'person/189065', 'person/124760', 'person/197563', 'person/197515', 'person/197415', 'person/96747', 'person/197842', 'person/204333', 'person/96772', 'person/125106', 'person/197694', 'person/197835', 'person/209896', 'person/101585', 'person/197782', 'person/840', 'person/197720', 'person/124884', 'person/34578', 'person/197552', 'person/197422', 'person/39725', 'person/96761', 'person/124985', 'person/197447', 'person/245858', 'person/197699', 'person/221463', 'person/124808', 'person/197482', 'person/197536', 'person/197743', 'person/197690', 'person/124785', 'person/193273', 'person/197889', 'person/197636', 'person/124833', 'person/197819', 'person/197796', 'person/204419', 'person/97968', 'person/197543', 'person/125025', 'person/4246', 'person/192634', 'person/197475', 'person/96779', 'person/197840', 'person/197826', 'person/4344', 'person/185974', 'person/125104', 'person/204449', 'person/28346', 'person/197443', 'person/197429', 'person/124822', 'person/124781', 'person/24505', 'person/124709', 'person/125021', 'person/238674', 'person/96668', 'person/197697', 'person/96709', 'person/96891', 'person/197480', 'person/197596', 'person/197452', 'person/190519', 'person/197466', 'person/118949', 'person/197438', 'person/124799', 'person/124887', 'person/124861', 'person/125023', 'person/134605', 'person/193292', 'person/5565', 'person/123562', 'person/112748', 'person/197571', 'person/24594', 'person/197457', 'person/197427', 'person/209140', 'person/197396', 'person/125068', 'person/124836', 'person/197501', 'person/197462', 'person/197434', 'person/124934', 'person/197662', 'person/126644', 'person/197648', 'person/197626', 'person/197573', 'person/197559', 'person/197459', 'person/124734', 'person/127096', 'person/96698', 'person/96829', 'person/197548', 'person/197510', 'person/204443', 'person/29579', 'person/197671', 'person/197838', 'person/239973', 'person/197578', 'person/28288', 'person/197701', 'person/125214', 'person/125005', 'person/197608', 'person/247122', 'person/197483', 'person/96787', 'person/28297', 'person/197392', 'person/197469', 'person/197455', 'person/197490', 'person/124692', 'person/28617', 'person/238639', 'person/197646', 'person/197587', 'person/96812', 'person/197401', 'person/197517', 'person/197631', 'person/96885', 'person/197791', 'person/96991', 'person/197492', 'person/236052', 'person/197777', 'person/197478', 'person/96756', 'person/4746', 'person/197722', 'person/98582', 'person/1892', 'person/197576', 'person/197406', 'person/237779', 'person/197606', 'person/197497', 'person/197467', 'person/239256', 'person/197513', 'person/124862', 'person/23788', 'person/197773', 'person/96752', 'person/197767', 'person/4560', 'person/197408', 'person/197638', 'person/96810', 'person/197798', 'person/197545', 'person/95074', 'person/236050', 'person/197828', 'person/197522', 'person/38595', 'person/28223', 'person/234344', 'person/243912', 'person/228604', 'person/125038', 'person/124806', 'person/197404', 'person/226260', 'person/125063', 'person/125045', 'person/197634', 'person/124831', 'person/197794', 'person/197595', 'person/197495', 'person/197541', 'person/197527', 'person/28269', 'person/124866', 'person/197771', 'person/189525', 'person/96750', 'person/124992', 'person/230085', 'person/244571', 'person/124873', 'person/197805', 'person/96852', 'person/229839', 'person/197702', 'person/204420', 'person/124714', 'person/128483', 'person/247735', 'person/185619', 'person/28353', 'person/197588', 'person/197550', 'person/1992', 'person/197464', 'person/197436', 'person/197418', 'person/28429', 'person/197801', 'person/96820', 'person/197618', 'person/229352', 'person/197778', 'person/204336', 'person/197734', 'person/183793', 'person/197641', 'person/96880', 'person/197394', 'person/197460', 'person/239257', 'person/197432', 'person/33997', 'person/185341', 'person/197441', 'person/197557', 'person/197539', 'person/212855', 'person/58789', 'person/197808', 'person/125012', 'person/4289', 'person/88882', 'person/124972', 'person/124777', 'person/197416', 'person/237320', 'person/28619', 'person/204334', 'person/23768', 'person/197836', 'person/118859', 'person/197446', 'person/97236', 'person/88715', 'person/197845', 'person/197553', 'person/197390', 'person/197439', 'person/72779', 'person/124726', 'person/28586', 'person/1917', 'person/197448', 'person/28615', 'person/237224', 'person/197537', 'person/197651', 'person/197868', 'person/192635', 'person/237465', 'person/233862', 'person/208722', 'person/197841', 'person/197728', 'person/132366', 'person/28347', 'person/28161', 'person/197444', 'person/22858', 'person/58766', 'person/197581', 'person/197567', 'person/38398', 'person/198096', 'person/197611', 'person/197472', 'person/199996', 'person/198183', 'person/96776', 'person/197481', 'person/96952', 'person/197506', 'person/197742', 'person/37312', 'person/197413', 'person/23699', 'person/197667', 'person/96867', 'person/197520', 'person/197711', 'person/197780', 'person/96998', 'person/202036', 'person/197458', 'person/243979', 'person/197502', 'person/198176', 'person/185771', 'person/197756', 'person/96808', 'person/188945', 'person/124700', 'person/197663', 'person/197681', 'person/197627', 'person/96899', 'person/197488', 'person/197534', 'person/96734', 'person/96681', 'person/124735', 'person/38511', 'person/197817', 'person/197504', 'person/197511', 'person/30482', 'person/197810', 'person/197718', 'person/197665', 'person/197787', 'person/202351', 'person/198063', 'person/197672', 'person/197831', 'person/2341', 'person/124691', 'person/197623', 'person/197530', 'person/197500', 'person/204413', 'person/96711', 'person/124693', 'person/197647', 'person/197783', 'person/28389', 'person/197532', 'person/197721', 'person/214839', 'person/197518', 'person/183338', 'person/197709', 'person/197792', 'person/2323', 'person/236053', 'person/183916', 'person/28219', 'person/197822', 'person/197679', 'person/28226', 'person/96933', 'person/202073', 'person/197577']",591.0,org/ep-9,"['eli/dl/doc/PV-9-2023-09-14', 'eli/dl/doc/PV-9-2023-09-14-RCV', 'eli/dl/doc/CRE-9-2023-09-14']",http://publications.europa.eu/resource/authority/place/FRA_SXB,
55,eli/dl/event/MTG-PL-2023-10-05,Activity,2023-10-05,2023-10-05T23:00:00+02:00,MTG-PL-2023-10-05,"{'hr': 'četvrtak, 5. listopada 2023.', 'it': 'Giovedì 5 ottobre 2023', 'mt': ""Il-Ħamis, 5 ta' Ottubru 2023"", 'da': 'Torsdag den 5. oktober 2023', 'sv': 'Torsdagen den 5 oktober 2023', 'lv': 'Ceturtdiena, 2023. gada 5. oktobris', 'nl': 'Donderdag 5 oktober 2023', 'pl': 'Czwartek, 5 października 2023', 'lt': 'Ketvirtadienis, 2023 m. spalio 5 d.', 'sk': 'Štvrtok, 5. októbra 2023', 'ro': 'Joi, 5 octombrie 2023', 'en': 'Thursday, 5 October 2023', 'el': 'Πέμπτη 5 Οκτωβρίου 2023', 'de': 'Donnerstag, 5. Oktober 2023', 'et': 'Neljapäev, 5. oktoober 2023', 'hu': '2023. október 5., csütörtök', 'fr': 'Jeudi 5 octobre 2023', 'pt': 'Quinta-feira, 5 de Outubro de 2023', 'es': 'Jueves 5 de octubre de 2023', 'sl': 'Četrtek, 5. oktober 2023', 'ga': 'Déardaoin, 5 Deireadh Fómhair 2023', 'fi': 'Torstai 5. lokakuuta 2023', 'bg': 'Четвъртък, 5 октомври 2023', 'cs': 'Čtvrtek, 5. října 2023'}",2023-10-05T01:00:00+02:00,"['eli/dl/event/MTG-PL-2023-10-05-PVCRE-ITM-12', 'eli/dl/event/MTG-PL-2023-10-05-VOT-ITM-939563', 'eli/dl/event/MTG-PL-2023-10-05-PVCRE-CHA-1', 'eli/dl/event/MTG-PL-2023-10-05-VOT-ITM-939521', 'eli/dl/event/MTG-PL-2023-10-05-VOT-ITM-939503', 'eli/dl/event/MTG-PL-2023-10-05-PVCRE-ITM-14', 'eli/dl/event/MTG-PL-2023-10-05-PVCRE-ITM-6', 'eli/dl/event/MTG-PL-2023-10-05-VOT-ITM-939565', 'eli/dl/event/MTG-PL-2023-10-05-VOT-ITM-939519', 'eli/dl/event/MTG-PL-2023-10-05-PVCRE-ITM-5', 'eli/dl/event/MTG-PL-2023-10-05-VOT-ITM-939547', 'eli/dl/event/MTG-PL-2023-10-05-PVCRE-ITM-8', 'eli/dl/event/MTG-PL-2023-10-05-VOT-ITM-939567', 'eli/dl/event/MTG-PL-2023-10-05-PVCRE-ITM-7', 'eli/dl/event/MTG-PL-2023-10-05-PVCRE-ITM-4', 'eli/dl/event/MTG-PL-2023-10-05-VOT-ITM-939566', 'eli/dl/event/MTG-PL-2023-10-05-VOT-ITM-939517', 'eli/dl/event/MTG-PL-2023-10-05-VOT-ITM-939549', 'eli/dl/event/MTG-PL-2023-10-05-PVCRE-ITM-15', 'eli/dl/event/MTG-PL-2023-10-05-PVCRE-ITM-11', 'eli/dl/event/MTG-PL-2023-10-05-PVCRE-ITM-2', 'eli/dl/event/MTG-PL-2023-10-05-PVCRE-ITM-1', 'eli/dl/event/MTG-PL-2023-10-05-PVCRE-ITM-9', 'eli/dl/event/MTG-PL-2023-10-05-PVCRE-ITM-10', 'eli/dl/event/MTG-PL-2023-10-05-PVCRE-ITM-13', 'eli/dl/event/MTG-PL-2023-10-05-PVCRE-ITM-3', 'eli/dl/event/MTG-PL-2023-10-05-VOT-ITM-939514', 'eli/dl/event/MTG-PL-2023-10-05-VOT-ITM-939544', 'eli/dl/event/MTG-PL-2023-10-05-VOT-ITM-939550', 'eli/dl/event/MTG-PL-2023-10-05-PVCRE-ITM-16']",['eli/dl/doc/OJQ-9-2023-10-05'],def/ep-activities/PLENARY_SITTING,"['person/197576', 'person/197529', 'person/125030', 'person/197651', 'person/5392', 'person/197391', 'person/197581', 'person/197632', 'person/197697', 'person/205452', 'person/197795', 'person/36392']","['person/233862', 'person/2341', 'person/28288', 'person/134605', 'person/197792', 'person/96713', 'person/197406', 'person/197631', 'person/202352', 'person/118949', 'person/197467', 'person/204418', 'person/236052', 'person/197786', 'person/239271', 'person/247735', 'person/197473', 'person/197649', 'person/197539', 'person/197798', 'person/197655', 'person/197637', 'person/124973', 'person/197545', 'person/840', 'person/198096', 'person/96775', 'person/125064', 'person/124777', 'person/30482', 'person/124866', 'person/197698', 'person/197672', 'person/2054', 'person/202112', 'person/204420', 'person/125004', 'person/197419', 'person/204336', 'person/96936', 'person/197513', 'person/96776', 'person/96750', 'person/206158', 'person/197496', 'person/197611', 'person/124822', 'person/204421', 'person/125005', 'person/197441', 'person/197606', 'person/197552', 'person/122978', 'person/96756', 'person/39725', 'person/236050', 'person/182995', 'person/197501', 'person/197520', 'person/124895', 'person/197470', 'person/95074', 'person/2323', 'person/124828', 'person/197447', 'person/124802', 'person/197558', 'person/135511', 'person/209140', 'person/124850', 'person/197580', 'person/197634', 'person/125046', 'person/197828', 'person/197526', 'person/226260', 'person/97968', 'person/197448', 'person/24505', 'person/239255', 'person/197483', 'person/197619', 'person/197416', 'person/197527', 'person/124714', 'person/125020', 'person/124708', 'person/197720', 'person/197654', 'person/96791', 'person/239256', 'person/197455', 'person/236053', 'person/183916', 'person/5729', 'person/125128', 'person/4253', 'person/124936', 'person/197478', 'person/125021', 'person/38398', 'person/96709', 'person/114268', 'person/96829', 'person/28615', 'person/197802', 'person/96978', 'person/28340', 'person/124739', 'person/197863', 'person/197423', 'person/124734', 'person/197771', 'person/197610', 'person/209896', 'person/24942', 'person/1892', 'person/35016', 'person/124696', 'person/124877', 'person/197429', 'person/197403', 'person/197514', 'person/197777', 'person/197497', 'person/28297', 'person/197616', 'person/197435', 'person/197935', 'person/197679', 'person/23788', 'person/96810', 'person/197641', 'person/197531', 'person/27714', 'person/58789', 'person/197392', 'person/112611', 'person/197404', 'person/124833', 'person/189525', 'person/204416', 'person/197452', 'person/197563', 'person/197784', 'person/23816', 'person/197838', 'person/4267', 'person/125109', 'person/96668', 'person/28226', 'person/130256', 'person/197647', 'person/197629', 'person/124807', 'person/197537', 'person/191693', 'person/22858', 'person/197635', 'person/96725', 'person/197458', 'person/96933', 'person/1927', 'person/124861', 'person/197466', 'person/197785', 'person/96681', 'person/24594', 'person/198176', 'person/197648', 'person/228286', 'person/96852', 'person/214839', 'person/4560', 'person/197544', 'person/96779', 'person/204334', 'person/197709', 'person/197494', 'person/124781', 'person/125063', 'person/34578', 'person/197763', 'person/40599', 'person/185619', 'person/132366', 'person/197550', 'person/204413', 'person/124985', 'person/197769', 'person/97058', 'person/96787', 'person/132191', 'person/197731', 'person/244571', 'person/197556', 'person/212855', 'person/124887', 'person/1909', 'person/218349', 'person/197772', 'person/197826', 'person/197500', 'person/237465', 'person/197434', 'person/199996', 'person/197683', 'person/197711', 'person/240478', 'person/197573', 'person/124700', 'person/197446', 'person/197743', 'person/197519', 'person/221463', 'person/197778', 'person/96761', 'person/125045', 'person/197481', 'person/197506', 'person/197414', 'person/197525', 'person/185771', 'person/197839', 'person/37312', 'person/28347', 'person/202351', 'person/197482', 'person/28353', 'person/204400', 'person/197507', 'person/236051', 'person/124713', 'person/197453', 'person/197756', 'person/96833', 'person/124934', 'person/33997', 'person/124808', 'person/197538', 'person/96801', 'person/124856', 'person/197658', 'person/197586', 'person/197800', 'person/197459', 'person/190518', 'person/197665', 'person/197719', 'person/198063', 'person/197671', 'person/124875', 'person/96743', 'person/197489', 'person/28389', 'person/190464', 'person/247709', 'person/124738', 'person/197427', 'person/204335', 'person/94649', 'person/190519', 'person/197495', 'person/197422', 'person/124760', 'person/208722', 'person/136236', 'person/197677', 'person/202036', 'person/127096', 'person/204733', 'person/197621', 'person/197868', 'person/124836', 'person/197390', 'person/197402', 'person/99945', 'person/120478', 'person/96903', 'person/124831', 'person/197463', 'person/204414', 'person/118859', 'person/197782', 'person/197836', 'person/28224', 'person/197645', 'person/197627', 'person/124996', 'person/197808', 'person/101585', 'person/4344', 'person/185341', 'person/124837', 'person/197469', 'person/197567', 'person/197788', 'person/197464', 'person/190774', 'person/96952', 'person/124799', 'person/239972', 'person/197783', 'person/197738', 'person/124844', 'person/197646', 'person/197574', 'person/197628', 'person/124701', 'person/96711', 'person/124812', 'person/24922', 'person/197398', 'person/197415', 'person/204332', 'person/96932', 'person/96772', 'person/197492', 'person/239973', 'person/197766', 'person/28266', 'person/129164', 'person/125670', 'person/197653', 'person/125001', 'person/197543', 'person/197810', 'person/197767', 'person/4246', 'person/124891', 'person/124929', 'person/197818', 'person/197549', 'person/218347', 'person/125042', 'person/197511', 'person/101039', 'person/197432', 'person/197681', 'person/228604', 'person/197571', 'person/125043', 'person/197590', 'person/197504', 'person/197615', 'person/33982', 'person/197395', 'person/28390', 'person/239262', 'person/197523', 'person/197438', 'person/229839', 'person/197682', 'person/124704', 'person/29579', 'person/197445', 'person/197742', 'person/197530', 'person/197650', 'person/28219', 'person/197480', 'person/197451', 'person/204419', 'person/197754', 'person/5565', 'person/88882', 'person/72779', 'person/124806', 'person/197536', 'person/197722', 'person/188945', 'person/197584', 'person/197638', 'person/247122', 'person/23699', 'person/193292', 'person/124712', 'person/96734', 'person/197663', 'person/197717', 'person/213330', 'person/23712', 'person/197695', 'person/124692', 'person/124873', 'person/197585', 'person/197425', 'person/204333', 'person/197493', 'person/237779', 'person/28150', 'person/96899', 'person/112744', 'person/96747', 'person/197805', 'person/124693', 'person/96867', 'person/197488', 'person/197553', 'person/197426', 'person/229519', 'person/125025', 'person/96653', 'person/124988', 'person/197780', 'person/28372', 'person/96812', 'person/28619', 'person/96880', 'person/197806', 'person/197559', 'person/1917', 'person/197841', 'person/197401', 'person/28586', 'person/124835', 'person/237224', 'person/197462', 'person/197433', 'person/124771', 'person/197781', 'person/125106', 'person/197572', 'person/197626', 'person/190713', 'person/125038', 'person/197692', 'person/197518', 'person/124766', 'person/197566', 'person/197540', 'person/86793', 'person/125706', 'person/197468', 'person/88715', 'person/197439', 'person/130100', 'person/197396', 'person/197787', 'person/197490', 'person/96991', 'person/124705', 'person/28346', 'person/197794', 'person/197848', 'person/96820', 'person/197408', 'person/197546', 'person/124586', 'person/197541', 'person/125012', 'person/247737', 'person/124722', 'person/183338', 'person/130833', 'person/96826', 'person/197657', 'person/197547', 'person/99283', 'person/106936', 'person/197718', 'person/197870', 'person/229352', 'person/197430', 'person/96646', 'person/243912', 'person/197607', 'person/185974', 'person/197515', 'person/96752', 'person/209091', 'person/197498', 'person/124785', 'person/28294', 'person/197502', 'person/197436', 'person/239260', 'person/96698', 'person/197680', 'person/198183', 'person/204449', 'person/197443', 'person/197740', 'person/197608', 'person/197791', 'person/197829', 'person/197393', 'person/197503', 'person/197522', 'person/234344', 'person/197835', 'person/245858', 'person/28223', 'person/28400', 'person/197472', 'person/197889', 'person/96885', 'person/197449', 'person/197534', 'person/96780', 'person/197444', 'person/197582', 'person/197636', 'person/197528', 'person/124715', 'person/96808', 'person/124710', 'person/96830', 'person/197687', 'person/202073', 'person/197577', 'person/96891', 'person/197721', 'person/28122', 'person/192635', 'person/239257', 'person/197596', 'person/197418', 'person/197491', 'person/197667', 'person/197662', 'person/197699', 'person/123562', 'person/197589', 'person/124821', 'person/125214', 'person/239258', 'person/197551', 'person/124735', 'person/125093', 'person/125023', 'person/197668', 'person/197832', 'person/112748', 'person/197728', 'person/238639', 'person/189065', 'person/197623', 'person/28617', 'person/124992', 'person/197804', 'person/28161', 'person/197817', 'person/197557', 'person/124884', 'person/126644', 'person/197510', 'person/197773', 'person/124747', 'person/98582', 'person/197460', 'person/197431', 'person/197675', 'person/125104', 'person/197734', 'person/4746', 'person/96811', 'person/197624', 'person/187917', 'person/197845', 'person/197690', 'person/197405', 'person/197516', 'person/96922', 'person/197702', 'person/197779', 'person/28399', 'person/197400', 'person/197564', 'person/197437', 'person/197394', 'person/124770']",572.0,org/ep-9,"['eli/dl/doc/CRE-9-2023-10-05', 'eli/dl/doc/PV-9-2023-10-05', 'eli/dl/doc/PV-9-2023-10-05-RCV']",http://publications.europa.eu/resource/authority/place/FRA_SXB,
56,eli/dl/event/MTG-PL-2023-10-19,Activity,2023-10-19,2023-10-19T23:00:00+02:00,MTG-PL-2023-10-19,"{'pt': 'Quinta-feira, 19 de Outubro de 2023', 'ro': 'Joi, 19 octombrie 2023', 'lv': 'Ceturtdiena, 2023. gada 19. oktobris', 'et': 'Neljapäev, 19. oktoober 2023', 'sk': 'Štvrtok, 19. októbra 2023', 'bg': 'Четвъртък, 19 октомври 2023', 'es': 'Jueves 19 de octubre de 2023', 'da': 'Torsdag den 19. oktober 2023', 'it': 'Giovedì 19 ottobre 2023', 'en': 'Thursday, 19 October 2023', 'ga': 'Déardaoin, 19 Deireadh Fómhair 2023', 'lt': 'Ketvirtadienis, 2023 m. spalio 19 d.', 'hr': 'četvrtak, 19. listopada 2023.', 'hu': '2023. október 19., csütörtök', 'sv': 'Torsdagen den 19 oktober 2023', 'de': 'Donnerstag, 19. Oktober 2023', 'el': 'Πέμπτη 19 Οκτωβρίου 2023', 'mt': ""Il-Ħamis, 19 ta' Ottubru 2023"", 'pl': 'Czwartek, 19 października 2023', 'fr': 'Jeudi 19 octobre 2023', 'fi': 'Torstai 19. lokakuuta 2023', 'cs': 'Čtvrtek, 19. října 2023', 'nl': 'Donderdag 19 oktober 2023', 'sl': 'Četrtek, 19. oktober 2023'}",2023-10-19T01:00:00+02:00,"['eli/dl/event/MTG-PL-2023-10-19-PVCRE-ITM-17', 'eli/dl/event/MTG-PL-2023-10-19-PVCRE-ITM-9', 'eli/dl/event/MTG-PL-2023-10-19-PVCRE-ITM-10', 'eli/dl/event/MTG-PL-2023-10-19-VOT-ITM-939585', 'eli/dl/event/MTG-PL-2023-10-19-PVCRE-ITM-2', 'eli/dl/event/MTG-PL-2023-10-19-PVCRE-ITM-7', 'eli/dl/event/MTG-PL-2023-10-19-PVCRE-ITM-14', 'eli/dl/event/MTG-PL-2023-10-19-VOT-ITM-939589', 'eli/dl/event/MTG-PL-2023-10-19-VOT-ITM-939624', 'eli/dl/event/MTG-PL-2023-10-19-PVCRE-ITM-4', 'eli/dl/event/MTG-PL-2023-10-19-VOT-ITM-939628', 'eli/dl/event/MTG-PL-2023-10-19-PVCRE-ITM-16', 'eli/dl/event/MTG-PL-2023-10-19-VOT-ITM-939626', 'eli/dl/event/MTG-PL-2023-10-19-PVCRE-ITM-1', 'eli/dl/event/MTG-PL-2023-10-19-PVCRE-ITM-6', 'eli/dl/event/MTG-PL-2023-10-19-PVCRE-ITM-13', 'eli/dl/event/MTG-PL-2023-10-19-PVCRE-ITM-18', 'eli/dl/event/MTG-PL-2023-10-19-PVCRE-ITM-11', 'eli/dl/event/MTG-PL-2023-10-19-PVCRE-ITM-3', 'eli/dl/event/MTG-PL-2023-10-19-PVCRE-ITM-8', 'eli/dl/event/MTG-PL-2023-10-19-PVCRE-ITM-15', 'eli/dl/event/MTG-PL-2023-10-19-PVCRE-CHA-1', 'eli/dl/event/MTG-PL-2023-10-19-PVCRE-ITM-5', 'eli/dl/event/MTG-PL-2023-10-19-PVCRE-ITM-12']",['eli/dl/doc/OJQ-9-2023-10-19'],def/ep-activities/PLENARY_SITTING,"['person/197434', 'person/5392', 'person/197683', 'person/236052', 'person/197550', 'person/197651', 'person/124781', 'person/197529', 'person/197784', 'person/197615', 'person/124770', 'person/197632', 'person/125030']","['person/125025', 'person/96653', 'person/197935', 'person/197559', 'person/197533', 'person/96820', 'person/130833', 'person/96779', 'person/202352', 'person/125068', 'person/125042', 'person/118949', 'person/134605', 'person/197694', 'person/197668', 'person/197441', 'person/199941', 'person/39725', 'person/197838', 'person/197804', 'person/197781', 'person/124807', 'person/840', 'person/124833', 'person/197415', 'person/132366', 'person/249285', 'person/197637', 'person/197607', 'person/4267', 'person/197868', 'person/124850', 'person/197458', 'person/125046', 'person/130256', 'person/197624', 'person/197742', 'person/124985', 'person/97058', 'person/204336', 'person/96787', 'person/28219', 'person/206158', 'person/197496', 'person/212855', 'person/239255', 'person/197419', 'person/197541', 'person/197567', 'person/197772', 'person/197432', 'person/199996', 'person/197406', 'person/125063', 'person/34578', 'person/96761', 'person/96932', 'person/197470', 'person/40599', 'person/99283', 'person/197763', 'person/124692', 'person/197545', 'person/197515', 'person/197776', 'person/29579', 'person/124828', 'person/124802', 'person/28615', 'person/197436', 'person/192635', 'person/96752', 'person/197453', 'person/236051', 'person/88882', 'person/197711', 'person/1892', 'person/190518', 'person/197519', 'person/197491', 'person/197461', 'person/197754', 'person/197619', 'person/124862', 'person/96739', 'person/125093', 'person/193292', 'person/197536', 'person/28619', 'person/197654', 'person/197636', 'person/198063', 'person/197579', 'person/197841', 'person/96756', 'person/197728', 'person/23788', 'person/197427', 'person/125045', 'person/125214', 'person/96810', 'person/197697', 'person/197671', 'person/197501', 'person/4253', 'person/197444', 'person/243979', 'person/124771', 'person/5729', 'person/189525', 'person/197465', 'person/238639', 'person/28269', 'person/126644', 'person/124836', 'person/197482', 'person/197418', 'person/197510', 'person/96801', 'person/205452', 'person/197610', 'person/198329', 'person/197553', 'person/197702', 'person/38511', 'person/197390', 'person/197505', 'person/197645', 'person/97968', 'person/204414', 'person/96747', 'person/197448', 'person/24594', 'person/197662', 'person/198176', 'person/197591', 'person/197527', 'person/124714', 'person/197788', 'person/124691', 'person/197394', 'person/96713', 'person/239258', 'person/94649', 'person/125023', 'person/197819', 'person/197557', 'person/197649', 'person/197631', 'person/197574', 'person/124992', 'person/204418', 'person/36392', 'person/237320', 'person/208722', 'person/136236', 'person/124766', 'person/197473', 'person/197766', 'person/197836', 'person/197490', 'person/96978', 'person/198490', 'person/131580', 'person/4746', 'person/197439', 'person/197413', 'person/125670', 'person/96681', 'person/96725', 'person/124866', 'person/197740', 'person/204334', 'person/214839', 'person/197494', 'person/239271', 'person/96952', 'person/197522', 'person/234344', 'person/236050', 'person/197770', 'person/197539', 'person/197870', 'person/197430', 'person/124709', 'person/124822', 'person/197582', 'person/197404', 'person/197626', 'person/197718', 'person/96830', 'person/197810', 'person/88715', 'person/129164', 'person/197731', 'person/96646', 'person/22858', 'person/204443', 'person/197513', 'person/197848', 'person/28294', 'person/197586', 'person/197530', 'person/197791', 'person/197393', 'person/96776', 'person/96750', 'person/197451', 'person/38595', 'person/197421', 'person/124891', 'person/96868', 'person/5565', 'person/197691', 'person/221463', 'person/240478', 'person/96885', 'person/197801', 'person/197489', 'person/125005', 'person/197517', 'person/197822', 'person/197534', 'person/197634', 'person/202073', 'person/197577', 'person/197425', 'person/96697', 'person/23768', 'person/125043', 'person/197695', 'person/96808', 'person/197769', 'person/99945', 'person/197463', 'person/197782', 'person/124808', 'person/230085', 'person/124834', 'person/197480', 'person/197416', 'person/197638', 'person/197608', 'person/197843', 'person/185341', 'person/197551', 'person/2341', 'person/96771', 'person/124799', 'person/239972', 'person/197743', 'person/1917', 'person/197497', 'person/96880', 'person/124712', 'person/197525', 'person/197786', 'person/197542', 'person/112748', 'person/197773', 'person/98582', 'person/197817', 'person/27714', 'person/197629', 'person/58789', 'person/125038', 'person/197572', 'person/237779', 'person/124747', 'person/96833', 'person/124934', 'person/96933', 'person/197764', 'person/124693', 'person/187917', 'person/204420', 'person/197546', 'person/4246', 'person/197777', 'person/124877', 'person/28297', 'person/197589', 'person/28346', 'person/107212', 'person/125012', 'person/124846', 'person/96837', 'person/197475', 'person/197738', 'person/124738', 'person/197681', 'person/228604', 'person/190519', 'person/204332', 'person/23816', 'person/197462', 'person/197520', 'person/125106', 'person/28266', 'person/197563', 'person/197537', 'person/197798', 'person/2323', 'person/197655', 'person/197402', 'person/86793', 'person/197672', 'person/197698', 'person/58766', 'person/202112', 'person/197502', 'person/197445', 'person/239260', 'person/197466', 'person/197808', 'person/244571', 'person/183338', 'person/197829', 'person/124837', 'person/197483', 'person/197511', 'person/124929', 'person/4289', 'person/101039', 'person/197846', 'person/197611', 'person/197584', 'person/245858', 'person/4560', 'person/237465', 'person/124972', 'person/197391', 'person/197506', 'person/197646', 'person/185619', 'person/197889', 'person/197449', 'person/197571', 'person/197720', 'person/197663', 'person/28223', 'person/96791', 'person/124715', 'person/106936', 'person/135511', 'person/197395', 'person/185974', 'person/229352', 'person/97236', 'person/185771', 'person/197558', 'person/197532', 'person/132191', 'person/202351', 'person/125067', 'person/204419', 'person/24505', 'person/197667', 'person/28122', 'person/209896', 'person/218349', 'person/197596', 'person/96936', 'person/197440', 'person/197767', 'person/229519', 'person/197680', 'person/124696', 'person/197837', 'person/197780', 'person/197549', 'person/247122', 'person/124806', 'person/197414', 'person/249284', 'person/197606', 'person/122978', 'person/197457', 'person/124867', 'person/197641', 'person/197623', 'person/197478', 'person/28161', 'person/96743', 'person/114268', 'person/112611', 'person/204335', 'person/197495', 'person/197523', 'person/124710', 'person/125109', 'person/124884', 'person/238674', 'person/197566', 'person/28353', 'person/96709', 'person/202036', 'person/197771', 'person/127096', 'person/204733', 'person/197658', 'person/197431', 'person/96991', 'person/197405', 'person/197675', 'person/197627', 'person/193419', 'person/197719', 'person/124988', 'person/197469', 'person/190774', 'person/228286', 'person/96852', 'person/123562', 'person/247737', 'person/190464', 'person/197832', 'person/197544', 'person/237224', 'person/124875', 'person/197849', 'person/197587', 'person/197531', 'person/96734', 'person/197792', 'person/197435', 'person/197679', 'person/197452', 'person/197422', 'person/124844', 'person/189065', 'person/124936', 'person/124701', 'person/28226', 'person/24922', 'person/197595', 'person/197802', 'person/28340', 'person/96922', 'person/197518', 'person/197460', 'person/96668', 'person/96899', 'person/125104', 'person/124861', 'person/30482', 'person/129073', 'person/197653', 'person/191693', 'person/197635', 'person/197840', 'person/28399', 'person/96698', 'person/197426', 'person/124996', 'person/197670', 'person/197500', 'person/4344', 'person/197443', 'person/124722', 'person/197464', 'person/197806', 'person/197827', 'person/197481', 'person/197417', 'person/182995', 'person/131507', 'person/197552', 'person/197701', 'person/197504', 'person/190713', 'person/96772', 'person/204413', 'person/197447', 'person/197687', 'person/209140', 'person/198096', 'person/197498', 'person/95074', 'person/125706', 'person/197526', 'person/124713', 'person/197787', 'person/124887', 'person/239257', 'person/125001', 'person/209091', 'person/198183', 'person/197818', 'person/124856', 'person/197556', 'person/72779', 'person/197573', 'person/197722', 'person/125065', 'person/197665', 'person/218347', 'person/96934', 'person/128483', 'person/197472', 'person/197765', 'person/28400', 'person/197835', 'person/96780', 'person/197547', 'person/197778', 'person/23699', 'person/37312', 'person/28347', 'person/28617', 'person/197438', 'person/96998', 'person/197412', 'person/197652', 'person/236053', 'person/197839', 'person/33982', 'person/124704', 'person/243912', 'person/23712', 'person/226260', 'person/197621', 'person/229839', 'person/124739', 'person/197682', 'person/204333', 'person/120478', 'person/197493', 'person/197756', 'person/118859', 'person/197826', 'person/197564', 'person/197799', 'person/101585', 'person/24942', 'person/124821', 'person/197459', 'person/197429', 'person/197403', 'person/96812', 'person/197581', 'person/197699', 'person/35016', 'person/197503', 'person/197446', 'person/183916', 'person/197467', 'person/247735', 'person/247709', 'person/96711', 'person/124812', 'person/96829', 'person/197512', 'person/125128', 'person/124873', 'person/197585', 'person/28150', 'person/124973', 'person/125021', 'person/197507', 'person/197677', 'person/197647', 'person/124777', 'person/204416', 'person/197721', 'person/23781', 'person/28224', 'person/197690', 'person/197734', 'person/124734', 'person/96903', 'person/130100', 'person/197800', 'person/197488', 'person/125004', 'person/197516', 'person/28372', 'person/197616']",578.0,org/ep-9,"['eli/dl/doc/PV-9-2023-10-19', 'eli/dl/doc/PV-9-2023-10-19-RCV', 'eli/dl/doc/CRE-9-2023-10-19']",http://publications.europa.eu/resource/authority/place/FRA_SXB,
57,eli/dl/event/MTG-PL-2023-11-09,Activity,2023-11-09,2023-11-09T23:00:00+01:00,MTG-PL-2023-11-09,"{'el': 'Πέμπτη 9 Νοεμβρίου 2023', 'lt': 'Ketvirtadienis, 2023 m. lapkričio 9 d.', 'it': 'Giovedì 9 novembre 2023', 'bg': 'Четвъртък, 9 ноември 2023', 'lv': 'Ceturtdiena, 2023. gada 9. novembris', 'hu': '2023. november 9., csütörtök', 'pl': 'Czwartek, 9 listopada 2023', 'pt': 'Quinta-feira, 9 de Novembro de 2023', 'cs': 'Čtvrtek, 9. listopadu 2023', 'sk': 'Štvrtok, 9. novembra 2023', 'nl': 'Donderdag 9 november 2023', 'fr': 'Jeudi 9 novembre 2023', 'hr': 'četvrtak, 9. studenog 2023.', 'de': 'Donnerstag, 9. November 2023', 'en': 'Thursday, 9 November 2023', 'et': 'Neljapäev, 9. november 2023', 'ga': 'Déardaoin, 9 Samhain 2023', 'ro': 'Joi, 9 noiembrie 2023', 'sv': 'Torsdagen den 9 november 2023', 'sl': 'Četrtek, 9. november 2023', 'es': 'Jueves 9 de noviembre de 2023', 'fi': 'Torstai 9. marraskuuta 2023', 'mt': ""Il-Ħamis, 9 ta' Novembru 2023"", 'da': 'Torsdag den 9. november 2023'}",2023-11-09T01:00:00+01:00,"['eli/dl/event/MTG-PL-2023-11-09-PVCRE-ITM-1', 'eli/dl/event/MTG-PL-2023-11-09-PVCRE-ITM-11', 'eli/dl/event/MTG-PL-2023-11-09-VOT-ITM-939654', 'eli/dl/event/MTG-PL-2023-11-09-VOT-ITM-939683', 'eli/dl/event/MTG-PL-2023-11-09-VOT-ITM-939663', 'eli/dl/event/MTG-PL-2023-11-09-VOT-ITM-939649', 'eli/dl/event/MTG-PL-2023-11-09-PVCRE-ITM-2', 'eli/dl/event/MTG-PL-2023-11-09-VOT-ITM-939655', 'eli/dl/event/MTG-PL-2023-11-09-PVCRE-ITM-3', 'eli/dl/event/MTG-PL-2023-11-09-VOT-ITM-939656', 'eli/dl/event/MTG-PL-2023-11-09-PVCRE-CHA-1', 'eli/dl/event/MTG-PL-2023-11-09-VOT-ITM-939648', 'eli/dl/event/MTG-PL-2023-11-09-PVCRE-ITM-4', 'eli/dl/event/MTG-PL-2023-11-09-VOT-ITM-939657', 'eli/dl/event/MTG-PL-2023-11-09-PVCRE-ITM-5', 'eli/dl/event/MTG-PL-2023-11-09-VOT-ITM-939688', 'eli/dl/event/MTG-PL-2023-11-09-VOT-ITM-939658', 'eli/dl/event/MTG-PL-2023-11-09-VOT-ITM-939661', 'eli/dl/event/MTG-PL-2023-11-09-VOT-ITM-939646', 'eli/dl/event/MTG-PL-2023-11-09-PVCRE-ITM-6', 'eli/dl/event/MTG-PL-2023-11-09-VOT-ITM-939664', 'eli/dl/event/MTG-PL-2023-11-09-VOT-ITM-939659', 'eli/dl/event/MTG-PL-2023-11-09-VOT-ITM-939685', 'eli/dl/event/MTG-PL-2023-11-09-PVCRE-ITM-7', 'eli/dl/event/MTG-PL-2023-11-09-VOT-ITM-939686', 'eli/dl/event/MTG-PL-2023-11-09-VOT-ITM-939647', 'eli/dl/event/MTG-PL-2023-11-09-PVCRE-ITM-9', 'eli/dl/event/MTG-PL-2023-11-09-VOT-ITM-939652', 'eli/dl/event/MTG-PL-2023-11-09-PVCRE-ITM-10', 'eli/dl/event/MTG-PL-2023-11-09-PVCRE-ITM-8', 'eli/dl/event/MTG-PL-2023-11-09-VOT-ITM-939651', 'eli/dl/event/MTG-PL-2023-11-09-VOT-ITM-939687', 'eli/dl/event/MTG-PL-2023-11-09-VOT-ITM-939653']",['eli/dl/doc/OJQ-9-2023-11-09'],def/ep-activities/PLENARY_SITTING,"['person/124861', 'person/197651', 'person/124770', 'person/197451', 'person/197632', 'person/197396', 'person/120478', 'person/204336', 'person/124852', 'person/197576', 'person/5392']","['person/209140', 'person/197579', 'person/204400', 'person/124713', 'person/28150', 'person/197523', 'person/197795', 'person/197776', 'person/1909', 'person/96808', 'person/197721', 'person/96867', 'person/197586', 'person/239255', 'person/1992', 'person/96891', 'person/28122', 'person/197480', 'person/197837', 'person/197530', 'person/28372', 'person/5565', 'person/229519', 'person/199996', 'person/23699', 'person/190464', 'person/94649', 'person/197699', 'person/188945', 'person/197457', 'person/197662', 'person/197489', 'person/197427', 'person/197536', 'person/125214', 'person/96734', 'person/124712', 'person/4253', 'person/96837', 'person/112748', 'person/197668', 'person/28615', 'person/197692', 'person/197493', 'person/197585', 'person/197621', 'person/99945', 'person/197836', 'person/197463', 'person/33997', 'person/28224', 'person/197782', 'person/237779', 'person/197675', 'person/124696', 'person/101585', 'person/124862', 'person/124808', 'person/197734', 'person/124799', 'person/96811', 'person/197627', 'person/28399', 'person/197488', 'person/197426', 'person/125025', 'person/96747', 'person/197788', 'person/197469', 'person/23788', 'person/124586', 'person/96771', 'person/130833', 'person/112747', 'person/124875', 'person/190519', 'person/183338', 'person/197806', 'person/96711', 'person/189525', 'person/197849', 'person/204335', 'person/197819', 'person/197462', 'person/28266', 'person/197781', 'person/197390', 'person/197655', 'person/197439', 'person/125038', 'person/197413', 'person/125106', 'person/86793', 'person/197548', 'person/124807', 'person/124831', 'person/249603', 'person/197626', 'person/197810', 'person/198176', 'person/58766', 'person/127096', 'person/197572', 'person/185974', 'person/197518', 'person/197787', 'person/197468', 'person/198096', 'person/124705', 'person/197740', 'person/125068', 'person/107212', 'person/125042', 'person/197578', 'person/197475', 'person/197848', 'person/101039', 'person/125012', 'person/197432', 'person/197541', 'person/204334', 'person/197794', 'person/197818', 'person/197511', 'person/197504', 'person/96885', 'person/124844', 'person/197438', 'person/185619', 'person/197547', 'person/229352', 'person/106936', 'person/96998', 'person/197571', 'person/197517', 'person/197398', 'person/122978', 'person/124704', 'person/131580', 'person/239973', 'person/197822', 'person/124887', 'person/96830', 'person/209091', 'person/99283', 'person/204419', 'person/202073', 'person/197687', 'person/125067', 'person/197445', 'person/124785', 'person/28219', 'person/96752', 'person/28294', 'person/72779', 'person/124891', 'person/197503', 'person/197638', 'person/197691', 'person/204449', 'person/221463', 'person/197584', 'person/197799', 'person/197608', 'person/197835', 'person/28223', 'person/197728', 'person/33982', 'person/197444', 'person/197425', 'person/28161', 'person/197534', 'person/204346', 'person/124784', 'person/238674', 'person/236053', 'person/124710', 'person/24942', 'person/124856', 'person/190518', 'person/197690', 'person/197491', 'person/124988', 'person/197529', 'person/28340', 'person/197461', 'person/197553', 'person/197596', 'person/197780', 'person/124806', 'person/124771', 'person/197401', 'person/197589', 'person/125023', 'person/197559', 'person/238639', 'person/237224', 'person/197841', 'person/23768', 'person/125237', 'person/124992', 'person/197679', 'person/236052', 'person/23712', 'person/36392', 'person/197649', 'person/124873', 'person/124836', 'person/197701', 'person/197804', 'person/124747', 'person/126644', 'person/197431', 'person/197566', 'person/197540', 'person/204333', 'person/197490', 'person/96668', 'person/197817', 'person/198490', 'person/197510', 'person/197764', 'person/197460', 'person/187917', 'person/96991', 'person/197698', 'person/197672', 'person/185341', 'person/124693', 'person/125104', 'person/197546', 'person/4746', 'person/197400', 'person/197624', 'person/206158', 'person/124722', 'person/197516', 'person/22858', 'person/197840', 'person/204418', 'person/197648', 'person/197406', 'person/124835', 'person/131507', 'person/197631', 'person/197430', 'person/197473', 'person/134605', 'person/197846', 'person/204332', 'person/190713', 'person/236050', 'person/197792', 'person/197763', 'person/197870', 'person/197709', 'person/97058', 'person/197498', 'person/197436', 'person/132366', 'person/197545', 'person/130100', 'person/197798', 'person/197607', 'person/249285', 'person/197515', 'person/197769', 'person/4246', 'person/197419', 'person/132191', 'person/197443', 'person/4289', 'person/197829', 'person/2054', 'person/197611', 'person/197522', 'person/197472', 'person/96776', 'person/96750', 'person/197791', 'person/197720', 'person/197449', 'person/125005', 'person/237465', 'person/197743', 'person/197654', 'person/197501', 'person/197412', 'person/245858', 'person/239262', 'person/97236', 'person/28400', 'person/96756', 'person/197582', 'person/197528', 'person/124715', 'person/197606', 'person/96780', 'person/243912', 'person/197552', 'person/197395', 'person/96829', 'person/95074', 'person/197418', 'person/28353', 'person/197577', 'person/197558', 'person/197828', 'person/192635', 'person/96833', 'person/197448', 'person/125093', 'person/124872', 'person/204368', 'person/97968', 'person/197619', 'person/124735', 'person/197581', 'person/197527', 'person/124714', 'person/197832', 'person/197935', 'person/124867', 'person/213330', 'person/197697', 'person/197671', 'person/124692', 'person/197455', 'person/98582', 'person/96810', 'person/197641', 'person/197623', 'person/38398', 'person/5729', 'person/125021', 'person/205452', 'person/197557', 'person/124936', 'person/197677', 'person/208722', 'person/192634', 'person/125128', 'person/197773', 'person/136236', 'person/96709', 'person/197405', 'person/197618', 'person/197802', 'person/124734', 'person/197845', 'person/23868', 'person/96922', 'person/197779', 'person/38511', 'person/28619', 'person/28288', 'person/233862', 'person/197670', 'person/197497', 'person/197435', 'person/2341', 'person/96713', 'person/1917', 'person/239258', 'person/124691', 'person/197533', 'person/197894', 'person/197786', 'person/197467', 'person/247735', 'person/249284', 'person/189065', 'person/28141', 'person/197514', 'person/118949', 'person/124973', 'person/24922', 'person/202352', 'person/124884', 'person/197738', 'person/124777', 'person/27714', 'person/125064', 'person/58789', 'person/197539', 'person/840', 'person/130256', 'person/197844', 'person/129164', 'person/125004', 'person/129073', 'person/197635', 'person/197731', 'person/197496', 'person/204420', 'person/202112', 'person/197466', 'person/96725', 'person/214839', 'person/197513', 'person/197394', 'person/197767', 'person/197785', 'person/124972', 'person/197417', 'person/124846', 'person/197711', 'person/39725', 'person/182995', 'person/38420', 'person/125063', 'person/197441', 'person/96934', 'person/124781', 'person/197827', 'person/124709', 'person/197520', 'person/197470', 'person/40599', 'person/128483', 'person/135511', 'person/34578', 'person/197447', 'person/125046', 'person/226260', 'person/197634', 'person/239260', 'person/197652', 'person/28347', 'person/197410', 'person/2323', 'person/197526', 'person/37312', 'person/30482', 'person/124985', 'person/197831', 'person/197550', 'person/229839', 'person/124866', 'person/197658', 'person/198183', 'person/197416', 'person/24505', 'person/218349', 'person/197682', 'person/38595', 'person/197483', 'person/96787', 'person/125020', 'person/197556', 'person/124708', 'person/197826', 'person/197754', 'person/197665', 'person/197772', 'person/125045', 'person/183916', 'person/197446', 'person/124822', 'person/240478', 'person/197478', 'person/96791', 'person/197525', 'person/114268', 'person/197778', 'person/185771', 'person/96761', 'person/197695', 'person/197453', 'person/124802', 'person/239257', 'person/197839', 'person/197423', 'person/124739', 'person/197532', 'person/197482', 'person/197863', 'person/124934', 'person/1892', 'person/118859', 'person/202351', 'person/112744', 'person/209896', 'person/197771', 'person/96899', 'person/197645', 'person/197403', 'person/197538', 'person/124821', 'person/197616', 'person/197800', 'person/197843', 'person/197777', 'person/28297', 'person/28617', 'person/197591', 'person/96653', 'person/96880', 'person/197694', 'person/197452', 'person/197495', 'person/197587', 'person/247709', 'person/239256', 'person/124738', 'person/96743', 'person/197422', 'person/197465', 'person/28586', 'person/197838', 'person/197531', 'person/28226', 'person/28269', 'person/197766', 'person/197512', 'person/197784', 'person/23781', 'person/193273', 'person/125109', 'person/197458', 'person/204733', 'person/204414', 'person/197402', 'person/96933', 'person/125706', 'person/124996', 'person/88715', 'person/197868', 'person/197842', 'person/35016', 'person/96681', 'person/98341', 'person/228286', 'person/124877', 'person/96820', 'person/197808', 'person/24594', 'person/197544', 'person/197494', 'person/4344', 'person/28346', 'person/199941', 'person/197567', 'person/239271', 'person/96952', 'person/197464', 'person/124701', 'person/197765', 'person/96826', 'person/197392', 'person/197657', 'person/197415', 'person/124833', 'person/197628', 'person/197681', 'person/228604', 'person/204413', 'person/197574', 'person/4267', 'person/28390', 'person/197718', 'person/96772', 'person/197825', 'person/96646', 'person/29579', 'person/197742', 'person/125001', 'person/197500', 'person/197650', 'person/204443', 'person/197434', 'person/197543', 'person/125670', 'person/124929', 'person/124700', 'person/197722', 'person/197506', 'person/96868', 'person/197391', 'person/197414', 'person/197549', 'person/218347', 'person/197680', 'person/197573', 'person/197519', 'person/249443', 'person/197824', 'person/197717', 'person/197770', 'person/197663', 'person/125043', 'person/124850']",592.0,org/ep-9,"['eli/dl/doc/PV-9-2023-11-09-RCV', 'eli/dl/doc/CRE-9-2023-11-09', 'eli/dl/doc/PV-9-2023-11-09']",http://publications.europa.eu/resource/authority/place/BEL_BRU,
58,eli/dl/event/MTG-PL-2023-11-23,Activity,2023-11-23,2023-11-23T23:00:00+01:00,MTG-PL-2023-11-23,"{'hr': 'četvrtak, 23. studenog 2023.', 'lv': 'Ceturtdiena, 2023. gada 23. novembris', 'sk': 'Štvrtok, 23. novembra 2023', 'el': 'Πέμπτη 23 Νοεμβρίου 2023', 'pt': 'Quinta-feira, 23 de Novembro de 2023', 'fr': 'Jeudi 23 novembre 2023', 'lt': 'Ketvirtadienis, 2023 m. lapkričio 23 d.', 'da': 'Torsdag den 23. november 2023', 'sl': 'Četrtek, 23. november 2023', 'de': 'Donnerstag, 23. November 2023', 'ga': 'Déardaoin, 23 Samhain 2023', 'pl': 'Czwartek, 23 listopada 2023', 'es': 'Jueves 23 de noviembre de 2023', 'fi': 'Torstai 23. marraskuuta 2023', 'it': 'Giovedì 23 novembre 2023', 'bg': 'Четвъртък, 23 ноември 2023', 'sv': 'Torsdagen den 23 november 2023', 'mt': ""Il-Ħamis, 23 ta' Novembru 2023"", 'nl': 'Donderdag 23 november 2023', 'hu': '2023. november 23., csütörtök', 'en': 'Thursday, 23 November 2023', 'et': 'Neljapäev, 23. november 2023', 'cs': 'Čtvrtek, 23. listopadu 2023', 'ro': 'Joi, 23 noiembrie 2023'}",2023-11-23T01:00:00+01:00,"['eli/dl/event/MTG-PL-2023-11-23-VOT-ITM-939745', 'eli/dl/event/MTG-PL-2023-11-23-PVCRE-ITM-8', 'eli/dl/event/MTG-PL-2023-11-23-VOT-ITM-939764', 'eli/dl/event/MTG-PL-2023-11-23-VOT-ITM-939725', 'eli/dl/event/MTG-PL-2023-11-23-VOT-ITM-939713', 'eli/dl/event/MTG-PL-2023-11-23-VOT-ITM-939734', 'eli/dl/event/MTG-PL-2023-11-23-PVCRE-CHA-1', 'eli/dl/event/MTG-PL-2023-11-23-PVCRE-ITM-5', 'eli/dl/event/MTG-PL-2023-11-23-PVCRE-ITM-1', 'eli/dl/event/MTG-PL-2023-11-23-PVCRE-ITM-3', 'eli/dl/event/MTG-PL-2023-11-23-VOT-ITM-939718', 'eli/dl/event/MTG-PL-2023-11-23-VOT-ITM-939711', 'eli/dl/event/MTG-PL-2023-11-23-PVCRE-ITM-9', 'eli/dl/event/MTG-PL-2023-11-23-PVCRE-ITM-6', 'eli/dl/event/MTG-PL-2023-11-23-PVCRE-ITM-12', 'eli/dl/event/MTG-PL-2023-11-23-PVCRE-ITM-2', 'eli/dl/event/MTG-PL-2023-11-23-PVCRE-ITM-4', 'eli/dl/event/MTG-PL-2023-11-23-VOT-ITM-939790', 'eli/dl/event/MTG-PL-2023-11-23-VOT-ITM-939789', 'eli/dl/event/MTG-PL-2023-11-23-VOT-ITM-939735', 'eli/dl/event/MTG-PL-2023-11-23-VOT-ITM-939721', 'eli/dl/event/MTG-PL-2023-11-23-VOT-ITM-939787', 'eli/dl/event/MTG-PL-2023-11-23-PVCRE-ITM-10', 'eli/dl/event/MTG-PL-2023-11-23-VOT-ITM-939707', 'eli/dl/event/MTG-PL-2023-11-23-PVCRE-ITM-13', 'eli/dl/event/MTG-PL-2023-11-23-VOT-ITM-939786', 'eli/dl/event/MTG-PL-2023-11-23-VOT-ITM-939770', 'eli/dl/event/MTG-PL-2023-11-23-PVCRE-ITM-7', 'eli/dl/event/MTG-PL-2023-11-23-PVCRE-ITM-11', 'eli/dl/event/MTG-PL-2023-11-23-VOT-ITM-939726']",['eli/dl/doc/OJQ-9-2023-11-23'],def/ep-activities/PLENARY_SITTING,"['person/197683', 'person/124831', 'person/228604', 'person/197632', 'person/124770', 'person/5392', 'person/197396', 'person/124852', 'person/197582', 'person/96837', 'person/197615']","['person/197423', 'person/197392', 'person/124833', 'person/239972', 'person/197863', 'person/197771', 'person/197610', 'person/96772', 'person/197588', 'person/197532', 'person/124872', 'person/97968', 'person/247122', 'person/124722', 'person/193292', 'person/197608', 'person/197667', 'person/197434', 'person/197448', 'person/125001', 'person/125093', 'person/214839', 'person/197796', 'person/197635', 'person/197694', 'person/197425', 'person/197543', 'person/185974', 'person/213330', 'person/28586', 'person/124807', 'person/243979', 'person/197773', 'person/197787', 'person/197626', 'person/197481', 'person/197452', 'person/197495', 'person/5729', 'person/197534', 'person/124936', 'person/98582', 'person/124834', 'person/204414', 'person/4289', 'person/38511', 'person/249285', 'person/197472', 'person/197443', 'person/197590', 'person/202036', 'person/197526', 'person/96681', 'person/190518', 'person/124691', 'person/96852', 'person/226260', 'person/197552', 'person/247735', 'person/24594', 'person/97236', 'person/202352', 'person/197826', 'person/124701', 'person/96952', 'person/197738', 'person/239255', 'person/197497', 'person/197646', 'person/197395', 'person/197544', 'person/245018', 'person/124836', 'person/199941', 'person/197817', 'person/124747', 'person/204416', 'person/197489', 'person/197404', 'person/197563', 'person/96697', 'person/250235', 'person/183916', 'person/204443', 'person/197844', 'person/124739', 'person/124760', 'person/125214', 'person/28353', 'person/236051', 'person/197742', 'person/28294', 'person/197650', 'person/204420', 'person/125004', 'person/197835', 'person/197799', 'person/124692', 'person/197507', 'person/197500', 'person/197638', 'person/197648', 'person/197641', 'person/197581', 'person/197546', 'person/39725', 'person/197827', 'person/197767', 'person/197770', 'person/197675', 'person/197406', 'person/197846', 'person/28399', 'person/125128', 'person/28297', 'person/197564', 'person/197838', 'person/124713', 'person/28347', 'person/198183', 'person/197502', 'person/28288', 'person/197658', 'person/197410', 'person/96711', 'person/124985', 'person/249603', 'person/24505', 'person/124806', 'person/199996', 'person/24922', 'person/197829', 'person/234344', 'person/28619', 'person/197769', 'person/197611', 'person/197670', 'person/197480', 'person/197451', 'person/197416', 'person/197589', 'person/23699', 'person/840', 'person/125068', 'person/125012', 'person/38595', 'person/249284', 'person/197511', 'person/197525', 'person/124777', 'person/197695', 'person/96756', 'person/197463', 'person/197516', 'person/114268', 'person/96668', 'person/187917', 'person/124844', 'person/120478', 'person/202351', 'person/106936', 'person/197628', 'person/197687', 'person/197621', 'person/197482', 'person/22858', 'person/197418', 'person/190774', 'person/124821', 'person/124835', 'person/1892', 'person/128483', 'person/99283', 'person/197619', 'person/28224', 'person/197445', 'person/197459', 'person/96739', 'person/4560', 'person/197488', 'person/197527', 'person/197520', 'person/23788', 'person/124929', 'person/124862', 'person/197800', 'person/124738', 'person/37312', 'person/197465', 'person/197436', 'person/197519', 'person/197935', 'person/197784', 'person/197798', 'person/96880', 'person/239256', 'person/197623', 'person/197637', 'person/189525', 'person/218349', 'person/197531', 'person/197545', 'person/112611', 'person/125038', 'person/198096', 'person/197717', 'person/28226', 'person/28269', 'person/197629', 'person/197483', 'person/209140', 'person/197572', 'person/197537', 'person/197802', 'person/28429', 'person/96922', 'person/96936', 'person/125706', 'person/236053', 'person/197651', 'person/197528', 'person/124856', 'person/4344', 'person/197808', 'person/125042', 'person/1909', 'person/28346', 'person/204334', 'person/197501', 'person/249826', 'person/197494', 'person/197657', 'person/185771', 'person/237224', 'person/204413', 'person/239973', 'person/118859', 'person/239257', 'person/197401', 'person/197415', 'person/197574', 'person/197539', 'person/124873', 'person/197841', 'person/204419', 'person/124785', 'person/1927', 'person/125670', 'person/238639', 'person/197668', 'person/112748', 'person/197566', 'person/197510', 'person/197832', 'person/124700', 'person/124714', 'person/204336', 'person/197680', 'person/197426', 'person/197557', 'person/124891', 'person/124808', 'person/197764', 'person/185341', 'person/197672', 'person/197417', 'person/23781', 'person/96747', 'person/197584', 'person/197663', 'person/197677', 'person/193273', 'person/28223', 'person/197430', 'person/197444', 'person/197473', 'person/96709', 'person/35016', 'person/124812', 'person/24942', 'person/197849', 'person/190519', 'person/197631', 'person/197690', 'person/197421', 'person/197435', 'person/124996', 'person/197518', 'person/5565', 'person/229519', 'person/124708', 'person/197783', 'person/96801', 'person/197491', 'person/197427', 'person/96713', 'person/197586', 'person/197530', 'person/124988', 'person/124837', 'person/125023', 'person/190464', 'person/197446', 'person/96776', 'person/197522', 'person/197536', 'person/188945', 'person/29579', 'person/28400', 'person/124726', 'person/129073', 'person/197692', 'person/197438', 'person/197513', 'person/237465', 'person/204421', 'person/125005', 'person/124693', 'person/197734', 'person/204333', 'person/197720', 'person/125104', 'person/197698', 'person/197493', 'person/96780', 'person/197429', 'person/122978', 'person/126644', 'person/197547', 'person/124934', 'person/197391', 'person/197540', 'person/209091', 'person/247737', 'person/124846', 'person/124799', 'person/197777', 'person/197711', 'person/96771', 'person/4746', 'person/197400', 'person/197538', 'person/197840', 'person/124735', 'person/124586', 'person/197819', 'person/204418', 'person/23816', 'person/197447', 'person/197551', 'person/197831', 'person/125043', 'person/204335', 'person/197795', 'person/197503', 'person/125106', 'person/197634', 'person/239260', 'person/97058', 'person/86793', 'person/197542', 'person/197556', 'person/38398', 'person/197763', 'person/197728', 'person/28266', 'person/197671', 'person/197458', 'person/197402', 'person/28122', 'person/197548', 'person/240478', 'person/132191', 'person/124861', 'person/205452', 'person/244571', 'person/2054', 'person/197842', 'person/96933', 'person/197740', 'person/197754', 'person/107212', 'person/197719', 'person/127096', 'person/239271', 'person/197662', 'person/96779', 'person/197567', 'person/197805', 'person/197848', 'person/101039', 'person/197654', 'person/96750', 'person/197559', 'person/124802', 'person/197825', 'person/28615', 'person/233862', 'person/124696', 'person/101585', 'person/96885', 'person/96899', 'person/197504', 'person/197645', 'person/197412', 'person/197571', 'person/124973', 'person/96646', 'person/124884', 'person/125064', 'person/237779', 'person/28390', 'person/197701', 'person/197679', 'person/197403', 'person/202073', 'person/27714', 'person/197577', 'person/95074', 'person/124875', 'person/204449', 'person/197843', 'person/72779', 'person/221463', 'person/197691', 'person/197466', 'person/197437', 'person/96752', 'person/197512', 'person/124867', 'person/247709', 'person/198063', 'person/197785', 'person/197506', 'person/197624', 'person/197697', 'person/197414', 'person/197390', 'person/88715', 'person/197766', 'person/197776', 'person/96808', 'person/197470', 'person/208722', 'person/197455', 'person/197441', 'person/136236', 'person/197523', 'person/28161', 'person/190713', 'person/134605', 'person/124734', 'person/197709', 'person/198176', 'person/197702', 'person/2323', 'person/197607', 'person/197461', 'person/197432', 'person/40599', 'person/197550', 'person/197515', 'person/197529', 'person/197721', 'person/197780', 'person/28340', 'person/96812', 'person/96826', 'person/197699', 'person/30482', 'person/197541', 'person/197393', 'person/229352', 'person/118949', 'person/123562', 'person/197786', 'person/2341', 'person/189065', 'person/239258', 'person/197457', 'person/96787', 'person/197533', 'person/197398', 'person/124887', 'person/212855', 'person/96932', 'person/58789', 'person/96830', 'person/197478', 'person/198490', 'person/191693', 'person/197889', 'person/125045', 'person/197804', 'person/197731', 'person/197636', 'person/239262', 'person/28219', 'person/197490', 'person/197469', 'person/130256', 'person/197653', 'person/197788', 'person/197722', 'person/197627', 'person/202112', 'person/197496', 'person/197549', 'person/192635', 'person/125063', 'person/124781', 'person/33982', 'person/197591', 'person/112744', 'person/183338', 'person/237320', 'person/124710', 'person/204332', 'person/131507', 'person/204346', 'person/236050', 'person/132366', 'person/96867', 'person/197655', 'person/197553', 'person/197596', 'person/130100', 'person/124866', 'person/135511', 'person/28617', 'person/125046', 'person/4246', 'person/28372', 'person/197505', 'person/125109', 'person/197498', 'person/197647', 'person/197682', 'person/96743', 'person/197587', 'person/94649', 'person/197580', 'person/125065', 'person/197810', 'person/197818', 'person/197440', 'person/197405', 'person/197419', 'person/96734', 'person/96698', 'person/124877', 'person/230085', 'person/124822', 'person/1917', 'person/236052', 'person/96820', 'person/197606', 'person/197460', 'person/197431', 'person/23768', 'person/23712', 'person/124992', 'person/197514', 'person/197836', 'person/124766', 'person/243912', 'person/96998', 'person/96991', 'person/96811']",569.0,org/ep-9,"['eli/dl/doc/CRE-9-2023-11-23', 'eli/dl/doc/PV-9-2023-11-23', 'eli/dl/doc/PV-9-2023-11-23-RCV']",http://publications.europa.eu/resource/authority/place/FRA_SXB,
59,eli/dl/event/MTG-PL-2023-12-14,Activity,2023-12-14,2023-12-14T23:00:00+01:00,MTG-PL-2023-12-14,"{'en': 'Thursday, 14 December 2023', 'da': 'Torsdag den 14. december 2023', 'lv': 'Ceturtdiena, 2023. gada 14. decembris', 'lt': 'Ketvirtadienis, 2023 m. gruodžio 14 d.', 'hr': 'četvrtak, 14. prosinca 2023.', 'el': 'Πέμπτη 14 Δεκεμβρίου 2023', 'bg': 'Четвъртък, 14 декември 2023', 'cs': 'Čtvrtek, 14. prosince 2023', 'sl': 'Četrtek, 14. december 2023', 'ro': 'Joi, 14 decembrie 2023', 'es': 'Jueves 14 de diciembre de 2023', 'fr': 'Jeudi 14 décembre 2023', 'pl': 'Czwartek, 14 grudnia 2023', 'it': 'Giovedì 14 dicembre 2023', 'hu': '2023. december 14., csütörtök', 'et': 'Neljapäev, 14. detsember 2023', 'sv': 'Torsdagen den 14 december 2023', 'de': 'Donnerstag, 14. Dezember 2023', 'mt': ""Il-Ħamis, 14 ta' Diċembru 2023"", 'ga': 'Déardaoin, 14 Nollaig 2023', 'sk': 'Štvrtok, 14. decembra 2023', 'fi': 'Torstai 14. joulukuuta 2023', 'nl': 'Donderdag 14 december 2023', 'pt': 'Quinta-feira, 14 de Dezembro de 2023'}",2023-12-14T01:00:00+01:00,"['eli/dl/event/MTG-PL-2023-12-14-VOT-ITM-939865', 'eli/dl/event/MTG-PL-2023-12-14-PVCRE-ITM-2', 'eli/dl/event/MTG-PL-2023-12-14-VOT-ITM-939835', 'eli/dl/event/MTG-PL-2023-12-14-PVCRE-ITM-10', 'eli/dl/event/MTG-PL-2023-12-14-PVCRE-ITM-11', 'eli/dl/event/MTG-PL-2023-12-14-PVCRE-ITM-4', 'eli/dl/event/MTG-PL-2023-12-14-PVCRE-ITM-13', 'eli/dl/event/MTG-PL-2023-12-14-VOT-ITM-939885', 'eli/dl/event/MTG-PL-2023-12-14-PVCRE-ITM-8', 'eli/dl/event/MTG-PL-2023-12-14-VOT-ITM-939846', 'eli/dl/event/MTG-PL-2023-12-14-PVCRE-CHA-1', 'eli/dl/event/MTG-PL-2023-12-14-PVCRE-ITM-7', 'eli/dl/event/MTG-PL-2023-12-14-VOT-ITM-939883', 'eli/dl/event/MTG-PL-2023-12-14-VOT-ITM-939825', 'eli/dl/event/MTG-PL-2023-12-14-VOT-ITM-939863', 'eli/dl/event/MTG-PL-2023-12-14-VOT-ITM-939845', 'eli/dl/event/MTG-PL-2023-12-14-VOT-ITM-939884', 'eli/dl/event/MTG-PL-2023-12-14-PVCRE-ITM-3', 'eli/dl/event/MTG-PL-2023-12-14-PVCRE-ITM-5', 'eli/dl/event/MTG-PL-2023-12-14-VOT-ITM-939843', 'eli/dl/event/MTG-PL-2023-12-14-PVCRE-ITM-6', 'eli/dl/event/MTG-PL-2023-12-14-PVCRE-ITM-14', 'eli/dl/event/MTG-PL-2023-12-14-VOT-ITM-939824', 'eli/dl/event/MTG-PL-2023-12-14-PVCRE-ITM-15', 'eli/dl/event/MTG-PL-2023-12-14-VOT-ITM-939844', 'eli/dl/event/MTG-PL-2023-12-14-PVCRE-ITM-12', 'eli/dl/event/MTG-PL-2023-12-14-PVCRE-ITM-9', 'eli/dl/event/MTG-PL-2023-12-14-VOT-ITM-939886', 'eli/dl/event/MTG-PL-2023-12-14-PVCRE-ITM-1']",['eli/dl/doc/OJQ-9-2023-12-14'],def/ep-activities/PLENARY_SITTING,"['person/197632', 'person/124852', 'person/197615', 'person/197434', 'person/202073', 'person/197550', 'person/36392', 'person/197576', 'person/197475', 'person/197795', 'person/125005', 'person/197824', 'person/124770', 'person/197396', 'person/125038']","['person/124973', 'person/249603', 'person/96697', 'person/197636', 'person/197728', 'person/96709', 'person/197799', 'person/96787', 'person/197536', 'person/199996', 'person/96933', 'person/124812', 'person/197889', 'person/4746', 'person/124988', 'person/58766', 'person/197698', 'person/228604', 'person/197522', 'person/96771', 'person/190464', 'person/197427', 'person/188945', 'person/197702', 'person/96761', 'person/197462', 'person/197608', 'person/204421', 'person/40599', 'person/197578', 'person/198329', 'person/185619', 'person/28346', 'person/197459', 'person/197792', 'person/96880', 'person/197430', 'person/197461', 'person/124844', 'person/204420', 'person/124891', 'person/97968', 'person/197836', 'person/204333', 'person/197445', 'person/197734', 'person/129073', 'person/197791', 'person/197805', 'person/197720', 'person/197493', 'person/197417', 'person/197402', 'person/197553', 'person/237779', 'person/197507', 'person/197690', 'person/197559', 'person/135511', 'person/96739', 'person/126644', 'person/197392', 'person/1917', 'person/185974', 'person/28224', 'person/131507', 'person/197868', 'person/197506', 'person/197451', 'person/197662', 'person/125128', 'person/197668', 'person/96756', 'person/236051', 'person/197391', 'person/124704', 'person/88715', 'person/197657', 'person/134605', 'person/125068', 'person/197489', 'person/124709', 'person/28586', 'person/197667', 'person/229352', 'person/183916', 'person/96801', 'person/125025', 'person/197849', 'person/202036', 'person/124856', 'person/124766', 'person/197566', 'person/197551', 'person/125042', 'person/197463', 'person/125109', 'person/239260', 'person/197523', 'person/197540', 'person/197776', 'person/96791', 'person/124828', 'person/197414', 'person/28141', 'person/124875', 'person/132191', 'person/197675', 'person/197495', 'person/197538', 'person/197419', 'person/197718', 'person/197404', 'person/197628', 'person/123562', 'person/96833', 'person/124712', 'person/185341', 'person/197429', 'person/29579', 'person/197590', 'person/124862', 'person/197512', 'person/199941', 'person/197582', 'person/124701', 'person/197481', 'person/27714', 'person/197403', 'person/249443', 'person/197627', 'person/197572', 'person/237320', 'person/209896', 'person/197764', 'person/28294', 'person/197446', 'person/197841', 'person/112744', 'person/197595', 'person/197806', 'person/197721', 'person/197519', 'person/99283', 'person/125001', 'person/96829', 'person/197422', 'person/197691', 'person/124996', 'person/197435', 'person/197783', 'person/86793', 'person/239256', 'person/197530', 'person/124873', 'person/35016', 'person/197421', 'person/250918', 'person/221463', 'person/197818', 'person/197525', 'person/193292', 'person/28226', 'person/124887', 'person/197778', 'person/124872', 'person/197672', 'person/197416', 'person/96668', 'person/124785', 'person/197500', 'person/197717', 'person/197453', 'person/192634', 'person/1892', 'person/96750', 'person/96922', 'person/124771', 'person/204449', 'person/197687', 'person/28619', 'person/197511', 'person/129164', 'person/197567', 'person/96852', 'person/125045', 'person/197466', 'person/124934', 'person/204346', 'person/197781', 'person/197584', 'person/130100', 'person/197458', 'person/197826', 'person/197629', 'person/124833', 'person/124713', 'person/197448', 'person/23788', 'person/197808', 'person/197839', 'person/197465', 'person/204332', 'person/197780', 'person/96810', 'person/38595', 'person/197870', 'person/197556', 'person/197825', 'person/197770', 'person/226260', 'person/124738', 'person/239258', 'person/197447', 'person/197722', 'person/197497', 'person/197532', 'person/197482', 'person/185771', 'person/204419', 'person/197406', 'person/23699', 'person/28617', 'person/197765', 'person/197423', 'person/125093', 'person/239257', 'person/72779', 'person/112611', 'person/197537', 'person/213330', 'person/197621', 'person/96998', 'person/245858', 'person/197574', 'person/197394', 'person/120478', 'person/197455', 'person/197810', 'person/197478', 'person/197754', 'person/197800', 'person/237224', 'person/197740', 'person/24942', 'person/124936', 'person/124708', 'person/23868', 'person/197838', 'person/197646', 'person/96734', 'person/197579', 'person/190774', 'person/204733', 'person/38511', 'person/28347', 'person/197467', 'person/197501', 'person/204334', 'person/197782', 'person/197645', 'person/197827', 'person/197527', 'person/239255', 'person/124834', 'person/190713', 'person/197544', 'person/96780', 'person/197494', 'person/240478', 'person/197418', 'person/99945', 'person/125063', 'person/96752', 'person/197408', 'person/249284', 'person/28353', 'person/197677', 'person/204443', 'person/96837', 'person/197470', 'person/197767', 'person/197393', 'person/124861', 'person/124714', 'person/189525', 'person/94649', 'person/238639', 'person/124806', 'person/5729', 'person/4289', 'person/197516', 'person/124700', 'person/197606', 'person/197653', 'person/125104', 'person/197586', 'person/96826', 'person/96811', 'person/23712', 'person/197452', 'person/197483', 'person/197663', 'person/118859', 'person/58789', 'person/125021', 'person/236052', 'person/197766', 'person/197843', 'person/96747', 'person/97058', 'person/28288', 'person/197658', 'person/5565', 'person/197742', 'person/106936', 'person/197695', 'person/197680', 'person/124696', 'person/197439', 'person/124985', 'person/198063', 'person/247735', 'person/197491', 'person/124877', 'person/243912', 'person/197400', 'person/136236', 'person/197637', 'person/198176', 'person/197529', 'person/197777', 'person/250235', 'person/197539', 'person/124866', 'person/197719', 'person/243979', 'person/124760', 'person/197591', 'person/212855', 'person/34578', 'person/197650', 'person/197513', 'person/107212', 'person/197802', 'person/28372', 'person/197618', 'person/197431', 'person/96991', 'person/197785', 'person/197437', 'person/197648', 'person/22858', 'person/204335', 'person/197573', 'person/197588', 'person/197828', 'person/209140', 'person/197665', 'person/124835', 'person/125023', 'person/197545', 'person/24594', 'person/247122', 'person/197635', 'person/197798', 'person/197692', 'person/1909', 'person/96932', 'person/197784', 'person/197436', 'person/208722', 'person/197697', 'person/197682', 'person/124821', 'person/197531', 'person/197412', 'person/124781', 'person/197634', 'person/247737', 'person/183338', 'person/4246', 'person/197520', 'person/197769', 'person/197846', 'person/197610', 'person/197563', 'person/197779', 'person/197460', 'person/197863', 'person/189065', 'person/247709', 'person/197580', 'person/192635', 'person/197835', 'person/96830', 'person/37312', 'person/197444', 'person/218347', 'person/197804', 'person/204414', 'person/1992', 'person/197552', 'person/28161', 'person/197558', 'person/96808', 'person/197443', 'person/125020', 'person/124734', 'person/96899', 'person/96885', 'person/197449', 'person/2054', 'person/204400', 'person/28223', 'person/202351', 'person/30482', 'person/197505', 'person/197694', 'person/197557', 'person/197649', 'person/197771', 'person/197786', 'person/197390', 'person/124739', 'person/197473', 'person/191693', 'person/23768', 'person/197619', 'person/190519', 'person/197498', 'person/197533', 'person/197589', 'person/101039', 'person/125067', 'person/197488', 'person/239973', 'person/197472', 'person/197756', 'person/197848', 'person/197596', 'person/33982', 'person/190518', 'person/229519', 'person/197832', 'person/96891', 'person/205452', 'person/197395', 'person/122978', 'person/197441', 'person/96952', 'person/238674', 'person/28429', 'person/197413', 'person/197564', 'person/125670', 'person/197503', 'person/28400', 'person/197641', 'person/228286', 'person/230085', 'person/187917', 'person/197731', 'person/98582', 'person/197611', 'person/2341', 'person/197490', 'person/198183', 'person/127096', 'person/197480', 'person/197626', 'person/197709', 'person/96681', 'person/197679', 'person/197935', 'person/197763', 'person/124710', 'person/197840', 'person/114268', 'person/124808', 'person/96646', 'person/197518', 'person/131580', 'person/125064', 'person/124705', 'person/124693', 'person/249285', 'person/124715', 'person/124807', 'person/197845', 'person/124777', 'person/112748', 'person/204416', 'person/197517', 'person/197607', 'person/197654', 'person/234344', 'person/96812', 'person/182995', 'person/197426', 'person/197577', 'person/197817', 'person/197787', 'person/197701', 'person/96711', 'person/112747', 'person/125012', 'person/197549', 'person/197671', 'person/197534', 'person/197415', 'person/28399', 'person/197624', 'person/125214', 'person/125004', 'person/96936', 'person/24922', 'person/197773', 'person/197425', 'person/197510', 'person/250237', 'person/209091', 'person/96820', 'person/96653', 'person/197670', 'person/250538', 'person/197401', 'person/197638', 'person/197623', 'person/197504', 'person/124722', 'person/197457', 'person/202112', 'person/229839', 'person/132366', 'person/197515', 'person/5392', 'person/96779', 'person/125043', 'person/197464', 'person/28219', 'person/124867', 'person/124992', 'person/28297', 'person/124747', 'person/124831', 'person/197541', 'person/124837', 'person/198096', 'person/4267', 'person/124929', 'person/28150', 'person/124884', 'person/218349', 'person/4344', 'person/197547', 'person/197794', 'person/197631', 'person/4560', 'person/197432', 'person/95074', 'person/197469', 'person/204418', 'person/96934', 'person/130256', 'person/197438', 'person/233862', 'person/204336', 'person/96772', 'person/124836', 'person/197819', 'person/28122', 'person/197546']",573.0,org/ep-9,"['eli/dl/doc/CRE-9-2023-12-14', 'eli/dl/doc/PV-9-2023-12-14', 'eli/dl/doc/PV-9-2023-12-14-RCV']",http://publications.europa.eu/resource/authority/place/FRA_SXB,
0,eli/dl/event/MTG-PL-2024-01-18,Activity,2024-01-18,2024-01-18T23:00:00+01:00,MTG-PL-2024-01-18,"{'lt': 'Ketvirtadienis, 2024 m. sausio 18 d.', 'hu': '2024. január 18., csütörtök', 'pt': 'Quinta-feira, 18 de Janeiro de 2024', 'sv': 'Torsdagen den 18 januari 2024', 'sk': 'Štvrtok, 18. januára 2024', 'da': 'Torsdag den 18. januar 2024', 'it': 'Giovedì 18 gennaio 2024', 'et': 'Neljapäev, 18. jaanuar 2024', 'nl': 'Donderdag 18 januari 2024', 'cs': 'Čtvrtek, 18. ledna 2024', 'es': 'Jueves 18 de enero de 2024', 'bg': 'Четвъртък, 18 януари 2024', 'sl': 'Četrtek, 18. januar 2024', 'en': 'Thursday, 18 January 2024', 'ro': 'Joi, 18 ianuarie 2024', 'fi': 'Torstai 18. tammikuuta 2024', 'el': 'Πέμπτη 18 Ιανουαρίου 2024', 'de': 'Donnerstag, 18. Januar 2024', 'pl': 'Czwartek, 18 stycznia 2024', 'hr': 'četvrtak, 18. siječnja 2024.', 'ga': 'Déardaoin, 18 Eanáir 2024', 'fr': 'Jeudi 18 janvier 2024', 'mt': ""Il-Ħamis, 18 ta' Jannar 2024"", 'lv': 'Ceturtdiena, 2024. gada 18. janvāris'}",2024-01-18T01:00:00+01:00,"['eli/dl/event/MTG-PL-2024-01-18-VOT-ITM-939931', 'eli/dl/event/MTG-PL-2024-01-18-PVCRE-ITM-5', 'eli/dl/event/MTG-PL-2024-01-18-PVCRE-ITM-4', 'eli/dl/event/MTG-PL-2024-01-18-PVCRE-ITM-1', 'eli/dl/event/MTG-PL-2024-01-18-VOT-ITM-939943', 'eli/dl/event/MTG-PL-2024-01-18-VOT-ITM-939969', 'eli/dl/event/MTG-PL-2024-01-18-PVCRE-ITM-12', 'eli/dl/event/MTG-PL-2024-01-18-PVCRE-ITM-11', 'eli/dl/event/MTG-PL-2024-01-18-VOT-ITM-939933', 'eli/dl/event/MTG-PL-2024-01-18-PVCRE-ITM-7', 'eli/dl/event/MTG-PL-2024-01-18-VOT-ITM-939803', 'eli/dl/event/MTG-PL-2024-01-18-PVCRE-ITM-6', 'eli/dl/event/MTG-PL-2024-01-18-VOT-ITM-939945', 'eli/dl/event/MTG-PL-2024-01-18-VOT-ITM-939926', 'eli/dl/event/MTG-PL-2024-01-18-PVCRE-CHA-1', 'eli/dl/event/MTG-PL-2024-01-18-VOT-ITM-939976', 'eli/dl/event/MTG-PL-2024-01-18-PVCRE-ITM-14', 'eli/dl/event/MTG-PL-2024-01-18-PVCRE-CHA-4', 'eli/dl/event/MTG-PL-2024-01-18-VOT-ITM-939907', 'eli/dl/event/MTG-PL-2024-01-18-PVCRE-ITM-13', 'eli/dl/event/MTG-PL-2024-01-18-PVCRE-ITM-10', 'eli/dl/event/MTG-PL-2024-01-18-VOT-ITM-939935', 'eli/dl/event/MTG-PL-2024-01-18-PVCRE-ITM-9', 'eli/dl/event/MTG-PL-2024-01-18-VOT-ITM-939934', 'eli/dl/event/MTG-PL-2024-01-18-PVCRE-ITM-8', 'eli/dl/event/MTG-PL-2024-01-18-PVCRE-CHA-3', 'eli/dl/event/MTG-PL-2024-01-18-VOT-ITM-939975', 'eli/dl/event/MTG-PL-2024-01-18-PVCRE-CHA-2', 'eli/dl/event/MTG-PL-2024-01-18-VOT-ITM-939974', 'eli/dl/event/MTG-PL-2024-01-18-PVCRE-ITM-15', 'eli/dl/event/MTG-PL-2024-01-18-VOT-ITM-939965', 'eli/dl/event/MTG-PL-2024-01-18-PVCRE-ITM-3', 'eli/dl/event/MTG-PL-2024-01-18-PVCRE-ITM-2', 'eli/dl/event/MTG-PL-2024-01-18-VOT-ITM-939919', 'eli/dl/event/MTG-PL-2024-01-18-VOT-ITM-939917', 'eli/dl/event/MTG-PL-2024-01-18-VOT-ITM-939967']",['eli/dl/doc/OJQ-9-2024-01-18'],def/ep-activities/PLENARY_SITTING,"['person/197683', 'person/197478', 'person/132366', 'person/125025', 'person/5392', 'person/197690', 'person/197396', 'person/36392', 'person/124770', 'person/96775', 'person/197842', 'person/197579', 'person/197457', 'person/125030', 'person/247122', 'person/197422', 'person/197788', 'person/198183']","['person/4746', 'person/197772', 'person/244571', 'person/23781', 'person/197432', 'person/124821', 'person/125046', 'person/125038', 'person/209091', 'person/197623', 'person/197463', 'person/124846', 'person/197591', 'person/243912', 'person/96779', 'person/198329', 'person/197701', 'person/125020', 'person/197564', 'person/197425', 'person/245858', 'person/197641', 'person/197504', 'person/228286', 'person/197720', 'person/96725', 'person/197464', 'person/197624', 'person/124586', 'person/234344', 'person/218347', 'person/197510', 'person/238639', 'person/204413', 'person/197545', 'person/197539', 'person/124834', 'person/125021', 'person/214839', 'person/1917', 'person/197505', 'person/204336', 'person/197795', 'person/197596', 'person/124747', 'person/197451', 'person/197445', 'person/22858', 'person/197513', 'person/4560', 'person/23699', 'person/95074', 'person/226260', 'person/197558', 'person/2341', 'person/198096', 'person/124866', 'person/58789', 'person/124781', 'person/28399', 'person/197670', 'person/197769', 'person/96812', 'person/197491', 'person/197439', 'person/197611', 'person/136236', 'person/202036', 'person/124691', 'person/197526', 'person/197743', 'person/97236', 'person/197836', 'person/236052', 'person/131507', 'person/197782', 'person/197606', 'person/124710', 'person/197552', 'person/23868', 'person/135511', 'person/124985', 'person/197631', 'person/96899', 'person/197527', 'person/125063', 'person/96998', 'person/23816', 'person/249285', 'person/28223', 'person/197763', 'person/130833', 'person/197413', 'person/202073', 'person/124802', 'person/124822', 'person/33982', 'person/197634', 'person/96787', 'person/204332', 'person/4267', 'person/197711', 'person/37312', 'person/197520', 'person/197731', 'person/124934', 'person/218349', 'person/96991', 'person/38511', 'person/4344', 'person/96867', 'person/197436', 'person/197408', 'person/197849', 'person/96761', 'person/249443', 'person/197677', 'person/197697', 'person/197581', 'person/30482', 'person/40599', 'person/204414', 'person/205452', 'person/250237', 'person/249603', 'person/125004', 'person/197645', 'person/197401', 'person/96709', 'person/114268', 'person/123562', 'person/24922', 'person/193273', 'person/197514', 'person/28297', 'person/96820', 'person/197493', 'person/197770', 'person/125005', 'person/197646', 'person/197430', 'person/124777', 'person/239257', 'person/233862', 'person/197588', 'person/106936', 'person/197449', 'person/28161', 'person/197805', 'person/197461', 'person/197671', 'person/197665', 'person/124877', 'person/107212', 'person/197488', 'person/197616', 'person/125214', 'person/197608', 'person/124891', 'person/197502', 'person/239258', 'person/191693', 'person/197738', 'person/125045', 'person/197470', 'person/96922', 'person/28219', 'person/197462', 'person/197393', 'person/197694', 'person/96711', 'person/236053', 'person/88715', 'person/96668', 'person/251324', 'person/229352', 'person/197537', 'person/197563', 'person/118859', 'person/124996', 'person/124708', 'person/28586', 'person/197503', 'person/125106', 'person/237224', 'person/124760', 'person/124739', 'person/197443', 'person/197766', 'person/124929', 'person/197418', 'person/124714', 'person/197610', 'person/124807', 'person/124833', 'person/197556', 'person/197635', 'person/197629', 'person/197475', 'person/185974', 'person/197444', 'person/237320', 'person/197787', 'person/197398', 'person/96868', 'person/197767', 'person/204733', 'person/96772', 'person/209896', 'person/198176', 'person/197653', 'person/96837', 'person/28288', 'person/125001', 'person/197531', 'person/96936', 'person/96780', 'person/204419', 'person/124861', 'person/197412', 'person/247709', 'person/129073', 'person/124887', 'person/197525', 'person/130100', 'person/197519', 'person/197498', 'person/124734', 'person/197682', 'person/197781', 'person/197544', 'person/197405', 'person/197431', 'person/239972', 'person/238674', 'person/197472', 'person/197808', 'person/28353', 'person/28347', 'person/237465', 'person/197839', 'person/23788', 'person/197395', 'person/197754', 'person/197406', 'person/239973', 'person/197650', 'person/199941', 'person/125068', 'person/96734', 'person/94649', 'person/192635', 'person/197695', 'person/128483', 'person/96891', 'person/197573', 'person/250235', 'person/197538', 'person/213330', 'person/197848', 'person/125093', 'person/124709', 'person/28372', 'person/204335', 'person/197722', 'person/237779', 'person/96885', 'person/197742', 'person/204420', 'person/197512', 'person/209140', 'person/197822', 'person/197419', 'person/185619', 'person/124808', 'person/197567', 'person/4246', 'person/132191', 'person/197709', 'person/202352', 'person/197400', 'person/197841', 'person/120478', 'person/189525', 'person/28619', 'person/239255', 'person/197717', 'person/125042', 'person/197586', 'person/182995', 'person/204421', 'person/251249', 'person/197447', 'person/197663', 'person/124875', 'person/96747', 'person/197532', 'person/197870', 'person/126644', 'person/239256', 'person/124856', 'person/197935', 'person/125043', 'person/197448', 'person/197835', 'person/197804', 'person/197889', 'person/197460', 'person/198063', 'person/197391', 'person/197692', 'person/236051', 'person/124862', 'person/124988', 'person/197657', 'person/131580', 'person/197501', 'person/125104', 'person/197791', 'person/197441', 'person/2323', 'person/197619', 'person/229839', 'person/249284', 'person/28226', 'person/197416', 'person/127096', 'person/97058', 'person/124831', 'person/96933', 'person/197473', 'person/197467', 'person/204449', 'person/197627', 'person/96829', 'person/124738', 'person/197779', 'person/197765', 'person/88882', 'person/197481', 'person/197435', 'person/197429', 'person/28141', 'person/197651', 'person/124771', 'person/197628', 'person/197818', 'person/124700', 'person/197574', 'person/197832', 'person/197549', 'person/28122', 'person/1927', 'person/197719', 'person/212855', 'person/204346', 'person/190713', 'person/130256', 'person/197699', 'person/197455', 'person/199996', 'person/197621', 'person/124844', 'person/197523', 'person/72779', 'person/197496', 'person/197680', 'person/197773', 'person/197542', 'person/197403', 'person/112611', 'person/197423', 'person/240478', 'person/197798', 'person/197458', 'person/96791', 'person/96808', 'person/24594', 'person/197615', 'person/124713', 'person/124812', 'person/96698', 'person/197543', 'person/197404', 'person/197845', 'person/124799', 'person/250918', 'person/197392', 'person/197687', 'person/197786', 'person/197571', 'person/197511', 'person/35016', 'person/197536', 'person/125012', 'person/197792', 'person/125067', 'person/251268', 'person/38398', 'person/197740', 'person/96713', 'person/197452', 'person/197668', 'person/192634', 'person/101585', 'person/96681', 'person/124872', 'person/197417', 'person/96810', 'person/197483', 'person/23768', 'person/124806', 'person/197559', 'person/96739', 'person/197638', 'person/124867', 'person/190464', 'person/840', 'person/197721', 'person/187917', 'person/118949', 'person/124873', 'person/124835', 'person/101039', 'person/197530', 'person/2054', 'person/197827', 'person/197840', 'person/197819', 'person/124701', 'person/185341', 'person/197734', 'person/197585', 'person/247737', 'person/197446', 'person/96903', 'person/204418', 'person/27714', 'person/197662', 'person/125128', 'person/197802', 'person/197649', 'person/124696', 'person/28400', 'person/24505', 'person/197728', 'person/197553', 'person/124992', 'person/124704', 'person/197632', 'person/197578', 'person/197518', 'person/250538', 'person/197497', 'person/228604', 'person/99283', 'person/197702', 'person/28224', 'person/197414', 'person/197434', 'person/197459', 'person/197465', 'person/193292', 'person/28346', 'person/197675', 'person/122978', 'person/112744', 'person/197440', 'person/34578', 'person/29579', 'person/197777', 'person/197394', 'person/5729', 'person/197546', 'person/197566', 'person/197427', 'person/197506', 'person/125109', 'person/96833', 'person/239260', 'person/96932', 'person/197626', 'person/96952', 'person/197698', 'person/112747', 'person/197572', 'person/124973', 'person/197547', 'person/125023', 'person/197480', 'person/190518', 'person/96653', 'person/197507', 'person/96646', 'person/28340', 'person/197515', 'person/96801', 'person/236050', 'person/28294', 'person/197494', 'person/28269', 'person/197771', 'person/243979', 'person/1892', 'person/197540', 'person/96852', 'person/190519', 'person/202351', 'person/197421', 'person/197829', 'person/124692', 'person/197500', 'person/197672', 'person/183338', 'person/96756', 'person/197607', 'person/96776', 'person/197541', 'person/197402', 'person/197843', 'person/197863', 'person/124693', 'person/125064', 'person/230085', 'person/204443', 'person/24942', 'person/188945', 'person/197390', 'person/197691', 'person/197784', 'person/197764', 'person/124712', 'person/197534', 'person/197844', 'person/189065', 'person/124705', 'person/197589', 'person/197529', 'person/125065', 'person/197595', 'person/183916', 'person/249826', 'person/97968', 'person/197415', 'person/5565', 'person/96750', 'person/197557', 'person/28266', 'person/197636', 'person/23712', 'person/197582', 'person/239271', 'person/197522', 'person/124936', 'person/197778', 'person/197438', 'person/28150', 'person/197482', 'person/197654', 'person/197490', 'person/129164', 'person/197679', 'person/197817', 'person/124766', 'person/112748', 'person/247735', 'person/197577', 'person/197831', 'person/204416', 'person/197718', 'person/197800', 'person/197647', 'person/190774', 'person/185771', 'person/198490', 'person/221463', 'person/197551', 'person/33997', 'person/124785', 'person/124884', 'person/86793', 'person/197516', 'person/125706', 'person/197495', 'person/197489', 'person/229519']",586.0,org/ep-9,"['eli/dl/doc/PV-9-2024-01-18-ATT', 'eli/dl/doc/PV-9-2024-01-18', 'eli/dl/doc/PV-9-2024-01-18-VOT', 'eli/dl/doc/CRE-9-2024-01-18', 'eli/dl/doc/PV-9-2024-01-18-RCV']",http://publications.europa.eu/resource/authority/place/FRA_SXB,
1,eli/dl/event/MTG-PL-2024-01-25,Activity,2024-01-25,2024-01-25T23:00:00+01:00,MTG-PL-2024-01-25,"{'de': 'Donnerstag, 25. Januar 2024', 'it': 'Giovedì 25 gennaio 2024', 'mt': ""Il-Ħamis, 25 ta' Jannar 2024"", 'fi': 'Torstai 25. tammikuuta 2024', 'bg': 'Четвъртък, 25 януари 2024', 'pl': 'Czwartek, 25 stycznia 2024', 'es': 'Jueves 25 de enero de 2024', 'hu': '2024. január 25., csütörtök', 'sl': 'Četrtek, 25. januar 2024', 'da': 'Torsdag den 25. januar 2024', 'pt': 'Quinta-feira, 25 de Janeiro de 2024', 'cs': 'Čtvrtek, 25. ledna 2024', 'lt': 'Ketvirtadienis, 2024 m. sausio 25 d.', 'el': 'Πέμπτη 25 Ιανουαρίου 2024', 'sv': 'Torsdagen den 25 januari 2024', 'fr': 'Jeudi 25 janvier 2024', 'hr': 'četvrtak, 25. siječnja 2024.', 'ga': 'Déardaoin, 25 Eanáir 2024', 'et': 'Neljapäev, 25. jaanuar 2024', 'en': 'Thursday, 25 January 2024', 'ro': 'Joi, 25 ianuarie 2024', 'lv': 'Ceturtdiena, 2024. gada 25. janvāris', 'sk': 'Štvrtok, 25. januára 2024', 'nl': 'Donderdag 25 januari 2024'}",2024-01-25T01:00:00+01:00,"['eli/dl/event/MTG-PL-2024-01-25-PVCRE-ITM-5', 'eli/dl/event/MTG-PL-2024-01-25-PVCRE-ITM-1', 'eli/dl/event/MTG-PL-2024-01-25-PVCRE-ITM-7', 'eli/dl/event/MTG-PL-2024-01-25-PVCRE-ITM-6', 'eli/dl/event/MTG-PL-2024-01-25-PVCRE-ITM-2', 'eli/dl/event/MTG-PL-2024-01-25-PVCRE-CHA-1', 'eli/dl/event/MTG-PL-2024-01-25-PVCRE-ITM-8', 'eli/dl/event/MTG-PL-2024-01-25-PVCRE-ITM-3', 'eli/dl/event/MTG-PL-2024-01-25-PVCRE-ITM-4']",['eli/dl/doc/OJQ-9-2024-01-25'],def/ep-activities/PLENARY_SITTING,"['person/197579', 'person/124770', 'person/197396', 'person/197690', 'person/125030', 'person/197671', 'person/197632', 'person/23816']","['person/197840', 'person/197782', 'person/197728', 'person/124802', 'person/197843', 'person/218347', 'person/197810', 'person/197589', 'person/197398', 'person/244571', 'person/197698', 'person/38511', 'person/197534', 'person/202073', 'person/38398', 'person/124822', 'person/197401', 'person/197863', 'person/96653', 'person/197511', 'person/38595', 'person/204332', 'person/250918', 'person/191693', 'person/28141', 'person/124714', 'person/118949', 'person/197662', 'person/197842', 'person/35016', 'person/197800', 'person/124856', 'person/125046', 'person/205452', 'person/249603', 'person/107212', 'person/96725', 'person/197680', 'person/96932', 'person/125064', 'person/124806', 'person/239260', 'person/237224', 'person/197431', 'person/28223', 'person/197519', 'person/197553', 'person/197538', 'person/4746', 'person/204413', 'person/197436', 'person/23768', 'person/197405', 'person/197573', 'person/125104', 'person/197792', 'person/197777', 'person/197647', 'person/124973', 'person/197470', 'person/190464', 'person/96899', 'person/206158', 'person/189065', 'person/243912', 'person/197446', 'person/197802', 'person/88882', 'person/197765', 'person/124766', 'person/40599', 'person/237465', 'person/197767', 'person/97968', 'person/124877', 'person/125670', 'person/197817', 'person/229839', 'person/197638', 'person/4246', 'person/124693', 'person/130100', 'person/2341', 'person/197596', 'person/124700', 'person/2054', 'person/197634', 'person/237320', 'person/197455', 'person/98582', 'person/197541', 'person/239973', 'person/197577', 'person/23868', 'person/197650', 'person/96903', 'person/197691', 'person/197571', 'person/124692', 'person/197711', 'person/197822', 'person/124738', 'person/239972', 'person/125004', 'person/28586', 'person/96885', 'person/124785', 'person/197731', 'person/197448', 'person/250572', 'person/124708', 'person/197526', 'person/840', 'person/96747', 'person/197465', 'person/197457', 'person/124781', 'person/197838', 'person/24505', 'person/197699', 'person/5392', 'person/124799', 'person/124704', 'person/197567', 'person/124777', 'person/197434', 'person/197518', 'person/129164', 'person/197552', 'person/197672', 'person/197435', 'person/197557', 'person/124696', 'person/197481', 'person/197514', 'person/197393', 'person/204420', 'person/28353', 'person/237779', 'person/197826', 'person/197586', 'person/238639', 'person/124712', 'person/197588', 'person/135511', 'person/124812', 'person/114268', 'person/96880', 'person/96922', 'person/96772', 'person/96867', 'person/197637', 'person/197469', 'person/199996', 'person/197825', 'person/197722', 'person/197504', 'person/125020', 'person/124747', 'person/197421', 'person/214839', 'person/228604', 'person/185974', 'person/96780', 'person/197441', 'person/197439', 'person/1909', 'person/124713', 'person/197576', 'person/125012', 'person/34578', 'person/197473', 'person/197412', 'person/197595', 'person/118859', 'person/208722', 'person/197654', 'person/197721', 'person/30482', 'person/198096', 'person/28429', 'person/96776', 'person/197400', 'person/124709', 'person/124808', 'person/24922', 'person/123562', 'person/239262', 'person/197663', 'person/197445', 'person/197531', 'person/197433', 'person/198329', 'person/197795', 'person/126644', 'person/125214', 'person/197783', 'person/197438', 'person/197549', 'person/189525', 'person/197416', 'person/96933', 'person/245858', 'person/190519', 'person/197658', 'person/72779', 'person/197606', 'person/197408', 'person/96791', 'person/202352', 'person/197402', 'person/33997', 'person/197426', 'person/197540', 'person/197404', 'person/249285', 'person/197646', 'person/218349', 'person/58789', 'person/96734', 'person/2323', 'person/96830', 'person/197418', 'person/124735', 'person/101039', 'person/96709', 'person/197870', 'person/197636', 'person/197675', 'person/96837', 'person/197425', 'person/124867', 'person/197403', 'person/28619', 'person/197427', 'person/125043', 'person/197665', 'person/33982', 'person/183338', 'person/124936', 'person/197542', 'person/236053', 'person/4253', 'person/197648', 'person/22858', 'person/96787', 'person/197668', 'person/96756', 'person/197615', 'person/86793', 'person/101585', 'person/29579', 'person/96646', 'person/197702', 'person/197419', 'person/124739', 'person/197623', 'person/197611', 'person/197530', 'person/124846', 'person/24594', 'person/197529', 'person/124821', 'person/197472', 'person/251249', 'person/197523', 'person/197415', 'person/197559', 'person/28219', 'person/198176', 'person/197787', 'person/197771', 'person/197537', 'person/28347', 'person/96991', 'person/185771', 'person/239256', 'person/197717', 'person/204346', 'person/28372', 'person/240478', 'person/129073', 'person/234344', 'person/37312', 'person/197464', 'person/185619', 'person/190774', 'person/239258', 'person/197528', 'person/28122', 'person/96808', 'person/124934', 'person/28399', 'person/131507', 'person/202351', 'person/28150', 'person/197460', 'person/131580', 'person/197619', 'person/249284', 'person/197480', 'person/96852', 'person/197544', 'person/239257', 'person/197836', 'person/127096', 'person/28266', 'person/198063', 'person/197432', 'person/197585', 'person/24942', 'person/197494', 'person/197635', 'person/197670', 'person/197452', 'person/197773', 'person/229352', 'person/197527', 'person/197720', 'person/125237', 'person/197496', 'person/197679', 'person/197781', 'person/197391', 'person/28294', 'person/197532', 'person/197468', 'person/197935', 'person/239271', 'person/197824', 'person/4267', 'person/221463', 'person/124710', 'person/95074', 'person/1892', 'person/197482', 'person/197440', 'person/197780', 'person/247735', 'person/94649']",340.0,org/ep-9,"['eli/dl/doc/CRE-9-2024-01-25', 'eli/dl/doc/PV-9-2024-01-25-ATT', 'eli/dl/doc/PV-9-2024-01-25']",http://publications.europa.eu/resource/authority/place/BEL_BRU,
2,eli/dl/event/MTG-PL-2024-02-08,Activity,2024-02-08,2024-02-08T23:00:00+01:00,MTG-PL-2024-02-08,"{'sl': 'Četrtek, 8. februar 2024', 'pl': 'Czwartek, 8 lutego 2024', 'hu': '2024. február 8., csütörtök', 'da': 'Torsdag den 8. februar 2024', 'it': 'Giovedì 8 febbraio 2024', 'sv': 'Torsdagen den 8 februari 2024', 'nl': 'Donderdag 8 februari 2024', 'et': 'Neljapäev, 8. veebruar 2024', 'pt': 'Quinta-feira, 8 de Fevereiro de 2024', 'en': 'Thursday, 8 February 2024', 'mt': ""Il-Ħamis, 8 ta' Frar 2024"", 'es': 'Jueves 8 de febrero de 2024', 'lv': 'Ceturtdiena, 2024. gada 8. februāris', 'fi': 'Torstai 8. helmikuuta 2024', 'cs': 'Čtvrtek, 8. února 2024', 'ga': 'Déardaoin, 8 Feabhra 2024', 'ro': 'Joi, 8 februarie 2024', 'lt': 'Ketvirtadienis, 2024 m. vasario 8 d.', 'bg': 'Четвъртък, 8 февруари 2024', 'hr': 'četvrtak, 8. veljače 2024.', 'de': 'Donnerstag, 8. Februar 2024', 'sk': 'Štvrtok, 8. februára 2024', 'el': 'Πέμπτη 8 Φεβρουαρίου 2024', 'fr': 'Jeudi 8 février 2024'}",2024-02-08T01:00:00+01:00,"['eli/dl/event/MTG-PL-2024-02-08-PVCRE-ITM-11', 'eli/dl/event/MTG-PL-2024-02-08-PVCRE-ITM-10', 'eli/dl/event/MTG-PL-2024-02-08-VOT-ITM-940004', 'eli/dl/event/MTG-PL-2024-02-08-PVCRE-ITM-13', 'eli/dl/event/MTG-PL-2024-02-08-VOT-ITM-940027', 'eli/dl/event/MTG-PL-2024-02-08-VOT-ITM-939987', 'eli/dl/event/MTG-PL-2024-02-08-PVCRE-ITM-3', 'eli/dl/event/MTG-PL-2024-02-08-PVCRE-ITM-6', 'eli/dl/event/MTG-PL-2024-02-08-PVCRE-CHA-2', 'eli/dl/event/MTG-PL-2024-02-08-PVCRE-ITM-5', 'eli/dl/event/MTG-PL-2024-02-08-VOT-ITM-940031', 'eli/dl/event/MTG-PL-2024-02-08-VOT-ITM-939996', 'eli/dl/event/MTG-PL-2024-02-08-PVCRE-ITM-8', 'eli/dl/event/MTG-PL-2024-02-08-PVCRE-ITM-12', 'eli/dl/event/MTG-PL-2024-02-08-VOT-ITM-940033', 'eli/dl/event/MTG-PL-2024-02-08-PVCRE-ITM-15', 'eli/dl/event/MTG-PL-2024-02-08-PVCRE-ITM-14', 'eli/dl/event/MTG-PL-2024-02-08-VOT-ITM-940032', 'eli/dl/event/MTG-PL-2024-02-08-PVCRE-CHA-1', 'eli/dl/event/MTG-PL-2024-02-08-PVCRE-CHA-4', 'eli/dl/event/MTG-PL-2024-02-08-PVCRE-ITM-7', 'eli/dl/event/MTG-PL-2024-02-08-PVCRE-CHA-3', 'eli/dl/event/MTG-PL-2024-02-08-PVCRE-ITM-9', 'eli/dl/event/MTG-PL-2024-02-08-VOT-ITM-940035', 'eli/dl/event/MTG-PL-2024-02-08-PVCRE-ITM-2', 'eli/dl/event/MTG-PL-2024-02-08-VOT-ITM-940029', 'eli/dl/event/MTG-PL-2024-02-08-VOT-ITM-940028', 'eli/dl/event/MTG-PL-2024-02-08-PVCRE-ITM-1', 'eli/dl/event/MTG-PL-2024-02-08-PVCRE-ITM-16', 'eli/dl/event/MTG-PL-2024-02-08-PVCRE-ITM-4', 'eli/dl/event/MTG-PL-2024-02-08-VOT-ITM-940034']",['eli/dl/doc/OJQ-9-2024-02-08'],def/ep-activities/PLENARY_SITTING,"['person/250572', 'person/197671', 'person/112748', 'person/197683', 'person/96775', 'person/23816', 'person/249826', 'person/197801', 'person/125128', 'person/197396', 'person/124770', 'person/125030', 'person/243912']","['person/197563', 'person/185341', 'person/197734', 'person/197690', 'person/197692', 'person/124708', 'person/197779', 'person/197481', 'person/197702', 'person/197473', 'person/124766', 'person/197785', 'person/190464', 'person/24505', 'person/218347', 'person/208722', 'person/197418', 'person/197527', 'person/236051', 'person/249284', 'person/197445', 'person/239258', 'person/96711', 'person/124586', 'person/125042', 'person/197641', 'person/245858', 'person/124806', 'person/197545', 'person/197637', 'person/197503', 'person/197868', 'person/197572', 'person/197766', 'person/34578', 'person/204443', 'person/197836', 'person/197540', 'person/197771', 'person/124700', 'person/185619', 'person/125038', 'person/197863', 'person/124799', 'person/197687', 'person/125046', 'person/123562', 'person/125670', 'person/125021', 'person/197513', 'person/23768', 'person/197794', 'person/236050', 'person/4289', 'person/190774', 'person/197507', 'person/197463', 'person/197536', 'person/197680', 'person/204449', 'person/197544', 'person/197459', 'person/197546', 'person/197394', 'person/197777', 'person/185974', 'person/193273', 'person/98582', 'person/96725', 'person/197717', 'person/96681', 'person/125214', 'person/209091', 'person/96833', 'person/197406', 'person/197427', 'person/240478', 'person/124781', 'person/5729', 'person/239256', 'person/28390', 'person/197433', 'person/130100', 'person/197675', 'person/197754', 'person/197670', 'person/96837', 'person/28219', 'person/197824', 'person/124693', 'person/197451', 'person/197648', 'person/249443', 'person/124705', 'person/96772', 'person/197591', 'person/239972', 'person/125004', 'person/197587', 'person/209140', 'person/28619', 'person/124862', 'person/190519', 'person/197634', 'person/197532', 'person/228286', 'person/197534', 'person/38398', 'person/124835', 'person/197497', 'person/197415', 'person/247709', 'person/236052', 'person/249285', 'person/124872', 'person/28266', 'person/1992', 'person/182995', 'person/124807', 'person/251874', 'person/197638', 'person/197573', 'person/197843', 'person/197423', 'person/202352', 'person/197425', 'person/4344', 'person/97058', 'person/197665', 'person/239260', 'person/197419', 'person/124866', 'person/136236', 'person/126644', 'person/197657', 'person/124834', 'person/124836', 'person/198096', 'person/28297', 'person/125093', 'person/197795', 'person/197839', 'person/112744', 'person/197822', 'person/237465', 'person/197889', 'person/197537', 'person/125045', 'person/197629', 'person/840', 'person/218349', 'person/124992', 'person/197395', 'person/197596', 'person/204414', 'person/197462', 'person/189525', 'person/197769', 'person/96820', 'person/197470', 'person/131507', 'person/197543', 'person/197564', 'person/118859', 'person/101585', 'person/29579', 'person/228604', 'person/192634', 'person/124831', 'person/197413', 'person/96811', 'person/28346', 'person/197466', 'person/204418', 'person/125063', 'person/197626', 'person/197434', 'person/214839', 'person/130256', 'person/58766', 'person/124877', 'person/96653', 'person/197621', 'person/237224', 'person/197452', 'person/197831', 'person/197623', 'person/124822', 'person/197655', 'person/198490', 'person/197848', 'person/28226', 'person/88882', 'person/192635', 'person/124712', 'person/197392', 'person/96810', 'person/96812', 'person/197783', 'person/197533', 'person/197448', 'person/22858', 'person/197627', 'person/197498', 'person/1892', 'person/197694', 'person/197416', 'person/197525', 'person/96791', 'person/58789', 'person/197443', 'person/97968', 'person/197552', 'person/197619', 'person/96829', 'person/132366', 'person/96808', 'person/96936', 'person/251268', 'person/197501', 'person/24922', 'person/197849', 'person/247737', 'person/125706', 'person/202036', 'person/106936', 'person/96787', 'person/205452', 'person/28161', 'person/197529', 'person/197422', 'person/197840', 'person/197784', 'person/197842', 'person/229352', 'person/197449', 'person/197558', 'person/23781', 'person/125109', 'person/24594', 'person/197589', 'person/28294', 'person/250237', 'person/197439', 'person/197526', 'person/239257', 'person/197440', 'person/124771', 'person/197490', 'person/36392', 'person/187917', 'person/197500', 'person/197502', 'person/197846', 'person/197611', 'person/118949', 'person/96668', 'person/125023', 'person/204733', 'person/204421', 'person/124861', 'person/124696', 'person/197798', 'person/96752', 'person/204346', 'person/28400', 'person/197841', 'person/197781', 'person/197404', 'person/125020', 'person/125106', 'person/197412', 'person/4267', 'person/197414', 'person/197650', 'person/197523', 'person/197506', 'person/28347', 'person/197615', 'person/197441', 'person/197550', 'person/230085', 'person/197742', 'person/204419', 'person/197431', 'person/28122', 'person/197581', 'person/96934', 'person/124802', 'person/124726', 'person/247735', 'person/124852', 'person/96885', 'person/96779', 'person/238674', 'person/238639', 'person/197646', 'person/197832', 'person/124884', 'person/245018', 'person/197772', 'person/197738', 'person/96830', 'person/197654', 'person/28223', 'person/129164', 'person/197405', 'person/197514', 'person/124988', 'person/88715', 'person/197585', 'person/197472', 'person/197522', 'person/202073', 'person/239255', 'person/197679', 'person/124856', 'person/72779', 'person/23699', 'person/197580', 'person/197495', 'person/197582', 'person/204413', 'person/197802', 'person/197553', 'person/197468', 'person/197518', 'person/96734', 'person/185771', 'person/96761', 'person/124692', 'person/206158', 'person/114268', 'person/197549', 'person/198176', 'person/96771', 'person/193292', 'person/198063', 'person/38511', 'person/197400', 'person/197402', 'person/197586', 'person/124887', 'person/190518', 'person/96998', 'person/251249', 'person/197819', 'person/96899', 'person/183916', 'person/197740', 'person/197827', 'person/197935', 'person/197559', 'person/244571', 'person/197709', 'person/96867', 'person/124714', 'person/125012', 'person/251859', 'person/190713', 'person/197469', 'person/96801', 'person/28353', 'person/204335', 'person/125043', 'person/189065', 'person/251324', 'person/40599', 'person/124821', 'person/197398', 'person/197460', 'person/197401', 'person/197510', 'person/197767', 'person/197541', 'person/94649', 'person/124844', 'person/197799', 'person/197635', 'person/96739', 'person/197722', 'person/124812', 'person/124713', 'person/96780', 'person/197606', 'person/197491', 'person/28399', 'person/197608', 'person/197493', 'person/96891', 'person/124973', 'person/236053', 'person/124747', 'person/197616', 'person/197551', 'person/132191', 'person/197432', 'person/124808', 'person/191693', 'person/112747', 'person/197574', 'person/5392', 'person/197461', 'person/124875', 'person/197701', 'person/33997', 'person/197455', 'person/197838', 'person/197542', 'person/197457', 'person/37312', 'person/197773', 'person/96952', 'person/197817', 'person/250918', 'person/124709', 'person/96776', 'person/221463', 'person/247122', 'person/28224', 'person/197515', 'person/124710', 'person/204400', 'person/197607', 'person/95074', 'person/197390', 'person/197791', 'person/124760', 'person/197438', 'person/250538', 'person/4560', 'person/197465', 'person/226260', 'person/124777', 'person/197538', 'person/27714', 'person/197496', 'person/4246', 'person/197697', 'person/197699', 'person/124934', 'person/197763', 'person/197519', 'person/197765', 'person/96903', 'person/28141', 'person/197631', 'person/131580', 'person/197577', 'person/197579', 'person/239973', 'person/197429', 'person/124691', 'person/5565', 'person/197787', 'person/125005', 'person/23788', 'person/197731', 'person/28340', 'person/124701', 'person/96713', 'person/23712', 'person/249603', 'person/197447', 'person/197556', 'person/234344', 'person/28617', 'person/197430', 'person/250235', 'person/197756', 'person/197672', 'person/4746', 'person/197530', 'person/197764', 'person/96880', 'person/96697', 'person/28288', 'person/120478', 'person/204336', 'person/197453', 'person/112611', 'person/39725', 'person/124996', 'person/96709', 'person/212855', 'person/197778', 'person/197511', 'person/197426', 'person/197786', 'person/197788', 'person/197668', 'person/199941', 'person/197528', 'person/99945', 'person/96750', 'person/197421', 'person/197728', 'person/197571', 'person/197663', 'person/124837', 'person/124738', 'person/197494', 'person/125104', 'person/197417', 'person/237779', 'person/129073', 'person/239271', 'person/197504', 'person/122978', 'person/197721', 'person/197808', 'person/96932', 'person/96852', 'person/197719', 'person/197488', 'person/86793', 'person/124850', 'person/125001', 'person/30482', 'person/28372', 'person/197835', 'person/204420', 'person/197567', 'person/197770', 'person/125237', 'person/197818', 'person/197780', 'person/197403', 'person/197512', 'person/35016', 'person/124739', 'person/202112', 'person/197391', 'person/197520', 'person/197435', 'person/197677', 'person/96646', 'person/204332', 'person/197539', 'person/125068', 'person/209896', 'person/229839', 'person/96747', 'person/96933', 'person/107212', 'person/197489', 'person/204416', 'person/197516', 'person/237320', 'person/197624', 'person/197645', 'person/197566', 'person/197711', 'person/197632', 'person/197480', 'person/183338', 'person/197482', 'person/124833', 'person/124734', 'person/1909', 'person/197584', 'person/33982', 'person/197651', 'person/2341', 'person/124704', 'person/199996', 'person/124891', 'person/124985', 'person/197806', 'person/197557', 'person/125065', 'person/197628', 'person/96991', 'person/1917', 'person/197444', 'person/127096', 'person/197531', 'person/197446']",578.0,org/ep-9,"['eli/dl/doc/PV-9-2024-02-08-RCV', 'eli/dl/doc/PV-9-2024-02-08-VOT', 'eli/dl/doc/PV-9-2024-02-08-ATT', 'eli/dl/doc/CRE-9-2024-02-08', 'eli/dl/doc/PV-9-2024-02-08']",http://publications.europa.eu/resource/authority/place/FRA_SXB,
3,eli/dl/event/MTG-PL-2024-02-29,Activity,2024-02-29,2024-02-29T23:00:00+01:00,MTG-PL-2024-02-29,"{'et': 'Neljapäev, 29. veebruar 2024', 'da': 'Torsdag den 29. februar 2024', 'de': 'Donnerstag, 29. Februar 2024', 'hr': 'četvrtak, 29. veljače 2024.', 'sl': 'Četrtek, 29. februar 2024', 'it': 'Giovedì 29 febbraio 2024', 'fi': 'Torstai 29. helmikuuta 2024', 'nl': 'Donderdag 29 februari 2024', 'lv': 'Ceturtdiena, 2024. gada 29. februāris', 'lt': 'Ketvirtadienis, 2024 m. vasario 29 d.', 'pl': 'Czwartek, 29 lutego 2024', 'en': 'Thursday, 29 February 2024', 'ro': 'Joi, 29 februarie 2024', 'ga': 'Déardaoin, 29 Feabhra 2024', 'sv': 'Torsdagen den 29 februari 2024', 'bg': 'Четвъртък, 29 февруари 2024', 'fr': 'Jeudi 29 février 2024', 'pt': 'Quinta-feira, 29 de Fevereiro de 2024', 'sk': 'Štvrtok, 29. februára 2024', 'mt': ""Il-Ħamis, 29 ta' Frar 2024"", 'cs': 'Čtvrtek, 29. února 2024', 'es': 'Jueves 29 de febrero de 2024', 'el': 'Πέμπτη 29 Φεβρουαρίου 2024', 'hu': '2024. február 29., csütörtök'}",2024-02-29T01:00:00+01:00,"['eli/dl/event/MTG-PL-2024-02-29-PVCRE-ITM-14', 'eli/dl/event/MTG-PL-2024-02-29-VOT-ITM-940359', 'eli/dl/event/MTG-PL-2024-02-29-VOT-ITM-940956', 'eli/dl/event/MTG-PL-2024-02-29-VOT-ITM-940053', 'eli/dl/event/MTG-PL-2024-02-29-PVCRE-ITM-11', 'eli/dl/event/MTG-PL-2024-02-29-PVCRE-CHA-3', 'eli/dl/event/MTG-PL-2024-02-29-PVCRE-CHA-1', 'eli/dl/event/MTG-PL-2024-02-29-VOT-ITM-940142', 'eli/dl/event/MTG-PL-2024-02-29-PVCRE-CHA-2', 'eli/dl/event/MTG-PL-2024-02-29-VOT-ITM-940357', 'eli/dl/event/MTG-PL-2024-02-29-PVCRE-ITM-13', 'eli/dl/event/MTG-PL-2024-02-29-PVCRE-ITM-1', 'eli/dl/event/MTG-PL-2024-02-29-PVCRE-ITM-5', 'eli/dl/event/MTG-PL-2024-02-29-PVCRE-ITM-3', 'eli/dl/event/MTG-PL-2024-02-29-VOT-ITM-941199', 'eli/dl/event/MTG-PL-2024-02-29-PVCRE-ITM-4', 'eli/dl/event/MTG-PL-2024-02-29-PVCRE-ITM-7', 'eli/dl/event/MTG-PL-2024-02-29-VOT-ITM-940375', 'eli/dl/event/MTG-PL-2024-02-29-VOT-ITM-940986', 'eli/dl/event/MTG-PL-2024-02-29-PVCRE-ITM-10', 'eli/dl/event/MTG-PL-2024-02-29-PVCRE-ITM-15', 'eli/dl/event/MTG-PL-2024-02-29-VOT-ITM-940087', 'eli/dl/event/MTG-PL-2024-02-29-PVCRE-ITM-2', 'eli/dl/event/MTG-PL-2024-02-29-VOT-ITM-940136', 'eli/dl/event/MTG-PL-2024-02-29-PVCRE-ITM-6', 'eli/dl/event/MTG-PL-2024-02-29-PVCRE-ITM-9', 'eli/dl/event/MTG-PL-2024-02-29-VOT-ITM-940163', 'eli/dl/event/MTG-PL-2024-02-29-PVCRE-ITM-8', 'eli/dl/event/MTG-PL-2024-02-29-VOT-ITM-940098', 'eli/dl/event/MTG-PL-2024-02-29-PVCRE-ITM-12', 'eli/dl/event/MTG-PL-2024-02-29-VOT-ITM-940361']",['eli/dl/doc/OJQ-9-2024-02-29'],def/ep-activities/PLENARY_SITTING,"['person/197796', 'person/124770', 'person/250572', 'person/197455', 'person/197806', 'person/96775', 'person/96837', 'person/28226', 'person/96880', 'person/197542', 'person/239262']","['person/197590', 'person/236050', 'person/197438', 'person/250538', 'person/96810', 'person/197538', 'person/197533', 'person/229519', 'person/197783', 'person/1892', 'person/197498', 'person/58789', 'person/236051', 'person/197699', 'person/208722', 'person/197694', 'person/249284', 'person/197765', 'person/239258', 'person/197519', 'person/124934', 'person/197443', 'person/197552', 'person/132366', 'person/96903', 'person/125042', 'person/197429', 'person/251268', 'person/106936', 'person/24922', 'person/197579', 'person/197787', 'person/202036', 'person/202351', 'person/96787', 'person/124867', 'person/96713', 'person/197840', 'person/197447', 'person/197556', 'person/28390', 'person/197422', 'person/197784', 'person/125109', 'person/197756', 'person/125046', 'person/250235', 'person/197778', 'person/128483', 'person/197500', 'person/118949', 'person/197426', 'person/197788', 'person/204733', 'person/197668', 'person/190519', 'person/209140', 'person/124696', 'person/197528', 'person/125025', 'person/98582', 'person/197636', 'person/197841', 'person/197728', 'person/96681', 'person/204346', 'person/96752', 'person/197781', 'person/124837', 'person/197682', 'person/124929', 'person/124738', 'person/197417', 'person/197412', 'person/197504', 'person/124781', 'person/197588', 'person/4267', 'person/98341', 'person/197650', 'person/239256', 'person/197721', 'person/197742', 'person/204419', 'person/197441', 'person/122978', 'person/197550', 'person/197431', 'person/197581', 'person/247735', 'person/96756', 'person/239260', 'person/96885', 'person/197835', 'person/238639', 'person/124693', 'person/124884', 'person/245018', 'person/124785', 'person/197458', 'person/197567', 'person/96830', 'person/197772', 'person/197654', 'person/249443', 'person/197403', 'person/197512', 'person/28297', 'person/197591', 'person/125093', 'person/4253', 'person/197435', 'person/197522', 'person/124988', 'person/197585', 'person/197839', 'person/197472', 'person/197677', 'person/124846', 'person/197539', 'person/253043', 'person/124856', 'person/23699', 'person/96747', 'person/96933', 'person/188945', 'person/197495', 'person/197582', 'person/197800', 'person/236052', 'person/197516', 'person/249285', 'person/204413', 'person/185771', 'person/28266', 'person/197624', 'person/197645', 'person/197711', 'person/96761', 'person/114268', 'person/183338', 'person/198176', 'person/96771', 'person/197400', 'person/193292', 'person/202352', 'person/197586', 'person/124704', 'person/197740', 'person/197628', 'person/197649', 'person/197804', 'person/101039', 'person/1917', 'person/198096', 'person/197671', 'person/124722', 'person/197446', 'person/197467', 'person/237465', 'person/197734', 'person/197870', 'person/204335', 'person/125045', 'person/197779', 'person/40599', 'person/124821', 'person/124708', 'person/197610', 'person/197702', 'person/197398', 'person/197401', 'person/197510', 'person/197460', 'person/197541', 'person/197470', 'person/124844', 'person/29579', 'person/197805', 'person/190464', 'person/124812', 'person/197418', 'person/124713', 'person/197527', 'person/197619', 'person/197493', 'person/124973', 'person/96891', 'person/28346', 'person/197464', 'person/96808', 'person/245858', 'person/197545', 'person/125063', 'person/197432', 'person/197637', 'person/197503', 'person/197868', 'person/124806', 'person/124875', 'person/197766', 'person/197574', 'person/197461', 'person/28161', 'person/197836', 'person/33997', 'person/96952', 'person/237224', 'person/197773', 'person/221463', 'person/198490', 'person/96776', 'person/197513', 'person/96868', 'person/28294', 'person/124710', 'person/197392', 'person/197507', 'person/190774', 'person/124777', 'person/197536', 'person/27714', 'person/197459', 'person/2054', 'person/197546', 'person/187917', 'person/197777', 'person/185974', 'person/4246', 'person/197697', 'person/134605', 'person/197517', 'person/197763', 'person/96791', 'person/96725', 'person/197717', 'person/28586', 'person/209091', 'person/96833', 'person/197631', 'person/197406', 'person/197427', 'person/197577', 'person/240478', 'person/205452', 'person/5565', 'person/125005', 'person/197731', 'person/124936', 'person/124701', 'person/249603', 'person/234344', 'person/229352', 'person/197782', 'person/23712', 'person/197662', 'person/23781', 'person/197754', 'person/28617', 'person/197430', 'person/4746', 'person/24594', 'person/124873', 'person/112748', 'person/239257', 'person/197764', 'person/124771', 'person/197530', 'person/197490', 'person/120478', 'person/204336', 'person/197453', 'person/124996', 'person/112611', 'person/212855', 'person/197691', 'person/197511', 'person/197786', 'person/125023', 'person/199941', 'person/204421', 'person/197634', 'person/96922', 'person/197534', 'person/96750', 'person/197421', 'person/28400', 'person/197828', 'person/197571', 'person/124835', 'person/197663', 'person/125104', 'person/197415', 'person/125020', 'person/197494', 'person/237779', 'person/247709', 'person/197695', 'person/96698', 'person/182995', 'person/28122', 'person/251874', 'person/96852', 'person/197638', 'person/124807', 'person/197843', 'person/197425', 'person/197488', 'person/197667', 'person/86793', 'person/190518', 'person/197419', 'person/238674', 'person/197819', 'person/197770', 'person/197657', 'person/183916', 'person/28223', 'person/129164', 'person/197780', 'person/35016', 'person/197520', 'person/190713', 'person/197889', 'person/202073', 'person/239255', 'person/197720', 'person/197537', 'person/197629', 'person/253008', 'person/229839', 'person/197698', 'person/197769', 'person/197489', 'person/204416', 'person/131507', 'person/124692', 'person/206158', 'person/197566', 'person/197632', 'person/99283', 'person/198063', 'person/197608', 'person/192634', 'person/197482', 'person/38511', 'person/124833', 'person/124734', 'person/197413', 'person/33982', 'person/197584', 'person/197651', 'person/124985', 'person/244571', 'person/214839', 'person/96991', 'person/197718', 'person/125012', 'person/197444', 'person/197531', 'person/197623', 'person/28353', 'person/204333', 'person/197563', 'person/125043', 'person/197817', 'person/250918', 'person/197655', 'person/28150', 'person/197848', 'person/185341', 'person/192635', 'person/96812', 'person/124766', 'person/226260', 'person/197473', 'person/197627', 'person/24505', 'person/197785', 'person/22858', 'person/28399', 'person/197416', 'person/249826', 'person/197525', 'person/96780', 'person/197491', 'person/236053', 'person/97968', 'person/96711', 'person/197445', 'person/124586', 'person/197641', 'person/125128', 'person/132191', 'person/96936', 'person/197849', 'person/233862', 'person/5392', 'person/125706', 'person/197572', 'person/34578', 'person/28340', 'person/197529', 'person/197540', 'person/197658', 'person/197771', 'person/197863', 'person/197449', 'person/124700', 'person/124799', 'person/125038', 'person/28224', 'person/123562', 'person/197595', 'person/197687', 'person/23768', 'person/247122', 'person/197439', 'person/95074', 'person/197526', 'person/197390', 'person/197505', 'person/124760', 'person/250237', 'person/4289', 'person/23816', 'person/197743', 'person/4560', 'person/197463', 'person/197680', 'person/197544', 'person/204449', 'person/197502', 'person/197846', 'person/197611', 'person/96709', 'person/96668', 'person/197394', 'person/193273', 'person/125214', 'person/197798', 'person/197404', 'person/131580', 'person/239973', 'person/197414', 'person/124691', 'person/197523', 'person/129073', 'person/197506', 'person/197615', 'person/197808', 'person/96934', 'person/197433', 'person/197719', 'person/130100', 'person/197675', 'person/96779', 'person/197670', 'person/197408', 'person/28372', 'person/28219', 'person/28288', 'person/197646', 'person/198183', 'person/197832', 'person/197451', 'person/197818', 'person/38595', 'person/197405', 'person/96772', 'person/197514', 'person/28619', 'person/124862', 'person/125004', 'person/197587', 'person/72779', 'person/197532', 'person/197497', 'person/197802', 'person/197518', 'person/124872', 'person/96734', 'person/197468', 'person/197647', 'person/1992', 'person/197549', 'person/197478', 'person/197402', 'person/197423', 'person/1909', 'person/197578', 'person/197573', 'person/97058', 'person/197665', 'person/30482', 'person/4344', 'person/96998', 'person/125001', 'person/136236', 'person/96899', 'person/251249', 'person/204420', 'person/124866', 'person/197935', 'person/197559', 'person/96867', 'person/197483', 'person/124834', 'person/124714', 'person/251859', 'person/197391', 'person/197795', 'person/112744', 'person/197469', 'person/218349', 'person/243979', 'person/204332', 'person/125068', 'person/840', 'person/124992', 'person/251324', 'person/107212', 'person/197395', 'person/197767', 'person/1927', 'person/197462', 'person/204414', 'person/189525', 'person/94649', 'person/118859', 'person/237320', 'person/101585', 'person/197543', 'person/197564', 'person/197799', 'person/197635', 'person/96739', 'person/197722', 'person/2323', 'person/228604', 'person/197480', 'person/197606', 'person/124831', 'person/124784', 'person/197616', 'person/124747', 'person/2341', 'person/204418', 'person/197466', 'person/124891', 'person/125065', 'person/197434', 'person/124808', 'person/191693', 'person/124877', 'person/112747', 'person/127096', 'person/197838', 'person/197621', 'person/96653', 'person/197457', 'person/197452', 'person/197653', 'person/124822', 'person/124709', 'person/197690', 'person/197481']",567.0,org/ep-9,"['eli/dl/doc/PV-9-2024-02-29-ATT', 'eli/dl/doc/PV-9-2024-02-29-VOT', 'eli/dl/doc/PV-9-2024-02-29', 'eli/dl/doc/CRE-9-2024-02-29', 'eli/dl/doc/PV-9-2024-02-29-RCV']",http://publications.europa.eu/resource/authority/place/FRA_SXB,
4,eli/dl/event/MTG-PL-2024-03-14,Activity,2024-03-14,2024-03-14T23:00:00+01:00,MTG-PL-2024-03-14,"{'fr': 'Jeudi 14 mars 2024', 'et': 'Neljapäev, 14. märts 2024', 'mt': ""Il-Ħamis, 14 ta' Marzu 2024"", 'ga': 'Déardaoin, 14 Márta 2024', 'en': 'Thursday, 14 March 2024', 'el': 'Πέμπτη 14 Μαρτίου 2024', 'cs': 'Čtvrtek, 14. března 2024', 'hr': 'četvrtak, 14. ožujka 2024.', 'da': 'Torsdag den 14. marts 2024', 'hu': '2024. március 14., csütörtök', 'bg': 'Четвъртък, 14 март 2024', 'lt': 'Ketvirtadienis, 2024 m. kovo 14 d.', 'pt': 'Quinta-feira, 14 de Março de 2024', 'de': 'Donnerstag, 14. März 2024', 'sl': 'Četrtek, 14. marec 2024', 'pl': 'Czwartek, 14 marca 2024', 'ro': 'Joi, 14 martie 2024', 'nl': 'Donderdag 14 maart 2024', 'lv': 'Ceturtdiena, 2024. gada 14. marts', 'fi': 'Torstai 14. maaliskuuta 2024', 'es': 'Jueves 14 de marzo de 2024', 'it': 'Giovedì 14 marzo 2024', 'sv': 'Torsdagen den 14 mars 2024', 'sk': 'Štvrtok, 14. marca 2024'}",2024-03-14T01:00:00+01:00,"['eli/dl/event/MTG-PL-2024-03-14-PVCRE-ITM-13', 'eli/dl/event/MTG-PL-2024-03-14-VOT-ITM-942408', 'eli/dl/event/MTG-PL-2024-03-14-VOT-ITM-941854', 'eli/dl/event/MTG-PL-2024-03-14-PVCRE-ITM-14', 'eli/dl/event/MTG-PL-2024-03-14-PVCRE-ITM-10', 'eli/dl/event/MTG-PL-2024-03-14-PVCRE-ITM-1', 'eli/dl/event/MTG-PL-2024-03-14-PVCRE-ITM-12', 'eli/dl/event/MTG-PL-2024-03-14-PVCRE-CHA-2', 'eli/dl/event/MTG-PL-2024-03-14-PVCRE-CHA-4', 'eli/dl/event/MTG-PL-2024-03-14-VOT-ITM-941736', 'eli/dl/event/MTG-PL-2024-03-14-PVCRE-ITM-8', 'eli/dl/event/MTG-PL-2024-03-14-VOT-ITM-941897', 'eli/dl/event/MTG-PL-2024-03-14-VOT-ITM-942310', 'eli/dl/event/MTG-PL-2024-03-14-VOT-ITM-942471', 'eli/dl/event/MTG-PL-2024-03-14-VOT-ITM-941900', 'eli/dl/event/MTG-PL-2024-03-14-VOT-ITM-942473', 'eli/dl/event/MTG-PL-2024-03-14-VOT-ITM-942474', 'eli/dl/event/MTG-PL-2024-03-14-VOT-ITM-941853', 'eli/dl/event/MTG-PL-2024-03-14-VOT-ITM-942297', 'eli/dl/event/MTG-PL-2024-03-14-PVCRE-ITM-9', 'eli/dl/event/MTG-PL-2024-03-14-VOT-ITM-941739', 'eli/dl/event/MTG-PL-2024-03-14-VOT-ITM-941732', 'eli/dl/event/MTG-PL-2024-03-14-PVCRE-ITM-4', 'eli/dl/event/MTG-PL-2024-03-14-PVCRE-CHA-1', 'eli/dl/event/MTG-PL-2024-03-14-PVCRE-ITM-6', 'eli/dl/event/MTG-PL-2024-03-14-PVCRE-CHA-3', 'eli/dl/event/MTG-PL-2024-03-14-PVCRE-ITM-7', 'eli/dl/event/MTG-PL-2024-03-14-PVCRE-ITM-15', 'eli/dl/event/MTG-PL-2024-03-14-PVCRE-ITM-11', 'eli/dl/event/MTG-PL-2024-03-14-VOT-ITM-941848', 'eli/dl/event/MTG-PL-2024-03-14-VOT-ITM-941966', 'eli/dl/event/MTG-PL-2024-03-14-PVCRE-ITM-17', 'eli/dl/event/MTG-PL-2024-03-14-PVCRE-ITM-18', 'eli/dl/event/MTG-PL-2024-03-14-VOT-ITM-941987', 'eli/dl/event/MTG-PL-2024-03-14-PVCRE-ITM-5', 'eli/dl/event/MTG-PL-2024-03-14-VOT-ITM-942311', 'eli/dl/event/MTG-PL-2024-03-14-PVCRE-ITM-16', 'eli/dl/event/MTG-PL-2024-03-14-PVCRE-ITM-2', 'eli/dl/event/MTG-PL-2024-03-14-PVCRE-ITM-3']",['eli/dl/doc/OJQ-9-2024-03-14'],def/ep-activities/PLENARY_SITTING,"['person/197457', 'person/96697', 'person/197542', 'person/197434', 'person/197796', 'person/183338', 'person/197683', 'person/197651', 'person/124770', 'person/125030', 'person/197632', 'person/38420', 'person/197394', 'person/28226']","['person/197584', 'person/128483', 'person/197756', 'person/197581', 'person/197543', 'person/245858', 'person/197679', 'person/197447', 'person/124837', 'person/197514', 'person/204419', 'person/197773', 'person/197406', 'person/124806', 'person/197682', 'person/204416', 'person/197539', 'person/197412', 'person/107212', 'person/197697', 'person/96756', 'person/130100', 'person/197717', 'person/124836', 'person/197513', 'person/5392', 'person/202352', 'person/198096', 'person/197720', 'person/28266', 'person/124799', 'person/250235', 'person/197608', 'person/96653', 'person/251859', 'person/197776', 'person/198176', 'person/208722', 'person/124735', 'person/247735', 'person/129073', 'person/197574', 'person/197709', 'person/124988', 'person/23788', 'person/197545', 'person/120478', 'person/124985', 'person/96780', 'person/1992', 'person/197489', 'person/124833', 'person/197510', 'person/197738', 'person/236053', 'person/206158', 'person/197463', 'person/94649', 'person/197460', 'person/197422', 'person/124822', 'person/197722', 'person/39725', 'person/125043', 'person/5565', 'person/204443', 'person/30482', 'person/197526', 'person/204413', 'person/96772', 'person/234344', 'person/198063', 'person/28223', 'person/197418', 'person/236052', 'person/197694', 'person/96787', 'person/28400', 'person/197691', 'person/182995', 'person/197835', 'person/34578', 'person/96761', 'person/114268', 'person/96771', 'person/197587', 'person/197635', 'person/249603', 'person/35016', 'person/197792', 'person/28346', 'person/96991', 'person/209140', 'person/253043', 'person/125104', 'person/124884', 'person/197778', 'person/197788', 'person/197504', 'person/226260', 'person/197453', 'person/247737', 'person/197501', 'person/197586', 'person/197634', 'person/197791', 'person/124693', 'person/1917', 'person/197801', 'person/197557', 'person/197519', 'person/124715', 'person/197764', 'person/197439', 'person/27714', 'person/197473', 'person/237465', 'person/197522', 'person/96820', 'person/840', 'person/197498', 'person/2054', 'person/29579', 'person/96801', 'person/124692', 'person/197469', 'person/197655', 'person/28297', 'person/96668', 'person/33982', 'person/238674', 'person/197628', 'person/245018', 'person/96725', 'person/132366', 'person/124834', 'person/124747', 'person/189065', 'person/197848', 'person/197405', 'person/197631', 'person/197808', 'person/197818', 'person/251874', 'person/124712', 'person/28150', 'person/250918', 'person/197627', 'person/197832', 'person/218349', 'person/204346', 'person/124708', 'person/124936', 'person/96808', 'person/197466', 'person/124866', 'person/124701', 'person/204332', 'person/96868', 'person/197480', 'person/197567', 'person/197440', 'person/124771', 'person/136236', 'person/125023', 'person/197455', 'person/197588', 'person/197668', 'person/197839', 'person/96867', 'person/99283', 'person/125214', 'person/197671', 'person/214839', 'person/197401', 'person/125068', 'person/95074', 'person/197531', 'person/185771', 'person/197657', 'person/197667', 'person/127096', 'person/197507', 'person/125042', 'person/125093', 'person/197670', 'person/229839', 'person/96899', 'person/209896', 'person/126644', 'person/197842', 'person/96734', 'person/209091', 'person/197863', 'person/125106', 'person/197506', 'person/197563', 'person/124777', 'person/197611', 'person/197786', 'person/197419', 'person/197534', 'person/197783', 'person/197549', 'person/197478', 'person/112748', 'person/124713', 'person/197449', 'person/124875', 'person/190713', 'person/197552', 'person/197446', 'person/197579', 'person/124808', 'person/197452', 'person/249285', 'person/197740', 'person/197467', 'person/4267', 'person/197582', 'person/197711', 'person/124821', 'person/96681', 'person/112747', 'person/244571', 'person/96978', 'person/197515', 'person/96932', 'person/124807', 'person/250237', 'person/96776', 'person/197398', 'person/130256', 'person/28619', 'person/197680', 'person/96747', 'person/197698', 'person/197827', 'person/193292', 'person/96750', 'person/192634', 'person/24942', 'person/197781', 'person/197624', 'person/96775', 'person/197547', 'person/197718', 'person/23781', 'person/112744', 'person/230085', 'person/199941', 'person/204449', 'person/197516', 'person/124873', 'person/197777', 'person/197550', 'person/28269', 'person/96711', 'person/197623', 'person/197780', 'person/58789', 'person/197413', 'person/197536', 'person/197546', 'person/124704', 'person/197795', 'person/28294', 'person/197462', 'person/197595', 'person/197511', 'person/125045', 'person/28122', 'person/187917', 'person/125005', 'person/197431', 'person/197721', 'person/197564', 'person/24594', 'person/197742', 'person/28288', 'person/125706', 'person/197461', 'person/239260', 'person/197665', 'person/197837', 'person/197662', 'person/125004', 'person/2341', 'person/96739', 'person/197798', 'person/197395', 'person/243912', 'person/197840', 'person/197606', 'person/124992', 'person/197616', 'person/1927', 'person/96713', 'person/197529', 'person/204335', 'person/96837', 'person/197836', 'person/197493', 'person/197870', 'person/212855', 'person/197503', 'person/197532', 'person/237320', 'person/124700', 'person/185974', 'person/197426', 'person/28347', 'person/213330', 'person/197559', 'person/96811', 'person/197528', 'person/124760', 'person/197779', 'person/125012', 'person/23768', 'person/185619', 'person/197444', 'person/197502', 'person/197577', 'person/28372', 'person/197782', 'person/96885', 'person/124973', 'person/249826', 'person/197425', 'person/124691', 'person/4246', 'person/197637', 'person/190464', 'person/24505', 'person/197443', 'person/197804', 'person/197646', 'person/28399', 'person/28353', 'person/4344', 'person/96752', 'person/124738', 'person/189525', 'person/106936', 'person/205452', 'person/197849', 'person/124781', 'person/197645', 'person/96891', 'person/23699', 'person/197475', 'person/197765', 'person/124766', 'person/197618', 'person/197523', 'person/204418', 'person/197772', 'person/125063', 'person/197621', 'person/197495', 'person/197538', 'person/4746', 'person/124867', 'person/197701', 'person/124934', 'person/197544', 'person/240478', 'person/96852', 'person/125038', 'person/197438', 'person/197754', 'person/197541', 'person/197677', 'person/229519', 'person/197481', 'person/124835', 'person/197512', 'person/197441', 'person/202351', 'person/197571', 'person/250572', 'person/125021', 'person/197427', 'person/204421', 'person/124734', 'person/197672', 'person/96936', 'person/98582', 'person/28586', 'person/123562', 'person/197687', 'person/197641', 'person/243979', 'person/197658', 'person/204420', 'person/197488', 'person/2323', 'person/197459', 'person/197785', 'person/197589', 'person/1909', 'person/86793', 'person/197767', 'person/124877', 'person/124831', 'person/129164', 'person/197402', 'person/118949', 'person/96998', 'person/197525', 'person/124802', 'person/96833', 'person/97968', 'person/197500', 'person/197417', 'person/124891', 'person/236051', 'person/197423', 'person/124861', 'person/202036', 'person/197728', 'person/96934', 'person/197553', 'person/124785', 'person/96646', 'person/97236', 'person/197731', 'person/197490', 'person/197654', 'person/124850', 'person/197702', 'person/124812', 'person/96952', 'person/197619', 'person/197826', 'person/96933', 'person/197787', 'person/239256', 'person/125128', 'person/197585', 'person/221463', 'person/183916', 'person/197800', 'person/197810', 'person/247122', 'person/197556', 'person/197518', 'person/124714', 'person/197763', 'person/124996', 'person/96791', 'person/204733', 'person/199996', 'person/23712', 'person/197482', 'person/197734', 'person/124844', 'person/124929', 'person/197497', 'person/125025', 'person/122978', 'person/197719', 'person/197468', 'person/197517', 'person/125001', 'person/197433', 'person/125109', 'person/4289', 'person/251249', 'person/40599', 'person/197566', 'person/197520', 'person/197771', 'person/197404', 'person/197537', 'person/197817', 'person/204414', 'person/96709', 'person/202073', 'person/250538', 'person/197429', 'person/124696', 'person/239262', 'person/197580', 'person/197540', 'person/197626', 'person/37312', 'person/28219', 'person/96779', 'person/197831', 'person/197432', 'person/72779', 'person/38595', 'person/239973', 'person/38511', 'person/197403', 'person/22858', 'person/236050', 'person/125020', 'person/124710', 'person/197838', 'person/197663', 'person/239972', 'person/112611', 'person/197572', 'person/239258', 'person/197464', 'person/197841', 'person/197607', 'person/197435', 'person/197769', 'person/124726', 'person/204336', 'person/197610', 'person/197494', 'person/197527', 'person/197400', 'person/124856', 'person/197533', 'person/239257', 'person/197695', 'person/197743', 'person/197530', 'person/96812', 'person/197470', 'person/197430', 'person/197935', 'person/197483', 'person/197844', 'person/197445', 'person/118859', 'person/96830', 'person/197829', 'person/1892', 'person/251268', 'person/190519', 'person/131580', 'person/28161', 'person/218347', 'person/197505', 'person/197638', 'person/197889', 'person/132191', 'person/4560', 'person/197843', 'person/101585', 'person/233862', 'person/197802', 'person/247709', 'person/197390', 'person/238639', 'person/190518', 'person/197690', 'person/124722', 'person/28617', 'person/197448', 'person/197650', 'person/204333', 'person/124739', 'person/197491', 'person/239255', 'person/197578', 'person/197451', 'person/5729', 'person/249284']",566.0,org/ep-9,"['eli/dl/doc/CRE-9-2024-03-14', 'eli/dl/doc/PV-9-2024-03-14', 'eli/dl/doc/PV-9-2024-03-14-ATT', 'eli/dl/doc/PV-9-2024-03-14-RCV', 'eli/dl/doc/PV-9-2024-03-14-VOT']",http://publications.europa.eu/resource/authority/place/FRA_SXB,
5,eli/dl/event/MTG-PL-2024-04-11,Activity,2024-04-11,2024-04-11T23:00:00+02:00,MTG-PL-2024-04-11,"{'pt': 'Quinta-feira, 11 de Abril de 2024', 'sl': 'Četrtek, 11. april 2024', 'sv': 'Torsdagen den 11 april 2024', 'es': 'Jueves 11 de abril de 2024', 'ga': 'Déardaoin, 11 Aibreán 2024', 'fr': 'Jeudi 11 avril 2024', 'hu': '2024. április 11., csütörtök', 'da': 'Torsdag den 11. april 2024', 'de': 'Donnerstag, 11. April 2024', 'cs': 'Čtvrtek, 11. dubna 2024', 'el': 'Πέμπτη 11 Απριλίου 2024', 'fi': 'Torstai 11. huhtikuuta 2024', 'sk': 'Štvrtok, 11. apríla 2024', 'ro': 'Joi, 11 aprilie 2024', 'lv': 'Ceturtdiena, 2024. gada 11. aprīlis', 'it': 'Giovedì 11 aprile 2024', 'pl': 'Czwartek, 11 kwietnia 2024', 'mt': ""Il-Ħamis, 11 ta' April 2024"", 'et': 'Neljapäev, 11. aprill 2024', 'bg': 'Четвъртък, 11 април 2024', 'hr': 'četvrtak, 11. travnja 2024.', 'lt': 'Ketvirtadienis, 2024 m. balandžio 11 d.', 'nl': 'Donderdag 11 april 2024', 'en': 'Thursday, 11 April 2024'}",2024-04-11T01:00:00+02:00,"['eli/dl/event/MTG-PL-2024-04-11-VOT-ITM-944662', 'eli/dl/event/MTG-PL-2024-04-11-PVCRE-CHA-4', 'eli/dl/event/MTG-PL-2024-04-11-VOT-ITM-944416', 'eli/dl/event/MTG-PL-2024-04-11-VOT-ITM-944661', 'eli/dl/event/MTG-PL-2024-04-11-VOT-ITM-943067', 'eli/dl/event/MTG-PL-2024-04-11-VOT-ITM-944420', 'eli/dl/event/MTG-PL-2024-04-11-PVCRE-CHA-3', 'eli/dl/event/MTG-PL-2024-04-11-VOT-ITM-943746', 'eli/dl/event/MTG-PL-2024-04-11-VOT-ITM-945180', 'eli/dl/event/MTG-PL-2024-04-11-PVCRE-ITM-2', 'eli/dl/event/MTG-PL-2024-04-11-PVCRE-ITM-11', 'eli/dl/event/MTG-PL-2024-04-11-VOT-ITM-944669', 'eli/dl/event/MTG-PL-2024-04-11-VOT-ITM-944639', 'eli/dl/event/MTG-PL-2024-04-11-PVCRE-ITM-1', 'eli/dl/event/MTG-PL-2024-04-11-VOT-ITM-942509', 'eli/dl/event/MTG-PL-2024-04-11-VOT-ITM-944674', 'eli/dl/event/MTG-PL-2024-04-11-VOT-ITM-942400', 'eli/dl/event/MTG-PL-2024-04-11-VOT-ITM-945187', 'eli/dl/event/MTG-PL-2024-04-11-VOT-ITM-942508', 'eli/dl/event/MTG-PL-2024-04-11-VOT-ITM-944673', 'eli/dl/event/MTG-PL-2024-04-11-VOT-ITM-942389', 'eli/dl/event/MTG-PL-2024-04-11-PVCRE-ITM-12', 'eli/dl/event/MTG-PL-2024-04-11-VOT-ITM-943066', 'eli/dl/event/MTG-PL-2024-04-11-VOT-ITM-942512', 'eli/dl/event/MTG-PL-2024-04-11-VOT-ITM-943745', 'eli/dl/event/MTG-PL-2024-04-11-VOT-ITM-943373', 'eli/dl/event/MTG-PL-2024-04-11-VOT-ITM-944415', 'eli/dl/event/MTG-PL-2024-04-11-VOT-ITM-945276', 'eli/dl/event/MTG-PL-2024-04-11-VOT-ITM-942387', 'eli/dl/event/MTG-PL-2024-04-11-PVCRE-ITM-10', 'eli/dl/event/MTG-PL-2024-04-11-VOT-ITM-943065', 'eli/dl/event/MTG-PL-2024-04-11-VOT-ITM-944642', 'eli/dl/event/MTG-PL-2024-04-11-VOT-ITM-944643', 'eli/dl/event/MTG-PL-2024-04-11-VOT-ITM-944637', 'eli/dl/event/MTG-PL-2024-04-11-VOT-ITM-943064', 'eli/dl/event/MTG-PL-2024-04-11-VOT-ITM-944656', 'eli/dl/event/MTG-PL-2024-04-11-PVCRE-ITM-8', 'eli/dl/event/MTG-PL-2024-04-11-VOT-ITM-942507', 'eli/dl/event/MTG-PL-2024-04-11-VOT-ITM-942511', 'eli/dl/event/MTG-PL-2024-04-11-PVCRE-CHA-2', 'eli/dl/event/MTG-PL-2024-04-11-VOT-ITM-943262', 'eli/dl/event/MTG-PL-2024-04-11-VOT-ITM-942398', 'eli/dl/event/MTG-PL-2024-04-11-VOT-ITM-942510', 'eli/dl/event/MTG-PL-2024-04-11-VOT-ITM-944653', 'eli/dl/event/MTG-PL-2024-04-11-PVCRE-CHA-1', 'eli/dl/event/MTG-PL-2024-04-11-VOT-ITM-943371', 'eli/dl/event/MTG-PL-2024-04-11-VOT-ITM-944413', 'eli/dl/event/MTG-PL-2024-04-11-PVCRE-ITM-9', 'eli/dl/event/MTG-PL-2024-04-11-VOT-ITM-943259', 'eli/dl/event/MTG-PL-2024-04-11-VOT-ITM-944715', 'eli/dl/event/MTG-PL-2024-04-11-VOT-ITM-944636', 'eli/dl/event/MTG-PL-2024-04-11-PVCRE-ITM-7', 'eli/dl/event/MTG-PL-2024-04-11-VOT-ITM-944640', 'eli/dl/event/MTG-PL-2024-04-11-PVCRE-ITM-6', 'eli/dl/event/MTG-PL-2024-04-11-VOT-ITM-943261', 'eli/dl/event/MTG-PL-2024-04-11-VOT-ITM-944419', 'eli/dl/event/MTG-PL-2024-04-11-VOT-ITM-942397', 'eli/dl/event/MTG-PL-2024-04-11-VOT-ITM-944652', 'eli/dl/event/MTG-PL-2024-04-11-VOT-ITM-943260', 'eli/dl/event/MTG-PL-2024-04-11-VOT-ITM-944412', 'eli/dl/event/MTG-PL-2024-04-11-VOT-ITM-942396', 'eli/dl/event/MTG-PL-2024-04-11-VOT-ITM-943258', 'eli/dl/event/MTG-PL-2024-04-11-VOT-ITM-944666', 'eli/dl/event/MTG-PL-2024-04-11-VOT-ITM-945181', 'eli/dl/event/MTG-PL-2024-04-11-VOT-ITM-942468', 'eli/dl/event/MTG-PL-2024-04-11-VOT-ITM-943256', 'eli/dl/event/MTG-PL-2024-04-11-VOT-ITM-944659', 'eli/dl/event/MTG-PL-2024-04-11-VOT-ITM-942467', 'eli/dl/event/MTG-PL-2024-04-11-VOT-ITM-945178', 'eli/dl/event/MTG-PL-2024-04-11-PVCRE-ITM-5', 'eli/dl/event/MTG-PL-2024-04-11-VOT-ITM-944418', 'eli/dl/event/MTG-PL-2024-04-11-VOT-ITM-944681', 'eli/dl/event/MTG-PL-2024-04-11-VOT-ITM-945270', 'eli/dl/event/MTG-PL-2024-04-11-VOT-ITM-944663', 'eli/dl/event/MTG-PL-2024-04-11-VOT-ITM-943069', 'eli/dl/event/MTG-PL-2024-04-11-VOT-ITM-944701', 'eli/dl/event/MTG-PL-2024-04-11-VOT-ITM-944417', 'eli/dl/event/MTG-PL-2024-04-11-PVCRE-ITM-4', 'eli/dl/event/MTG-PL-2024-04-11-PVCRE-ITM-3', 'eli/dl/event/MTG-PL-2024-04-11-VOT-ITM-944514', 'eli/dl/event/MTG-PL-2024-04-11-VOT-ITM-942394', 'eli/dl/event/MTG-PL-2024-04-11-VOT-ITM-942466']",['eli/dl/doc/OJQ-9-2024-04-11'],def/ep-activities/PLENARY_SITTING,"['person/197796', 'person/124770', 'person/125030', 'person/236052']","['person/124891', 'person/124806', 'person/132366', 'person/197670', 'person/125012', 'person/197843', 'person/124822', 'person/96812', 'person/197528', 'person/197443', 'person/99945', 'person/197690', 'person/197787', 'person/4246', 'person/238639', 'person/96756', 'person/197544', 'person/96833', 'person/124766', 'person/197549', 'person/197621', 'person/197493', 'person/124872', 'person/197718', 'person/4267', 'person/125093', 'person/33997', 'person/197800', 'person/96772', 'person/88715', 'person/197671', 'person/245858', 'person/125214', 'person/96787', 'person/128483', 'person/840', 'person/202351', 'person/197692', 'person/197788', 'person/28223', 'person/118859', 'person/96830', 'person/197393', 'person/253043', 'person/197698', 'person/96932', 'person/197618', 'person/4253', 'person/251268', 'person/97236', 'person/197802', 'person/197831', 'person/96880', 'person/197566', 'person/197551', 'person/197431', 'person/125109', 'person/197503', 'person/125021', 'person/125020', 'person/197808', 'person/124992', 'person/96697', 'person/204443', 'person/197596', 'person/23768', 'person/197516', 'person/239973', 'person/197426', 'person/197668', 'person/197532', 'person/5729', 'person/197536', 'person/250572', 'person/96933', 'person/197791', 'person/96775', 'person/136236', 'person/118949', 'person/197553', 'person/124866', 'person/249603', 'person/124887', 'person/197742', 'person/226260', 'person/204368', 'person/96711', 'person/197423', 'person/197523', 'person/197665', 'person/197680', 'person/197427', 'person/124807', 'person/197776', 'person/239271', 'person/96668', 'person/96808', 'person/197844', 'person/124760', 'person/197538', 'person/28150', 'person/250235', 'person/197444', 'person/197529', 'person/228286', 'person/28297', 'person/197606', 'person/1909', 'person/124934', 'person/197792', 'person/125063', 'person/96761', 'person/244571', 'person/197494', 'person/229519', 'person/124873', 'person/197719', 'person/28340', 'person/38595', 'person/197520', 'person/197429', 'person/197430', 'person/124808', 'person/1892', 'person/28288', 'person/38511', 'person/4746', 'person/23699', 'person/233862', 'person/96810', 'person/202352', 'person/197541', 'person/197540', 'person/30482', 'person/197475', 'person/197445', 'person/197687', 'person/197607', 'person/28219', 'person/197794', 'person/125065', 'person/204418', 'person/218347', 'person/2341', 'person/24594', 'person/197653', 'person/197495', 'person/197480', 'person/124875', 'person/197657', 'person/28269', 'person/28346', 'person/197832', 'person/197590', 'person/95074', 'person/96801', 'person/197432', 'person/28122', 'person/197780', 'person/189525', 'person/185974', 'person/197542', 'person/124738', 'person/197610', 'person/197517', 'person/96998', 'person/124861', 'person/197786', 'person/197721', 'person/198096', 'person/218349', 'person/197533', 'person/124799', 'person/197497', 'person/197537', 'person/197417', 'person/197482', 'person/197402', 'person/96934', 'person/208722', 'person/239260', 'person/202073', 'person/96776', 'person/28400', 'person/254718', 'person/124867', 'person/197512', 'person/197488', 'person/197408', 'person/5392', 'person/197675', 'person/131580', 'person/239256', 'person/124735', 'person/96725', 'person/124739', 'person/197518', 'person/124846', 'person/124862', 'person/124929', 'person/197777', 'person/131507', 'person/204420', 'person/197870', 'person/96829', 'person/124785', 'person/197641', 'person/197483', 'person/124705', 'person/197403', 'person/125004', 'person/197728', 'person/247735', 'person/198063', 'person/197835', 'person/124722', 'person/96952', 'person/124726', 'person/197585', 'person/197584', 'person/197489', 'person/125128', 'person/197589', 'person/124996', 'person/239257', 'person/197530', 'person/28141', 'person/197525', 'person/197459', 'person/253008', 'person/209896', 'person/197778', 'person/193292', 'person/205452', 'person/204413', 'person/96747', 'person/129164', 'person/107212', 'person/185619', 'person/250237', 'person/96922', 'person/197490', 'person/197638', 'person/197795', 'person/204419', 'person/96713', 'person/97968', 'person/197412', 'person/197586', 'person/197496', 'person/197416', 'person/209140', 'person/197663', 'person/197658', 'person/193273', 'person/197731', 'person/212855', 'person/125706', 'person/197828', 'person/197827', 'person/197842', 'person/28347', 'person/96734', 'person/197522', 'person/206158', 'person/197591', 'person/197526', 'person/124850', 'person/124988', 'person/197781', 'person/125046', 'person/130256', 'person/189065', 'person/249826', 'person/204414', 'person/197848', 'person/96750', 'person/243912', 'person/197394', 'person/124856', 'person/197556', 'person/1927', 'person/125067', 'person/190774', 'person/120478', 'person/124710', 'person/124714', 'person/228604', 'person/197498', 'person/182995', 'person/197572', 'person/197418', 'person/124877', 'person/28586', 'person/197766', 'person/197829', 'person/254876', 'person/190464', 'person/197434', 'person/250538', 'person/197447', 'person/197783', 'person/197782', 'person/197702', 'person/106936', 'person/28619', 'person/197849', 'person/96752', 'person/204400', 'person/33982', 'person/197519', 'person/197464', 'person/197651', 'person/197463', 'person/197468', 'person/125068', 'person/204421', 'person/238674', 'person/4344', 'person/96868', 'person/197400', 'person/197574', 'person/124715', 'person/197404', 'person/197578', 'person/197646', 'person/197709', 'person/124985', 'person/125005', 'person/239262', 'person/197836', 'person/234344', 'person/197510', 'person/96885', 'person/197514', 'person/198490', 'person/23781', 'person/96991', 'person/124828', 'person/197784', 'person/239258', 'person/23712', 'person/124781', 'person/197531', 'person/124844', 'person/197465', 'person/197470', 'person/197720', 'person/197627', 'person/197469', 'person/204346', 'person/197779', 'person/96681', 'person/197401', 'person/197581', 'person/197580', 'person/124708', 'person/197406', 'person/94649', 'person/197405', 'person/197435', 'person/197648', 'person/197677', 'person/4289', 'person/197754', 'person/197817', 'person/96646', 'person/96709', 'person/197837', 'person/192635', 'person/197822', 'person/58789', 'person/251324', 'person/124831', 'person/197587', 'person/197422', 'person/197451', 'person/124835', 'person/129073', 'person/198176', 'person/197770', 'person/5565', 'person/245018', 'person/36392', 'person/197472', 'person/23788', 'person/197634', 'person/204332', 'person/96852', 'person/229839', 'person/96779', 'person/237779', 'person/249443', 'person/197395', 'person/197582', 'person/124709', 'person/197557', 'person/132191', 'person/197478', 'person/98341', 'person/197650', 'person/197505', 'person/28266', 'person/197504', 'person/197717', 'person/236053', 'person/197588', 'person/197573', 'person/197390', 'person/197453', 'person/27714', 'person/124836', 'person/197695', 'person/197763', 'person/125043', 'person/197767', 'person/122978', 'person/125042', 'person/197840', 'person/249284', 'person/124692', 'person/197631', 'person/197473', 'person/124852', 'person/197448', 'person/197635', 'person/198183', 'person/204333', 'person/247709', 'person/28399', 'person/197810', 'person/190518', 'person/197558', 'person/197410', 'person/197652', 'person/112747', 'person/124802', 'person/197506', 'person/183338', 'person/236050', 'person/124712', 'person/112611', 'person/197764', 'person/197769', 'person/190713', 'person/197841', 'person/28390', 'person/28615', 'person/124777', 'person/197595', 'person/34578', 'person/197545', 'person/197460', 'person/197449', 'person/204335', 'person/197785', 'person/197798', 'person/197398', 'person/24922', 'person/112744', 'person/197466', 'person/125104', 'person/24942', 'person/197628', 'person/86793', 'person/237465', 'person/40599', 'person/197734', 'person/124713', 'person/124747', 'person/72779', 'person/28294', 'person/38420', 'person/197818', 'person/197838', 'person/28429', 'person/230085', 'person/197461', 'person/29579', 'person/197452', 'person/197623', 'person/125237', 'person/197771', 'person/221463', 'person/124700', 'person/124784', 'person/124704', 'person/96837', 'person/197563', 'person/197467', 'person/237320', 'person/197567', 'person/125106', 'person/1917', 'person/124973', 'person/197804', 'person/28353', 'person/187917', 'person/22858', 'person/197679', 'person/197756', 'person/125023', 'person/251249', 'person/124833', 'person/197391', 'person/214839', 'person/191693', 'person/197616', 'person/197458', 'person/197773', 'person/125038', 'person/197722', 'person/249285', 'person/24505', 'person/96771', 'person/124701', 'person/124693', 'person/197632', 'person/23868', 'person/197501', 'person/197743', 'person/197806', 'person/96791', 'person/190519', 'person/88882', 'person/197559', 'person/197439', 'person/197691', 'person/197611', 'person/197507', 'person/125025', 'person/213330', 'person/197826', 'person/124771', 'person/197534', 'person/197455', 'person/197440', 'person/197697', 'person/197682', 'person/125045', 'person/37312', 'person/126644', 'person/197550', 'person/28161', 'person/35016', 'person/124884', 'person/197740', 'person/197502', 'person/204336', 'person/197799', 'person/124936', 'person/251874', 'person/197571', 'person/185771', 'person/197425', 'person/239972', 'person/197667', 'person/237224', 'person/28372', 'person/232843', 'person/204449', 'person/124586', 'person/96826', 'person/124821', 'person/197577', 'person/96891', 'person/96811', 'person/4560', 'person/197441', 'person/183793', 'person/197619', 'person/97058', 'person/96653', 'person/1992', 'person/2323', 'person/124696', 'person/204733', 'person/28617', 'person/197552', 'person/197547', 'person/197462', 'person/197491', 'person/197624', 'person/188945', 'person/101039']",585.0,org/ep-9,"['eli/dl/doc/CRE-9-2024-04-11', 'eli/dl/doc/PV-9-2024-04-11-ATT', 'eli/dl/doc/PV-9-2024-04-11-RCV', 'eli/dl/doc/PV-9-2024-04-11', 'eli/dl/doc/PV-9-2024-04-11-VOT']",http://publications.europa.eu/resource/authority/place/BEL_BRU,
6,eli/dl/event/MTG-PL-2024-04-25,Activity,2024-04-25,2024-04-25T23:00:00+02:00,MTG-PL-2024-04-25,"{'mt': ""Il-Ħamis, 25 ta' April 2024"", 'hr': 'četvrtak, 25. travnja 2024.', 'bg': 'Четвъртък, 25 април 2024', 'fr': 'Jeudi 25 avril 2024', 'sl': 'Četrtek, 25. april 2024', 'sk': 'Štvrtok, 25. apríla 2024', 'et': 'Neljapäev, 25. aprill 2024', 'ro': 'Joi, 25 aprilie 2024', 'es': 'Jueves 25 de abril de 2024', 'it': 'Giovedì 25 aprile 2024', 'de': 'Donnerstag, 25. April 2024', 'pt': 'Quinta-feira, 25 de Abril de 2024', 'fi': 'Torstai 25. huhtikuuta 2024', 'ga': 'Déardaoin, 25 Aibreán 2024', 'hu': '2024. április 25., csütörtök', 'el': 'Πέμπτη 25 Απριλίου 2024', 'da': 'Torsdag den 25. april 2024', 'nl': 'Donderdag 25 april 2024', 'en': 'Thursday, 25 April 2024', 'cs': 'Čtvrtek, 25. dubna 2024', 'lt': 'Ketvirtadienis, 2024 m. balandžio 25 d.', 'sv': 'Torsdagen den 25 april 2024', 'pl': 'Czwartek, 25 kwietnia 2024', 'lv': 'Ceturtdiena, 2024. gada 25. aprīlis'}",2024-04-25T01:00:00+02:00,"['eli/dl/event/MTG-PL-2024-04-25-PVCRE-ITM-11', 'eli/dl/event/MTG-PL-2024-04-25-VOT-ITM-946512', 'eli/dl/event/MTG-PL-2024-04-25-PVCRE-ITM-4', 'eli/dl/event/MTG-PL-2024-04-25-VOT-ITM-946510', 'eli/dl/event/MTG-PL-2024-04-25-VOT-ITM-946518', 'eli/dl/event/MTG-PL-2024-04-25-PVCRE-ITM-2', 'eli/dl/event/MTG-PL-2024-04-25-PVCRE-CHA-2', 'eli/dl/event/MTG-PL-2024-04-25-PVCRE-ITM-8', 'eli/dl/event/MTG-PL-2024-04-25-PVCRE-ITM-5', 'eli/dl/event/MTG-PL-2024-04-25-VOT-ITM-946511', 'eli/dl/event/MTG-PL-2024-04-25-PVCRE-ITM-12', 'eli/dl/event/MTG-PL-2024-04-25-VOT-ITM-946513', 'eli/dl/event/MTG-PL-2024-04-25-VOT-ITM-946507', 'eli/dl/event/MTG-PL-2024-04-25-VOT-ITM-946087', 'eli/dl/event/MTG-PL-2024-04-25-VOT-ITM-946514', 'eli/dl/event/MTG-PL-2024-04-25-VOT-ITM-946099', 'eli/dl/event/MTG-PL-2024-04-25-PVCRE-ITM-1', 'eli/dl/event/MTG-PL-2024-04-25-PVCRE-ITM-9', 'eli/dl/event/MTG-PL-2024-04-25-PVCRE-CHA-3', 'eli/dl/event/MTG-PL-2024-04-25-VOT-ITM-946508', 'eli/dl/event/MTG-PL-2024-04-25-VOT-ITM-946517', 'eli/dl/event/MTG-PL-2024-04-25-PVCRE-ITM-10', 'eli/dl/event/MTG-PL-2024-04-25-PVCRE-ITM-3', 'eli/dl/event/MTG-PL-2024-04-25-VOT-ITM-946077', 'eli/dl/event/MTG-PL-2024-04-25-VOT-ITM-946515', 'eli/dl/event/MTG-PL-2024-04-25-VOT-ITM-945850', 'eli/dl/event/MTG-PL-2024-04-25-PVCRE-ITM-6', 'eli/dl/event/MTG-PL-2024-04-25-PVCRE-ITM-7', 'eli/dl/event/MTG-PL-2024-04-25-VOT-ITM-946504', 'eli/dl/event/MTG-PL-2024-04-25-PVCRE-CHA-1']",['eli/dl/doc/OJQ-9-2024-04-25'],def/ep-activities/PLENARY_SITTING,"['person/197651', 'person/197683', 'person/197542', 'person/96837']","['person/239260', 'person/197589', 'person/99283', 'person/197512', 'person/58789', 'person/125005', 'person/23768', 'person/197506', 'person/132366', 'person/96801', 'person/96885', 'person/125012', 'person/198490', 'person/197818', 'person/197429', 'person/125063', 'person/202112', 'person/99945', 'person/4246', 'person/197531', 'person/197638', 'person/199941', 'person/197799', 'person/197645', 'person/251874', 'person/124872', 'person/124704', 'person/96934', 'person/125068', 'person/125021', 'person/28288', 'person/197671', 'person/197587', 'person/125042', 'person/197422', 'person/96787', 'person/28141', 'person/197848', 'person/234344', 'person/197510', 'person/197459', 'person/197778', 'person/124837', 'person/96761', 'person/197480', 'person/96829', 'person/229839', 'person/197720', 'person/197636', 'person/197478', 'person/249603', 'person/197806', 'person/96880', 'person/197566', 'person/197417', 'person/197401', 'person/190519', 'person/197827', 'person/197559', 'person/29579', 'person/197452', 'person/254718', 'person/96826', 'person/197694', 'person/197680', 'person/96810', 'person/197787', 'person/197771', 'person/247122', 'person/197540', 'person/198096', 'person/197475', 'person/197549', 'person/251249', 'person/197626', 'person/197468', 'person/124760', 'person/197556', 'person/197398', 'person/24594', 'person/208722', 'person/250572', 'person/198329', 'person/24922', 'person/28353', 'person/1927', 'person/96922', 'person/197410', 'person/96775', 'person/197494', 'person/96852', 'person/124713', 'person/197836', 'person/124806', 'person/95074', 'person/197582', 'person/197766', 'person/197843', 'person/189525', 'person/197391', 'person/125030', 'person/197528', 'person/209091', 'person/197447', 'person/249285', 'person/27714', 'person/130100', 'person/197785', 'person/125065', 'person/197631', 'person/197473', 'person/125093', 'person/94649', 'person/124722', 'person/197547', 'person/96952', 'person/197624', 'person/197466', 'person/96747', 'person/197808', 'person/197419', 'person/134605', 'person/229519', 'person/197738', 'person/38595', 'person/197440', 'person/197682', 'person/112611', 'person/209140', 'person/124862', 'person/1892', 'person/129164', 'person/197764', 'person/37312', 'person/38511', 'person/197438', 'person/197841', 'person/124701', 'person/197526', 'person/197619', 'person/204419', 'person/197445', 'person/96756', 'person/96833', 'person/197519', 'person/197831', 'person/204335', 'person/197563', 'person/197412', 'person/197505', 'person/197654', 'person/197496', 'person/197482', 'person/197731', 'person/197435', 'person/197584', 'person/197677', 'person/112744', 'person/28400', 'person/96709', 'person/96891', 'person/237465', 'person/28269', 'person/197577', 'person/4560', 'person/28346', 'person/239257', 'person/124988', 'person/197516', 'person/182995', 'person/96653', 'person/1992', 'person/124834', 'person/130256', 'person/189065', 'person/129073', 'person/197829', 'person/197780', 'person/5729', 'person/96812', 'person/197773', 'person/126644', 'person/197461', 'person/24505', 'person/124710', 'person/197719', 'person/197670', 'person/185771', 'person/98582', 'person/124708', 'person/197503', 'person/96868', 'person/124715', 'person/125025', 'person/197433', 'person/124850', 'person/197675', 'person/124766', 'person/125046', 'person/197426', 'person/249826', 'person/197668', 'person/204414', 'person/124696', 'person/239255', 'person/250235', 'person/197514', 'person/204733', 'person/197491', 'person/238674', 'person/247709', 'person/197400', 'person/197572', 'person/28586', 'person/128483', 'person/125004', 'person/197801', 'person/247735', 'person/23781', 'person/197717', 'person/96791', 'person/197405', 'person/124822', 'person/197647', 'person/197489', 'person/204449', 'person/197691', 'person/124738', 'person/197817', 'person/96646', 'person/197782', 'person/197523', 'person/206158', 'person/197698', 'person/122978', 'person/197544', 'person/204346', 'person/197530', 'person/197868', 'person/124771', 'person/96681', 'person/197621', 'person/197463', 'person/197798', 'person/197537', 'person/197581', 'person/205452', 'person/28297', 'person/33997', 'person/124934', 'person/124992', 'person/107212', 'person/96933', 'person/96697', 'person/4289', 'person/197810', 'person/197740', 'person/197498', 'person/183338', 'person/197586', 'person/197421', 'person/96991', 'person/28294', 'person/197663', 'person/197579', 'person/212855', 'person/197472', 'person/118859', 'person/254722', 'person/96830', 'person/131507', 'person/28390', 'person/197791', 'person/124836', 'person/106936', 'person/199996', 'person/237779', 'person/249443', 'person/197553', 'person/197395', 'person/97236', 'person/2323', 'person/197635', 'person/204421', 'person/96772', 'person/124726', 'person/197796', 'person/247737', 'person/197628', 'person/187917', 'person/190518', 'person/197763', 'person/197558', 'person/228604', 'person/125043', 'person/197840', 'person/197451', 'person/198176', 'person/197770', 'person/96725', 'person/197444', 'person/183916', 'person/197532', 'person/124808', 'person/197838', 'person/191693', 'person/185619', 'person/96998', 'person/197393', 'person/204416', 'person/238639', 'person/124936', 'person/204400', 'person/197470', 'person/197721', 'person/124705', 'person/197607', 'person/197449', 'person/124866', 'person/197493', 'person/98341', 'person/197500', 'person/97968', 'person/197742', 'person/197835', 'person/197567', 'person/197402', 'person/197551', 'person/125706', 'person/197828', 'person/197439', 'person/197574', 'person/197390', 'person/96734', 'person/112748', 'person/197665', 'person/4746', 'person/96811', 'person/124985', 'person/197541', 'person/125214', 'person/34578', 'person/249284', 'person/197460', 'person/124747', 'person/28224', 'person/243912', 'person/228286', 'person/202036', 'person/96739', 'person/124875', 'person/125104', 'person/197777', 'person/197546', 'person/28161', 'person/244571', 'person/204332', 'person/197623', 'person/197465', 'person/253043', 'person/124714', 'person/197539', 'person/96713', 'person/197432', 'person/197520', 'person/28266', 'person/2054', 'person/125109', 'person/1917', 'person/190464', 'person/197513', 'person/125020', 'person/197507', 'person/28615', 'person/23699', 'person/124777', 'person/197826', 'person/125237', 'person/218349', 'person/197679', 'person/197756', 'person/28219', 'person/5565', 'person/204418', 'person/253008', 'person/2341', 'person/197518', 'person/197800', 'person/88715', 'person/188945', 'person/124929', 'person/197495', 'person/24942', 'person/28399', 'person/197404', 'person/197646', 'person/197488', 'person/124873', 'person/197728', 'person/197805', 'person/197889', 'person/96711', 'person/197430', 'person/197765', 'person/236053', 'person/197842', 'person/197453', 'person/197611', 'person/197695', 'person/197702', 'person/233862', 'person/123562', 'person/124693', 'person/197786', 'person/197772', 'person/197527', 'person/197511', 'person/197779', 'person/197534', 'person/197467', 'person/197718', 'person/218347', 'person/197585', 'person/197662', 'person/124996', 'person/250237', 'person/86793', 'person/40599', 'person/245858', 'person/197502', 'person/197418', 'person/250918', 'person/124835', 'person/197425', 'person/197667', 'person/125038', 'person/197634', 'person/124861', 'person/197711', 'person/197795', 'person/28226', 'person/197564', 'person/197641', 'person/197483', 'person/221463', 'person/124700', 'person/197557', 'person/124784', 'person/125106', 'person/202073', 'person/96776', 'person/124807', 'person/251324', 'person/197709', 'person/5392', 'person/197767', 'person/197844', 'person/197590', 'person/197697', 'person/96750', 'person/239256', 'person/197529', 'person/197606', 'person/197448', 'person/124833', 'person/197536', 'person/197870', 'person/35016', 'person/197849', 'person/112747', 'person/197632', 'person/124709', 'person/124891', 'person/197802', 'person/197413', 'person/197655', 'person/197497', 'person/239972', 'person/197504', 'person/124973', 'person/197406', 'person/197648', 'person/232843', 'person/197690', 'person/197783', 'person/197427', 'person/124812', 'person/33982', 'person/197839', 'person/197545', 'person/96668', 'person/97058', 'person/197464', 'person/124735', 'person/193292', 'person/197552', 'person/197394', 'person/125045', 'person/197935', 'person/204413', 'person/204420', 'person/96771', 'person/197490', 'person/120478', 'person/197832', 'person/204336', 'person/124802', 'person/197627', 'person/197469', 'person/840', 'person/185341', 'person/236050', 'person/197571', 'person/226260', 'person/114268', 'person/185974', 'person/197443', 'person/28347', 'person/239258', 'person/197517', 'person/197837', 'person/124821', 'person/28619', 'person/197781', 'person/4253', 'person/251268', 'person/197392', 'person/197543', 'person/209896', 'person/197462', 'person/197804', 'person/197550', 'person/197657', 'person/124884', 'person/204443', 'person/236052', 'person/197408', 'person/22858', 'person/124877', 'person/72779', 'person/28223', 'person/127096', 'person/197434', 'person/190713', 'person/197846', 'person/197522', 'person/23712', 'person/39725', 'person/197615', 'person/124781', 'person/197457', 'person/197699', 'person/197441', 'person/96752', 'person/197776', 'person/136236', 'person/118949', 'person/197515', 'person/96936', 'person/132191', 'person/96808', 'person/197650', 'person/28617', 'person/197538', 'person/4267', 'person/197431', 'person/197580', 'person/124856', 'person/1909']",569.0,org/ep-9,"['eli/dl/doc/CRE-9-2024-04-25', 'eli/dl/doc/PV-9-2024-04-25', 'eli/dl/doc/PV-9-2024-04-25-VOT', 'eli/dl/doc/PV-9-2024-04-25-RCV', 'eli/dl/doc/PV-9-2024-04-25-ATT']",http://publications.europa.eu/resource/authority/place/FRA_SXB,"['eli/dl/event/MTG-PL-2024-04-25-TF-0900', 'eli/dl/event/MTG-PL-2024-04-25-TF-1200']"
7,eli/dl/event/MTG-PL-2024-07-18,Activity,2024-07-18,2024-07-18T23:00:00+02:00,MTG-PL-2024-07-18,"{'pt': 'Quinta-feira, 18 de Julho de 2024', 'fr': 'Jeudi 18 juillet 2024', 'ro': 'Joi, 18 iulie 2024', 'fi': 'Torstai 18. heinäkuuta 2024', 'sv': 'Torsdagen den 18 juli 2024', 'mt': ""Il-Ħamis, 18 ta' Lulju 2024"", 'cs': 'Čtvrtek, 18. července 2024', 'hr': 'četvrtak, 18. srpnja 2024.', 'en': 'Thursday, 18 July 2024', 'et': 'Neljapäev, 18. juuli 2024', 'sl': 'Četrtek, 18. julij 2024', 'ga': 'Déardaoin, 18 Iúil 2024', 'nl': 'Donderdag 18 juli 2024', 'bg': 'Четвъртък, 18 юли 2024', 'hu': '2024. július 18., csütörtök', 'es': 'Jueves 18 de julio de 2024', 'it': 'Giovedì 18 luglio 2024', 'el': 'Πέμπτη 18 Ιουλίου 2024', 'lv': 'Ceturtdiena, 2024. gada 18. jūlijs', 'sk': 'Štvrtok, 18. júla 2024', 'lt': 'Ketvirtadienis, 2024 m. liepos 18 d.', 'de': 'Donnerstag, 18. Juli 2024', 'da': 'Torsdag den 18. juli 2024', 'pl': 'Czwartek, 18 lipca 2024'}",2024-07-18T01:00:00+02:00,"['eli/dl/event/MTG-PL-2024-07-18-PVCRE-ITM-9', 'eli/dl/event/MTG-PL-2024-07-18-VOT-ITM-000001', 'eli/dl/event/MTG-PL-2024-07-18-PVCRE-ITM-7', 'eli/dl/event/MTG-PL-2024-07-18-PVCRE-ITM-10', 'eli/dl/event/MTG-PL-2024-07-18-PVCRE-ITM-8', 'eli/dl/event/MTG-PL-2024-07-18-PVCRE-ITM-5', 'eli/dl/event/MTG-PL-2024-07-18-PVCRE-ITM-3', 'eli/dl/event/MTG-PL-2024-07-18-PVCRE-ITM-6', 'eli/dl/event/MTG-PL-2024-07-18-PVCRE-ITM-4', 'eli/dl/event/MTG-PL-2024-07-18-PVCRE-ITM-1', 'eli/dl/event/MTG-PL-2024-07-18-PVCRE-CHA-1', 'eli/dl/event/MTG-PL-2024-07-18-PVCRE-ITM-2']",['eli/dl/doc/OJQ-10-2024-07-18'],def/ep-activities/PLENARY_SITTING,"['person/257132', 'person/86057', 'person/256956', 'person/122978', 'person/256820']","['person/256877', 'person/257260', 'person/96668', 'person/257112', 'person/197577', 'person/256954', 'person/28219', 'person/198183', 'person/4289', 'person/25758', 'person/251874', 'person/257032', 'person/257042', 'person/257013', 'person/257093', 'person/237465', 'person/256854', 'person/124722', 'person/197699', 'person/220801', 'person/112748', 'person/257067', 'person/256874', 'person/97399', 'person/197701', 'person/96791', 'person/197670', 'person/197444', 'person/197558', 'person/257121', 'person/257144', 'person/204346', 'person/257022', 'person/256983', 'person/257104', 'person/124802', 'person/185771', 'person/214839', 'person/257005', 'person/256899', 'person/2341', 'person/197490', 'person/197447', 'person/197473', 'person/256979', 'person/257044', 'person/256903', 'person/96697', 'person/257051', 'person/86793', 'person/124875', 'person/256803', 'person/256883', 'person/124691', 'person/197839', 'person/197794', 'person/197469', 'person/197421', 'person/197591', 'person/257076', 'person/256960', 'person/257057', 'person/256966', 'person/124850', 'person/197800', 'person/256876', 'person/96933', 'person/256809', 'person/256889', 'person/197402', 'person/113523', 'person/204413', 'person/197398', 'person/256985', 'person/257106', 'person/190574', 'person/183916', 'person/112744', 'person/257027', 'person/257007', 'person/98582', 'person/257297', 'person/197623', 'person/257257', 'person/197408', 'person/204419', 'person/257150', 'person/256905', 'person/257096', 'person/256912', 'person/256992', 'person/256857', 'person/256844', 'person/28390', 'person/190713', 'person/28226', 'person/257079', 'person/256947', 'person/256918', 'person/257116', 'person/256998', 'person/197802', 'person/197863', 'person/197647', 'person/197405', 'person/39725', 'person/197589', 'person/257109', 'person/257086', 'person/124807', 'person/197679', 'person/198490', 'person/257111', 'person/257135', 'person/256915', 'person/128483', 'person/256995', 'person/204129', 'person/28150', 'person/197738', 'person/197722', 'person/197778', 'person/257437', 'person/111412', 'person/247735', 'person/197525', 'person/256969', 'person/256949', 'person/257118', 'person/257012', 'person/256921', 'person/257041', 'person/257092', 'person/125023', 'person/256853', 'person/197414', 'person/213330', 'person/28617', 'person/197494', 'person/197553', 'person/1927', 'person/257088', 'person/256924', 'person/257039', 'person/257048', 'person/257019', 'person/256890', 'person/256850', 'person/257457', 'person/257262', 'person/197662', 'person/197401', 'person/202073', 'person/197534', 'person/5392', 'person/257120', 'person/256917', 'person/256997', 'person/256980', 'person/257021', 'person/38542', 'person/256869', 'person/95074', 'person/197470', 'person/256978', 'person/23868', 'person/257043', 'person/257050', 'person/256959', 'person/124836', 'person/256911', 'person/256882', 'person/197468', 'person/197439', 'person/249982', 'person/28399', 'person/257140', 'person/1909', 'person/28223', 'person/256965', 'person/256909', 'person/125052', 'person/245018', 'person/256824', 'person/256875', 'person/4395', 'person/96932', 'person/197502', 'person/126699', 'person/2152', 'person/28347', 'person/197672', 'person/96752', 'person/28307', 'person/197537', 'person/96653', 'person/257123', 'person/197517', 'person/96709', 'person/257147', 'person/257024', 'person/197769', 'person/256811', 'person/96826', 'person/257296', 'person/197449', 'person/257256', 'person/257237', 'person/204418', 'person/257072', 'person/257130', 'person/251324', 'person/257053', 'person/256942', 'person/124877', 'person/124884', 'person/256805', 'person/256814', 'person/256885', 'person/256865', 'person/124785', 'person/88882', 'person/197763', 'person/197691', 'person/197628', 'person/197430', 'person/28419', 'person/257155', 'person/197543', 'person/257078', 'person/99945', 'person/257115', 'person/257003', 'person/256974', 'person/244571', 'person/201945', 'person/256839', 'person/34232', 'person/197719', 'person/197646', 'person/197697', 'person/197404', 'person/197464', 'person/220840', 'person/257062', 'person/257085', 'person/257108', 'person/257033', 'person/124806', 'person/256880', 'person/257009', 'person/101585', 'person/206158', 'person/124867', 'person/256840', 'person/197818', 'person/197773', 'person/197780', 'person/204333', 'person/257055', 'person/256971', 'person/256994', 'person/197533', 'person/24922', 'person/256859', 'person/124736', 'person/256807', 'person/256887', 'person/197786', 'person/97236', 'person/197461', 'person/197432', 'person/96787', 'person/257117', 'person/256977', 'person/24942', 'person/124861', 'person/256830', 'person/197648', 'person/197655', 'person/197406', 'person/197413', 'person/197493', 'person/197552', 'person/257087', 'person/257038', 'person/257047', 'person/257018', 'person/124760', 'person/124784', 'person/256870', 'person/256823', 'person/257261', 'person/204400', 'person/220897', 'person/197400', 'person/257084', 'person/256916', 'person/256945', 'person/257137', 'person/256996', 'person/256868', 'person/210480', 'person/189065', 'person/204449', 'person/197621', 'person/96681', 'person/257015', 'person/257071', 'person/257127', 'person/197842', 'person/256910', 'person/198073', 'person/96998', 'person/123562', 'person/197658', 'person/197416', 'person/110673', 'person/197581', 'person/229839', 'person/256926', 'person/257097', 'person/256906', 'person/208722', 'person/256986', 'person/98219', 'person/188945', 'person/256852', 'person/197501', 'person/199941', 'person/197516', 'person/257122', 'person/257023', 'person/124799', 'person/124700', 'person/22418', 'person/185619', 'person/197770', 'person/197448', 'person/119652', 'person/124973', 'person/257052', 'person/257129', 'person/257080', 'person/256941', 'person/125325', 'person/192254', 'person/36392', 'person/197825', 'person/197832', 'person/256813', 'person/256804', 'person/256884', 'person/197498', 'person/4267', 'person/197422', 'person/118859', 'person/256928', 'person/22858', 'person/257099', 'person/256935', 'person/257000', 'person/257020', 'person/256961', 'person/257059', 'person/96934', 'person/197718', 'person/197481', 'person/197425', 'person/188096', 'person/204414', 'person/197412', 'person/197391', 'person/197545', 'person/256957', 'person/257149', 'person/96675', 'person/257061', 'person/23781', 'person/256922', 'person/124866', 'person/256861', 'person/197772', 'person/257298', 'person/125104', 'person/197624', 'person/257727', 'person/257258', 'person/257238', 'person/96761', 'person/257151', 'person/257131', 'person/257054', 'person/256991', 'person/256970', 'person/256944', 'person/256951', 'person/256806', 'person/256886', 'person/256893', 'person/96812', 'person/257301', 'person/187917', 'person/197460', 'person/256976', 'person/91636', 'person/124834', 'person/96936', 'person/197466', 'person/220871', 'person/197528', 'person/257064', 'person/257035', 'person/124808', 'person/72779', 'person/125046', 'person/124895', 'person/4746', 'person/125106', 'person/106936', 'person/197500', 'person/197782', 'person/197607', 'person/220896', 'person/257160', 'person/257083', 'person/204336', 'person/257113', 'person/256973', 'person/124766', 'person/256896', 'person/107212', 'person/230085', 'person/257438', 'person/28400', 'person/96725', 'person/257119', 'person/257070', 'person/257126', 'person/125065', 'person/257014', 'person/94649', 'person/256831', 'person/197475', 'person/112747', 'person/257066', 'person/257089', 'person/256925', 'person/257073', 'person/257049', 'person/256891', 'person/125670', 'person/256851', 'person/197829', 'person/127766', 'person/197784', 'person/197636', 'person/197443', 'person/257163', 'person/197557', 'person/257143', 'person/197395', 'person/257103', 'person/30482', 'person/257060', 'person/256847', 'person/256898', 'person/197870', 'person/58766', 'person/256902', 'person/257128', 'person/125068', 'person/257029', 'person/124715', 'person/197824', 'person/256881', 'person/197831', 'person/256834', 'person/256841', 'person/96830', 'person/197417', 'person/197497', 'person/30123', 'person/256927', 'person/257098', 'person/256934', 'person/840', 'person/256908', 'person/257058', 'person/198373', 'person/125001', 'person/256879', 'person/124795', 'person/23699', 'person/37324', 'person/197503', 'person/197653', 'person/197579', 'person/202036', 'person/257148', 'person/257125', 'person/124846', 'person/257026', 'person/101039', 'person/256860', 'person/257255', 'person/197649', 'person/96756', 'person/257095', 'person/197573', 'person/256990', 'person/257082', 'person/256943', 'person/256950', 'person/198084', 'person/5736', 'person/256815', 'person/23788', 'person/256843', 'person/256866', 'person/96811', 'person/197690', 'person/257300', 'person/200345', 'person/257101', 'person/236050', 'person/256937', 'person/257002', 'person/256946', 'person/257138', 'person/99878', 'person/197840', 'person/124984', 'person/1917', 'person/257063', 'person/257034', 'person/197843', 'person/256863', 'person/198076', 'person/197781', 'person/96780', 'person/197606', 'person/197682', 'person/96711', 'person/197440', 'person/98341', 'person/257133', 'person/257110', 'person/257056', 'person/256952', 'person/256808', 'person/256888', 'person/96833', 'person/256895', 'person/197652', 'person/197462', 'person/197433', 'person/197410', 'person/256968', 'person/256939', 'person/257031', 'person/257040', 'person/257011', 'person/256920', 'person/257091', 'person/125042', 'person/125093', 'person/97968', 'person/197429', 'person/197492', 'person/220908', 'person/103246', 'person/197549', 'person/193419', 'person/257065', 'person/257046', 'person/124858', 'person/191693', 'person/256962', 'person/190464', 'person/256872', 'person/256878', 'person/197684', 'person/197556', 'person/256981', 'person/256955', 'person/257102', 'person/193292', 'person/256846', 'person/236053', 'person/23816', 'person/257169', 'person/256901', 'person/124813', 'person/257016', 'person/124893', 'person/125027', 'person/256833', 'person/219652', 'person/96810', 'person/257299', 'person/257259', 'person/197580', 'person/257068', 'person/257075', 'person/256907', 'person/256964', 'person/256987', 'person/5729', 'person/197721', 'person/197702', 'person/96808', 'person/33998', 'person/197687', 'person/130100', 'person/197694', 'person/197618', 'person/197445', 'person/197578', 'person/257145', 'person/257124', 'person/131580', 'person/245770', 'person/88552', 'person/257105', 'person/257025', 'person/256829', 'person/256810', 'person/124701', 'person/257094', 'person/256904', 'person/197572', 'person/257081', 'person/1294', 'person/129073', 'person/256842', 'person/197711', 'person/197734', 'person/197795', 'person/197627', 'person/197514', 'person/257100', 'person/256929', 'person/257077', 'person/256936', 'person/257001', 'person/257114', 'person/125012', 'person/125204', 'person/239260', 'person/198176', 'person/197403', 'person/197426', 'person/2268', 'person/218347', 'person/197392', 'person/257107', 'person/257028', 'person/124828', 'person/256862', 'person/197677', 'person/204332', 'person/197574', 'person/256913', 'person/256993', 'person/257170', 'person/257069', 'person/38511', 'person/256858', 'person/124726', 'person/256845', 'person/197523', 'person/256967', 'person/256938', 'person/257030', 'person/256948', 'person/256919', 'person/257139', 'person/257010', 'person/257090', 'person/256999', 'person/256900', 'person/28122', 'person/197810', 'person/124713', 'person/96940', 'person/119435', 'person/197491', 'person/197435', 'person/28615', 'person/124985', 'person/197529', 'person/233862', 'person/257045', 'person/257037', 'person/185341', 'person/256864', 'person/197845', 'person/256871', 'person/37312']",700.0,org/ep-10,"['eli/dl/doc/PV-10-2024-07-18-ATT', 'eli/dl/doc/CRE-10-2024-07-18', 'eli/dl/doc/PV-10-2024-07-18-VOT', 'eli/dl/doc/PV-10-2024-07-18', 'eli/dl/doc/PV-10-2024-07-18-RCV']",http://publications.europa.eu/resource/authority/place/FRA_SXB,
8,eli/dl/event/MTG-PL-2024-09-19,Activity,2024-09-19,2024-09-19T23:00:00+02:00,MTG-PL-2024-09-19,"{'cs': 'Čtvrtek, 19. září 2024', 'es': 'Jueves 19 de septiembre de 2024', 'et': 'Neljapäev, 19. september 2024', 'sv': 'Torsdagen den 19 september 2024', 'hr': 'četvrtak, 19. rujna 2024.', 'sk': 'Štvrtok, 19. septembra 2024', 'ro': 'Joi, 19 septembrie 2024', 'ga': 'Déardaoin, 19 Meán Fómhair 2024', 'mt': ""Il-Ħamis, 19 ta' Settembru 2024"", 'bg': 'Четвъртък, 19 септември 2024', 'it': 'Giovedì 19 settembre 2024', 'fi': 'Torstai 19. syyskuuta 2024', 'en': 'Thursday, 19 September 2024', 'sl': 'Četrtek, 19. september 2024', 'lt': 'Ketvirtadienis, 2024 m. rugsėjo 19 d.', 'nl': 'Donderdag 19 september 2024', 'hu': '2024. szeptember 19., csütörtök', 'de': 'Donnerstag, 19. September 2024', 'el': 'Πέμπτη 19 Σεπτεμβρίου 2024', 'fr': 'Jeudi 19 septembre 2024', 'lv': 'Ceturtdiena, 2024. gada 19. septembris', 'da': 'Torsdag den 19. september 2024', 'pt': 'Quinta-feira, 19 de Setembro de 2024', 'pl': 'Czwartek, 19 września 2024'}",2024-09-19T01:00:00+02:00,"['eli/dl/event/MTG-PL-2024-09-19-PVCRE-ITM-4', 'eli/dl/event/MTG-PL-2024-09-19-PVCRE-ITM-7', 'eli/dl/event/MTG-PL-2024-09-19-PVCRE-ITM-13', 'eli/dl/event/MTG-PL-2024-09-19-VOT-ITM-959829', 'eli/dl/event/MTG-PL-2024-09-19-VOT-ITM-959972', 'eli/dl/event/MTG-PL-2024-09-19-PVCRE-ITM-5', 'eli/dl/event/MTG-PL-2024-09-19-PVCRE-CHA-3', 'eli/dl/event/MTG-PL-2024-09-19-PVCRE-ITM-2', 'eli/dl/event/MTG-PL-2024-09-19-PVCRE-ITM-1', 'eli/dl/event/MTG-PL-2024-09-19-PVCRE-ITM-8', 'eli/dl/event/MTG-PL-2024-09-19-VOT-ITM-960003', 'eli/dl/event/MTG-PL-2024-09-19-PVCRE-ITM-11', 'eli/dl/event/MTG-PL-2024-09-19-PVCRE-ITM-14', 'eli/dl/event/MTG-PL-2024-09-19-PVCRE-ITM-3', 'eli/dl/event/MTG-PL-2024-09-19-VOT-ITM-959816', 'eli/dl/event/MTG-PL-2024-09-19-PVCRE-CHA-1', 'eli/dl/event/MTG-PL-2024-09-19-PVCRE-ITM-10', 'eli/dl/event/MTG-PL-2024-09-19-PVCRE-ITM-9', 'eli/dl/event/MTG-PL-2024-09-19-PVCRE-CHA-4', 'eli/dl/event/MTG-PL-2024-09-19-PVCRE-ITM-6', 'eli/dl/event/MTG-PL-2024-09-19-PVCRE-ITM-12', 'eli/dl/event/MTG-PL-2024-09-19-VOT-ITM-959974', 'eli/dl/event/MTG-PL-2024-09-19-PVCRE-CHA-2', 'eli/dl/event/MTG-PL-2024-09-19-PVCRE-ITM-15', 'eli/dl/event/MTG-PL-2024-09-19-VOT-ITM-960008', 'eli/dl/event/MTG-PL-2024-09-19-VOT-ITM-959498']",['eli/dl/doc/OJQ-10-2024-09-19'],def/ep-activities/PLENARY_SITTING,"['person/256942', 'person/256813', 'person/112747', 'person/122978', 'person/197722', 'person/256997', 'person/257130', 'person/197677']","['person/197449', 'person/256881', 'person/197721', 'person/256951', 'person/257077', 'person/257031', 'person/257124', 'person/88882', 'person/197780', 'person/197402', 'person/256974', 'person/204346', 'person/256925', 'person/189065', 'person/197412', 'person/257051', 'person/200345', 'person/245018', 'person/257096', 'person/191693', 'person/257014', 'person/197514', 'person/197670', 'person/256869', 'person/256993', 'person/256916', 'person/197591', 'person/257035', 'person/257128', 'person/124807', 'person/256961', 'person/257257', 'person/257081', 'person/257049', 'person/256891', 'person/96756', 'person/190574', 'person/124861', 'person/197623', 'person/24922', 'person/95074', 'person/197839', 'person/256806', 'person/256900', 'person/124875', 'person/197679', 'person/28223', 'person/197422', 'person/257018', 'person/124700', 'person/107212', 'person/39725', 'person/72779', 'person/123562', 'person/197398', 'person/257147', 'person/197647', 'person/190464', 'person/96711', 'person/257068', 'person/28122', 'person/101585', 'person/106936', 'person/197572', 'person/256895', 'person/256965', 'person/197627', 'person/257121', 'person/197794', 'person/197463', 'person/96936', 'person/197537', 'person/256863', 'person/256815', 'person/197832', 'person/257042', 'person/220896', 'person/256939', 'person/257065', 'person/197391', 'person/124985', 'person/197405', 'person/197684', 'person/257119', 'person/256913', 'person/197400', 'person/197534', 'person/197652', 'person/28400', 'person/257084', 'person/257046', 'person/197579', 'person/256857', 'person/256981', 'person/236050', 'person/256948', 'person/257069', 'person/257023', 'person/256820', 'person/197734', 'person/96709', 'person/28307', 'person/98582', 'person/197395', 'person/256841', 'person/197702', 'person/197621', 'person/197618', 'person/96812', 'person/257437', 'person/257088', 'person/257135', 'person/124884', 'person/2152', 'person/244571', 'person/256829', 'person/197800', 'person/257056', 'person/197557', 'person/256883', 'person/249982', 'person/183916', 'person/124858', 'person/197525', 'person/256851', 'person/256927', 'person/125104', 'person/197425', 'person/192254', 'person/257139', 'person/236053', 'person/197687', 'person/28615', 'person/257107', 'person/256901', 'person/204413', 'person/197470', 'person/30123', 'person/28390', 'person/256911', 'person/257037', 'person/257072', 'person/197529', 'person/197493', 'person/197818', 'person/257300', 'person/197658', 'person/197502', 'person/197577', 'person/256855', 'person/5736', 'person/197461', 'person/37324', 'person/257011', 'person/124784', 'person/124736', 'person/256990', 'person/257140', 'person/256823', 'person/23868', 'person/197840', 'person/198373', 'person/99945', 'person/197445', 'person/256874', 'person/197606', 'person/197773', 'person/197574', 'person/257009', 'person/202073', 'person/197448', 'person/256803', 'person/96810', 'person/257076', 'person/256921', 'person/257030', 'person/96675', 'person/256978', 'person/197416', 'person/257044', 'person/257097', 'person/257144', 'person/197439', 'person/197545', 'person/256871', 'person/256941', 'person/257050', 'person/257112', 'person/124846', 'person/125027', 'person/257028', 'person/256962', 'person/256959', 'person/256878', 'person/96933', 'person/257034', 'person/96752', 'person/256936', 'person/257163', 'person/257256', 'person/257048', 'person/257002', 'person/256890', 'person/97236', 'person/256904', 'person/257116', 'person/127766', 'person/96998', 'person/124895', 'person/197646', 'person/101039', 'person/257160', 'person/202036', 'person/256843', 'person/5392', 'person/257092', 'person/37312', 'person/197500', 'person/256888', 'person/233862', 'person/256969', 'person/256811', 'person/188096', 'person/256908', 'person/220801', 'person/1294', 'person/197433', 'person/257029', 'person/256862', 'person/256814', 'person/197802', 'person/33998', 'person/190713', 'person/197653', 'person/251874', 'person/257079', 'person/197691', 'person/197782', 'person/96833', 'person/239260', 'person/197404', 'person/130100', 'person/256976', 'person/257085', 'person/257132', 'person/125106', 'person/125001', 'person/197498', 'person/124867', 'person/256944', 'person/257053', 'person/257100', 'person/197581', 'person/124973', 'person/257016', 'person/96787', 'person/256950', 'person/256995', 'person/256947', 'person/113523', 'person/256866', 'person/220908', 'person/257022', 'person/256824', 'person/197786', 'person/256924', 'person/197408', 'person/256834', 'person/2268', 'person/96761', 'person/187917', 'person/257095', 'person/118859', 'person/197701', 'person/256808', 'person/257057', 'person/257104', 'person/256992', 'person/124877', 'person/96811', 'person/251324', 'person/256960', 'person/257149', 'person/256989', 'person/197430', 'person/197553', 'person/256831', 'person/197769', 'person/256876', 'person/257080', 'person/256999', 'person/257155', 'person/256957', 'person/256882', 'person/86793', 'person/257032', 'person/257123', 'person/197421', 'person/256850', 'person/125052', 'person/257099', 'person/257237', 'person/257067', 'person/260035', 'person/197770', 'person/88552', 'person/103246', 'person/256964', 'person/197825', 'person/257073', 'person/204336', 'person/257120', 'person/256915', 'person/124893', 'person/99878', 'person/197831', 'person/257127', 'person/257041', 'person/110673', 'person/256938', 'person/256859', 'person/256983', 'person/197460', 'person/112744', 'person/257010', 'person/257118', 'person/204129', 'person/256912', 'person/208722', 'person/197481', 'person/256922', 'person/257071', 'person/256919', 'person/197648', 'person/257083', 'person/197444', 'person/124722', 'person/197829', 'person/257045', 'person/197578', 'person/257169', 'person/22858', 'person/197469', 'person/124795', 'person/257137', 'person/197464', 'person/1927', 'person/25758', 'person/256864', 'person/256987', 'person/129073', 'person/257143', 'person/197719', 'person/256945', 'person/125670', 'person/256885', 'person/256955', 'person/257064', 'person/185341', 'person/124984', 'person/197406', 'person/257087', 'person/124813', 'person/96932', 'person/124799', 'person/197870', 'person/257055', 'person/256935', 'person/229839', 'person/230085', 'person/197556', 'person/256952', 'person/257061', 'person/28617', 'person/257109', 'person/256949', 'person/256903', 'person/197636', 'person/119435', 'person/245770', 'person/256879', 'person/257115', 'person/256889', 'person/97399', 'person/256847', 'person/256971', 'person/256842', 'person/125012', 'person/257091', 'person/257059', 'person/98219', 'person/257013', 'person/257106', 'person/199941', 'person/840', 'person/256810', 'person/256910', 'person/198176', 'person/256907', 'person/204419', 'person/197432', 'person/218347', 'person/124760', 'person/1909', 'person/256899', 'person/256805', 'person/257078', 'person/257125', 'person/197781', 'person/23699', 'person/125204', 'person/257131', 'person/257260', 'person/256943', 'person/257052', 'person/197772', 'person/197447', 'person/256917', 'person/197699', 'person/256809', 'person/257043', 'person/198183', 'person/197492', 'person/257258', 'person/86057', 'person/197662', 'person/256985', 'person/257094', 'person/198073', 'person/111412', 'person/197589', 'person/257027', 'person/257103', 'person/213330', 'person/204333', 'person/214839', 'person/256877', 'person/197738', 'person/185619', 'person/257033', 'person/28399', 'person/256845', 'person/257047', 'person/257001', 'person/22418', 'person/197573', 'person/256896', 'person/257170', 'person/197628', 'person/197795', 'person/96940', 'person/197516', 'person/220897', 'person/96697', 'person/256887', 'person/256870', 'person/256839', 'person/197810', 'person/257066', 'person/257020', 'person/96791', 'person/257113', 'person/256968', 'person/257005', 'person/256893', 'person/247735', 'person/220871', 'person/197429', 'person/256861', 'person/257040', 'person/28219', 'person/204449', 'person/124836', 'person/197435', 'person/96653', 'person/197649', 'person/256858', 'person/112748', 'person/256905', 'person/125023', 'person/197778', 'person/197403', 'person/257024', 'person/197697', 'person/257117', 'person/256926', 'person/125093', 'person/197497', 'person/257299', 'person/119652', 'person/4746', 'person/124866', 'person/185771', 'person/256880', 'person/257138', 'person/125325', 'person/201945', 'person/128483', 'person/257015', 'person/256994', 'person/256946', 'person/256865', 'person/257021', 'person/197468', 'person/257438', 'person/256909', 'person/96668', 'person/38542', 'person/124808', 'person/257150', 'person/257727', 'person/256833', 'person/125065', 'person/257082', 'person/210480', 'person/256884', 'person/256807', 'person/197490', 'person/197690', 'person/124701', 'person/257019', 'person/256852', 'person/91636', 'person/257148', 'person/197475', 'person/97968', 'person/197552', 'person/197426', 'person/256875', 'person/197549', 'person/24942', 'person/256998', 'person/257054', 'person/124766', 'person/126699', 'person/5729', 'person/257075', 'person/257122', 'person/198084', 'person/197417', 'person/197523', 'person/257038', 'person/197694', 'person/96808', 'person/197533', 'person/197494', 'person/219652', 'person/256846', 'person/124834', 'person/257301', 'person/197503', 'person/197392', 'person/257060', 'person/197462', 'person/38511', 'person/257012', 'person/96830', 'person/197401', 'person/257126', 'person/256830', 'person/257255', 'person/257003', 'person/220840', 'person/204400', 'person/256853', 'person/256898', 'person/256804', 'person/30482', 'person/256979', 'person/197466', 'person/197543', 'person/125068', 'person/257070', 'person/256918', 'person/124802', 'person/257145', 'person/197443', 'person/257238', 'person/256872', 'person/2341', 'person/237465', 'person/4395', 'person/257259', 'person/257007', 'person/125042', 'person/257297', 'person/256840', 'person/257089', 'person/197414', 'person/96934', 'person/193292', 'person/256986', 'person/256937', 'person/197718', 'person/94649', 'person/197558', 'person/256954', 'person/257063', 'person/257110', 'person/257026', 'person/197682', 'person/28150', 'person/204332', 'person/257457', 'person/256928', 'person/125046', 'person/256934', 'person/256973', 'person/256844', 'person/197580', 'person/257093', 'person/257108', 'person/256996', 'person/256902', 'person/204414', 'person/197711', 'person/96681', 'person/257114', 'person/198076', 'person/256970', 'person/197440', 'person/256886', 'person/257090', 'person/28419', 'person/256967', 'person/1917', 'person/256977', 'person/257086', 'person/256906', 'person/204418', 'person/257133', 'person/256860', 'person/28347', 'person/206158', 'person/257262', 'person/197607', 'person/197763', 'person/257101', 'person/23781']",639.0,org/ep-10,"['eli/dl/doc/PV-10-2024-09-19-RCV', 'eli/dl/doc/CRE-10-2024-09-19', 'eli/dl/doc/PV-10-2024-09-19', 'eli/dl/doc/PV-10-2024-09-19-VOT', 'eli/dl/doc/PV-10-2024-09-19-ATT']",http://publications.europa.eu/resource/authority/place/FRA_SXB,
9,eli/dl/event/MTG-PL-2024-10-10,Activity,2024-10-10,2024-10-10T23:00:00+02:00,MTG-PL-2024-10-10,"{'it': 'Giovedì 10 ottobre 2024', 'lv': 'Ceturtdiena, 2024. gada 10. oktobris', 'fr': 'Jeudi 10 octobre 2024', 'et': 'Neljapäev, 10. oktoober 2024', 'sl': 'Četrtek, 10. oktober 2024', 'da': 'Torsdag den 10. oktober 2024', 'lt': 'Ketvirtadienis, 2024 m. spalio 10 d.', 'cs': 'Čtvrtek, 10. října 2024', 'bg': 'Четвъртък, 10 октомври 2024', 'en': 'Thursday, 10 October 2024', 'hr': 'četvrtak, 10. listopada 2024.', 'de': 'Donnerstag, 10. Oktober 2024', 'sv': 'Torsdagen den 10 oktober 2024', 'el': 'Πέμπτη 10 Οκτωβρίου 2024', 'pt': 'Quinta-feira, 10 de Outubro de 2024', 'ro': 'Joi, 10 octombrie 2024', 'fi': 'Torstai 10. lokakuuta 2024', 'es': 'Jueves 10 de octubre de 2024', 'mt': ""Il-Ħamis, 10 ta' Ottubru 2024"", 'sk': 'Štvrtok, 10. októbra 2024', 'pl': 'Czwartek, 10 października 2024', 'hu': '2024. október 10., csütörtök', 'ga': 'Déardaoin, 10 Deireadh Fómhair 2024', 'nl': 'Donderdag 10 oktober 2024'}",2024-10-10T01:00:00+02:00,"['eli/dl/event/MTG-PL-2024-10-10-PVCRE-ITM-11', 'eli/dl/event/MTG-PL-2024-10-10-PVCRE-ITM-12', 'eli/dl/event/MTG-PL-2024-10-10-PVCRE-ITM-4', 'eli/dl/event/MTG-PL-2024-10-10-VOT-ITM-962028', 'eli/dl/event/MTG-PL-2024-10-10-PVCRE-ITM-14', 'eli/dl/event/MTG-PL-2024-10-10-PVCRE-ITM-17', 'eli/dl/event/MTG-PL-2024-10-10-PVCRE-ITM-13', 'eli/dl/event/MTG-PL-2024-10-10-PVCRE-CHA-3', 'eli/dl/event/MTG-PL-2024-10-10-PVCRE-ITM-1', 'eli/dl/event/MTG-PL-2024-10-10-PVCRE-CHA-4', 'eli/dl/event/MTG-PL-2024-10-10-VOT-ITM-962026', 'eli/dl/event/MTG-PL-2024-10-10-PVCRE-ITM-9', 'eli/dl/event/MTG-PL-2024-10-10-PVCRE-ITM-15', 'eli/dl/event/MTG-PL-2024-10-10-PVCRE-ITM-7', 'eli/dl/event/MTG-PL-2024-10-10-PVCRE-ITM-2', 'eli/dl/event/MTG-PL-2024-10-10-PVCRE-CHA-2', 'eli/dl/event/MTG-PL-2024-10-10-PVCRE-ITM-8', 'eli/dl/event/MTG-PL-2024-10-10-VOT-ITM-961940', 'eli/dl/event/MTG-PL-2024-10-10-PVCRE-ITM-5', 'eli/dl/event/MTG-PL-2024-10-10-PVCRE-ITM-10', 'eli/dl/event/MTG-PL-2024-10-10-PVCRE-CHA-5', 'eli/dl/event/MTG-PL-2024-10-10-PVCRE-CHA-1', 'eli/dl/event/MTG-PL-2024-10-10-PVCRE-ITM-3', 'eli/dl/event/MTG-PL-2024-10-10-PVCRE-ITM-6', 'eli/dl/event/MTG-PL-2024-10-10-PVCRE-CHA-6', 'eli/dl/event/MTG-PL-2024-10-10-PVCRE-ITM-16']",['eli/dl/doc/OJQ-10-2024-10-10'],def/ep-activities/PLENARY_SITTING,"['person/256961', 'person/220896', 'person/247735', 'person/256952', 'person/256806', 'person/124715', 'person/256879', 'person/210480', 'person/256997', 'person/28399', 'person/257068', 'person/122978', 'person/257130']","['person/257081', 'person/256830', 'person/28347', 'person/197448', 'person/257087', 'person/197577', 'person/257049', 'person/256976', 'person/257457', 'person/197439', 'person/124722', 'person/257079', 'person/23781', 'person/257255', 'person/257061', 'person/256950', 'person/197697', 'person/197773', 'person/197770', 'person/197413', 'person/257053', 'person/219652', 'person/197831', 'person/256980', 'person/257148', 'person/197432', 'person/197475', 'person/256899', 'person/260724', 'person/197405', 'person/256857', 'person/257160', 'person/257125', 'person/257122', 'person/256876', 'person/256820', 'person/96675', 'person/119652', 'person/257078', 'person/124893', 'person/256989', 'person/128483', 'person/112744', 'person/96830', 'person/124691', 'person/28615', 'person/256850', 'person/197578', 'person/125046', 'person/256934', 'person/257052', 'person/197398', 'person/257069', 'person/257026', 'person/257023', 'person/198176', 'person/197517', 'person/197514', 'person/257099', 'person/124701', 'person/24942', 'person/256996', 'person/126699', 'person/256926', 'person/840', 'person/257237', 'person/257000', 'person/257043', 'person/197533', 'person/197646', 'person/197404', 'person/1917', 'person/96653', 'person/256970', 'person/257073', 'person/204400', 'person/197839', 'person/197466', 'person/256946', 'person/197782', 'person/124760', 'person/190574', 'person/197691', 'person/124813', 'person/125325', 'person/22418', 'person/256962', 'person/28226', 'person/28223', 'person/261038', 'person/197425', 'person/256839', 'person/99878', 'person/257104', 'person/256893', 'person/197470', 'person/23816', 'person/257438', 'person/256869', 'person/197843', 'person/124875', 'person/58766', 'person/256855', 'person/256925', 'person/256813', 'person/236053', 'person/197502', 'person/256916', 'person/256987', 'person/124867', 'person/197461', 'person/256885', 'person/256945', 'person/189065', 'person/257072', 'person/197781', 'person/257005', 'person/130100', 'person/96787', 'person/197534', 'person/257035', 'person/256908', 'person/257257', 'person/197553', 'person/118859', 'person/257064', 'person/96761', 'person/2341', 'person/197769', 'person/197772', 'person/256868', 'person/257055', 'person/256991', 'person/96940', 'person/28390', 'person/96791', 'person/197440', 'person/197682', 'person/220801', 'person/124713', 'person/23699', 'person/125065', 'person/125027', 'person/94649', 'person/256944', 'person/257133', 'person/197460', 'person/197589', 'person/256884', 'person/192254', 'person/97236', 'person/257163', 'person/257124', 'person/256875', 'person/197825', 'person/256805', 'person/257034', 'person/197490', 'person/197525', 'person/256907', 'person/257256', 'person/124884', 'person/28419', 'person/113523', 'person/256937', 'person/237465', 'person/257054', 'person/257116', 'person/124726', 'person/256811', 'person/256981', 'person/257025', 'person/197500', 'person/197628', 'person/256999', 'person/256841', 'person/197516', 'person/257084', 'person/256943', 'person/256928', 'person/197406', 'person/124785', 'person/257046', 'person/197648', 'person/28150', 'person/257092', 'person/96933', 'person/257260', 'person/236050', 'person/197824', 'person/256804', 'person/256973', 'person/197422', 'person/256902', 'person/197784', 'person/201945', 'person/197591', 'person/197498', 'person/101585', 'person/4267', 'person/256866', 'person/197840', 'person/197694', 'person/125001', 'person/34232', 'person/30482', 'person/86793', 'person/256964', 'person/118949', 'person/257115', 'person/197870', 'person/197623', 'person/257145', 'person/257106', 'person/112748', 'person/256896', 'person/125670', 'person/257016', 'person/197443', 'person/197545', 'person/256840', 'person/256927', 'person/124807', 'person/96756', 'person/257238', 'person/204419', 'person/107212', 'person/249982', 'person/124861', 'person/233862', 'person/5736', 'person/256870', 'person/256919', 'person/96932', 'person/124866', 'person/256887', 'person/256831', 'person/256901', 'person/125104', 'person/257089', 'person/257007', 'person/197537', 'person/256823', 'person/197392', 'person/257037', 'person/190713', 'person/257110', 'person/256861', 'person/197528', 'person/197395', 'person/129073', 'person/257066', 'person/197552', 'person/257020', 'person/257063', 'person/256955', 'person/96833', 'person/198076', 'person/256993', 'person/257011', 'person/256990', 'person/22858', 'person/197684', 'person/191693', 'person/257040', 'person/39725', 'person/256900', 'person/257135', 'person/25758', 'person/256886', 'person/256859', 'person/257127', 'person/218347', 'person/256807', 'person/101039', 'person/124895', 'person/256860', 'person/256878', 'person/256909', 'person/197621', 'person/197734', 'person/96709', 'person/38511', 'person/257101', 'person/28617', 'person/256852', 'person/256936', 'person/197581', 'person/257010', 'person/197543', 'person/220840', 'person/257118', 'person/197481', 'person/197711', 'person/204413', 'person/1927', 'person/257028', 'person/256998', 'person/197557', 'person/256843', 'person/256913', 'person/119435', 'person/257083', 'person/257019', 'person/97968', 'person/261797', 'person/257048', 'person/197573', 'person/257002', 'person/257045', 'person/123562', 'person/197795', 'person/197435', 'person/257075', 'person/197677', 'person/131580', 'person/256948', 'person/183916', 'person/197810', 'person/23868', 'person/197497', 'person/214839', 'person/197818', 'person/256920', 'person/204336', 'person/257117', 'person/204333', 'person/257301', 'person/257147', 'person/257144', 'person/257109', 'person/256898', 'person/256895', 'person/229839', 'person/257060', 'person/197670', 'person/197845', 'person/124877', 'person/28219', 'person/261796', 'person/124806', 'person/204418', 'person/256815', 'person/257121', 'person/256872', 'person/125068', 'person/256918', 'person/124836', 'person/198373', 'person/197463', 'person/256834', 'person/256947', 'person/125106', 'person/1909', 'person/124736', 'person/125042', 'person/2152', 'person/202073', 'person/257297', 'person/197426', 'person/257022', 'person/257065', 'person/257259', 'person/256911', 'person/256954', 'person/124984', 'person/124799', 'person/124700', 'person/197417', 'person/256992', 'person/257057', 'person/96711', 'person/256968', 'person/257095', 'person/188945', 'person/197503', 'person/257727', 'person/197462', 'person/197447', 'person/197492', 'person/257126', 'person/197410', 'person/197652', 'person/256877', 'person/251324', 'person/257296', 'person/257258', 'person/257103', 'person/256851', 'person/256938', 'person/96998', 'person/95074', 'person/257056', 'person/37312', 'person/256967', 'person/257094', 'person/256983', 'person/257027', 'person/124834', 'person/197556', 'person/256912', 'person/256959', 'person/197702', 'person/28307', 'person/30123', 'person/256881', 'person/257170', 'person/257086', 'person/257047', 'person/197408', 'person/257001', 'person/197572', 'person/256974', 'person/96668', 'person/197794', 'person/257262', 'person/257077', 'person/257031', 'person/111412', 'person/198183', 'person/256904', 'person/197786', 'person/257071', 'person/257051', 'person/256966', 'person/257155', 'person/197429', 'person/257108', 'person/4289', 'person/125023', 'person/197718', 'person/197701', 'person/197445', 'person/256880', 'person/197687', 'person/110673', 'person/2268', 'person/197403', 'person/257120', 'person/256871', 'person/125204', 'person/96934', 'person/257076', 'person/256847', 'person/257030', 'person/257138', 'person/256833', 'person/256949', 'person/256903', 'person/256979', 'person/197722', 'person/257050', 'person/257039', 'person/256965', 'person/257150', 'person/257112', 'person/200345', 'person/256863', 'person/97399', 'person/257021', 'person/197624', 'person/239260', 'person/256910', 'person/257437', 'person/28122', 'person/257059', 'person/197800', 'person/257013', 'person/256995', 'person/197444', 'person/96826', 'person/185341', 'person/197402', 'person/257091', 'person/256846', 'person/256986', 'person/257137', 'person/197464', 'person/256888', 'person/197780', 'person/256960', 'person/197607', 'person/197763', 'person/257128', 'person/197494', 'person/197491', 'person/220908', 'person/197690', 'person/197721', 'person/204449', 'person/257038', 'person/256809', 'person/256862', 'person/197529', 'person/206158', 'person/220897', 'person/112747', 'person/257102', 'person/198073', 'person/257058', 'person/256829', 'person/257012', 'person/256853', 'person/197401', 'person/256985', 'person/257029', 'person/4746', 'person/220871', 'person/106936', 'person/256845', 'person/256915', 'person/33998', 'person/257132', 'person/5392', 'person/197778', 'person/256883', 'person/257088', 'person/197574', 'person/257085', 'person/256977', 'person/257003', 'person/197606', 'person/204346', 'person/98582', 'person/197391', 'person/127766', 'person/257261', 'person/257033', 'person/197679', 'person/256906', 'person/124766', 'person/99945', 'person/24922', 'person/1294', 'person/256951', 'person/96808', 'person/257070', 'person/197414', 'person/38542', 'person/256922', 'person/257119', 'person/197400', 'person/98219', 'person/23788', 'person/198490', 'person/197627', 'person/257149', 'person/197473', 'person/197430', 'person/190464', 'person/256942', 'person/256882', 'person/197549', 'person/245770', 'person/124808', 'person/256858', 'person/257123', 'person/256874', 'person/96812', 'person/103246', 'person/96936', 'person/260035', 'person/257032', 'person/256803', 'person/213330', 'person/197421', 'person/197523', 'person/125052', 'person/256905', 'person/197579', 'person/256865', 'person/256935', 'person/256978', 'person/202036', 'person/251874', 'person/125093', 'person/256921', 'person/28400', 'person/257114', 'person/257299', 'person/4395', 'person/257024', 'person/257067', 'person/193292', 'person/88882', 'person/124985', 'person/257097', 'person/197802', 'person/256994', 'person/256941', 'person/197618', 'person/197699', 'person/257015', 'person/72779', 'person/257044', 'person/257041', 'person/96780', 'person/96811', 'person/257090', 'person/230085', 'person/256971', 'person/257139', 'person/208722', 'person/257082', 'person/86057', 'person/197662', 'person/198084', 'person/197449', 'person/257169', 'person/188096', 'person/197493', 'person/197412', 'person/88552', 'person/204332', 'person/257113', 'person/256864', 'person/197738', 'person/257298', 'person/197469', 'person/257143', 'person/257140', 'person/256891', 'person/124858', 'person/257014', 'person/91636', 'person/256969', 'person/124802', 'person/257096', 'person/256814', 'person/204414', 'person/96810', 'person/244571', 'person/185771', 'person/197558', 'person/256917']",635.0,org/ep-10,"['eli/dl/doc/PV-10-2024-10-10-VOT', 'eli/dl/doc/PV-10-2024-10-10-RCV', 'eli/dl/doc/CRE-10-2024-10-10', 'eli/dl/doc/PV-10-2024-10-10-ATT', 'eli/dl/doc/PV-10-2024-10-10']",http://publications.europa.eu/resource/authority/place/FRA_SXB,
10,eli/dl/event/MTG-PL-2024-10-24,Activity,2024-10-24,2024-10-24T23:00:00+02:00,MTG-PL-2024-10-24,"{'es': 'Jueves 24 de octubre de 2024', 'el': 'Πέμπτη 24 Οκτωβρίου 2024', 'pt': 'Quinta-feira, 24 de Outubro de 2024', 'pl': 'Czwartek, 24 października 2024', 'ro': 'Joi, 24 octombrie 2024', 'lt': 'Ketvirtadienis, 2024 m. spalio 24 d.', 'sk': 'Štvrtok, 24. októbra 2024', 'cs': 'Čtvrtek, 24. října 2024', 'fi': 'Torstai 24. lokakuuta 2024', 'lv': 'Ceturtdiena, 2024. gada 24. oktobris', 'hu': '2024. október 24., csütörtök', 'da': 'Torsdag den 24. oktober 2024', 'en': 'Thursday, 24 October 2024', 'de': 'Donnerstag, 24. Oktober 2024', 'et': 'Neljapäev, 24. oktoober 2024', 'hr': 'četvrtak, 24. listopada 2024.', 'nl': 'Donderdag 24 oktober 2024', 'sl': 'Četrtek, 24. oktober 2024', 'sv': 'Torsdagen den 24 oktober 2024', 'it': 'Giovedì 24 ottobre 2024', 'ga': 'Déardaoin, 24 Deireadh Fómhair 2024', 'fr': 'Jeudi 24 octobre 2024', 'bg': 'Четвъртък, 24 октомври 2024', 'mt': ""Il-Ħamis, 24 ta' Ottubru 2024""}",2024-10-24T01:00:00+02:00,"['eli/dl/event/MTG-PL-2024-10-24-PVCRE-CHA-4', 'eli/dl/event/MTG-PL-2024-10-24-PVCRE-ITM-7', 'eli/dl/event/MTG-PL-2024-10-24-PVCRE-ITM-8', 'eli/dl/event/MTG-PL-2024-10-24-PVCRE-ITM-11', 'eli/dl/event/MTG-PL-2024-10-24-PVCRE-ITM-1', 'eli/dl/event/MTG-PL-2024-10-24-PVCRE-ITM-15', 'eli/dl/event/MTG-PL-2024-10-24-PVCRE-CHA-3', 'eli/dl/event/MTG-PL-2024-10-24-PVCRE-ITM-2', 'eli/dl/event/MTG-PL-2024-10-24-PVCRE-ITM-14', 'eli/dl/event/MTG-PL-2024-10-24-PVCRE-ITM-6', 'eli/dl/event/MTG-PL-2024-10-24-PVCRE-CHA-1', 'eli/dl/event/MTG-PL-2024-10-24-PVCRE-CHA-2', 'eli/dl/event/MTG-PL-2024-10-24-PVCRE-ITM-5', 'eli/dl/event/MTG-PL-2024-10-24-PVCRE-CHA-5', 'eli/dl/event/MTG-PL-2024-10-24-VOT-ITM-963194', 'eli/dl/event/MTG-PL-2024-10-24-PVCRE-ITM-9', 'eli/dl/event/MTG-PL-2024-10-24-PVCRE-ITM-12', 'eli/dl/event/MTG-PL-2024-10-24-PVCRE-ITM-13', 'eli/dl/event/MTG-PL-2024-10-24-VOT-ITM-963364', 'eli/dl/event/MTG-PL-2024-10-24-PVCRE-ITM-16', 'eli/dl/event/MTG-PL-2024-10-24-PVCRE-ITM-17', 'eli/dl/event/MTG-PL-2024-10-24-PVCRE-ITM-10', 'eli/dl/event/MTG-PL-2024-10-24-PVCRE-ITM-3', 'eli/dl/event/MTG-PL-2024-10-24-PVCRE-ITM-4']",['eli/dl/doc/OJQ-10-2024-10-24'],def/ep-activities/PLENARY_SITTING,"['person/96830', 'person/124985', 'person/96808', 'person/257130', 'person/256980', 'person/197697', 'person/124701', 'person/257048', 'person/36392', 'person/96709', 'person/122978', 'person/256997', 'person/256985', 'person/4395', 'person/220908', 'person/125046', 'person/256842', 'person/257027', 'person/28615', 'person/197413']","['person/197628', 'person/257022', 'person/256970', 'person/204400', 'person/256911', 'person/197721', 'person/124984', 'person/256820', 'person/197782', 'person/257078', 'person/124893', 'person/124834', 'person/112747', 'person/28223', 'person/197627', 'person/99878', 'person/256974', 'person/257052', 'person/257077', 'person/124808', 'person/257031', 'person/197410', 'person/129073', 'person/96812', 'person/197786', 'person/236053', 'person/256803', 'person/257258', 'person/840', 'person/257051', 'person/256966', 'person/197533', 'person/256885', 'person/191693', 'person/257300', 'person/256927', 'person/37312', 'person/124807', 'person/96787', 'person/125093', 'person/257108', 'person/257094', 'person/257035', 'person/256983', 'person/124760', 'person/96932', 'person/197414', 'person/256859', 'person/257257', 'person/110673', 'person/256901', 'person/2268', 'person/96761', 'person/98219', 'person/197699', 'person/125204', 'person/256889', 'person/197863', 'person/197772', 'person/72779', 'person/257138', 'person/197470', 'person/190464', 'person/256833', 'person/257090', 'person/257009', 'person/256858', 'person/257082', 'person/257150', 'person/1927', 'person/197523', 'person/256956', 'person/257155', 'person/257124', 'person/124867', 'person/256987', 'person/256875', 'person/189065', 'person/197738', 'person/197469', 'person/261797', 'person/125023', 'person/251874', 'person/124884', 'person/197435', 'person/91636', 'person/197677', 'person/245018', 'person/256986', 'person/124802', 'person/257064', 'person/257025', 'person/96940', 'person/257128', 'person/125065', 'person/124785', 'person/197711', 'person/257060', 'person/257102', 'person/197460', 'person/256913', 'person/257163', 'person/256853', 'person/197401', 'person/197784', 'person/256995', 'person/257029', 'person/124836', 'person/197444', 'person/256918', 'person/256845', 'person/30482', 'person/197831', 'person/256806', 'person/1909', 'person/257085', 'person/257054', 'person/183916', 'person/197464', 'person/256969', 'person/257137', 'person/197810', 'person/256888', 'person/125670', 'person/257261', 'person/256999', 'person/204449', 'person/257038', 'person/107212', 'person/24922', 'person/256943', 'person/256862', 'person/197448', 'person/197417', 'person/256968', 'person/257058', 'person/256934', 'person/257012', 'person/257260', 'person/188945', 'person/197473', 'person/197392', 'person/257037', 'person/4746', 'person/197591', 'person/257110', 'person/256942', 'person/256861', 'person/197498', 'person/197447', 'person/256866', 'person/197840', 'person/197552', 'person/256947', 'person/86793', 'person/257115', 'person/257011', 'person/256990', 'person/98582', 'person/197391', 'person/125052', 'person/124973', 'person/256865', 'person/202036', 'person/260724', 'person/256946', 'person/39725', 'person/256900', 'person/257238', 'person/204419', 'person/5736', 'person/197556', 'person/257067', 'person/198490', 'person/261038', 'person/125104', 'person/257149', 'person/197430', 'person/256839', 'person/38511', 'person/257131', 'person/257041', 'person/96668', 'person/262021', 'person/197843', 'person/256882', 'person/197395', 'person/230085', 'person/257066', 'person/220840', 'person/257020', 'person/256955', 'person/256874', 'person/256813', 'person/260035', 'person/188096', 'person/197493', 'person/197404', 'person/257083', 'person/197646', 'person/197429', 'person/257045', 'person/220896', 'person/197718', 'person/257140', 'person/256891', 'person/257024', 'person/256959', 'person/131580', 'person/124813', 'person/193292', 'person/257127', 'person/22418', 'person/197403', 'person/88882', 'person/101039', 'person/244571', 'person/197408', 'person/185771', 'person/256878', 'person/256847', 'person/23816', 'person/256890', 'person/256971', 'person/197581', 'person/257087', 'person/257144', 'person/256976', 'person/256895', 'person/197662', 'person/257071', 'person/257457', 'person/257169', 'person/257079', 'person/239260', 'person/257061', 'person/257113', 'person/256945', 'person/256950', 'person/256864', 'person/197825', 'person/256805', 'person/124795', 'person/257143', 'person/257053', 'person/197701', 'person/197463', 'person/257014', 'person/210480', 'person/257096', 'person/96934', 'person/197769', 'person/197842', 'person/197829', 'person/197658', 'person/197516', 'person/256949', 'person/256903', 'person/257160', 'person/204336', 'person/257117', 'person/220801', 'person/257301', 'person/124799', 'person/256809', 'person/28347', 'person/197577', 'person/257057', 'person/256992', 'person/256928', 'person/257109', 'person/257092', 'person/112744', 'person/96933', 'person/257018', 'person/236050', 'person/256902', 'person/197800', 'person/197773', 'person/197398', 'person/219652', 'person/197525', 'person/256907', 'person/256834', 'person/257091', 'person/197778', 'person/257099', 'person/124726', 'person/257237', 'person/257043', 'person/256851', 'person/95074', 'person/197679', 'person/257073', 'person/257125', 'person/256957', 'person/256906', 'person/256876', 'person/96675', 'person/119652', 'person/197529', 'person/124700', 'person/197406', 'person/197691', 'person/197648', 'person/125325', 'person/28150', 'person/124691', 'person/256962', 'person/30123', 'person/256881', 'person/256850', 'person/257047', 'person/197572', 'person/257001', 'person/96752', 'person/257104', 'person/197462', 'person/197794', 'person/257026', 'person/197528', 'person/256915', 'person/124846', 'person/257129', 'person/197492', 'person/256824', 'person/256855', 'person/126699', 'person/197606', 'person/257000', 'person/257296', 'person/257103', 'person/256808', 'person/96653', 'person/197545', 'person/256978', 'person/257005', 'person/130100', 'person/197466', 'person/257056', 'person/96756', 'person/197445', 'person/197687', 'person/28307', 'person/28226', 'person/118859', 'person/257120', 'person/256952', 'person/256871', 'person/197832', 'person/256807', 'person/2341', 'person/257086', 'person/197734', 'person/197537', 'person/257055', 'person/197580', 'person/96791', 'person/257438', 'person/190713', 'person/257262', 'person/256936', 'person/124713', 'person/23699', 'person/257039', 'person/96833', 'person/5729', 'person/256863', 'person/197449', 'person/204129', 'person/97399', 'person/257021', 'person/256905', 'person/256910', 'person/185619', 'person/22858', 'person/97236', 'person/257437', 'person/197781', 'person/28122', 'person/197579', 'person/257059', 'person/256935', 'person/256961', 'person/257013', 'person/257072', 'person/185341', 'person/4289', 'person/124858', 'person/256880', 'person/197553', 'person/256948', 'person/197802', 'person/257116', 'person/197618', 'person/256811', 'person/256991', 'person/214839', 'person/257076', 'person/257030', 'person/197500', 'person/256909', 'person/197440', 'person/197558', 'person/197682', 'person/256841', 'person/125027', 'person/257050', 'person/257133', 'person/256965', 'person/256884', 'person/197439', 'person/256810', 'person/124806', 'person/257068', 'person/97968', 'person/197490', 'person/101585', 'person/257256', 'person/257132', 'person/256964', 'person/256883', 'person/113523', 'person/197574', 'person/257003', 'person/256814', 'person/257033', 'person/256981', 'person/256917', 'person/197763', 'person/256857', 'person/197405', 'person/197818', 'person/197690', 'person/99945', 'person/257084', 'person/257081', 'person/206158', 'person/257046', 'person/256922', 'person/220897', 'person/197719', 'person/23788', 'person/256831', 'person/256973', 'person/257007', 'person/197468', 'person/261796', 'person/197422', 'person/256823', 'person/257080', 'person/37324', 'person/220871', 'person/197694', 'person/125001', 'person/106936', 'person/33998', 'person/257063', 'person/197514', 'person/197870', 'person/251324', 'person/257088', 'person/257145', 'person/256977', 'person/197421', 'person/256896', 'person/204346', 'person/256938', 'person/127766', 'person/257016', 'person/124715', 'person/256840', 'person/1917', 'person/197839', 'person/249982', 'person/124861', 'person/25758', 'person/256951', 'person/257299', 'person/190574', 'person/256912', 'person/197702', 'person/38542', 'person/257119', 'person/197400', 'person/257015', 'person/256994', 'person/197503', 'person/257727', 'person/197425', 'person/256844', 'person/197621', 'person/256869', 'person/245770', 'person/197517', 'person/86057', 'person/257118', 'person/197481', 'person/198076', 'person/256993', 'person/257032', 'person/197502', 'person/256998', 'person/88552', 'person/197684', 'person/256843', 'person/119435', 'person/257019', 'person/96998', 'person/197534', 'person/257135', 'person/256967', 'person/256886', 'person/28400', 'person/256921', 'person/247735', 'person/257075', 'person/256908', 'person/218347', 'person/96810', 'person/124895', 'person/256941', 'person/256860', 'person/197497', 'person/257170', 'person/257044', 'person/256920', 'person/257101', 'person/256852', 'person/96780', 'person/204333', 'person/257010', 'person/197543', 'person/257049', 'person/256925', 'person/197722', 'person/257139', 'person/208722', 'person/204413', 'person/198084', 'person/257028', 'person/28219', 'person/197412', 'person/257255', 'person/204418', 'person/204332', 'person/125068', 'person/197770', 'person/96826', 'person/197573', 'person/257298', 'person/256924', 'person/257002', 'person/257148', 'person/197475', 'person/256899', 'person/125042', 'person/197607', 'person/28390', 'person/257297', 'person/257259', 'person/257065', 'person/257122', 'person/256954', 'person/256830', 'person/257147', 'person/187917', 'person/256979', 'person/256898', 'person/94649', 'person/229839', 'person/197670', 'person/96711', 'person/96697', 'person/197589', 'person/124877', 'person/192254', 'person/256829', 'person/23781', 'person/197624', 'person/257121', 'person/256872', 'person/257069', 'person/257023', 'person/198373', 'person/198176', 'person/257126', 'person/197402', 'person/256996', 'person/24942', 'person/256937', 'person/2152', 'person/256877', 'person/256846', 'person/197623', 'person/112748', 'person/202073']",597.0,org/ep-10,"['eli/dl/doc/PV-10-2024-10-24-VOT', 'eli/dl/doc/PV-10-2024-10-24', 'eli/dl/doc/PV-10-2024-10-24-RCV', 'eli/dl/doc/PV-10-2024-10-24-ATT', 'eli/dl/doc/CRE-10-2024-10-24']",http://publications.europa.eu/resource/authority/place/FRA_SXB,
11,eli/dl/event/MTG-PL-2024-11-14,Activity,2024-11-14,2024-11-14T23:00:00+01:00,MTG-PL-2024-11-14,"{'en': 'Thursday, 14 November 2024', 'pl': 'Czwartek, 14 listopada 2024', 'it': 'Giovedì 14 novembre 2024', 'de': 'Donnerstag, 14. November 2024', 'es': 'Jueves 14 de noviembre de 2024', 'fr': 'Jeudi 14 novembre 2024', 'cs': 'Čtvrtek, 14. listopadu 2024', 'pt': 'Quinta-feira, 14 de Novembro de 2024', 'ro': 'Joi, 14 noiembrie 2024', 'el': 'Πέμπτη 14 Νοεμβρίου 2024', 'ga': 'Déardaoin, 14 Samhain 2024', 'hu': '2024. november 14., csütörtök', 'hr': 'četvrtak, 14. studenog 2024.', 'lt': 'Ketvirtadienis, 2024 m. lapkričio 14 d.', 'lv': 'Ceturtdiena, 2024. gada 14. novembris', 'et': 'Neljapäev, 14. november 2024', 'nl': 'Donderdag 14 november 2024', 'fi': 'Torstai 14. marraskuuta 2024', 'bg': 'Четвъртък, 14 ноември 2024', 'sk': 'Štvrtok, 14. novembra 2024', 'sl': 'Četrtek, 14. november 2024', 'sv': 'Torsdagen den 14 november 2024', 'mt': ""Il-Ħamis, 14 ta' Novembru 2024"", 'da': 'Torsdag den 14. november 2024'}",2024-11-14T01:00:00+01:00,"['eli/dl/event/MTG-PL-2024-11-14-PVCRE-CHA-2', 'eli/dl/event/MTG-PL-2024-11-14-VOT-ITM-964962', 'eli/dl/event/MTG-PL-2024-11-14-PVCRE-ITM-2', 'eli/dl/event/MTG-PL-2024-11-14-VOT-ITM-964576', 'eli/dl/event/MTG-PL-2024-11-14-PVCRE-ITM-3', 'eli/dl/event/MTG-PL-2024-11-14-VOT-ITM-964547', 'eli/dl/event/MTG-PL-2024-11-14-PVCRE-ITM-10', 'eli/dl/event/MTG-PL-2024-11-14-VOT-ITM-964548', 'eli/dl/event/MTG-PL-2024-11-14-PVCRE-CHA-3', 'eli/dl/event/MTG-PL-2024-11-14-VOT-ITM-964963', 'eli/dl/event/MTG-PL-2024-11-14-VOT-ITM-964868', 'eli/dl/event/MTG-PL-2024-11-14-PVCRE-ITM-5', 'eli/dl/event/MTG-PL-2024-11-14-PVCRE-ITM-1', 'eli/dl/event/MTG-PL-2024-11-14-PVCRE-CHA-4', 'eli/dl/event/MTG-PL-2024-11-14-PVCRE-ITM-8', 'eli/dl/event/MTG-PL-2024-11-14-PVCRE-ITM-9', 'eli/dl/event/MTG-PL-2024-11-14-VOT-ITM-964546', 'eli/dl/event/MTG-PL-2024-11-14-PVCRE-CHA-1', 'eli/dl/event/MTG-PL-2024-11-14-PVCRE-ITM-6', 'eli/dl/event/MTG-PL-2024-11-14-PVCRE-ITM-4', 'eli/dl/event/MTG-PL-2024-11-14-PVCRE-ITM-7', 'eli/dl/event/MTG-PL-2024-11-14-PVCRE-ITM-11', 'eli/dl/event/MTG-PL-2024-11-14-PVCRE-ITM-13', 'eli/dl/event/MTG-PL-2024-11-14-VOT-ITM-964545', 'eli/dl/event/MTG-PL-2024-11-14-PVCRE-ITM-12']",['eli/dl/doc/OJQ-10-2024-11-14'],def/ep-activities/PLENARY_SITTING,"['person/197552', 'person/122978', 'person/257130', 'person/96936', 'person/256977']","['person/124867', 'person/256871', 'person/190574', 'person/214839', 'person/106936', 'person/197405', 'person/197795', 'person/257095', 'person/99878', 'person/197469', 'person/197652', 'person/257065', 'person/257031', 'person/257001', 'person/197523', 'person/30482', 'person/124813', 'person/256847', 'person/257147', 'person/257144', 'person/257457', 'person/256998', 'person/256888', 'person/256918', 'person/204414', 'person/97968', 'person/124985', 'person/96675', 'person/257080', 'person/257057', 'person/112748', 'person/206158', 'person/23868', 'person/197404', 'person/197468', 'person/197687', 'person/257121', 'person/257030', 'person/197577', 'person/197558', 'person/256862', 'person/256911', 'person/28226', 'person/28223', 'person/197425', 'person/96808', 'person/257256', 'person/256846', 'person/189065', 'person/197395', 'person/257009', 'person/197618', 'person/124884', 'person/257086', 'person/257021', 'person/257039', 'person/256883', 'person/256948', 'person/256853', 'person/197392', 'person/257260', 'person/256803', 'person/245770', 'person/257056', 'person/96998', 'person/1927', 'person/96812', 'person/125204', 'person/197845', 'person/249982', 'person/125046', 'person/185619', 'person/197702', 'person/239260', 'person/183916', 'person/37324', 'person/198183', 'person/23788', 'person/257077', 'person/257047', 'person/257071', 'person/72779', 'person/218347', 'person/256845', 'person/96752', 'person/198076', 'person/257129', 'person/257126', 'person/256829', 'person/256992', 'person/256882', 'person/197578', 'person/256947', 'person/256912', 'person/257029', 'person/197690', 'person/197718', 'person/257051', 'person/96811', 'person/204400', 'person/213330', 'person/197502', 'person/256968', 'person/197466', 'person/256904', 'person/197416', 'person/28150', 'person/257103', 'person/197701', 'person/256858', 'person/257155', 'person/257076', 'person/257012', 'person/124866', 'person/256954', 'person/256874', 'person/256844', 'person/96787', 'person/197722', 'person/197794', 'person/124861', 'person/257091', 'person/257068', 'person/257033', 'person/257003', 'person/257438', 'person/260724', 'person/103246', 'person/33998', 'person/197763', 'person/2341', 'person/256865', 'person/197470', 'person/204336', 'person/220908', 'person/204333', 'person/197533', 'person/28347', 'person/257050', 'person/124799', 'person/38542', 'person/197517', 'person/96810', 'person/197514', 'person/1909', 'person/256967', 'person/124807', 'person/197786', 'person/197461', 'person/124736', 'person/256903', 'person/96791', 'person/96761', 'person/257138', 'person/95074', 'person/197679', 'person/257150', 'person/124895', 'person/256983', 'person/257059', 'person/119652', 'person/98219', 'person/1294', 'person/256924', 'person/125065', 'person/197800', 'person/197422', 'person/197721', 'person/125001', 'person/197406', 'person/257108', 'person/257120', 'person/256974', 'person/256864', 'person/256891', 'person/256910', 'person/256959', 'person/193292', 'person/197443', 'person/220897', 'person/197672', 'person/257727', 'person/257088', 'person/257085', 'person/257024', 'person/257170', 'person/197500', 'person/256966', 'person/197490', 'person/97399', 'person/197460', 'person/125027', 'person/230085', 'person/23781', 'person/257137', 'person/119435', 'person/257058', 'person/96830', 'person/197580', 'person/197553', 'person/197863', 'person/124700', 'person/23699', 'person/257070', 'person/197699', 'person/88552', 'person/197589', 'person/256830', 'person/257128', 'person/256814', 'person/101585', 'person/201945', 'person/257111', 'person/28400', 'person/256965', 'person/256899', 'person/256979', 'person/256949', 'person/256915', 'person/197780', 'person/197662', 'person/257132', 'person/124877', 'person/256986', 'person/94649', 'person/256906', 'person/233862', 'person/197498', 'person/257102', 'person/256857', 'person/257014', 'person/256876', 'person/198373', 'person/197778', 'person/96709', 'person/200345', 'person/257090', 'person/257097', 'person/257067', 'person/197525', 'person/192254', 'person/96756', 'person/257119', 'person/257131', 'person/257149', 'person/204419', 'person/197516', 'person/257301', 'person/256850', 'person/256921', 'person/124836', 'person/124806', 'person/256935', 'person/256820', 'person/256905', 'person/257296', 'person/202073', 'person/197829', 'person/197628', 'person/257044', 'person/257082', 'person/257041', 'person/197802', 'person/197435', 'person/91636', 'person/257096', 'person/37312', 'person/229839', 'person/257123', 'person/256893', 'person/257114', 'person/220896', 'person/25758', 'person/125104', 'person/96681', 'person/198176', 'person/257087', 'person/257026', 'person/257023', 'person/197545', 'person/256885', 'person/256855', 'person/28219', 'person/257262', 'person/256869', 'person/5392', 'person/257169', 'person/197623', 'person/257081', 'person/197537', 'person/129073', 'person/256951', 'person/110673', 'person/101039', 'person/126699', 'person/219652', 'person/257061', 'person/257079', 'person/257049', 'person/257000', 'person/127766', 'person/4395', 'person/130100', 'person/251324', 'person/197832', 'person/197426', 'person/257143', 'person/256997', 'person/257140', 'person/256994', 'person/124766', 'person/197591', 'person/197528', 'person/124834', 'person/256884', 'person/204413', 'person/96711', 'person/256978', 'person/256917', 'person/86793', 'person/197447', 'person/96668', 'person/197691', 'person/97236', 'person/197646', 'person/236053', 'person/197581', 'person/112747', 'person/197497', 'person/197417', 'person/197433', 'person/257078', 'person/197557', 'person/28615', 'person/197573', 'person/256941', 'person/256875', 'person/124691', 'person/125068', 'person/198073', 'person/124973', 'person/257005', 'person/257099', 'person/257093', 'person/247735', 'person/257035', 'person/197391', 'person/123562', 'person/197410', 'person/197621', 'person/257160', 'person/257148', 'person/257052', 'person/204418', 'person/190464', 'person/197503', 'person/256969', 'person/256934', 'person/197463', 'person/125042', 'person/197773', 'person/197770', 'person/188096', 'person/96940', 'person/257073', 'person/257043', 'person/4267', 'person/256926', 'person/256811', 'person/58766', 'person/197408', 'person/261038', 'person/118859', 'person/257125', 'person/257098', 'person/257122', 'person/257034', 'person/256976', 'person/256896', 'person/256866', 'person/197429', 'person/197445', 'person/125106', 'person/197658', 'person/257025', 'person/256887', 'person/28122', 'person/197492', 'person/197462', 'person/197769', 'person/190713', 'person/257072', 'person/220801', 'person/256807', 'person/197649', 'person/257151', 'person/256980', 'person/236050', 'person/256840', 'person/256950', 'person/237465', 'person/256989', 'person/256925', 'person/197403', 'person/256824', 'person/257064', 'person/256861', 'person/256831', 'person/197831', 'person/204332', 'person/197444', 'person/2268', 'person/256996', 'person/124795', 'person/256886', 'person/28419', 'person/125325', 'person/256916', 'person/124984', 'person/197782', 'person/256806', 'person/197648', 'person/197694', 'person/257055', 'person/22418', 'person/96933', 'person/256908', 'person/256878', 'person/98341', 'person/197402', 'person/24922', 'person/257299', 'person/198084', 'person/256970', 'person/197556', 'person/197572', 'person/256890', 'person/124722', 'person/124846', 'person/245018', 'person/257007', 'person/257092', 'person/257037', 'person/128483', 'person/256962', 'person/256946', 'person/125023', 'person/197781', 'person/257084', 'person/22858', 'person/36392', 'person/257133', 'person/257054', 'person/131580', 'person/256987', 'person/256852', 'person/256907', 'person/197401', 'person/124808', 'person/256937', 'person/197843', 'person/197772', 'person/197684', 'person/107212', 'person/204129', 'person/257046', 'person/23816', 'person/257011', 'person/1917', 'person/191693', 'person/256843', 'person/256879', 'person/257124', 'person/256991', 'person/124760', 'person/256898', 'person/204449', 'person/256945', 'person/193419', 'person/257116', 'person/197398', 'person/202036', 'person/112744', 'person/256961', 'person/257089', 'person/257028', 'person/38511', 'person/197400', 'person/197464', 'person/256902', 'person/197430', 'person/257010', 'person/256872', 'person/256952', 'person/124701', 'person/124858', 'person/124828', 'person/256842', 'person/256927', 'person/197421', 'person/220840', 'person/257066', 'person/257063', 'person/257002', 'person/256944', 'person/256834', 'person/257255', 'person/257145', 'person/256999', 'person/199941', 'person/840', 'person/256919', 'person/208722', 'person/124802', 'person/256901', 'person/197825', 'person/197449', 'person/197734', 'person/197784', 'person/197677', 'person/124893', 'person/256981', 'person/197624', 'person/256877', 'person/257106', 'person/257018', 'person/256973', 'person/197574', 'person/28617', 'person/256943', 'person/28307', 'person/256957', 'person/99945', 'person/88882', 'person/125093', 'person/125052', 'person/197711', 'person/118949', 'person/30123', 'person/197670', 'person/257110', 'person/257022', 'person/256964', 'person/256881', 'person/197840', 'person/256900', 'person/124713', 'person/197412', 'person/261797', 'person/197870', 'person/197473', 'person/197448', 'person/257135', 'person/197607', 'person/256909', 'person/256851', 'person/256936', 'person/96780', 'person/262021', 'person/4746', 'person/257048', 'person/257075', 'person/257045', 'person/188945', 'person/4289', 'person/197439', 'person/257127', 'person/256993', 'person/256990', 'person/98582', 'person/185341', 'person/198490', 'person/256880', 'person/257060', 'person/197579', 'person/5729', 'person/256913', 'person/261796', 'person/124726', 'person/96653', 'person/185771', 'person/197719', 'person/124875', 'person/197606', 'person/257027', 'person/197549', 'person/256920', 'person/96826', 'person/256889', 'person/197810', 'person/197413', 'person/256809', 'person/187917', 'person/197627']",594.0,org/ep-10,"['eli/dl/doc/PV-10-2024-11-14-RCV', 'eli/dl/doc/PV-10-2024-11-14-ATT', 'eli/dl/doc/PV-10-2024-11-14-VOT', 'eli/dl/doc/CRE-10-2024-11-14', 'eli/dl/doc/PV-10-2024-11-14']",http://publications.europa.eu/resource/authority/place/BEL_BRU,
12,eli/dl/event/MTG-PL-2024-11-28,Activity,2024-11-28,2024-11-28T23:00:00+01:00,MTG-PL-2024-11-28,"{'cs': 'Čtvrtek, 28. listopadu 2024', 'el': 'Πέμπτη 28 Νοεμβρίου 2024', 'pl': 'Czwartek, 28 listopada 2024', 'sk': 'Štvrtok, 28. novembra 2024', 'de': 'Donnerstag, 28. November 2024', 'sv': 'Torsdagen den 28 november 2024', 'mt': ""Il-Ħamis, 28 ta' Novembru 2024"", 'ga': 'Déardaoin, 28 Samhain 2024', 'en': 'Thursday, 28 November 2024', 'it': 'Giovedì 28 novembre 2024', 'nl': 'Donderdag 28 november 2024', 'ro': 'Joi, 28 noiembrie 2024', 'lv': 'Ceturtdiena, 2024. gada 28. novembris', 'hr': 'četvrtak, 28. studenog 2024.', 'da': 'Torsdag den 28. november 2024', 'lt': 'Ketvirtadienis, 2024 m. lapkričio 28 d.', 'bg': 'Четвъртък, 28 ноември 2024', 'pt': 'Quinta-feira, 28 de Novembro de 2024', 'sl': 'Četrtek, 28. november 2024', 'fi': 'Torstai 28. marraskuuta 2024', 'fr': 'Jeudi 28 novembre 2024', 'hu': '2024. november 28., csütörtök', 'es': 'Jueves 28 de noviembre de 2024', 'et': 'Neljapäev, 28. november 2024'}",2024-11-28T01:00:00+01:00,"['eli/dl/event/MTG-PL-2024-11-28-PVCRE-ITM-5', 'eli/dl/event/MTG-PL-2024-11-28-PVCRE-ITM-8', 'eli/dl/event/MTG-PL-2024-11-28-VOT-ITM-965025', 'eli/dl/event/MTG-PL-2024-11-28-PVCRE-ITM-11', 'eli/dl/event/MTG-PL-2024-11-28-PVCRE-ITM-7', 'eli/dl/event/MTG-PL-2024-11-28-VOT-ITM-965008', 'eli/dl/event/MTG-PL-2024-11-28-PVCRE-CHA-2', 'eli/dl/event/MTG-PL-2024-11-28-PVCRE-ITM-10', 'eli/dl/event/MTG-PL-2024-11-28-PVCRE-ITM-13', 'eli/dl/event/MTG-PL-2024-11-28-PVCRE-ITM-9', 'eli/dl/event/MTG-PL-2024-11-28-PVCRE-CHA-1', 'eli/dl/event/MTG-PL-2024-11-28-VOT-ITM-965026', 'eli/dl/event/MTG-PL-2024-11-28-PVCRE-CHA-4', 'eli/dl/event/MTG-PL-2024-11-28-PVCRE-ITM-4', 'eli/dl/event/MTG-PL-2024-11-28-PVCRE-ITM-12', 'eli/dl/event/MTG-PL-2024-11-28-PVCRE-ITM-2', 'eli/dl/event/MTG-PL-2024-11-28-PVCRE-CHA-3', 'eli/dl/event/MTG-PL-2024-11-28-PVCRE-ITM-3', 'eli/dl/event/MTG-PL-2024-11-28-VOT-ITM-965045', 'eli/dl/event/MTG-PL-2024-11-28-PVCRE-ITM-6', 'eli/dl/event/MTG-PL-2024-11-28-VOT-ITM-965046', 'eli/dl/event/MTG-PL-2024-11-28-PVCRE-ITM-14', 'eli/dl/event/MTG-PL-2024-11-28-VOT-ITM-965049', 'eli/dl/event/MTG-PL-2024-11-28-PVCRE-ITM-1']",['eli/dl/doc/OJQ-10-2024-11-28'],def/ep-activities/PLENARY_SITTING,"['person/197494', 'person/256980', 'person/125023', 'person/122978', 'person/197652', 'person/256942', 'person/257130', 'person/125065']","['person/256909', 'person/256860', 'person/256920', 'person/197400', 'person/257067', 'person/125042', 'person/256978', 'person/113523', 'person/257039', 'person/197398', 'person/257048', 'person/256808', 'person/202036', 'person/1927', 'person/197573', 'person/256841', 'person/256959', 'person/124877', 'person/197417', 'person/256858', 'person/257032', 'person/30123', 'person/256924', 'person/261796', 'person/256993', 'person/98582', 'person/125046', 'person/257041', 'person/197684', 'person/256952', 'person/257115', 'person/23788', 'person/197549', 'person/257013', 'person/197503', 'person/256969', 'person/199941', 'person/257109', 'person/208722', 'person/124785', 'person/197460', 'person/256851', 'person/23781', 'person/247735', 'person/197432', 'person/5736', 'person/204449', 'person/220896', 'person/125670', 'person/257045', 'person/257086', 'person/197523', 'person/197795', 'person/124813', 'person/256943', 'person/204400', 'person/256990', 'person/197464', 'person/256896', 'person/2268', 'person/256915', 'person/24942', 'person/257010', 'person/257106', 'person/125093', 'person/197840', 'person/125325', 'person/190713', 'person/257027', 'person/220801', 'person/257096', 'person/256938', 'person/229839', 'person/256947', 'person/257727', 'person/124858', 'person/197514', 'person/1909', 'person/257140', 'person/257258', 'person/256823', 'person/256919', 'person/197607', 'person/256870', 'person/262021', 'person/257077', 'person/96810', 'person/197679', 'person/99878', 'person/256887', 'person/257092', 'person/197701', 'person/197690', 'person/257121', 'person/257001', 'person/30482', 'person/197578', 'person/256846', 'person/256893', 'person/256912', 'person/28226', 'person/256981', 'person/256880', 'person/256962', 'person/257144', 'person/124808', 'person/126699', 'person/219652', 'person/204414', 'person/96998', 'person/124984', 'person/257051', 'person/58766', 'person/197694', 'person/220908', 'person/197401', 'person/197552', 'person/256820', 'person/257068', 'person/256979', 'person/204129', 'person/249982', 'person/197470', 'person/256884', 'person/256903', 'person/185771', 'person/197533', 'person/204418', 'person/38542', 'person/106936', 'person/28223', 'person/257135', 'person/197493', 'person/197800', 'person/261797', 'person/124884', 'person/197556', 'person/124846', 'person/257116', 'person/197392', 'person/88552', 'person/256811', 'person/256907', 'person/197839', 'person/257065', 'person/197461', 'person/256852', 'person/257139', 'person/256976', 'person/257037', 'person/257150', 'person/197543', 'person/198490', 'person/197636', 'person/220897', 'person/257046', 'person/256806', 'person/96653', 'person/256875', 'person/197711', 'person/124875', 'person/256815', 'person/257030', 'person/257261', 'person/256922', 'person/256944', 'person/124861', 'person/256991', 'person/257069', 'person/191693', 'person/197682', 'person/256950', 'person/189065', 'person/237465', 'person/244571', 'person/257011', 'person/256879', 'person/197501', 'person/198084', 'person/256967', 'person/220871', 'person/124736', 'person/28347', 'person/257028', 'person/86793', 'person/256939', 'person/256890', 'person/197528', 'person/124722', 'person/257437', 'person/197430', 'person/257056', 'person/98219', 'person/256830', 'person/197581', 'person/256948', 'person/197699', 'person/197406', 'person/197721', 'person/28400', 'person/96932', 'person/96787', 'person/256853', 'person/38511', 'person/197845', 'person/256941', 'person/197702', 'person/34232', 'person/257002', 'person/197579', 'person/256847', 'person/204346', 'person/256913', 'person/72779', 'person/96675', 'person/101585', 'person/193292', 'person/256840', 'person/257104', 'person/257145', 'person/124713', 'person/257025', 'person/123562', 'person/257094', 'person/256936', 'person/197490', 'person/197624', 'person/220840', 'person/28122', 'person/96761', 'person/95074', 'person/256986', 'person/197444', 'person/257256', 'person/197553', 'person/257075', 'person/197677', 'person/256885', 'person/257090', 'person/257029', 'person/256973', 'person/112747', 'person/4267', 'person/256844', 'person/5729', 'person/197628', 'person/204419', 'person/197784', 'person/256910', 'person/197516', 'person/197448', 'person/197763', 'person/197557', 'person/261038', 'person/124806', 'person/97399', 'person/125106', 'person/197870', 'person/257016', 'person/256908', 'person/214839', 'person/96752', 'person/256889', 'person/198076', 'person/239260', 'person/256977', 'person/257110', 'person/256882', 'person/256901', 'person/96681', 'person/256970', 'person/2152', 'person/256807', 'person/112744', 'person/257089', 'person/197649', 'person/197781', 'person/256876', 'person/257081', 'person/257133', 'person/840', 'person/197416', 'person/28150', 'person/197491', 'person/257031', 'person/257262', 'person/96756', 'person/257040', 'person/256899', 'person/257114', 'person/256951', 'person/124701', 'person/197439', 'person/257457', 'person/197502', 'person/256968', 'person/257063', 'person/28219', 'person/256850', 'person/256974', 'person/28307', 'person/1917', 'person/257035', 'person/202073', 'person/197772', 'person/107212', 'person/257101', 'person/256804', 'person/251324', 'person/197591', 'person/197413', 'person/256961', 'person/96933', 'person/256813', 'person/28399', 'person/37312', 'person/257124', 'person/197463', 'person/197545', 'person/256965', 'person/97968', 'person/86057', 'person/257026', 'person/257095', 'person/256937', 'person/257054', 'person/125052', 'person/256864', 'person/197697', 'person/257128', 'person/257169', 'person/197404', 'person/257170', 'person/197445', 'person/125204', 'person/257257', 'person/124850', 'person/197473', 'person/257091', 'person/197843', 'person/257000', 'person/197577', 'person/256845', 'person/198073', 'person/256911', 'person/257058', 'person/257099', 'person/256928', 'person/257102', 'person/197408', 'person/257143', 'person/197449', 'person/256997', 'person/257023', 'person/124766', 'person/124807', 'person/256934', 'person/257119', 'person/256956', 'person/204413', 'person/96808', 'person/256921', 'person/188096', 'person/28419', 'person/256883', 'person/256902', 'person/260035', 'person/256971', 'person/257049', 'person/197574', 'person/256842', 'person/197782', 'person/257082', 'person/197662', 'person/118859', 'person/256859', 'person/197492', 'person/256925', 'person/256994', 'person/23816', 'person/197468', 'person/257299', 'person/4746', 'person/197391', 'person/257014', 'person/197410', 'person/206158', 'person/256810', 'person/256906', 'person/257083', 'person/236053', 'person/198373', 'person/197786', 'person/257064', 'person/96791', 'person/257138', 'person/124893', 'person/197433', 'person/256833', 'person/197773', 'person/111412', 'person/197718', 'person/197825', 'person/96833', 'person/25758', 'person/197395', 'person/257087', 'person/256874', 'person/197831', 'person/256998', 'person/260724', 'person/257018', 'person/197414', 'person/256814', 'person/257060', 'person/131580', 'person/210480', 'person/127766', 'person/257260', 'person/257125', 'person/256916', 'person/256985', 'person/256878', 'person/124795', 'person/197500', 'person/124836', 'person/256966', 'person/257148', 'person/256809', 'person/197769', 'person/94649', 'person/257061', 'person/197829', 'person/4395', 'person/230085', 'person/130100', 'person/257033', 'person/125012', 'person/190574', 'person/257055', 'person/103246', 'person/197770', 'person/197580', 'person/257070', 'person/256989', 'person/197405', 'person/256824', 'person/257020', 'person/119652', 'person/256871', 'person/124799', 'person/257078', 'person/256888', 'person/197691', 'person/97236', 'person/257122', 'person/197537', 'person/257163', 'person/245018', 'person/5392', 'person/257059', 'person/197497', 'person/257103', 'person/1294', 'person/23868', 'person/257024', 'person/256869', 'person/256935', 'person/96697', 'person/256957', 'person/22418', 'person/129073', 'person/257052', 'person/124985', 'person/256862', 'person/257126', 'person/197402', 'person/197443', 'person/257255', 'person/124760', 'person/257113', 'person/33998', 'person/197534', 'person/257160', 'person/256843', 'person/197627', 'person/257300', 'person/200345', 'person/256926', 'person/256995', 'person/257259', 'person/197469', 'person/257021', 'person/256866', 'person/257043', 'person/128483', 'person/22858', 'person/37324', 'person/124866', 'person/256954', 'person/257117', 'person/197738', 'person/197475', 'person/257015', 'person/28617', 'person/201945', 'person/257084', 'person/218347', 'person/99945', 'person/124691', 'person/197440', 'person/197462', 'person/233862', 'person/91636', 'person/257038', 'person/256834', 'person/204333', 'person/256881', 'person/256900', 'person/197719', 'person/257047', 'person/197572', 'person/257088', 'person/197780', 'person/190464', 'person/257080', 'person/197832', 'person/256999', 'person/257132', 'person/96936', 'person/197525', 'person/236050', 'person/256857', 'person/256945', 'person/188945', 'person/256992', 'person/197466', 'person/124802', 'person/256898', 'person/256917', 'person/257155', 'person/39725', 'person/124700', 'person/257012', 'person/197589', 'person/257108', 'person/257149', 'person/256891', 'person/197529', 'person/183916', 'person/257438', 'person/256831', 'person/256949', 'person/257071', 'person/110673', 'person/256803', 'person/257085', 'person/197481', 'person/28390', 'person/256872', 'person/197412', 'person/256960', 'person/257079', 'person/96812', 'person/197794', 'person/257123', 'person/197429', 'person/257003', 'person/119435', 'person/256895', 'person/257072', 'person/124895', 'person/197435', 'person/256983', 'person/197498', 'person/96780', 'person/24922', 'person/124834', 'person/256964', 'person/96711', 'person/23699', 'person/256829', 'person/197422', 'person/251874', 'person/192254', 'person/257053', 'person/256863', 'person/257127', 'person/256987', 'person/257007', 'person/197403', 'person/256918', 'person/197606', 'person/257298', 'person/198176', 'person/257076', 'person/256886', 'person/256905', 'person/197426', 'person/112748', 'person/125027', 'person/257301', 'person/257137', 'person/257057', 'person/197818', 'person/197802', 'person/197722', 'person/257022', 'person/257044', 'person/197646', 'person/197621', 'person/197687', 'person/257118', 'person/124867', 'person/256955', 'person/257050']",616.0,org/ep-10,"['eli/dl/doc/CRE-10-2024-11-28', 'eli/dl/doc/PV-10-2024-11-28-VOT', 'eli/dl/doc/PV-10-2024-11-28-RCV', 'eli/dl/doc/PV-10-2024-11-28-ATT', 'eli/dl/doc/PV-10-2024-11-28']",http://publications.europa.eu/resource/authority/place/FRA_SXB,
13,eli/dl/event/MTG-PL-2024-12-19,Activity,2024-12-19,2024-12-19T23:00:00+01:00,MTG-PL-2024-12-19,"{'cs': 'Čtvrtek, 19. prosince 2024', 'lv': 'Ceturtdiena, 2024. gada 19. decembris', 'sv': 'Torsdagen den 19 december 2024', 'fr': 'Jeudi 19 décembre 2024', 'de': 'Donnerstag, 19. Dezember 2024', 'el': 'Πέμπτη 19 Δεκεμβρίου 2024', 'en': 'Thursday, 19 December 2024', 'hu': '2024. december 19., csütörtök', 'ga': 'Déardaoin, 19 Nollaig 2024', 'fi': 'Torstai 19. joulukuuta 2024', 'mt': ""Il-Ħamis, 19 ta' Diċembru 2024"", 'sk': 'Štvrtok, 19. decembra 2024', 'nl': 'Donderdag 19 december 2024', 'pl': 'Czwartek, 19 grudnia 2024', 'bg': 'Четвъртък, 19 декември 2024', 'pt': 'Quinta-feira, 19 de Dezembro de 2024', 'lt': 'Ketvirtadienis, 2024 m. gruodžio 19 d.', 'sl': 'Četrtek, 19. december 2024', 'es': 'Jueves 19 de diciembre de 2024', 'hr': 'četvrtak, 19. prosinca 2024.', 'ro': 'Joi, 19 decembrie 2024', 'it': 'Giovedì 19 dicembre 2024', 'et': 'Neljapäev, 19. detsember 2024', 'da': 'Torsdag den 19. december 2024'}",2024-12-19T01:00:00+01:00,"['eli/dl/event/MTG-PL-2024-12-19-PVCRE-ITM-14', 'eli/dl/event/MTG-PL-2024-12-19-PVCRE-ITM-9', 'eli/dl/event/MTG-PL-2024-12-19-VOT-ITM-965115', 'eli/dl/event/MTG-PL-2024-12-19-VOT-ITM-965114', 'eli/dl/event/MTG-PL-2024-12-19-PVCRE-ITM-4', 'eli/dl/event/MTG-PL-2024-12-19-VOT-ITM-965113', 'eli/dl/event/MTG-PL-2024-12-19-PVCRE-CHA-1', 'eli/dl/event/MTG-PL-2024-12-19-PVCRE-ITM-6', 'eli/dl/event/MTG-PL-2024-12-19-PVCRE-ITM-2', 'eli/dl/event/MTG-PL-2024-12-19-VOT-ITM-965106', 'eli/dl/event/MTG-PL-2024-12-19-PVCRE-ITM-11', 'eli/dl/event/MTG-PL-2024-12-19-PVCRE-CHA-4', 'eli/dl/event/MTG-PL-2024-12-19-PVCRE-ITM-10', 'eli/dl/event/MTG-PL-2024-12-19-PVCRE-ITM-5', 'eli/dl/event/MTG-PL-2024-12-19-PVCRE-ITM-1', 'eli/dl/event/MTG-PL-2024-12-19-PVCRE-CHA-3', 'eli/dl/event/MTG-PL-2024-12-19-PVCRE-ITM-8', 'eli/dl/event/MTG-PL-2024-12-19-PVCRE-ITM-13', 'eli/dl/event/MTG-PL-2024-12-19-PVCRE-ITM-12', 'eli/dl/event/MTG-PL-2024-12-19-PVCRE-ITM-7', 'eli/dl/event/MTG-PL-2024-12-19-PVCRE-ITM-3', 'eli/dl/event/MTG-PL-2024-12-19-VOT-ITM-965071']",['eli/dl/doc/OJQ-10-2024-12-19'],def/ep-activities/PLENARY_SITTING,"['person/257130', 'person/204336', 'person/124973', 'person/206158', 'person/256945', 'person/122978', 'person/96697', 'person/28226', 'person/40599', 'person/23868', 'person/197470', 'person/256956', 'person/125065', 'person/256896']","['person/256855', 'person/39725', 'person/127766', 'person/96936', 'person/257053', 'person/257022', 'person/257144', 'person/185771', 'person/198490', 'person/220897', 'person/197468', 'person/126699', 'person/256987', 'person/256978', 'person/261797', 'person/257090', 'person/197694', 'person/96833', 'person/86057', 'person/256946', 'person/256915', 'person/220871', 'person/187917', 'person/111412', 'person/107212', 'person/257054', 'person/197721', 'person/256869', 'person/197490', 'person/28307', 'person/197449', 'person/256815', 'person/256960', 'person/840', 'person/256883', 'person/247735', 'person/256823', 'person/257104', 'person/124884', 'person/257027', 'person/198373', 'person/256947', 'person/197549', 'person/30123', 'person/256955', 'person/256878', 'person/197517', 'person/24942', 'person/256961', 'person/197699', 'person/199941', 'person/256884', 'person/197784', 'person/197523', 'person/256928', 'person/257067', 'person/197653', 'person/189065', 'person/94649', 'person/256934', 'person/197463', 'person/197432', 'person/257095', 'person/197702', 'person/256902', 'person/96756', 'person/96675', 'person/204332', 'person/257041', 'person/257010', 'person/257127', 'person/131580', 'person/197464', 'person/256852', 'person/197682', 'person/125001', 'person/256974', 'person/256903', 'person/192254', 'person/124736', 'person/197690', 'person/256857', 'person/256942', 'person/256911', 'person/98219', 'person/124866', 'person/96791', 'person/257009', 'person/256989', 'person/256871', 'person/197445', 'person/256811', 'person/202036', 'person/204414', 'person/256997', 'person/257160', 'person/220840', 'person/257023', 'person/256943', 'person/256866', 'person/4395', 'person/220908', 'person/257064', 'person/22418', 'person/197573', 'person/257155', 'person/125104', 'person/86793', 'person/197772', 'person/257457', 'person/257260', 'person/256880', 'person/124984', 'person/256916', 'person/99878', 'person/197405', 'person/257114', 'person/257037', 'person/202073', 'person/197501', 'person/197607', 'person/96810', 'person/257169', 'person/257109', 'person/125068', 'person/197621', 'person/256971', 'person/96752', 'person/197649', 'person/256834', 'person/185619', 'person/197406', 'person/125325', 'person/96933', 'person/257115', 'person/257069', 'person/257038', 'person/257299', 'person/256840', 'person/257123', 'person/91636', 'person/257077', 'person/220801', 'person/5392', 'person/124807', 'person/257083', 'person/256807', 'person/190574', 'person/124813', 'person/256853', 'person/197795', 'person/257051', 'person/257300', 'person/256939', 'person/198183', 'person/257259', 'person/256839', 'person/204333', 'person/257046', 'person/125042', 'person/124834', 'person/256808', 'person/197636', 'person/4289', 'person/95074', 'person/256913', 'person/260035', 'person/257128', 'person/257052', 'person/197447', 'person/256813', 'person/262021', 'person/257019', 'person/124799', 'person/256985', 'person/257025', 'person/257110', 'person/197401', 'person/183916', 'person/257033', 'person/256876', 'person/197448', 'person/124877', 'person/256998', 'person/256882', 'person/197782', 'person/125670', 'person/197493', 'person/256926', 'person/257111', 'person/257065', 'person/96812', 'person/197574', 'person/197461', 'person/197430', 'person/197818', 'person/191693', 'person/257261', 'person/197623', 'person/124985', 'person/123562', 'person/256927', 'person/96681', 'person/257125', 'person/257088', 'person/197416', 'person/256966', 'person/200345', 'person/197618', 'person/197462', 'person/256850', 'person/197528', 'person/257094', 'person/257255', 'person/125204', 'person/256895', 'person/256901', 'person/197534', 'person/257727', 'person/257138', 'person/197429', 'person/256980', 'person/128483', 'person/1917', 'person/197435', 'person/34232', 'person/124808', 'person/257007', 'person/197443', 'person/257070', 'person/197529', 'person/236053', 'person/98582', 'person/256995', 'person/257048', 'person/124836', 'person/197557', 'person/257139', 'person/257021', 'person/24922', 'person/256941', 'person/197543', 'person/256864', 'person/220896', 'person/1909', 'person/124850', 'person/197687', 'person/96826', 'person/124713', 'person/197475', 'person/256908', 'person/257093', 'person/197770', 'person/197398', 'person/193292', 'person/197403', 'person/1294', 'person/5736', 'person/197769', 'person/214839', 'person/197679', 'person/190713', 'person/256824', 'person/257107', 'person/22858', 'person/197647', 'person/72779', 'person/96940', 'person/197404', 'person/124893', 'person/125012', 'person/257297', 'person/197606', 'person/256877', 'person/257121', 'person/197412', 'person/197516', 'person/257075', 'person/249603', 'person/256805', 'person/119652', 'person/256891', 'person/197648', 'person/197498', 'person/96932', 'person/257298', 'person/113523', 'person/256968', 'person/256937', 'person/257140', 'person/103246', 'person/257076', 'person/229839', 'person/197662', 'person/185341', 'person/257257', 'person/230085', 'person/204449', 'person/245770', 'person/197395', 'person/256991', 'person/197711', 'person/256806', 'person/257044', 'person/233862', 'person/197553', 'person/256845', 'person/257126', 'person/197417', 'person/257050', 'person/257089', 'person/28419', 'person/106936', 'person/125027', 'person/197841', 'person/124701', 'person/256969', 'person/256851', 'person/4746', 'person/256977', 'person/257258', 'person/256983', 'person/23781', 'person/256910', 'person/197545', 'person/257149', 'person/257031', 'person/256951', 'person/256874', 'person/257437', 'person/124715', 'person/219652', 'person/124875', 'person/256996', 'person/257049', 'person/257018', 'person/197870', 'person/190464', 'person/251324', 'person/257163', 'person/257081', 'person/256820', 'person/197780', 'person/257057', 'person/256924', 'person/197400', 'person/257063', 'person/257032', 'person/197572', 'person/257438', 'person/124861', 'person/257000', 'person/197580', 'person/256919', 'person/197781', 'person/256925', 'person/256879', 'person/197414', 'person/257086', 'person/256964', 'person/96811', 'person/124766', 'person/197460', 'person/256887', 'person/257108', 'person/197738', 'person/2341', 'person/256970', 'person/256893', 'person/197391', 'person/256833', 'person/99945', 'person/197658', 'person/257122', 'person/237465', 'person/125023', 'person/256965', 'person/124806', 'person/257005', 'person/124785', 'person/256888', 'person/257150', 'person/197829', 'person/257013', 'person/197672', 'person/256993', 'person/112747', 'person/197794', 'person/257137', 'person/28122', 'person/256847', 'person/251874', 'person/256938', 'person/256862', 'person/257145', 'person/257099', 'person/210480', 'person/256870', 'person/256979', 'person/197473', 'person/256906', 'person/257091', 'person/58766', 'person/257045', 'person/197691', 'person/197481', 'person/256912', 'person/256920', 'person/38542', 'person/197677', 'person/256907', 'person/236050', 'person/257059', 'person/97968', 'person/257028', 'person/96787', 'person/256830', 'person/197402', 'person/256952', 'person/198073', 'person/256875', 'person/197410', 'person/204418', 'person/28615', 'person/261038', 'person/96761', 'person/256803', 'person/188945', 'person/197646', 'person/257132', 'person/257068', 'person/28399', 'person/257296', 'person/208722', 'person/197577', 'person/256829', 'person/257001', 'person/101585', 'person/197825', 'person/98341', 'person/257118', 'person/257133', 'person/197800', 'person/256843', 'person/257124', 'person/257087', 'person/97399', 'person/256967', 'person/124691', 'person/257015', 'person/124795', 'person/257256', 'person/256898', 'person/197392', 'person/197537', 'person/256858', 'person/257119', 'person/256844', 'person/197469', 'person/257147', 'person/197591', 'person/249982', 'person/28223', 'person/256872', 'person/197763', 'person/96653', 'person/125052', 'person/256994', 'person/257047', 'person/257016', 'person/112748', 'person/257101', 'person/197556', 'person/197722', 'person/257024', 'person/257055', 'person/28400', 'person/257061', 'person/257030', 'person/218347', 'person/96711', 'person/257092', 'person/197773', 'person/125046', 'person/124722', 'person/256948', 'person/256917', 'person/257056', 'person/197500', 'person/197492', 'person/257237', 'person/40224', 'person/96998', 'person/256962', 'person/256885', 'person/257106', 'person/38511', 'person/256949', 'person/256831', 'person/197425', 'person/124858', 'person/30482', 'person/257238', 'person/198076', 'person/257060', 'person/129073', 'person/197778', 'person/198084', 'person/257003', 'person/256886', 'person/197786', 'person/197525', 'person/257084', 'person/197670', 'person/257011', 'person/197497', 'person/197533', 'person/96808', 'person/257135', 'person/197426', 'person/257301', 'person/96780', 'person/33998', 'person/97236', 'person/256936', 'person/197810', 'person/257143', 'person/257097', 'person/197627', 'person/197440', 'person/256904', 'person/256990', 'person/257012', 'person/112744', 'person/96830', 'person/239260', 'person/197552', 'person/28219', 'person/197466', 'person/118859', 'person/130100', 'person/256814', 'person/197684', 'person/256976', 'person/256899', 'person/101039', 'person/256905', 'person/188096', 'person/256859', 'person/257103', 'person/257026', 'person/256944', 'person/257148', 'person/197439', 'person/256950', 'person/197863', 'person/1927', 'person/201945', 'person/124760', 'person/256999', 'person/197719', 'person/4267', 'person/256881', 'person/23788', 'person/124846', 'person/260724', 'person/197502', 'person/197421', 'person/257066', 'person/197652', 'person/244571', 'person/25758', 'person/125093', 'person/257072', 'person/96668', 'person/197697', 'person/37312', 'person/257262', 'person/198176', 'person/197581', 'person/256918', 'person/257116', 'person/257040', 'person/257039', 'person/197503', 'person/257131', 'person/197422', 'person/256841', 'person/257085', 'person/256973', 'person/256900', 'person/257117', 'person/197408', 'person/119435', 'person/256842', 'person/257079', 'person/256986', 'person/257071', 'person/256810', 'person/204413', 'person/256809', 'person/28347', 'person/256992', 'person/257014']",604.0,org/ep-10,"['eli/dl/doc/PV-10-2024-12-19-VOT', 'eli/dl/doc/CRE-10-2024-12-19', 'eli/dl/doc/PV-10-2024-12-19-RCV', 'eli/dl/doc/PV-10-2024-12-19', 'eli/dl/doc/PV-10-2024-12-19-ATT']",http://publications.europa.eu/resource/authority/place/FRA_SXB,"['eli/dl/event/MTG-PL-2024-12-19-TF-1200', 'eli/dl/event/MTG-PL-2024-12-19-TF-0900', 'eli/dl/event/MTG-PL-2024-12-19-TF-1500']"
14,eli/dl/event/MTG-PL-2025-01-23,Activity,2025-01-23,2025-01-23T23:00:00+01:00,MTG-PL-2025-01-23,"{'nl': 'Donderdag 23 januari 2025', 'hr': 'četvrtak, 23. siječnja 2025.', 'bg': 'Четвъртък, 23 януари 2025', 'en': 'Thursday, 23 January 2025', 'da': 'Torsdag den 23. januar 2025', 'sl': 'Četrtek, 23. januar 2025', 'et': 'Neljapäev, 23. jaanuar 2025', 'ga': 'Déardaoin, 23 Eanáir 2025', 'ro': 'Joi, 23 ianuarie 2025', 'lt': 'Ketvirtadienis, 2025 m. sausio 23 d.', 'de': 'Donnerstag, 23. Januar 2025', 'hu': '2025. január 23., csütörtök', 'lv': 'Ceturtdiena, 2025. gada 23. janvāris', 'pt': 'Quinta-feira, 23 de Janeiro de 2025', 'es': 'Jueves 23 de enero de 2025', 'cs': 'Čtvrtek, 23. ledna 2025', 'pl': 'Czwartek, 23 stycznia 2025', 'fi': 'Torstai 23. tammikuuta 2025', 'mt': ""Il-Ħamis, 23 ta' Jannar 2025"", 'el': 'Πέμπτη 23 Ιανουαρίου 2025', 'sk': 'Štvrtok, 23. januára 2025', 'fr': 'Jeudi 23 janvier 2025', 'sv': 'Torsdagen den 23 januari 2025', 'it': 'Giovedì 23 gennaio 2025'}",2025-01-23T01:00:00+01:00,"['eli/dl/event/MTG-PL-2025-01-23-PVCRE-CHA-1', 'eli/dl/event/MTG-PL-2025-01-23-PVCRE-ITM-7', 'eli/dl/event/MTG-PL-2025-01-23-PVCRE-ITM-3', 'eli/dl/event/MTG-PL-2025-01-23-PVCRE-ITM-10', 'eli/dl/event/MTG-PL-2025-01-23-VOT-ITM-965188', 'eli/dl/event/MTG-PL-2025-01-23-VOT-ITM-965186', 'eli/dl/event/MTG-PL-2025-01-23-VOT-ITM-965185', 'eli/dl/event/MTG-PL-2025-01-23-PVCRE-ITM-1', 'eli/dl/event/MTG-PL-2025-01-23-PVCRE-ITM-15', 'eli/dl/event/MTG-PL-2025-01-23-PVCRE-CHA-4', 'eli/dl/event/MTG-PL-2025-01-23-PVCRE-ITM-16', 'eli/dl/event/MTG-PL-2025-01-23-VOT-ITM-965187', 'eli/dl/event/MTG-PL-2025-01-23-VOT-ITM-965166', 'eli/dl/event/MTG-PL-2025-01-23-PVCRE-ITM-8', 'eli/dl/event/MTG-PL-2025-01-23-PVCRE-ITM-11', 'eli/dl/event/MTG-PL-2025-01-23-PVCRE-ITM-4', 'eli/dl/event/MTG-PL-2025-01-23-PVCRE-ITM-12', 'eli/dl/event/MTG-PL-2025-01-23-PVCRE-ITM-13', 'eli/dl/event/MTG-PL-2025-01-23-PVCRE-CHA-2', 'eli/dl/event/MTG-PL-2025-01-23-PVCRE-ITM-14', 'eli/dl/event/MTG-PL-2025-01-23-PVCRE-CHA-3', 'eli/dl/event/MTG-PL-2025-01-23-PVCRE-ITM-6', 'eli/dl/event/MTG-PL-2025-01-23-PVCRE-ITM-9', 'eli/dl/event/MTG-PL-2025-01-23-PVCRE-ITM-2', 'eli/dl/event/MTG-PL-2025-01-23-PVCRE-ITM-5']",['eli/dl/doc/OJQ-10-2025-01-23'],def/ep-activities/PLENARY_SITTING,"['person/36392', 'person/257119', 'person/256874', 'person/197842', 'person/256945', 'person/197677', 'person/257033', 'person/257100', 'person/72779', 'person/124985', 'person/257151', 'person/40599']","['person/23788', 'person/96787', 'person/185619', 'person/125325', 'person/190713', 'person/257073', 'person/257035', 'person/256920', 'person/113523', 'person/256871', 'person/256889', 'person/256833', 'person/96810', 'person/37324', 'person/185341', 'person/96761', 'person/96932', 'person/257060', 'person/256829', 'person/197468', 'person/256810', 'person/197572', 'person/257144', 'person/124850', 'person/197794', 'person/220871', 'person/124884', 'person/257107', 'person/256947', 'person/257058', 'person/256998', 'person/256803', 'person/197404', 'person/197493', 'person/197800', 'person/257121', 'person/197786', 'person/86057', 'person/1294', 'person/257072', 'person/257034', 'person/256938', 'person/197684', 'person/256888', 'person/204129', 'person/197432', 'person/198176', 'person/256968', 'person/189065', 'person/256912', 'person/257064', 'person/256911', 'person/127766', 'person/197425', 'person/256862', 'person/96756', 'person/257055', 'person/197690', 'person/124795', 'person/257015', 'person/256858', 'person/197529', 'person/257260', 'person/111412', 'person/124807', 'person/197711', 'person/204336', 'person/99945', 'person/28419', 'person/101585', 'person/257080', 'person/197624', 'person/256883', 'person/256845', 'person/197778', 'person/124866', 'person/257124', 'person/256967', 'person/202073', 'person/236050', 'person/197475', 'person/4289', 'person/28615', 'person/257116', 'person/97236', 'person/257054', 'person/256959', 'person/256903', 'person/124722', 'person/256992', 'person/257014', 'person/197607', 'person/197416', 'person/96808', 'person/257130', 'person/197780', 'person/257084', 'person/124715', 'person/257046', 'person/229839', 'person/125068', 'person/210480', 'person/125012', 'person/256882', 'person/197481', 'person/256844', 'person/200345', 'person/197395', 'person/5736', 'person/112744', 'person/257020', 'person/197670', 'person/257071', 'person/125042', 'person/197502', 'person/125093', 'person/257155', 'person/5729', 'person/124861', 'person/124895', 'person/220896', 'person/257115', 'person/257011', 'person/88882', 'person/197606', 'person/99878', 'person/256814', 'person/197523', 'person/249603', 'person/256865', 'person/204332', 'person/257106', 'person/256949', 'person/219652', 'person/197636', 'person/256983', 'person/256909', 'person/25758', 'person/125027', 'person/208722', 'person/197406', 'person/38511', 'person/125104', 'person/197440', 'person/197802', 'person/197818', 'person/257120', 'person/256979', 'person/257089', 'person/197627', 'person/256974', 'person/124701', 'person/257049', 'person/197501', 'person/197832', 'person/204419', 'person/257150', 'person/257112', 'person/257066', 'person/257063', 'person/257010', 'person/256915', 'person/257026', 'person/256966', 'person/256910', 'person/256864', 'person/197461', 'person/1909', 'person/247735', 'person/257040', 'person/256980', 'person/256906', 'person/257091', 'person/257002', 'person/197652', 'person/24922', 'person/197391', 'person/257237', 'person/220908', 'person/124806', 'person/124877', 'person/257135', 'person/261038', 'person/101039', 'person/256870', 'person/197558', 'person/256830', 'person/124836', 'person/220801', 'person/197702', 'person/257127', 'person/197618', 'person/256965', 'person/33998', 'person/191693', 'person/197460', 'person/197422', 'person/37312', 'person/96711', 'person/257118', 'person/256905', 'person/257069', 'person/256995', 'person/125023', 'person/96833', 'person/197492', 'person/198183', 'person/261797', 'person/257132', 'person/119652', 'person/257083', 'person/256935', 'person/257045', 'person/256986', 'person/124785', 'person/124713', 'person/257005', 'person/256899', 'person/197443', 'person/126699', 'person/96653', 'person/204413', 'person/112748', 'person/197701', 'person/96998', 'person/257075', 'person/257022', 'person/256960', 'person/257070', 'person/197687', 'person/4395', 'person/119435', 'person/236053', 'person/256839', 'person/197500', 'person/256876', 'person/257297', 'person/256820', 'person/106936', 'person/28219', 'person/257257', 'person/257117', 'person/96934', 'person/256890', 'person/256869', 'person/197578', 'person/197577', 'person/261796', 'person/96780', 'person/257131', 'person/197722', 'person/257147', 'person/28400', 'person/257109', 'person/256985', 'person/197591', 'person/256805', 'person/197514', 'person/125106', 'person/197498', 'person/239260', 'person/197773', 'person/197770', 'person/256978', 'person/256977', 'person/256921', 'person/197435', 'person/257296', 'person/5392', 'person/257256', 'person/204418', 'person/256991', 'person/257065', 'person/256917', 'person/197679', 'person/256951', 'person/193292', 'person/197721', 'person/257095', 'person/257057', 'person/22418', 'person/257001', 'person/257090', 'person/188945', 'person/256942', 'person/256804', 'person/256893', 'person/256855', 'person/257262', 'person/96709', 'person/262021', 'person/257031', 'person/257082', 'person/256885', 'person/30123', 'person/1917', 'person/124834', 'person/257126', 'person/256969', 'person/251324', 'person/197534', 'person/197426', 'person/197533', 'person/257143', 'person/257140', 'person/28617', 'person/257103', 'person/198373', 'person/257056', 'person/256997', 'person/256994', 'person/256941', 'person/257016', 'person/197491', 'person/197417', 'person/257238', 'person/201945', 'person/197829', 'person/260724', 'person/197782', 'person/197763', 'person/257086', 'person/124736', 'person/257030', 'person/197699', 'person/256934', 'person/257081', 'person/125052', 'person/39725', 'person/256884', 'person/197447', 'person/257727', 'person/124973', 'person/188096', 'person/257077', 'person/257021', 'person/256926', 'person/257037', 'person/197589', 'person/256824', 'person/24942', 'person/256875', 'person/4746', 'person/257051', 'person/257013', 'person/124691', 'person/197525', 'person/257437', 'person/198076', 'person/256811', 'person/197781', 'person/257108', 'person/256881', 'person/256807', 'person/197553', 'person/256841', 'person/197497', 'person/257160', 'person/257122', 'person/197772', 'person/257138', 'person/256925', 'person/256976', 'person/197503', 'person/34232', 'person/197433', 'person/185771', 'person/220840', 'person/257050', 'person/256990', 'person/190574', 'person/256916', 'person/257068', 'person/257012', 'person/256950', 'person/198073', 'person/256866', 'person/197429', 'person/197410', 'person/197463', 'person/197825', 'person/197738', 'person/256946', 'person/256908', 'person/124799', 'person/257093', 'person/840', 'person/256880', 'person/190464', 'person/256806', 'person/256896', 'person/28226', 'person/197403', 'person/28223', 'person/257261', 'person/256840', 'person/2268', 'person/245770', 'person/124808', 'person/213330', 'person/257137', 'person/197647', 'person/197628', 'person/197545', 'person/256887', 'person/38542', 'person/204400', 'person/88552', 'person/118859', 'person/244571', 'person/129073', 'person/257128', 'person/206158', 'person/98219', 'person/197537', 'person/256861', 'person/256823', 'person/96791', 'person/204449', 'person/249982', 'person/257102', 'person/256907', 'person/256996', 'person/257018', 'person/197402', 'person/124984', 'person/257088', 'person/257032', 'person/95074', 'person/256937', 'person/122978', 'person/197646', 'person/197623', 'person/124700', 'person/197697', 'person/256970', 'person/28390', 'person/257048', 'person/257085', 'person/96826', 'person/256886', 'person/197445', 'person/94649', 'person/197841', 'person/257024', 'person/125046', 'person/256962', 'person/256879', 'person/98582', 'person/28122', 'person/192254', 'person/256860', 'person/256878', 'person/124828', 'person/256902', 'person/256815', 'person/257301', 'person/256852', 'person/198490', 'person/124858', 'person/124802', 'person/257133', 'person/204333', 'person/257149', 'person/256987', 'person/197557', 'person/256843', 'person/197552', 'person/197444', 'person/197840', 'person/257163', 'person/256927', 'person/28347', 'person/256961', 'person/28307', 'person/125670', 'person/198084', 'person/257298', 'person/257258', 'person/23699', 'person/197870', 'person/257114', 'person/256957', 'person/257067', 'person/256901', 'person/256919', 'person/256952', 'person/257027', 'person/218347', 'person/197414', 'person/23781', 'person/197810', 'person/245018', 'person/130100', 'person/96675', 'person/257097', 'person/257044', 'person/257041', 'person/197658', 'person/197691', 'person/257092', 'person/256944', 'person/197653', 'person/256898', 'person/256895', 'person/1927', 'person/96668', 'person/197401', 'person/197392', 'person/112747', 'person/257139', 'person/124760', 'person/28399', 'person/131580', 'person/96812', 'person/256872', 'person/197581', 'person/256834', 'person/197543', 'person/257255', 'person/257457', 'person/96681', 'person/257169', 'person/124893', 'person/257113', 'person/214839', 'person/2341', 'person/97968', 'person/202036', 'person/86793', 'person/107212', 'person/197573', 'person/197464', 'person/30482', 'person/97399', 'person/197839', 'person/257145', 'person/197795', 'person/257096', 'person/125065', 'person/256981', 'person/251874', 'person/256999', 'person/256943', 'person/125204', 'person/22858', 'person/197494', 'person/197400', 'person/197769', 'person/257170', 'person/257087', 'person/256939', 'person/197648', 'person/256936', 'person/256973', 'person/125001', 'person/257047', 'person/257009', 'person/197682', 'person/197621', 'person/103246', 'person/197470', 'person/197449', 'person/197430', 'person/197845', 'person/204414', 'person/197398', 'person/257110', 'person/257061', 'person/257079', 'person/256913', 'person/257023', 'person/124766', 'person/256964', 'person/257039', 'person/256877', 'person/197421', 'person/96752', 'person/124813', 'person/110673', 'person/257053', 'person/187917', 'person/257000', 'person/40224', 'person/256900', 'person/256891', 'person/257300', 'person/256851', 'person/91636', 'person/124875', 'person/257148', 'person/256847', 'person/197556', 'person/183916', 'person/256809', 'person/197448', 'person/233862', 'person/124867', 'person/257125', 'person/257078', 'person/96940', 'person/197439', 'person/197473', 'person/230085', 'person/257101', 'person/199941', 'person/257052', 'person/96933', 'person/256918', 'person/256993', 'person/256955', 'person/257029', 'person/237465', 'person/197490', 'person/23868', 'person/197413', 'person/257438', 'person/197412', 'person/257099', 'person/257043', 'person/256948', 'person/257059', 'person/197694', 'person/257003', 'person/256846', 'person/256808', 'person/197405']",627.0,org/ep-10,"['eli/dl/doc/PV-10-2025-01-23-VOT', 'eli/dl/doc/PV-10-2025-01-23', 'eli/dl/doc/CRE-10-2025-01-23', 'eli/dl/doc/PV-10-2025-01-23-ATT', 'eli/dl/doc/PV-10-2025-01-23-RCV']",http://publications.europa.eu/resource/authority/place/FRA_SXB,"['eli/dl/event/MTG-PL-2025-01-23-TF-1200', 'eli/dl/event/MTG-PL-2025-01-23-TF-0900', 'eli/dl/event/MTG-PL-2025-01-23-TF-1500']"
15,eli/dl/event/MTG-PL-2025-02-13,Activity,2025-02-13,2025-02-13T23:00:00+01:00,MTG-PL-2025-02-13,"{'mt': ""Il-Ħamis, 13 ta' Frar 2025"", 'lv': 'Ceturtdiena, 2025. gada 13. februāris', 'el': 'Πέμπτη 13 Φεβρουαρίου 2025', 'fr': 'Jeudi 13 février 2025', 'bg': 'Четвъртък, 13 февруари 2025', 'lt': 'Ketvirtadienis, 2025 m. vasario 13 d.', 'cs': 'Čtvrtek, 13. února 2025', 'ro': 'Joi, 13 februarie 2025', 'sv': 'Torsdagen den 13 februari 2025', 'pl': 'Czwartek, 13 lutego 2025', 'en': 'Thursday, 13 February 2025', 'it': 'Giovedì 13 febbraio 2025', 'es': 'Jueves 13 de febrero de 2025', 'sl': 'Četrtek, 13. februar 2025', 'hu': '2025. február 13., csütörtök', 'nl': 'Donderdag 13 februari 2025', 'hr': 'četvrtak, 13. veljače 2025.', 'ga': 'Déardaoin, 13 Feabhra 2025', 'et': 'Neljapäev, 13. veebruar 2025', 'sk': 'Štvrtok, 13. februára 2025', 'da': 'Torsdag den 13. februar 2025', 'pt': 'Quinta-feira, 13 de Fevereiro de 2025', 'fi': 'Torstai 13. helmikuuta 2025', 'de': 'Donnerstag, 13. Februar 2025'}",2025-02-13T01:00:00+01:00,"['eli/dl/event/MTG-PL-2025-02-13-PVCRE-ITM-6', 'eli/dl/event/MTG-PL-2025-02-13-VOT-ITM-965245', 'eli/dl/event/MTG-PL-2025-02-13-PVCRE-ITM-3', 'eli/dl/event/MTG-PL-2025-02-13-PVCRE-ITM-4', 'eli/dl/event/MTG-PL-2025-02-13-PVCRE-ITM-14', 'eli/dl/event/MTG-PL-2025-02-13-PVCRE-CHA-3', 'eli/dl/event/MTG-PL-2025-02-13-VOT-ITM-965228', 'eli/dl/event/MTG-PL-2025-02-13-PVCRE-ITM-9', 'eli/dl/event/MTG-PL-2025-02-13-PVCRE-CHA-4', 'eli/dl/event/MTG-PL-2025-02-13-PVCRE-ITM-12', 'eli/dl/event/MTG-PL-2025-02-13-PVCRE-CHA-1', 'eli/dl/event/MTG-PL-2025-02-13-PVCRE-ITM-1', 'eli/dl/event/MTG-PL-2025-02-13-VOT-ITM-965226', 'eli/dl/event/MTG-PL-2025-02-13-PVCRE-ITM-2', 'eli/dl/event/MTG-PL-2025-02-13-PVCRE-ITM-13', 'eli/dl/event/MTG-PL-2025-02-13-VOT-ITM-965227', 'eli/dl/event/MTG-PL-2025-02-13-PVCRE-CHA-2', 'eli/dl/event/MTG-PL-2025-02-13-PVCRE-ITM-7', 'eli/dl/event/MTG-PL-2025-02-13-VOT-ITM-965246', 'eli/dl/event/MTG-PL-2025-02-13-PVCRE-ITM-8', 'eli/dl/event/MTG-PL-2025-02-13-PVCRE-CHA-5', 'eli/dl/event/MTG-PL-2025-02-13-PVCRE-ITM-10', 'eli/dl/event/MTG-PL-2025-02-13-PVCRE-ITM-11', 'eli/dl/event/MTG-PL-2025-02-13-PVCRE-ITM-5']",['eli/dl/doc/OJQ-10-2025-02-13'],def/ep-activities/PLENARY_SITTING,"['person/131580', 'person/197578', 'person/256942', 'person/30482', 'person/40599', 'person/72779', 'person/197422', 'person/257066', 'person/257041', 'person/256961', 'person/101585', 'person/2152', 'person/256831', 'person/96756', 'person/197606', 'person/256945']","['person/197473', 'person/96830', 'person/204336', 'person/197498', 'person/257457', 'person/257034', 'person/96780', 'person/197800', 'person/198176', 'person/28400', 'person/256977', 'person/197402', 'person/256946', 'person/256896', 'person/197525', 'person/197591', 'person/125106', 'person/197778', 'person/257063', 'person/256921', 'person/256840', 'person/257032', 'person/2341', 'person/257033', 'person/256922', 'person/257088', 'person/256868', 'person/260035', 'person/257127', 'person/197579', 'person/123562', 'person/256949', 'person/257237', 'person/22858', 'person/256810', 'person/197460', 'person/197529', 'person/256920', 'person/88552', 'person/257125', 'person/256813', 'person/197492', 'person/256844', 'person/249982', 'person/39725', 'person/257050', 'person/257027', 'person/197802', 'person/197621', 'person/124973', 'person/256805', 'person/257101', 'person/256993', 'person/197528', 'person/190464', 'person/197490', 'person/256843', 'person/197464', 'person/189065', 'person/257104', 'person/256959', 'person/197697', 'person/197770', 'person/256808', 'person/28150', 'person/197573', 'person/214839', 'person/127766', 'person/197652', 'person/256903', 'person/257014', 'person/197795', 'person/204129', 'person/28307', 'person/256809', 'person/38542', 'person/197545', 'person/204332', 'person/197655', 'person/111412', 'person/257299', 'person/256941', 'person/197414', 'person/256860', 'person/261796', 'person/256807', 'person/28122', 'person/257046', 'person/257075', 'person/256902', 'person/256852', 'person/130100', 'person/124766', 'person/257297', 'person/124795', 'person/256936', 'person/197537', 'person/197670', 'person/256907', 'person/197433', 'person/197647', 'person/257044', 'person/197772', 'person/256824', 'person/4289', 'person/257047', 'person/256905', 'person/28399', 'person/99878', 'person/256951', 'person/257121', 'person/257039', 'person/197845', 'person/124799', 'person/257023', 'person/256899', 'person/256994', 'person/197514', 'person/125325', 'person/126699', 'person/124808', 'person/197782', 'person/262021', 'person/257081', 'person/257301', 'person/197395', 'person/256915', 'person/197832', 'person/204400', 'person/257010', 'person/125068', 'person/256998', 'person/197734', 'person/204333', 'person/96934', 'person/257438', 'person/256872', 'person/257026', 'person/257080', 'person/257255', 'person/256886', 'person/198183', 'person/256996', 'person/197786', 'person/198084', 'person/257002', 'person/96933', 'person/256919', 'person/220871', 'person/257437', 'person/197469', 'person/197533', 'person/256891', 'person/197784', 'person/257005', 'person/28390', 'person/256948', 'person/257059', 'person/256917', 'person/236050', 'person/122978', 'person/256820', 'person/197445', 'person/257003', 'person/257122', 'person/257035', 'person/197417', 'person/103246', 'person/25758', 'person/37312', 'person/124828', 'person/201945', 'person/256990', 'person/98219', 'person/197462', 'person/256935', 'person/197463', 'person/197432', 'person/230085', 'person/257052', 'person/30123', 'person/256978', 'person/257007', 'person/128483', 'person/256911', 'person/124700', 'person/197435', 'person/1909', 'person/28223', 'person/197461', 'person/97968', 'person/256954', 'person/96653', 'person/91636', 'person/256830', 'person/251874', 'person/197466', 'person/88882', 'person/257022', 'person/28617', 'person/33998', 'person/257051', 'person/256898', 'person/197718', 'person/256912', 'person/257065', 'person/125670', 'person/257016', 'person/220801', 'person/257170', 'person/197863', 'person/124807', 'person/124836', 'person/220897', 'person/188945', 'person/125042', 'person/197398', 'person/257070', 'person/96709', 'person/110673', 'person/256904', 'person/257015', 'person/256877', 'person/197517', 'person/256875', 'person/197672', 'person/840', 'person/96711', 'person/256970', 'person/95074', 'person/261797', 'person/125046', 'person/96833', 'person/257106', 'person/198073', 'person/197448', 'person/256908', 'person/257019', 'person/97399', 'person/256974', 'person/256893', 'person/257078', 'person/124701', 'person/4395', 'person/58766', 'person/96810', 'person/257261', 'person/197702', 'person/197580', 'person/197447', 'person/256925', 'person/124802', 'person/96668', 'person/256966', 'person/257077', 'person/257150', 'person/124760', 'person/119652', 'person/256938', 'person/257155', 'person/257090', 'person/256814', 'person/197552', 'person/256983', 'person/256924', 'person/124875', 'person/125027', 'person/257028', 'person/86793', 'person/197421', 'person/257082', 'person/256857', 'person/197624', 'person/204413', 'person/256888', 'person/204346', 'person/197440', 'person/257094', 'person/256900', 'person/257011', 'person/256833', 'person/213330', 'person/257148', 'person/197623', 'person/256887', 'person/197628', 'person/197470', 'person/191693', 'person/256987', 'person/24942', 'person/197721', 'person/96697', 'person/256985', 'person/197589', 'person/197722', 'person/197404', 'person/197699', 'person/257163', 'person/96936', 'person/197840', 'person/197627', 'person/124813', 'person/256986', 'person/256937', 'person/124713', 'person/257020', 'person/198076', 'person/1917', 'person/197403', 'person/40224', 'person/256880', 'person/5392', 'person/257135', 'person/197500', 'person/197773', 'person/197408', 'person/256881', 'person/197523', 'person/257048', 'person/249603', 'person/28219', 'person/197690', 'person/257111', 'person/257140', 'person/256909', 'person/256869', 'person/197636', 'person/125023', 'person/129073', 'person/204414', 'person/257024', 'person/197406', 'person/96787', 'person/244571', 'person/256853', 'person/118859', 'person/210480', 'person/256804', 'person/256995', 'person/257260', 'person/257067', 'person/125093', 'person/256845', 'person/257139', 'person/197818', 'person/229839', 'person/125052', 'person/239260', 'person/197662', 'person/96681', 'person/124861', 'person/257144', 'person/256967', 'person/124866', 'person/256803', 'person/5729', 'person/257727', 'person/256999', 'person/204418', 'person/124985', 'person/257085', 'person/257054', 'person/197416', 'person/256862', 'person/97236', 'person/257083', 'person/197400', 'person/257258', 'person/257040', 'person/28347', 'person/190713', 'person/256997', 'person/202036', 'person/256901', 'person/257259', 'person/197497', 'person/257108', 'person/200345', 'person/256861', 'person/257147', 'person/256866', 'person/197577', 'person/257257', 'person/256976', 'person/197687', 'person/257049', 'person/257160', 'person/236053', 'person/197392', 'person/257060', 'person/197549', 'person/257123', 'person/96808', 'person/257087', 'person/197449', 'person/190574', 'person/256864', 'person/94649', 'person/256865', 'person/99945', 'person/28419', 'person/257126', 'person/257079', 'person/256991', 'person/257124', 'person/197491', 'person/208722', 'person/192254', 'person/124877', 'person/256979', 'person/197781', 'person/197501', 'person/197677', 'person/256859', 'person/256882', 'person/256829', 'person/256992', 'person/257096', 'person/257097', 'person/256955', 'person/256874', 'person/96761', 'person/96940', 'person/220908', 'person/197653', 'person/197412', 'person/197780', 'person/197719', 'person/197572', 'person/257128', 'person/125012', 'person/256913', 'person/197794', 'person/197410', 'person/256846', 'person/257095', 'person/4267', 'person/256927', 'person/197413', 'person/124893', 'person/257143', 'person/24922', 'person/219652', 'person/257071', 'person/185619', 'person/257045', 'person/197738', 'person/256851', 'person/256878', 'person/28226', 'person/237465', 'person/257000', 'person/256876', 'person/125204', 'person/256971', 'person/197839', 'person/257043', 'person/197405', 'person/197574', 'person/197841', 'person/257138', 'person/257107', 'person/185771', 'person/257009', 'person/204449', 'person/197711', 'person/256855', 'person/197391', 'person/257262', 'person/257061', 'person/187917', 'person/197475', 'person/4746', 'person/257053', 'person/256980', 'person/23781', 'person/257300', 'person/2268', 'person/247735', 'person/256969', 'person/197831', 'person/96812', 'person/197426', 'person/256939', 'person/98582', 'person/119435', 'person/256842', 'person/257091', 'person/197553', 'person/193292', 'person/256952', 'person/256871', 'person/185341', 'person/256858', 'person/257057', 'person/197556', 'person/112748', 'person/197439', 'person/256968', 'person/257130', 'person/257238', 'person/197682', 'person/113523', 'person/197425', 'person/257001', 'person/124736', 'person/256918', 'person/256834', 'person/257102', 'person/124884', 'person/256944', 'person/257055', 'person/220840', 'person/257149', 'person/256806', 'person/197401', 'person/256916', 'person/257029', 'person/257296', 'person/197646', 'person/198373', 'person/257072', 'person/23816', 'person/197870', 'person/256962', 'person/257132', 'person/256850', 'person/257073', 'person/197825', 'person/197684', 'person/256811', 'person/256960', 'person/101039', 'person/256934', 'person/197701', 'person/256989', 'person/257038', 'person/256839', 'person/124858', 'person/197503', 'person/256910', 'person/256965', 'person/257076', 'person/256884', 'person/197769', 'person/96675', 'person/124984', 'person/257092', 'person/256926', 'person/257037', 'person/124715', 'person/124834', 'person/197648', 'person/257021', 'person/197649', 'person/197543', 'person/197502', 'person/23788', 'person/112744', 'person/256964', 'person/257013', 'person/256883', 'person/257068', 'person/257169', 'person/124691', 'person/124806', 'person/257113', 'person/220896', 'person/256981', 'person/260724', 'person/202073', 'person/257145', 'person/37324', 'person/124867', 'person/125104', 'person/197763', 'person/204419', 'person/257030', 'person/96932', 'person/125001', 'person/106936', 'person/197516', 'person/256928', 'person/1927', 'person/257086', 'person/197430', 'person/256973', 'person/257084', 'person/124850', 'person/257058', 'person/188096', 'person/112747', 'person/206158', 'person/256823', 'person/197444']",595.0,org/ep-10,"['eli/dl/doc/PV-10-2025-02-13-RCV', 'eli/dl/doc/PV-10-2025-02-13-ATT', 'eli/dl/doc/CRE-10-2025-02-13', 'eli/dl/doc/PV-10-2025-02-13-VOT', 'eli/dl/doc/PV-10-2025-02-13']",http://publications.europa.eu/resource/authority/place/FRA_SXB,"['eli/dl/event/MTG-PL-2025-02-13-TF-1200', 'eli/dl/event/MTG-PL-2025-02-13-TF-1500', 'eli/dl/event/MTG-PL-2025-02-13-TF-0900']"
16,eli/dl/event/MTG-PL-2025-03-13,Activity,2025-03-13,2025-03-13T23:00:00+01:00,MTG-PL-2025-03-13,"{'es': 'Jueves 13 de marzo de 2025', 'hr': 'četvrtak, 13. ožujka 2025.', 'fr': 'Jeudi 13 mars 2025', 'hu': '2025. március 13., csütörtök', 'en': 'Thursday, 13 March 2025', 'pl': 'Czwartek, 13 marca 2025', 'ro': 'Joi, 13 martie 2025', 'fi': 'Torstai 13. maaliskuuta 2025', 'ga': 'Déardaoin, 13 Márta 2025', 'el': 'Πέμπτη 13 Μαρτίου 2025', 'nl': 'Donderdag 13 maart 2025', 'cs': 'Čtvrtek, 13. března 2025', 'da': 'Torsdag den 13. marts 2025', 'lv': 'Ceturtdiena, 2025. gada 13. marts', 'it': 'Giovedì 13 marzo 2025', 'de': 'Donnerstag, 13. März 2025', 'et': 'Neljapäev, 13. märts 2025', 'pt': 'Quinta-feira, 13 de Março de 2025', 'sk': 'Štvrtok, 13. marca 2025', 'sl': 'Četrtek, 13. marec 2025', 'lt': 'Ketvirtadienis, 2025 m. kovo 13 d.', 'sv': 'Torsdagen den 13 mars 2025', 'mt': ""Il-Ħamis, 13 ta' Marzu 2025"", 'bg': 'Четвъртък, 13 март 2025'}",2025-03-13T01:00:00+01:00,"['eli/dl/event/MTG-PL-2025-03-13-PVCRE-ITM-13', 'eli/dl/event/MTG-PL-2025-03-13-PVCRE-ITM-11', 'eli/dl/event/MTG-PL-2025-03-13-PVCRE-ITM-8', 'eli/dl/event/MTG-PL-2025-03-13-PVCRE-ITM-10', 'eli/dl/event/MTG-PL-2025-03-13-PVCRE-ITM-2', 'eli/dl/event/MTG-PL-2025-03-13-PVCRE-ITM-7', 'eli/dl/event/MTG-PL-2025-03-13-VOT-ITM-965345', 'eli/dl/event/MTG-PL-2025-03-13-VOT-ITM-965354', 'eli/dl/event/MTG-PL-2025-03-13-PVCRE-CHA-3', 'eli/dl/event/MTG-PL-2025-03-13-PVCRE-ITM-5', 'eli/dl/event/MTG-PL-2025-03-13-PVCRE-CHA-1', 'eli/dl/event/MTG-PL-2025-03-13-VOT-ITM-965325', 'eli/dl/event/MTG-PL-2025-03-13-VOT-ITM-965277', 'eli/dl/event/MTG-PL-2025-03-13-PVCRE-ITM-15', 'eli/dl/event/MTG-PL-2025-03-13-PVCRE-CHA-4', 'eli/dl/event/MTG-PL-2025-03-13-PVCRE-ITM-14', 'eli/dl/event/MTG-PL-2025-03-13-PVCRE-ITM-6', 'eli/dl/event/MTG-PL-2025-03-13-PVCRE-CHA-2', 'eli/dl/event/MTG-PL-2025-03-13-PVCRE-ITM-4', 'eli/dl/event/MTG-PL-2025-03-13-VOT-ITM-965305', 'eli/dl/event/MTG-PL-2025-03-13-PVCRE-ITM-3', 'eli/dl/event/MTG-PL-2025-03-13-PVCRE-ITM-12', 'eli/dl/event/MTG-PL-2025-03-13-PVCRE-ITM-9', 'eli/dl/event/MTG-PL-2025-03-13-PVCRE-ITM-1']",['eli/dl/doc/OJQ-10-2025-03-13'],def/ep-activities/PLENARY_SITTING,"['person/256956', 'person/124850', 'person/72779', 'person/204333', 'person/112747']","['person/96752', 'person/256989', 'person/197621', 'person/256824', 'person/197425', 'person/197439', 'person/197528', 'person/197769', 'person/256961', 'person/256886', 'person/256954', 'person/197718', 'person/125027', 'person/256803', 'person/124836', 'person/124713', 'person/23816', 'person/197422', 'person/257260', 'person/197494', 'person/124973', 'person/112744', 'person/257122', 'person/124877', 'person/257034', 'person/256872', 'person/256965', 'person/128483', 'person/197391', 'person/256865', 'person/197401', 'person/197440', 'person/197701', 'person/256970', 'person/257133', 'person/257149', 'person/124895', 'person/257032', 'person/197658', 'person/96787', 'person/4395', 'person/197794', 'person/124736', 'person/197470', 'person/256859', 'person/22858', 'person/197763', 'person/220908', 'person/95074', 'person/257011', 'person/124893', 'person/197832', 'person/257050', 'person/256912', 'person/197780', 'person/198183', 'person/256981', 'person/256904', 'person/251874', 'person/33998', 'person/257258', 'person/256973', 'person/197514', 'person/257067', 'person/256966', 'person/124802', 'person/256820', 'person/256829', 'person/257237', 'person/197404', 'person/197702', 'person/96998', 'person/23699', 'person/257169', 'person/257046', 'person/256898', 'person/257085', 'person/256908', 'person/256947', 'person/125023', 'person/28219', 'person/185619', 'person/38542', 'person/257299', 'person/257115', 'person/197398', 'person/257044', 'person/257014', 'person/256851', 'person/256977', 'person/256945', 'person/256830', 'person/229839', 'person/257297', 'person/257083', 'person/245018', 'person/96940', 'person/197553', 'person/257145', 'person/257113', 'person/257150', 'person/256938', 'person/86057', 'person/197502', 'person/256855', 'person/197690', 'person/197839', 'person/197406', 'person/24942', 'person/204413', 'person/256993', 'person/197534', 'person/257106', 'person/190464', 'person/257018', 'person/257087', 'person/197652', 'person/197841', 'person/23868', 'person/256949', 'person/256986', 'person/256921', 'person/257060', 'person/197722', 'person/257438', 'person/98219', 'person/257117', 'person/197670', 'person/256890', 'person/257049', 'person/256900', 'person/98582', 'person/197662', 'person/197493', 'person/1909', 'person/110673', 'person/198076', 'person/256871', 'person/257079', 'person/96761', 'person/126699', 'person/197400', 'person/197416', 'person/4289', 'person/257109', 'person/257148', 'person/257026', 'person/256863', 'person/28122', 'person/1294', 'person/256959', 'person/96791', 'person/39725', 'person/189065', 'person/257095', 'person/257127', 'person/257010', 'person/197831', 'person/256888', 'person/198373', 'person/256941', 'person/256957', 'person/91636', 'person/257262', 'person/257118', 'person/257125', 'person/257002', 'person/257069', 'person/257041', 'person/256903', 'person/124700', 'person/257255', 'person/185341', 'person/96933', 'person/257099', 'person/2268', 'person/256814', 'person/124984', 'person/257129', 'person/197580', 'person/257101', 'person/94649', 'person/257140', 'person/257045', 'person/257052', 'person/256883', 'person/256907', 'person/256951', 'person/97399', 'person/125068', 'person/256839', 'person/256811', 'person/197591', 'person/197825', 'person/256880', 'person/257043', 'person/124766', 'person/256905', 'person/256942', 'person/256976', 'person/197773', 'person/124867', 'person/118859', 'person/197412', 'person/197481', 'person/257296', 'person/5729', 'person/197552', 'person/257144', 'person/257110', 'person/257022', 'person/257061', 'person/192254', 'person/101039', 'person/197501', 'person/257238', 'person/257727', 'person/206158', 'person/256992', 'person/197579', 'person/236053', 'person/260035', 'person/28615', 'person/197840', 'person/210480', 'person/840', 'person/257121', 'person/257160', 'person/257009', 'person/257016', 'person/257053', 'person/204336', 'person/256915', 'person/88882', 'person/197778', 'person/256831', 'person/197607', 'person/256847', 'person/197525', 'person/125204', 'person/257064', 'person/96756', 'person/197445', 'person/1917', 'person/197738', 'person/197573', 'person/257108', 'person/24922', 'person/257057', 'person/245770', 'person/257025', 'person/256919', 'person/256862', 'person/127766', 'person/118949', 'person/256823', 'person/28399', 'person/197623', 'person/197426', 'person/197463', 'person/257094', 'person/197529', 'person/257126', 'person/262021', 'person/197395', 'person/257055', 'person/219652', 'person/197672', 'person/256917', 'person/256804', 'person/197818', 'person/124715', 'person/257261', 'person/197461', 'person/37324', 'person/28307', 'person/257124', 'person/257029', 'person/257001', 'person/257073', 'person/257092', 'person/256935', 'person/129073', 'person/197770', 'person/197627', 'person/256866', 'person/197392', 'person/198176', 'person/197682', 'person/197417', 'person/187917', 'person/96932', 'person/197545', 'person/257103', 'person/256864', 'person/257028', 'person/125042', 'person/124807', 'person/256813', 'person/124846', 'person/197435', 'person/204400', 'person/190574', 'person/257128', 'person/197537', 'person/257100', 'person/202073', 'person/257012', 'person/256882', 'person/256911', 'person/256950', 'person/257170', 'person/197781', 'person/256843', 'person/260724', 'person/200345', 'person/198490', 'person/256980', 'person/125046', 'person/124866', 'person/197772', 'person/197684', 'person/96681', 'person/256805', 'person/96668', 'person/28400', 'person/257138', 'person/257021', 'person/101585', 'person/28390', 'person/201945', 'person/257037', 'person/256874', 'person/220871', 'person/256968', 'person/96808', 'person/124985', 'person/2341', 'person/4267', 'person/197578', 'person/257457', 'person/257048', 'person/197679', 'person/257020', 'person/256899', 'person/256952', 'person/256809', 'person/256878', 'person/197429', 'person/197468', 'person/197557', 'person/257013', 'person/97968', 'person/256807', 'person/197606', 'person/256846', 'person/197447', 'person/257298', 'person/197498', 'person/256983', 'person/257112', 'person/257024', 'person/256876', 'person/197845', 'person/256925', 'person/256962', 'person/125001', 'person/23788', 'person/124858', 'person/197444', 'person/197572', 'person/257130', 'person/28617', 'person/256918', 'person/124784', 'person/256987', 'person/197786', 'person/197430', 'person/4746', 'person/256960', 'person/119435', 'person/257155', 'person/257054', 'person/256891', 'person/257040', 'person/256916', 'person/220897', 'person/30482', 'person/124834', 'person/247735', 'person/197492', 'person/197421', 'person/256985', 'person/197721', 'person/257033', 'person/124760', 'person/256964', 'person/197490', 'person/256934', 'person/197402', 'person/28150', 'person/197574', 'person/257132', 'person/257102', 'person/261797', 'person/198073', 'person/58766', 'person/257027', 'person/256926', 'person/124806', 'person/124813', 'person/256858', 'person/197464', 'person/257096', 'person/256995', 'person/130100', 'person/256910', 'person/125052', 'person/99945', 'person/123562', 'person/256842', 'person/197618', 'person/257259', 'person/249603', 'person/257119', 'person/190713', 'person/124861', 'person/257163', 'person/257075', 'person/256937', 'person/256834', 'person/197699', 'person/204419', 'person/257257', 'person/96934', 'person/96812', 'person/96826', 'person/40599', 'person/257066', 'person/220801', 'person/256928', 'person/256999', 'person/106936', 'person/256967', 'person/5392', 'person/256815', 'person/197403', 'person/256997', 'person/257135', 'person/257071', 'person/256884', 'person/257047', 'person/256909', 'person/256946', 'person/125104', 'person/256877', 'person/197829', 'person/230085', 'person/197517', 'person/28419', 'person/197556', 'person/257114', 'person/256850', 'person/197863', 'person/256943', 'person/122978', 'person/202036', 'person/256806', 'person/197414', 'person/197497', 'person/37312', 'person/257139', 'person/257111', 'person/257023', 'person/256875', 'person/220840', 'person/124785', 'person/257039', 'person/197500', 'person/257301', 'person/197691', 'person/256991', 'person/28226', 'person/257080', 'person/256893', 'person/197647', 'person/197842', 'person/256920', 'person/125106', 'person/88552', 'person/257437', 'person/183916', 'person/111412', 'person/257000', 'person/124884', 'person/257091', 'person/256885', 'person/256901', 'person/220896', 'person/197449', 'person/197491', 'person/249982', 'person/124875', 'person/256979', 'person/124691', 'person/197687', 'person/25758', 'person/191693', 'person/261796', 'person/197589', 'person/257059', 'person/256896', 'person/257031', 'person/256889', 'person/124722', 'person/256857', 'person/197624', 'person/193292', 'person/99878', 'person/96653', 'person/204414', 'person/256994', 'person/214839', 'person/257005', 'person/257056', 'person/256887', 'person/204346', 'person/256955', 'person/125012', 'person/197719', 'person/96675', 'person/197462', 'person/188096', 'person/125670', 'person/257123', 'person/96830', 'person/233862', 'person/257003', 'person/256936', 'person/256902', 'person/244571', 'person/218347', 'person/197628', 'person/204129', 'person/256833', 'person/256868', 'person/257072', 'person/204418', 'person/257256', 'person/1927', 'person/197734', 'person/256971', 'person/257065', 'person/124795', 'person/256998', 'person/256927', 'person/23781', 'person/197795', 'person/124808', 'person/199941', 'person/256996', 'person/28223', 'person/86793', 'person/197581', 'person/257007', 'person/256881', 'person/257070', 'person/256906', 'person/197800', 'person/256913', 'person/107212', 'person/256844', 'person/256810', 'person/197432', 'person/197711', 'person/197523', 'person/239260', 'person/257076', 'person/124799', 'person/197413', 'person/257143', 'person/112748', 'person/198084', 'person/257068', 'person/257038', 'person/256969', 'person/257300', 'person/256853', 'person/197636', 'person/197475', 'person/124701', 'person/197405', 'person/96709', 'person/256990', 'person/256869', 'person/197577', 'person/103246', 'person/257137', 'person/197802', 'person/257086', 'person/197646', 'person/96711', 'person/96780', 'person/197558', 'person/257116', 'person/125325', 'person/261038', 'person/97236', 'person/257090', 'person/257015', 'person/256852', 'person/2152', 'person/256808', 'person/256845', 'person/5736', 'person/257084', 'person/197448', 'person/113523', 'person/257077', 'person/256939', 'person/256978', 'person/185771', 'person/96936', 'person/197549', 'person/251324', 'person/119652', 'person/40224', 'person/257019', 'person/257088', 'person/197648', 'person/257082', 'person/257030', 'person/257058', 'person/256861', 'person/256895']",635.0,org/ep-10,"['eli/dl/doc/PV-10-2025-03-13-RCV', 'eli/dl/doc/PV-10-2025-03-13-VOT', 'eli/dl/doc/CRE-10-2025-03-13', 'eli/dl/doc/PV-10-2025-03-13-ATT', 'eli/dl/doc/PV-10-2025-03-13']",http://publications.europa.eu/resource/authority/place/FRA_SXB,"['eli/dl/event/MTG-PL-2025-03-13-TF-1200', 'eli/dl/event/MTG-PL-2025-03-13-TF-0900', 'eli/dl/event/MTG-PL-2025-03-13-TF-1500']"
17,eli/dl/event/MTG-PL-2025-04-03,Activity,2025-04-03,2025-04-03T23:00:00+02:00,MTG-PL-2025-04-03,"{'sl': 'Četrtek, 3. april 2025', 'cs': 'Čtvrtek, 3. dubna 2025', 'de': 'Donnerstag, 3. April 2025', 'lt': 'Ketvirtadienis, 2025 m. balandžio 3 d.', 'it': 'Giovedì 3 aprile 2025', 'fi': 'Torstai 3. huhtikuuta 2025', 'pl': 'Czwartek, 3 kwietnia 2025', 'hu': '2025. április 3., csütörtök', 'bg': 'Четвъртък, 3 април 2025', 'sv': 'Torsdagen den 3 april 2025', 'ga': 'Déardaoin, 3 Aibreán 2025', 'sk': 'Štvrtok, 3. apríla 2025', 'en': 'Thursday, 3 April 2025', 'et': 'Neljapäev, 3. aprill 2025', 'pt': 'Quinta-feira, 3 de Abril de 2025', 'es': 'Jueves 3 de abril de 2025', 'mt': ""Il-Ħamis, 3 ta' April 2025"", 'fr': 'Jeudi 3 avril 2025', 'ro': 'Joi, 3 aprilie 2025', 'hr': 'četvrtak, 3. travnja 2025.', 'da': 'Torsdag den 3. april 2025', 'lv': 'Ceturtdiena, 2025. gada 3. aprīlis', 'nl': 'Donderdag 3 april 2025', 'el': 'Πέμπτη 3 Απριλίου 2025'}",2025-04-03T01:00:00+02:00,"['eli/dl/event/MTG-PL-2025-04-03-VOT-ITM-965447', 'eli/dl/event/MTG-PL-2025-04-03-VOT-ITM-965470', 'eli/dl/event/MTG-PL-2025-04-03-VOT-ITM-965465', 'eli/dl/event/MTG-PL-2025-04-03-VOT-ITM-965468', 'eli/dl/event/MTG-PL-2025-04-03-PVCRE-ITM-13', 'eli/dl/event/MTG-PL-2025-04-03-PVCRE-ITM-4', 'eli/dl/event/MTG-PL-2025-04-03-PVCRE-CHA-2', 'eli/dl/event/MTG-PL-2025-04-03-PVCRE-CHA-3', 'eli/dl/event/MTG-PL-2025-04-03-VOT-ITM-965469', 'eli/dl/event/MTG-PL-2025-04-03-PVCRE-CHA-4', 'eli/dl/event/MTG-PL-2025-04-03-PVCRE-ITM-2', 'eli/dl/event/MTG-PL-2025-04-03-PVCRE-ITM-9', 'eli/dl/event/MTG-PL-2025-04-03-PVCRE-ITM-7', 'eli/dl/event/MTG-PL-2025-04-03-PVCRE-ITM-10', 'eli/dl/event/MTG-PL-2025-04-03-VOT-ITM-965467', 'eli/dl/event/MTG-PL-2025-04-03-VOT-ITM-965466', 'eli/dl/event/MTG-PL-2025-04-03-PVCRE-ITM-17', 'eli/dl/event/MTG-PL-2025-04-03-PVCRE-ITM-8', 'eli/dl/event/MTG-PL-2025-04-03-PVCRE-ITM-11', 'eli/dl/event/MTG-PL-2025-04-03-VOT-ITM-965471', 'eli/dl/event/MTG-PL-2025-04-03-PVCRE-ITM-16', 'eli/dl/event/MTG-PL-2025-04-03-PVCRE-ITM-12', 'eli/dl/event/MTG-PL-2025-04-03-PVCRE-ITM-14', 'eli/dl/event/MTG-PL-2025-04-03-PVCRE-ITM-6', 'eli/dl/event/MTG-PL-2025-04-03-VOT-ITM-965472', 'eli/dl/event/MTG-PL-2025-04-03-PVCRE-ITM-15', 'eli/dl/event/MTG-PL-2025-04-03-PVCRE-ITM-5', 'eli/dl/event/MTG-PL-2025-04-03-PVCRE-ITM-1', 'eli/dl/event/MTG-PL-2025-04-03-PVCRE-ITM-3', 'eli/dl/event/MTG-PL-2025-04-03-PVCRE-CHA-1']",['eli/dl/doc/OJQ-10-2025-04-03'],def/ep-activities/PLENARY_SITTING,"['person/256891', 'person/256960', 'person/125023', 'person/257029', 'person/257256', 'person/256973', 'person/197460', 'person/96756']","['person/197398', 'person/24942', 'person/257110', 'person/257044', 'person/131580', 'person/257033', 'person/38511', 'person/197770', 'person/204418', 'person/256961', 'person/256804', 'person/256884', 'person/204129', 'person/118949', 'person/189065', 'person/257096', 'person/257027', 'person/197502', 'person/197652', 'person/256957', 'person/124973', 'person/256952', 'person/257297', 'person/256813', 'person/256875', 'person/256850', 'person/257121', 'person/257087', 'person/198490', 'person/197781', 'person/96675', 'person/256944', 'person/124807', 'person/198076', 'person/185771', 'person/197829', 'person/197711', 'person/197772', 'person/197670', 'person/88552', 'person/125046', 'person/256901', 'person/197556', 'person/256970', 'person/124884', 'person/256824', 'person/96811', 'person/256893', 'person/30123', 'person/257257', 'person/130100', 'person/257047', 'person/198373', 'person/256907', 'person/124836', 'person/256987', 'person/256962', 'person/124875', 'person/197422', 'person/220871', 'person/256805', 'person/249603', 'person/256885', 'person/256811', 'person/197831', 'person/124691', 'person/257079', 'person/257097', 'person/204449', 'person/112747', 'person/257092', 'person/96998', 'person/256981', 'person/202036', 'person/119652', 'person/257124', 'person/193292', 'person/125325', 'person/204400', 'person/99878', 'person/197782', 'person/4395', 'person/256880', 'person/185341', 'person/257262', 'person/197440', 'person/256859', 'person/256896', 'person/197842', 'person/257100', 'person/257116', 'person/257023', 'person/257041', 'person/213330', 'person/257039', 'person/5736', 'person/125001', 'person/256902', 'person/197498', 'person/256807', 'person/124760', 'person/256887', 'person/257107', 'person/257099', 'person/257000', 'person/256936', 'person/197572', 'person/197825', 'person/257052', 'person/197784', 'person/183916', 'person/256913', 'person/256927', 'person/256993', 'person/256831', 'person/190574', 'person/197701', 'person/245770', 'person/257059', 'person/197624', 'person/197679', 'person/96934', 'person/256919', 'person/197492', 'person/95074', 'person/28347', 'person/256999', 'person/256900', 'person/256881', 'person/220897', 'person/256823', 'person/28219', 'person/96681', 'person/197501', 'person/91636', 'person/197579', 'person/256956', 'person/197574', 'person/188945', 'person/257296', 'person/256860', 'person/257238', 'person/96808', 'person/257120', 'person/96752', 'person/251324', 'person/257061', 'person/257003', 'person/94649', 'person/96668', 'person/22858', 'person/256948', 'person/124806', 'person/28307', 'person/256866', 'person/39725', 'person/256841', 'person/257112', 'person/257130', 'person/257035', 'person/197699', 'person/257009', 'person/197523', 'person/197443', 'person/197841', 'person/257072', 'person/197702', 'person/247735', 'person/125204', 'person/197529', 'person/23699', 'person/197426', 'person/198084', 'person/256815', 'person/256852', 'person/257155', 'person/96787', 'person/197721', 'person/4746', 'person/257078', 'person/5729', 'person/123562', 'person/204346', 'person/256939', 'person/28419', 'person/256920', 'person/260724', 'person/124866', 'person/256843', 'person/256861', 'person/197395', 'person/96830', 'person/257132', 'person/197870', 'person/257055', 'person/1909', 'person/200345', 'person/197636', 'person/197672', 'person/197558', 'person/257261', 'person/210480', 'person/256895', 'person/23781', 'person/198176', 'person/97399', 'person/72779', 'person/197627', 'person/257038', 'person/245018', 'person/256968', 'person/124984', 'person/197417', 'person/197435', 'person/98582', 'person/197497', 'person/124877', 'person/256806', 'person/256872', 'person/256886', 'person/257150', 'person/257106', 'person/257073', 'person/199941', 'person/22418', 'person/257015', 'person/112744', 'person/197500', 'person/129073', 'person/2152', 'person/256955', 'person/28226', 'person/256878', 'person/124766', 'person/124722', 'person/197722', 'person/5392', 'person/257060', 'person/125068', 'person/197549', 'person/256912', 'person/202073', 'person/256992', 'person/124895', 'person/257084', 'person/257135', 'person/98219', 'person/257058', 'person/197591', 'person/197580', 'person/256918', 'person/197491', 'person/256998', 'person/197433', 'person/219652', 'person/220896', 'person/124795', 'person/197810', 'person/128483', 'person/257109', 'person/257071', 'person/86793', 'person/197655', 'person/190713', 'person/125012', 'person/197578', 'person/201945', 'person/197429', 'person/96833', 'person/197391', 'person/124834', 'person/197606', 'person/197647', 'person/256947', 'person/101039', 'person/840', 'person/197462', 'person/218347', 'person/257111', 'person/96761', 'person/257127', 'person/257020', 'person/257034', 'person/197447', 'person/197410', 'person/256898', 'person/197845', 'person/124701', 'person/197840', 'person/257118', 'person/257011', 'person/197763', 'person/257091', 'person/257080', 'person/197503', 'person/197514', 'person/220908', 'person/191693', 'person/23816', 'person/97968', 'person/256851', 'person/257140', 'person/257437', 'person/257063', 'person/197795', 'person/2268', 'person/107212', 'person/256949', 'person/256924', 'person/256938', 'person/124808', 'person/256847', 'person/256842', 'person/28223', 'person/257147', 'person/1917', 'person/257040', 'person/257054', 'person/204414', 'person/119435', 'person/256911', 'person/197445', 'person/197463', 'person/256834', 'person/257258', 'person/197719', 'person/126699', 'person/197662', 'person/256967', 'person/96936', 'person/197402', 'person/125093', 'person/256909', 'person/256871', 'person/125670', 'person/23788', 'person/257014', 'person/197618', 'person/257727', 'person/256980', 'person/256959', 'person/197577', 'person/256954', 'person/1294', 'person/251874', 'person/257299', 'person/256863', 'person/256877', 'person/257123', 'person/197839', 'person/230085', 'person/233862', 'person/28122', 'person/125042', 'person/197534', 'person/257160', 'person/124713', 'person/257083', 'person/36392', 'person/197738', 'person/197697', 'person/124985', 'person/256903', 'person/256965', 'person/4289', 'person/256808', 'person/256888', 'person/257108', 'person/38542', 'person/37312', 'person/257049', 'person/101585', 'person/28400', 'person/197517', 'person/125027', 'person/197403', 'person/257143', 'person/257066', 'person/111412', 'person/262021', 'person/204333', 'person/197646', 'person/256983', 'person/257137', 'person/257126', 'person/256979', 'person/256905', 'person/197414', 'person/256974', 'person/197494', 'person/256803', 'person/256883', 'person/190464', 'person/257103', 'person/257095', 'person/257010', 'person/257090', 'person/96697', 'person/257026', 'person/197470', 'person/256966', 'person/197401', 'person/256809', 'person/256889', 'person/260035', 'person/261038', 'person/197780', 'person/257002', 'person/197794', 'person/197648', 'person/256985', 'person/257301', 'person/256846', 'person/257128', 'person/118859', 'person/197786', 'person/28615', 'person/256915', 'person/197449', 'person/256977', 'person/256995', 'person/197533', 'person/124858', 'person/197430', 'person/34232', 'person/256910', 'person/257255', 'person/256833', 'person/96780', 'person/197769', 'person/96711', 'person/257045', 'person/197718', 'person/257082', 'person/197589', 'person/256986', 'person/197421', 'person/256829', 'person/256810', 'person/99945', 'person/257457', 'person/197653', 'person/40224', 'person/256921', 'person/124802', 'person/197473', 'person/256862', 'person/2341', 'person/257133', 'person/257122', 'person/257149', 'person/257056', 'person/257031', 'person/197649', 'person/257005', 'person/125052', 'person/256917', 'person/197490', 'person/197469', 'person/256997', 'person/236053', 'person/197553', 'person/197464', 'person/256858', 'person/256853', 'person/58766', 'person/197778', 'person/257022', 'person/197628', 'person/86057', 'person/197682', 'person/197525', 'person/244571', 'person/124813', 'person/24922', 'person/257151', 'person/257016', 'person/249982', 'person/127766', 'person/256935', 'person/256941', 'person/188096', 'person/256864', 'person/124785', 'person/197800', 'person/257051', 'person/257065', 'person/257007', 'person/97236', 'person/103246', 'person/256991', 'person/206158', 'person/96653', 'person/256845', 'person/124700', 'person/197818', 'person/257057', 'person/197623', 'person/197684', 'person/256989', 'person/256978', 'person/96933', 'person/197413', 'person/256882', 'person/257169', 'person/197863', 'person/257076', 'person/257102', 'person/257094', 'person/257025', 'person/187917', 'person/197405', 'person/256951', 'person/197400', 'person/197392', 'person/256874', 'person/197802', 'person/257145', 'person/257068', 'person/257086', 'person/204413', 'person/257001', 'person/204336', 'person/197545', 'person/261797', 'person/256942', 'person/257300', 'person/106936', 'person/220840', 'person/256865', 'person/257113', 'person/204419', 'person/197694', 'person/113523', 'person/197537', 'person/197448', 'person/256994', 'person/237465', 'person/124736', 'person/257163', 'person/192254', 'person/257119', 'person/257012', 'person/257028', 'person/257081', 'person/40599', 'person/197528', 'person/197425', 'person/197439', 'person/122978', 'person/96940', 'person/256814', 'person/256876', 'person/257088', 'person/257077', 'person/257438', 'person/257019', 'person/125104', 'person/197543', 'person/124893', 'person/4267', 'person/257148', 'person/197773', 'person/257030', 'person/197557', 'person/256916', 'person/28617', 'person/197468', 'person/256996', 'person/256971', 'person/197552', 'person/256839', 'person/256857', 'person/96812', 'person/257260', 'person/256820', 'person/257114', 'person/257021', 'person/257048', 'person/256908', 'person/256870', 'person/197412', 'person/124799', 'person/197832', 'person/30482', 'person/257170', 'person/257013', 'person/257093', 'person/204332', 'person/125106', 'person/256945', 'person/256934', 'person/257125', 'person/1927', 'person/96709', 'person/257050', 'person/257032', 'person/197690', 'person/229839', 'person/256990', 'person/197466', 'person/256855', 'person/208722', 'person/256830', 'person/96791', 'person/257101', 'person/25758', 'person/257024', 'person/197677', 'person/197581', 'person/197432', 'person/256937', 'person/197404', 'person/197573', 'person/256950', 'person/124861', 'person/257237', 'person/257144', 'person/257067', 'person/257085', 'person/33998', 'person/239260', 'person/256928', 'person/256946', 'person/261796', 'person/256890', 'person/197475', 'person/197461', 'person/256869']",629.0,org/ep-10,"['eli/dl/doc/PV-10-2025-04-03', 'eli/dl/doc/PV-10-2025-04-03-ATT', 'eli/dl/doc/PV-10-2025-04-03-RCV', 'eli/dl/doc/CRE-10-2025-04-03', 'eli/dl/doc/PV-10-2025-04-03-VOT']",http://publications.europa.eu/resource/authority/place/FRA_SXB,"['eli/dl/event/MTG-PL-2025-04-03-TF-1200', 'eli/dl/event/MTG-PL-2025-04-03-TF-1500', 'eli/dl/event/MTG-PL-2025-04-03-TF-0900']"
18,eli/dl/event/MTG-PL-2025-05-08,Activity,2025-05-08,2025-05-08T23:00:00+02:00,MTG-PL-2025-05-08,"{'hu': '2025. május 8., csütörtök', 'sk': 'Štvrtok, 8. mája 2025', 'pl': 'Czwartek, 8 maja 2025', 'lt': 'Ketvirtadienis, 2025 m. gegužės 8 d.', 'mt': ""Il-Ħamis, 8 ta' Mejju 2025"", 'pt': 'Quinta-feira, 8 de Maio de 2025', 'fi': 'Torstai 8. toukokuuta 2025', 'ga': 'Déardaoin, 8 Bealtaine 2025', 'et': 'Neljapäev, 8. mai 2025', 'el': 'Πέμπτη 8 Μαίου 2025', 'ro': 'Joi, 8 mai 2025', 'en': 'Thursday, 8 May 2025', 'hr': 'četvrtak, 8. svibnja 2025.', 'nl': 'Donderdag 8 mei 2025', 'it': 'Giovedì 8 maggio 2025', 'da': 'Torsdag den 8. maj 2025', 'sv': 'Torsdagen den 8 maj 2025', 'bg': 'Четвъртък, 8 май 2025', 'lv': 'Ceturtdiena, 2025. gada 8. maijs', 'de': 'Donnerstag, 8. Mai 2025', 'cs': 'Čtvrtek, 8. května 2025', 'sl': 'Četrtek, 8. maj 2025', 'fr': 'Jeudi 8 mai 2025', 'es': 'Jueves 8 de mayo de 2025'}",2025-05-08T01:00:00+02:00,"['eli/dl/event/MTG-PL-2025-05-08-PVCRE-ITM-6', 'eli/dl/event/MTG-PL-2025-05-08-PVCRE-ITM-14', 'eli/dl/event/MTG-PL-2025-05-08-VOT-ITM-965550', 'eli/dl/event/MTG-PL-2025-05-08-VOT-ITM-965566', 'eli/dl/event/MTG-PL-2025-05-08-VOT-ITM-965530', 'eli/dl/event/MTG-PL-2025-05-08-PVCRE-ITM-4', 'eli/dl/event/MTG-PL-2025-05-08-VOT-ITM-965527', 'eli/dl/event/MTG-PL-2025-05-08-PVCRE-ITM-13', 'eli/dl/event/MTG-PL-2025-05-08-PVCRE-CHA-4', 'eli/dl/event/MTG-PL-2025-05-08-VOT-ITM-965532', 'eli/dl/event/MTG-PL-2025-05-08-PVCRE-ITM-8', 'eli/dl/event/MTG-PL-2025-05-08-VOT-ITM-965545', 'eli/dl/event/MTG-PL-2025-05-08-VOT-ITM-965529', 'eli/dl/event/MTG-PL-2025-05-08-PVCRE-ITM-15', 'eli/dl/event/MTG-PL-2025-05-08-VOT-ITM-965499', 'eli/dl/event/MTG-PL-2025-05-08-VOT-ITM-965548', 'eli/dl/event/MTG-PL-2025-05-08-PVCRE-ITM-1', 'eli/dl/event/MTG-PL-2025-05-08-PVCRE-ITM-10', 'eli/dl/event/MTG-PL-2025-05-08-PVCRE-ITM-9', 'eli/dl/event/MTG-PL-2025-05-08-PVCRE-CHA-2', 'eli/dl/event/MTG-PL-2025-05-08-VOT-ITM-965531', 'eli/dl/event/MTG-PL-2025-05-08-PVCRE-ITM-5', 'eli/dl/event/MTG-PL-2025-05-08-VOT-ITM-965549', 'eli/dl/event/MTG-PL-2025-05-08-VOT-ITM-965565', 'eli/dl/event/MTG-PL-2025-05-08-VOT-ITM-965488', 'eli/dl/event/MTG-PL-2025-05-08-PVCRE-ITM-3', 'eli/dl/event/MTG-PL-2025-05-08-PVCRE-ITM-2', 'eli/dl/event/MTG-PL-2025-05-08-PVCRE-ITM-12', 'eli/dl/event/MTG-PL-2025-05-08-PVCRE-CHA-3', 'eli/dl/event/MTG-PL-2025-05-08-PVCRE-ITM-11', 'eli/dl/event/MTG-PL-2025-05-08-PVCRE-CHA-1', 'eli/dl/event/MTG-PL-2025-05-08-PVCRE-ITM-7']",['eli/dl/doc/OJQ-10-2025-05-08'],def/ep-activities/PLENARY_SITTING,"['person/125023', 'person/257038', 'person/257009', 'person/249603', 'person/96756', 'person/124985', 'person/28399', 'person/210480', 'person/197697', 'person/256960']","['person/256901', 'person/256939', 'person/124893', 'person/257257', 'person/197528', 'person/124795', 'person/251874', 'person/197577', 'person/257055', 'person/257045', 'person/257027', 'person/118859', 'person/197831', 'person/124691', 'person/257110', 'person/233862', 'person/256842', 'person/197655', 'person/218347', 'person/256870', 'person/96998', 'person/28122', 'person/256852', 'person/125204', 'person/257258', 'person/5729', 'person/197529', 'person/188096', 'person/256908', 'person/256968', 'person/257056', 'person/125046', 'person/96833', 'person/257121', 'person/197557', 'person/257073', 'person/96681', 'person/236053', 'person/256871', 'person/840', 'person/239260', 'person/124807', 'person/256909', 'person/197778', 'person/256969', 'person/190713', 'person/197734', 'person/256811', 'person/197690', 'person/197662', 'person/257140', 'person/197558', 'person/256926', 'person/257014', 'person/261038', 'person/23699', 'person/257084', 'person/119652', 'person/118949', 'person/124836', 'person/124808', 'person/191693', 'person/256976', 'person/106936', 'person/256994', 'person/257024', 'person/197691', 'person/197810', 'person/197800', 'person/204400', 'person/40599', 'person/256937', 'person/256927', 'person/197445', 'person/197463', 'person/256944', 'person/256829', 'person/4289', 'person/197795', 'person/256878', 'person/257119', 'person/257129', 'person/257147', 'person/257043', 'person/103246', 'person/198183', 'person/256956', 'person/129073', 'person/197464', 'person/131580', 'person/256840', 'person/197398', 'person/197425', 'person/257148', 'person/256962', 'person/197818', 'person/96711', 'person/197649', 'person/197533', 'person/256858', 'person/220871', 'person/125670', 'person/257082', 'person/257061', 'person/257011', 'person/257001', 'person/37324', 'person/197492', 'person/197432', 'person/28390', 'person/23816', 'person/257457', 'person/197782', 'person/256973', 'person/256991', 'person/197545', 'person/256865', 'person/257106', 'person/125325', 'person/256859', 'person/197606', 'person/256924', 'person/260724', 'person/257012', 'person/197552', 'person/237465', 'person/257072', 'person/257260', 'person/257116', 'person/198076', 'person/256866', 'person/257040', 'person/192254', 'person/256876', 'person/204332', 'person/256925', 'person/197461', 'person/197395', 'person/23781', 'person/257261', 'person/197514', 'person/257299', 'person/257117', 'person/257030', 'person/197580', 'person/124875', 'person/257145', 'person/257135', 'person/197591', 'person/257079', 'person/257097', 'person/256950', 'person/197701', 'person/1294', 'person/197462', 'person/25758', 'person/197679', 'person/256999', 'person/202036', 'person/261797', 'person/197401', 'person/197581', 'person/256900', 'person/257098', 'person/256834', 'person/257103', 'person/22418', 'person/197647', 'person/257163', 'person/220897', 'person/23788', 'person/256961', 'person/257070', 'person/257037', 'person/197413', 'person/257048', 'person/197430', 'person/198073', 'person/256846', 'person/28219', 'person/197490', 'person/197780', 'person/197770', 'person/256853', 'person/257104', 'person/197648', 'person/127766', 'person/204414', 'person/256814', 'person/257132', 'person/197781', 'person/197769', 'person/201945', 'person/197502', 'person/257066', 'person/256864', 'person/256919', 'person/197841', 'person/125001', 'person/256979', 'person/4395', 'person/256986', 'person/257237', 'person/257122', 'person/257297', 'person/125068', 'person/97236', 'person/257133', 'person/257085', 'person/96675', 'person/197439', 'person/96812', 'person/28419', 'person/40224', 'person/257150', 'person/33998', 'person/197498', 'person/197870', 'person/256987', 'person/257238', 'person/256882', 'person/257298', 'person/256997', 'person/197449', 'person/197684', 'person/187917', 'person/257255', 'person/257096', 'person/257151', 'person/257101', 'person/257053', 'person/88882', 'person/257025', 'person/256938', 'person/119435', 'person/256955', 'person/256850', 'person/185619', 'person/256949', 'person/257256', 'person/125027', 'person/256889', 'person/197652', 'person/256906', 'person/257054', 'person/113523', 'person/197537', 'person/124700', 'person/197475', 'person/256851', 'person/257064', 'person/256907', 'person/197829', 'person/256967', 'person/256917', 'person/197670', 'person/257120', 'person/256869', 'person/4267', 'person/197556', 'person/257109', 'person/96668', 'person/257169', 'person/39725', 'person/204419', 'person/124867', 'person/256820', 'person/257022', 'person/249982', 'person/256880', 'person/112744', 'person/256935', 'person/256809', 'person/197443', 'person/257083', 'person/193292', 'person/256942', 'person/220840', 'person/257127', 'person/185771', 'person/197627', 'person/256985', 'person/197573', 'person/257051', 'person/257041', 'person/257023', 'person/126699', 'person/206158', 'person/229839', 'person/256936', 'person/204333', 'person/122978', 'person/197444', 'person/197794', 'person/197525', 'person/257128', 'person/256877', 'person/197405', 'person/197628', 'person/256887', 'person/96752', 'person/197574', 'person/197711', 'person/257052', 'person/125042', 'person/96940', 'person/96808', 'person/245018', 'person/28223', 'person/197473', 'person/204449', 'person/96780', 'person/197412', 'person/257091', 'person/197406', 'person/245770', 'person/256888', 'person/257437', 'person/256911', 'person/96934', 'person/257727', 'person/256971', 'person/256845', 'person/197658', 'person/24942', 'person/256839', 'person/256857', 'person/197773', 'person/257081', 'person/257010', 'person/1909', 'person/1927', 'person/124799', 'person/91636', 'person/188945', 'person/257059', 'person/257049', 'person/257114', 'person/197491', 'person/198084', 'person/2341', 'person/257438', 'person/124760', 'person/256990', 'person/257020', 'person/256868', 'person/256874', 'person/97399', 'person/257301', 'person/125104', 'person/197845', 'person/197719', 'person/125012', 'person/257115', 'person/257125', 'person/257143', 'person/257077', 'person/256875', 'person/190574', 'person/28307', 'person/257088', 'person/197470', 'person/124713', 'person/197677', 'person/256941', 'person/256808', 'person/124884', 'person/197523', 'person/197694', 'person/257144', 'person/257078', 'person/101039', 'person/200345', 'person/256998', 'person/256893', 'person/261796', 'person/2152', 'person/197400', 'person/257028', 'person/257046', 'person/197410', 'person/197832', 'person/130100', 'person/256959', 'person/256843', 'person/256833', 'person/257102', 'person/244571', 'person/197646', 'person/256861', 'person/220896', 'person/202073', 'person/28617', 'person/230085', 'person/198176', 'person/96830', 'person/34232', 'person/124858', 'person/257047', 'person/99878', 'person/257112', 'person/257130', 'person/107212', 'person/197653', 'person/256844', 'person/197391', 'person/256872', 'person/256862', 'person/128483', 'person/197429', 'person/256966', 'person/256813', 'person/124701', 'person/112747', 'person/257113', 'person/197501', 'person/123562', 'person/257065', 'person/257015', 'person/257075', 'person/38542', 'person/197392', 'person/256978', 'person/257170', 'person/256977', 'person/256890', 'person/256824', 'person/219652', 'person/256989', 'person/257296', 'person/256995', 'person/197447', 'person/197682', 'person/112748', 'person/257076', 'person/256946', 'person/256830', 'person/256928', 'person/257094', 'person/124834', 'person/197517', 'person/257033', 'person/257138', 'person/197497', 'person/256891', 'person/256996', 'person/190464', 'person/257044', 'person/197448', 'person/38511', 'person/197802', 'person/204336', 'person/256947', 'person/28150', 'person/257160', 'person/257100', 'person/257139', 'person/257034', 'person/197578', 'person/257149', 'person/124846', 'person/256954', 'person/28226', 'person/101585', 'person/197466', 'person/257002', 'person/197416', 'person/256860', 'person/256898', 'person/88552', 'person/256915', 'person/197722', 'person/256964', 'person/257107', 'person/97968', 'person/86793', 'person/197607', 'person/96791', 'person/86057', 'person/197553', 'person/257092', 'person/257003', 'person/197417', 'person/197435', 'person/5736', 'person/36392', 'person/256916', 'person/95074', 'person/256965', 'person/30482', 'person/197784', 'person/256993', 'person/198490', 'person/257108', 'person/256922', 'person/204418', 'person/125093', 'person/124866', 'person/262021', 'person/257262', 'person/256983', 'person/257031', 'person/257021', 'person/256934', 'person/256951', 'person/257060', 'person/256945', 'person/197863', 'person/213330', 'person/197403', 'person/197636', 'person/256885', 'person/124877', 'person/197572', 'person/37312', 'person/257032', 'person/257050', 'person/197687', 'person/257137', 'person/24922', 'person/257099', 'person/257089', 'person/72779', 'person/256952', 'person/98582', 'person/257071', 'person/257000', 'person/197414', 'person/22858', 'person/197404', 'person/1917', 'person/256896', 'person/256886', 'person/197699', 'person/256913', 'person/256903', 'person/197421', 'person/197825', 'person/257259', 'person/256847', 'person/124895', 'person/197534', 'person/124861', 'person/125052', 'person/247735', 'person/257155', 'person/257029', 'person/257090', 'person/257039', 'person/257057', 'person/124802', 'person/96697', 'person/256910', 'person/189065', 'person/197721', 'person/256980', 'person/256970', 'person/197422', 'person/28347', 'person/197772', 'person/94649', 'person/256805', 'person/111412', 'person/124813', 'person/96709', 'person/124984', 'person/197623', 'person/183916', 'person/2268', 'person/256981', 'person/197500', 'person/257068', 'person/257086', 'person/257300', 'person/197440', 'person/256921', 'person/197718', 'person/256806', 'person/256823', 'person/214839', 'person/256883', 'person/257124', 'person/4746', 'person/5392', 'person/96787', 'person/96810', 'person/257087', 'person/124766', 'person/98341', 'person/257026', 'person/197402', 'person/267485', 'person/28400', 'person/256884']",594.0,org/ep-10,"['eli/dl/doc/CRE-10-2025-05-08', 'eli/dl/doc/PV-10-2025-05-08-VOT', 'eli/dl/doc/PV-10-2025-05-08-ATT', 'eli/dl/doc/PV-10-2025-05-08-RCV', 'eli/dl/doc/PV-10-2025-05-08']",http://publications.europa.eu/resource/authority/place/FRA_SXB,"['eli/dl/event/MTG-PL-2025-05-08-TF-0900', 'eli/dl/event/MTG-PL-2025-05-08-TF-1500', 'eli/dl/event/MTG-PL-2025-05-08-TF-1200']"
19,eli/dl/event/MTG-PL-2025-05-22,Activity,2025-05-22,2025-05-22T23:00:00+02:00,MTG-PL-2025-05-22,"{'sk': 'Štvrtok, 22. mája 2025', 'el': 'Πέμπτη 22 Μαίου 2025', 'nl': 'Donderdag 22 mei 2025', 'pt': 'Quinta-feira, 22 de Maio de 2025', 'es': 'Jueves 22 de mayo de 2025', 'hu': '2025. május 22., csütörtök', 'mt': ""Il-Ħamis, 22 ta' Mejju 2025"", 'sl': 'Četrtek, 22. maj 2025', 'fr': 'Jeudi 22 mai 2025', 'it': 'Giovedì 22 maggio 2025', 'pl': 'Czwartek, 22 maja 2025', 'lt': 'Ketvirtadienis, 2025 m. gegužės 22 d.', 'en': 'Thursday, 22 May 2025', 'da': 'Torsdag den 22. maj 2025', 'lv': 'Ceturtdiena, 2025. gada 22. maijs', 'ro': 'Joi, 22 mai 2025', 'cs': 'Čtvrtek, 22. května 2025', 'bg': 'Четвъртък, 22 май 2025', 'sv': 'Torsdagen den 22 maj 2025', 'de': 'Donnerstag, 22. Mai 2025', 'hr': 'četvrtak, 22. svibnja 2025.', 'et': 'Neljapäev, 22. mai 2025', 'ga': 'Déardaoin, 22 Bealtaine 2025', 'fi': 'Torstai 22. toukokuuta 2025'}",2025-05-22T01:00:00+02:00,"['eli/dl/event/MTG-PL-2025-05-22-PVCRE-ITM-9', 'eli/dl/event/MTG-PL-2025-05-22-PVCRE-ITM-2', 'eli/dl/event/MTG-PL-2025-05-22-VOT-ITM-965605', 'eli/dl/event/MTG-PL-2025-05-22-PVCRE-CHA-2', 'eli/dl/event/MTG-PL-2025-05-22-VOT-ITM-965587', 'eli/dl/event/MTG-PL-2025-05-22-PVCRE-ITM-7', 'eli/dl/event/MTG-PL-2025-05-22-PVCRE-CHA-3', 'eli/dl/event/MTG-PL-2025-05-22-PVCRE-ITM-5', 'eli/dl/event/MTG-PL-2025-05-22-VOT-ITM-965590', 'eli/dl/event/MTG-PL-2025-05-22-PVCRE-ITM-10', 'eli/dl/event/MTG-PL-2025-05-22-PVCRE-ITM-3', 'eli/dl/event/MTG-PL-2025-05-22-VOT-ITM-965586', 'eli/dl/event/MTG-PL-2025-05-22-PVCRE-ITM-1', 'eli/dl/event/MTG-PL-2025-05-22-VOT-ITM-965588', 'eli/dl/event/MTG-PL-2025-05-22-PVCRE-ITM-8', 'eli/dl/event/MTG-PL-2025-05-22-PVCRE-ITM-4', 'eli/dl/event/MTG-PL-2025-05-22-PVCRE-ITM-6', 'eli/dl/event/MTG-PL-2025-05-22-VOT-ITM-965625', 'eli/dl/event/MTG-PL-2025-05-22-VOT-ITM-965591', 'eli/dl/event/MTG-PL-2025-05-22-PVCRE-ITM-11', 'eli/dl/event/MTG-PL-2025-05-22-PVCRE-CHA-1', 'eli/dl/event/MTG-PL-2025-05-22-VOT-ITM-965626']",['eli/dl/doc/OJQ-10-2025-05-22'],def/ep-activities/PLENARY_SITTING,"['person/125023', 'person/256980', 'person/257089', 'person/197440', 'person/249603', 'person/257038', 'person/257009', 'person/256979', 'person/198076', 'person/256960']","['person/125204', 'person/197402', 'person/190464', 'person/230085', 'person/197416', 'person/257068', 'person/257039', 'person/257048', 'person/96681', 'person/257075', 'person/257019', 'person/197773', 'person/197780', 'person/197468', 'person/197475', 'person/197670', 'person/124866', 'person/257065', 'person/96830', 'person/204418', 'person/256922', 'person/256823', 'person/198176', 'person/257013', 'person/256967', 'person/256938', 'person/197649', 'person/257119', 'person/256901', 'person/256974', 'person/257126', 'person/197648', 'person/91636', 'person/251324', 'person/197655', 'person/257125', 'person/256915', 'person/220908', 'person/256951', 'person/96998', 'person/96936', 'person/197545', 'person/97968', 'person/208722', 'person/197690', 'person/124806', 'person/96787', 'person/129073', 'person/28307', 'person/257092', 'person/118949', 'person/128483', 'person/96675', 'person/1927', 'person/257132', 'person/197391', 'person/122978', 'person/261038', 'person/23699', 'person/197572', 'person/257022', 'person/4395', 'person/256994', 'person/124895', 'person/125093', 'person/257259', 'person/257296', 'person/256890', 'person/257258', 'person/256852', 'person/197404', 'person/197466', 'person/185771', 'person/197769', 'person/197502', 'person/96761', 'person/257027', 'person/257063', 'person/197410', 'person/256869', 'person/257057', 'person/256909', 'person/257155', 'person/256936', 'person/256965', 'person/256875', 'person/30123', 'person/257094', 'person/257056', 'person/189065', 'person/197684', 'person/125325', 'person/256959', 'person/197782', 'person/96934', 'person/257437', 'person/2268', 'person/256811', 'person/257001', 'person/197810', 'person/257114', 'person/236053', 'person/257080', 'person/119652', 'person/257113', 'person/256903', 'person/256910', 'person/257120', 'person/197579', 'person/107212', 'person/30482', 'person/197818', 'person/123562', 'person/197845', 'person/130100', 'person/40599', 'person/34232', 'person/22418', 'person/257457', 'person/101585', 'person/106936', 'person/256944', 'person/256834', 'person/256805', 'person/256814', 'person/124700', 'person/256841', 'person/257086', 'person/257140', 'person/197607', 'person/4746', 'person/220897', 'person/197580', 'person/23868', 'person/256840', 'person/257030', 'person/256820', 'person/257010', 'person/197553', 'person/197425', 'person/257169', 'person/197497', 'person/36392', 'person/193292', 'person/267485', 'person/256857', 'person/257045', 'person/96810', 'person/249982', 'person/256924', 'person/257044', 'person/257071', 'person/257015', 'person/257051', 'person/256947', 'person/257128', 'person/256918', 'person/197770', 'person/131580', 'person/256973', 'person/257143', 'person/256896', 'person/237465', 'person/197636', 'person/5729', 'person/204414', 'person/124850', 'person/261797', 'person/96711', 'person/197574', 'person/256970', 'person/257122', 'person/257102', 'person/256886', 'person/256893', 'person/257018', 'person/28150', 'person/197406', 'person/187917', 'person/197413', 'person/256855', 'person/96653', 'person/204449', 'person/28226', 'person/257079', 'person/257059', 'person/197778', 'person/257255', 'person/197463', 'person/257300', 'person/197784', 'person/197462', 'person/257060', 'person/197433', 'person/28400', 'person/183916', 'person/124858', 'person/256962', 'person/257261', 'person/124766', 'person/124799', 'person/256878', 'person/256905', 'person/257151', 'person/256941', 'person/256912', 'person/256884', 'person/197533', 'person/256955', 'person/197624', 'person/197549', 'person/125027', 'person/197702', 'person/197800', 'person/256961', 'person/197618', 'person/112747', 'person/236050', 'person/197492', 'person/201945', 'person/96668', 'person/197501', 'person/197556', 'person/256807', 'person/257088', 'person/256843', 'person/257033', 'person/214839', 'person/72779', 'person/101039', 'person/197841', 'person/256935', 'person/197711', 'person/218347', 'person/257047', 'person/96812', 'person/99945', 'person/256969', 'person/256949', 'person/202073', 'person/197772', 'person/37324', 'person/197421', 'person/124846', 'person/204400', 'person/124808', 'person/28347', 'person/257041', 'person/257118', 'person/190713', 'person/257024', 'person/256943', 'person/257124', 'person/256950', 'person/125068', 'person/125042', 'person/257299', 'person/257076', 'person/256866', 'person/197606', 'person/257101', 'person/88882', 'person/204333', 'person/197719', 'person/197444', 'person/256831', 'person/257021', 'person/197870', 'person/124985', 'person/256845', 'person/257097', 'person/124893', 'person/23788', 'person/4289', 'person/256824', 'person/257014', 'person/220871', 'person/256851', 'person/257050', 'person/197429', 'person/197403', 'person/197677', 'person/256999', 'person/28223', 'person/257049', 'person/96697', 'person/124691', 'person/256964', 'person/257116', 'person/37312', 'person/257082', 'person/257055', 'person/38511', 'person/257160', 'person/197627', 'person/197398', 'person/261796', 'person/245770', 'person/96933', 'person/24922', 'person/197697', 'person/256957', 'person/257109', 'person/127766', 'person/197529', 'person/197802', 'person/103246', 'person/257727', 'person/1917', 'person/24942', 'person/256839', 'person/257029', 'person/197832', 'person/256902', 'person/86793', 'person/22858', 'person/197578', 'person/256881', 'person/197621', 'person/257106', 'person/256880', 'person/197591', 'person/257078', 'person/256860', 'person/257012', 'person/197401', 'person/198490', 'person/257084', 'person/256874', 'person/124713', 'person/197417', 'person/96808', 'person/229839', 'person/111412', 'person/256859', 'person/256833', 'person/257085', 'person/197432', 'person/256813', 'person/197552', 'person/220896', 'person/197514', 'person/94649', 'person/257091', 'person/124875', 'person/119435', 'person/256987', 'person/257260', 'person/197734', 'person/126699', 'person/256993', 'person/257145', 'person/197473', 'person/200345', 'person/257043', 'person/257070', 'person/213330', 'person/256966', 'person/256946', 'person/256900', 'person/28399', 'person/124760', 'person/198183', 'person/124722', 'person/256889', 'person/256945', 'person/257135', 'person/197647', 'person/257104', 'person/256888', 'person/197537', 'person/256806', 'person/197517', 'person/256842', 'person/28122', 'person/197691', 'person/197447', 'person/110673', 'person/244571', 'person/197581', 'person/118859', 'person/197543', 'person/197523', 'person/197840', 'person/197781', 'person/197763', 'person/97399', 'person/98582', 'person/124867', 'person/257066', 'person/257037', 'person/257020', 'person/257073', 'person/257099', 'person/257000', 'person/96811', 'person/256847', 'person/204419', 'person/257072', 'person/256862', 'person/197825', 'person/256939', 'person/28219', 'person/124861', 'person/840', 'person/188096', 'person/257127', 'person/197722', 'person/125001', 'person/38542', 'person/256981', 'person/125670', 'person/197721', 'person/247735', 'person/124701', 'person/124807', 'person/256908', 'person/257093', 'person/124813', 'person/260724', 'person/257133', 'person/239260', 'person/197573', 'person/256804', 'person/197461', 'person/197589', 'person/97236', 'person/198373', 'person/25758', 'person/256877', 'person/197412', 'person/257150', 'person/28617', 'person/197558', 'person/257028', 'person/256883', 'person/257064', 'person/257035', 'person/197623', 'person/210480', 'person/256937', 'person/257256', 'person/256876', 'person/197525', 'person/197464', 'person/197491', 'person/197435', 'person/198073', 'person/257025', 'person/257438', 'person/257061', 'person/197490', 'person/257087', 'person/88552', 'person/95074', 'person/98219', 'person/256829', 'person/256927', 'person/204413', 'person/124973', 'person/257054', 'person/257081', 'person/197469', 'person/256911', 'person/96932', 'person/2341', 'person/197658', 'person/256983', 'person/124828', 'person/124802', 'person/124736', 'person/256968', 'person/256990', 'person/125104', 'person/188945', 'person/112744', 'person/197400', 'person/197392', 'person/197498', 'person/257069', 'person/257023', 'person/256942', 'person/256858', 'person/256885', 'person/256865', 'person/96833', 'person/257046', 'person/256925', 'person/197794', 'person/256891', 'person/197718', 'person/257016', 'person/256871', 'person/257052', 'person/197443', 'person/197863', 'person/197405', 'person/257129', 'person/256919', 'person/197395', 'person/96709', 'person/197701', 'person/257095', 'person/40224', 'person/256998', 'person/5736', 'person/197738', 'person/256997', 'person/197646', 'person/256971', 'person/257149', 'person/197653', 'person/257103', 'person/197652', 'person/256879', 'person/219652', 'person/99878', 'person/197414', 'person/124836', 'person/256904', 'person/96791', 'person/197534', 'person/125012', 'person/256830', 'person/257108', 'person/96940', 'person/198084', 'person/256846', 'person/197528', 'person/197831', 'person/257301', 'person/197500', 'person/256853', 'person/256815', 'person/23816', 'person/257077', 'person/257031', 'person/257040', 'person/257011', 'person/124877', 'person/124884', 'person/256907', 'person/4267', 'person/257262', 'person/257083', 'person/197682', 'person/98341', 'person/256913', 'person/197460', 'person/256985', 'person/191693', 'person/204332', 'person/257090', 'person/256986', 'person/39725', 'person/257138', 'person/1294', 'person/256809', 'person/197687', 'person/197839', 'person/256992', 'person/257144', 'person/96752', 'person/206158', 'person/197577', 'person/197557', 'person/256882', 'person/257034', 'person/197449', 'person/190574']",570.0,org/ep-10,"['eli/dl/doc/PV-10-2025-05-22', 'eli/dl/doc/PV-10-2025-05-22-ATT', 'eli/dl/doc/PV-10-2025-05-22-VOT', 'eli/dl/doc/CRE-10-2025-05-22', 'eli/dl/doc/PV-10-2025-05-22-RCV']",http://publications.europa.eu/resource/authority/place/BEL_BRU,"['eli/dl/event/MTG-PL-2025-05-22-TF-1100', 'eli/dl/event/MTG-PL-2025-05-22-TF-0900']"
20,eli/dl/event/MTG-PL-2025-06-19,Activity,2025-06-19,2025-06-19T23:00:00+02:00,MTG-PL-2025-06-19,"{'sk': 'Štvrtok, 19. júna 2025', 'hu': '2025. június 19., csütörtök', 'bg': 'Четвъртък, 19 юни 2025', 'nl': 'Donderdag 19 juni 2025', 'da': 'Torsdag den 19. juni 2025', 'en': 'Thursday, 19 June 2025', 'de': 'Donnerstag, 19. Juni 2025', 'lv': 'Ceturtdiena, 2025. gada 19. jūnijs', 'sv': 'Torsdagen den 19 juni 2025', 'mt': ""Il-Ħamis, 19 ta' Ġunju 2025"", 'it': 'Giovedì 19 giugno 2025', 'fi': 'Torstai 19. kesäkuuta 2025', 'sl': 'Četrtek, 19. junij 2025', 'lt': 'Ketvirtadienis, 2025 m. birželio 19 d.', 'ga': 'Déardaoin, 19 Meitheamh 2025', 'ro': 'Joi, 19 iunie 2025', 'el': 'Πέμπτη 19 Ιουνίου 2025', 'et': 'Neljapäev, 19. juuni 2025', 'pl': 'Czwartek, 19 czerwca 2025', 'pt': 'Quinta-feira, 19 de Junho de 2025', 'fr': 'Jeudi 19 juin 2025', 'es': 'Jueves 19 de junio de 2025', 'cs': 'Čtvrtek, 19. června 2025', 'hr': 'četvrtak, 19. lipnja 2025.'}",2025-06-19T01:00:00+02:00,"['eli/dl/event/MTG-PL-2025-06-19-PVCRE-ITM-14', 'eli/dl/event/MTG-PL-2025-06-19-PVCRE-ITM-3', 'eli/dl/event/MTG-PL-2025-06-19-PVCRE-ITM-4', 'eli/dl/event/MTG-PL-2025-06-19-VOT-ITM-965690', 'eli/dl/event/MTG-PL-2025-06-19-VOT-ITM-965670', 'eli/dl/event/MTG-PL-2025-06-19-PVCRE-ITM-6', 'eli/dl/event/MTG-PL-2025-06-19-VOT-ITM-965705', 'eli/dl/event/MTG-PL-2025-06-19-PVCRE-ITM-10', 'eli/dl/event/MTG-PL-2025-06-19-VOT-ITM-965709', 'eli/dl/event/MTG-PL-2025-06-19-PVCRE-ITM-12', 'eli/dl/event/MTG-PL-2025-06-19-PVCRE-ITM-9', 'eli/dl/event/MTG-PL-2025-06-19-PVCRE-CHA-1', 'eli/dl/event/MTG-PL-2025-06-19-PVCRE-ITM-13', 'eli/dl/event/MTG-PL-2025-06-19-PVCRE-ITM-2', 'eli/dl/event/MTG-PL-2025-06-19-PVCRE-CHA-2', 'eli/dl/event/MTG-PL-2025-06-19-PVCRE-ITM-1', 'eli/dl/event/MTG-PL-2025-06-19-PVCRE-ITM-11', 'eli/dl/event/MTG-PL-2025-06-19-VOT-ITM-965710', 'eli/dl/event/MTG-PL-2025-06-19-PVCRE-ITM-5', 'eli/dl/event/MTG-PL-2025-06-19-VOT-ITM-965691', 'eli/dl/event/MTG-PL-2025-06-19-PVCRE-ITM-7', 'eli/dl/event/MTG-PL-2025-06-19-VOT-ITM-965708', 'eli/dl/event/MTG-PL-2025-06-19-PVCRE-ITM-8', 'eli/dl/event/MTG-PL-2025-06-19-PVCRE-CHA-3']",['eli/dl/doc/OJQ-10-2025-06-19'],def/ep-activities/PLENARY_SITTING,"['person/197426', 'person/96780', 'person/257035', 'person/256841', 'person/256876', 'person/256962', 'person/213330', 'person/124867', 'person/204333', 'person/256823', 'person/197440', 'person/256960', 'person/198076', 'person/249603', 'person/36392', 'person/124861', 'person/257038', 'person/125023', 'person/98582']","['person/130100', 'person/95074', 'person/256875', 'person/256941', 'person/256860', 'person/30123', 'person/257044', 'person/267485', 'person/257026', 'person/257101', 'person/23788', 'person/197462', 'person/257114', 'person/257255', 'person/257076', 'person/197672', 'person/256957', 'person/197558', 'person/257298', 'person/126699', 'person/257238', 'person/28419', 'person/124875', 'person/197395', 'person/125104', 'person/251324', 'person/197445', 'person/197430', 'person/197461', 'person/256990', 'person/257002', 'person/233862', 'person/197413', 'person/197493', 'person/197503', 'person/124700', 'person/257297', 'person/197557', 'person/103246', 'person/257065', 'person/257050', 'person/257122', 'person/257133', 'person/197687', 'person/197589', 'person/256845', 'person/34232', 'person/256946', 'person/256915', 'person/197702', 'person/256830', 'person/257301', 'person/256808', 'person/256839', 'person/256824', 'person/197655', 'person/256978', 'person/256995', 'person/256989', 'person/96830', 'person/256888', 'person/124985', 'person/96756', 'person/197502', 'person/257033', 'person/257039', 'person/257132', 'person/257127', 'person/202036', 'person/208722', 'person/256807', 'person/33998', 'person/97236', 'person/124736', 'person/1927', 'person/261796', 'person/256813', 'person/256887', 'person/197832', 'person/256872', 'person/256877', 'person/201945', 'person/197734', 'person/256862', 'person/257046', 'person/236053', 'person/124836', 'person/22858', 'person/125046', 'person/257078', 'person/257063', 'person/124799', 'person/124760', 'person/256959', 'person/256911', 'person/256942', 'person/256861', 'person/198084', 'person/256905', 'person/256820', 'person/28122', 'person/256880', 'person/256893', 'person/197463', 'person/96752', 'person/257077', 'person/257088', 'person/257031', 'person/257145', 'person/119652', 'person/257299', 'person/257256', 'person/197845', 'person/262021', 'person/96653', 'person/98341', 'person/96826', 'person/28399', 'person/197517', 'person/257003', 'person/197607', 'person/86793', 'person/257081', 'person/256809', 'person/257018', 'person/256889', 'person/257106', 'person/257094', 'person/197549', 'person/197534', 'person/197699', 'person/99945', 'person/256955', 'person/256874', 'person/28307', 'person/256868', 'person/197718', 'person/197624', 'person/206158', 'person/256949', 'person/110673', 'person/204332', 'person/257080', 'person/257091', 'person/257075', 'person/197422', 'person/257150', 'person/197623', 'person/230085', 'person/257237', 'person/256917', 'person/197572', 'person/220896', 'person/256857', 'person/197841', 'person/37312', 'person/97399', 'person/256971', 'person/256997', 'person/96675', 'person/197721', 'person/197469', 'person/256907', 'person/256987', 'person/197421', 'person/197500', 'person/257010', 'person/257016', 'person/257047', 'person/4395', 'person/257119', 'person/124813', 'person/210480', 'person/257104', 'person/1909', 'person/256881', 'person/256986', 'person/40599', 'person/124984', 'person/239260', 'person/256938', 'person/2341', 'person/28223', 'person/237465', 'person/257015', 'person/197466', 'person/257163', 'person/204414', 'person/257118', 'person/257103', 'person/124834', 'person/197636', 'person/257005', 'person/197829', 'person/124802', 'person/256853', 'person/197417', 'person/197497', 'person/197402', 'person/4746', 'person/125093', 'person/257023', 'person/257054', 'person/257111', 'person/257135', 'person/256834', 'person/124850', 'person/197543', 'person/257261', 'person/256919', 'person/256999', 'person/256936', 'person/256967', 'person/197781', 'person/24922', 'person/256851', 'person/257022', 'person/257028', 'person/257110', 'person/96998', 'person/197392', 'person/257260', 'person/257049', 'person/197795', 'person/256935', 'person/97968', 'person/197780', 'person/197722', 'person/129073', 'person/256850', 'person/197870', 'person/197697', 'person/28400', 'person/256866', 'person/124877', 'person/197770', 'person/197738', 'person/197391', 'person/257067', 'person/257148', 'person/260035', 'person/28150', 'person/256865', 'person/256948', 'person/197574', 'person/256900', 'person/124866', 'person/256991', 'person/124893', 'person/256882', 'person/197414', 'person/197494', 'person/219652', 'person/257066', 'person/257020', 'person/257051', 'person/197404', 'person/257147', 'person/88882', 'person/28615', 'person/257457', 'person/257041', 'person/124846', 'person/256979', 'person/257083', 'person/125052', 'person/256815', 'person/197646', 'person/197429', 'person/197403', 'person/197470', 'person/125670', 'person/124722', 'person/256829', 'person/261797', 'person/256814', 'person/257070', 'person/257155', 'person/257140', 'person/257007', 'person/197694', 'person/256878', 'person/197523', 'person/256944', 'person/256846', 'person/197628', 'person/197677', 'person/256895', 'person/256961', 'person/257079', 'person/257064', 'person/197491', 'person/197435', 'person/197400', 'person/197627', 'person/197652', 'person/28219', 'person/5729', 'person/96681', 'person/257258', 'person/112748', 'person/256811', 'person/124895', 'person/256950', 'person/197416', 'person/257053', 'person/124858', 'person/257257', 'person/112747', 'person/188945', 'person/256810', 'person/2152', 'person/257108', 'person/257096', 'person/256870', 'person/5736', 'person/124973', 'person/197684', 'person/125204', 'person/256927', 'person/256842', 'person/96711', 'person/256912', 'person/197772', 'person/96812', 'person/197763', 'person/256992', 'person/198176', 'person/257082', 'person/96932', 'person/197448', 'person/257107', 'person/5392', 'person/204418', 'person/257085', 'person/197719', 'person/257124', 'person/257009', 'person/124806', 'person/197818', 'person/197525', 'person/198373', 'person/125012', 'person/256859', 'person/112744', 'person/197778', 'person/256973', 'person/197447', 'person/122978', 'person/119435', 'person/197412', 'person/257170', 'person/94649', 'person/197406', 'person/197591', 'person/197573', 'person/220897', 'person/257012', 'person/257025', 'person/256858', 'person/257100', 'person/257139', 'person/256908', 'person/256925', 'person/256956', 'person/256840', 'person/244571', 'person/218347', 'person/257011', 'person/197475', 'person/197460', 'person/257001', 'person/185771', 'person/257259', 'person/197670', 'person/256939', 'person/251874', 'person/256924', 'person/118859', 'person/197711', 'person/190574', 'person/257296', 'person/197825', 'person/197556', 'person/256855', 'person/256980', 'person/257300', 'person/96697', 'person/197769', 'person/96787', 'person/183916', 'person/256994', 'person/257097', 'person/30482', 'person/202073', 'person/124715', 'person/197580', 'person/257056', 'person/257069', 'person/124766', 'person/257137', 'person/101039', 'person/257126', 'person/256806', 'person/197810', 'person/1294', 'person/189065', 'person/28347', 'person/256969', 'person/197800', 'person/197831', 'person/256886', 'person/256952', 'person/256921', 'person/256871', 'person/96761', 'person/197498', 'person/111412', 'person/257024', 'person/257055', 'person/257037', 'person/197408', 'person/257112', 'person/257040', 'person/197473', 'person/197579', 'person/257262', 'person/257045', 'person/257727', 'person/256937', 'person/256968', 'person/257072', 'person/197552', 'person/256920', 'person/256852', 'person/40224', 'person/256910', 'person/96810', 'person/257013', 'person/1917', 'person/39725', 'person/257087', 'person/257061', 'person/197533', 'person/257144', 'person/124701', 'person/185341', 'person/197786', 'person/256804', 'person/220908', 'person/99878', 'person/256899', 'person/256965', 'person/256909', 'person/96940', 'person/197490', 'person/257068', 'person/197439', 'person/257143', 'person/257149', 'person/261038', 'person/28617', 'person/256803', 'person/257160', 'person/23868', 'person/256898', 'person/256964', 'person/197606', 'person/256883', 'person/198490', 'person/124884', 'person/72779', 'person/256954', 'person/96668', 'person/197405', 'person/25758', 'person/187917', 'person/257057', 'person/190713', 'person/123562', 'person/257138', 'person/257084', 'person/125068', 'person/125042', 'person/257090', 'person/197690', 'person/124795', 'person/106936', 'person/197581', 'person/256922', 'person/91636', 'person/28226', 'person/96791', 'person/124785', 'person/197679', 'person/256831', 'person/256916', 'person/256901', 'person/193292', 'person/204336', 'person/256891', 'person/197840', 'person/256996', 'person/256970', 'person/24942', 'person/197468', 'person/96936', 'person/96833', 'person/198183', 'person/257071', 'person/257073', 'person/257099', 'person/124713', 'person/4289', 'person/257089', 'person/256847', 'person/23781', 'person/197529', 'person/257128', 'person/197514', 'person/199941', 'person/256890', 'person/256977', 'person/256896', 'person/236050', 'person/197802', 'person/197492', 'person/88552', 'person/257060', 'person/197401', 'person/188096', 'person/38542', 'person/23816', 'person/86057', 'person/204449', 'person/197528', 'person/197577', 'person/257437', 'person/256805', 'person/257014', 'person/220871', 'person/197618', 'person/257029', 'person/257102', 'person/197545', 'person/125001', 'person/256966', 'person/256885', 'person/256951', 'person/256945', 'person/197701', 'person/127766', 'person/37324', 'person/192254', 'person/197398', 'person/101585', 'person/256983', 'person/247735', 'person/197433', 'person/197464', 'person/257109', 'person/257032', 'person/257092', 'person/257120', 'person/256928', 'person/256843', 'person/197773', 'person/124808', 'person/190464', 'person/256913', 'person/107212', 'person/125027', 'person/249982', 'person/256833', 'person/256903', 'person/96709', 'person/256993', 'person/256918', 'person/256998', 'person/197432', 'person/197449', 'person/204419', 'person/257086', 'person/257125', 'person/124807', 'person/257021', 'person/257027', 'person/257058', 'person/256902', 'person/257115', 'person/840', 'person/260724', 'person/2268', 'person/197691', 'person/197794', 'person/256934', 'person/125325']",597.0,org/ep-10,"['eli/dl/doc/PV-10-2025-06-19', 'eli/dl/doc/PV-10-2025-06-19-RCV', 'eli/dl/doc/CRE-10-2025-06-19', 'eli/dl/doc/PV-10-2025-06-19-ATT', 'eli/dl/doc/PV-10-2025-06-19-VOT']",http://publications.europa.eu/resource/authority/place/FRA_SXB,"['eli/dl/event/MTG-PL-2025-06-19-TF-1500', 'eli/dl/event/MTG-PL-2025-06-19-TF-1200', 'eli/dl/event/MTG-PL-2025-06-19-TF-0900']"
21,eli/dl/event/MTG-PL-2025-07-10,Activity,2025-07-10,2025-07-10T23:00:00+02:00,MTG-PL-2025-07-10,"{'el': 'Πέμπτη 10 Ιουλίου 2025', 'bg': 'Четвъртък, 10 юли 2025', 'pt': 'Quinta-feira, 10 de Julho de 2025', 'en': 'Thursday, 10 July 2025', 'hr': 'četvrtak, 10. srpnja 2025.', 'es': 'Jueves 10 de julio de 2025', 'et': 'Neljapäev, 10. juuli 2025', 'nl': 'Donderdag 10 juli 2025', 'sk': 'Štvrtok, 10. júla 2025', 'it': 'Giovedì 10 luglio 2025', 'fr': 'Jeudi 10 juillet 2025', 'lv': 'Ceturtdiena, 2025. gada 10. jūlijs', 'sv': 'Torsdagen den 10 juli 2025', 'mt': ""Il-Ħamis, 10 ta' Lulju 2025"", 'pl': 'Czwartek, 10 lipca 2025', 'cs': 'Čtvrtek, 10. července 2025', 'ga': 'Déardaoin, 10 Iúil 2025', 'fi': 'Torstai 10. heinäkuuta 2025', 'da': 'Torsdag den 10. juli 2025', 'ro': 'Joi, 10 iulie 2025', 'de': 'Donnerstag, 10. Juli 2025', 'lt': 'Ketvirtadienis, 2025 m. liepos 10 d.', 'hu': '2025. július 10., csütörtök', 'sl': 'Četrtek, 10. julij 2025'}",2025-07-10T01:00:00+02:00,"['eli/dl/event/MTG-PL-2025-07-10-VOT-ITM-965830', 'eli/dl/event/MTG-PL-2025-07-10-PVCRE-ITM-7', 'eli/dl/event/MTG-PL-2025-07-10-PVCRE-ITM-5', 'eli/dl/event/MTG-PL-2025-07-10-VOT-ITM-965783', 'eli/dl/event/MTG-PL-2025-07-10-PVCRE-ITM-8', 'eli/dl/event/MTG-PL-2025-07-10-VOT-ITM-965778', 'eli/dl/event/MTG-PL-2025-07-10-VOT-ITM-965831', 'eli/dl/event/MTG-PL-2025-07-10-PVCRE-ITM-13', 'eli/dl/event/MTG-PL-2025-07-10-PVCRE-ITM-9', 'eli/dl/event/MTG-PL-2025-07-10-PVCRE-CHA-2', 'eli/dl/event/MTG-PL-2025-07-10-PVCRE-CHA-1', 'eli/dl/event/MTG-PL-2025-07-10-PVCRE-ITM-14', 'eli/dl/event/MTG-PL-2025-07-10-VOT-ITM-965828', 'eli/dl/event/MTG-PL-2025-07-10-VOT-ITM-965825', 'eli/dl/event/MTG-PL-2025-07-10-PVCRE-ITM-1', 'eli/dl/event/MTG-PL-2025-07-10-PVCRE-ITM-10', 'eli/dl/event/MTG-PL-2025-07-10-PVCRE-CHA-3', 'eli/dl/event/MTG-PL-2025-07-10-PVCRE-ITM-15', 'eli/dl/event/MTG-PL-2025-07-10-VOT-ITM-965829', 'eli/dl/event/MTG-PL-2025-07-10-PVCRE-ITM-2', 'eli/dl/event/MTG-PL-2025-07-10-PVCRE-ITM-11', 'eli/dl/event/MTG-PL-2025-07-10-PVCRE-CHA-4', 'eli/dl/event/MTG-PL-2025-07-10-PVCRE-ITM-16', 'eli/dl/event/MTG-PL-2025-07-10-PVCRE-ITM-6', 'eli/dl/event/MTG-PL-2025-07-10-PVCRE-ITM-4', 'eli/dl/event/MTG-PL-2025-07-10-PVCRE-ITM-3', 'eli/dl/event/MTG-PL-2025-07-10-PVCRE-ITM-12']",['eli/dl/doc/OJQ-10-2025-07-10'],def/ep-activities/PLENARY_SITTING,"['person/24922', 'person/257038', 'person/198076', 'person/197440', 'person/125023']","['person/197701', 'person/197624', 'person/197460', 'person/256956', 'person/256895', 'person/97399', 'person/256809', 'person/256966', 'person/251874', 'person/197577', 'person/98219', 'person/256889', 'person/4746', 'person/257149', 'person/257155', 'person/124736', 'person/257043', 'person/220897', 'person/220840', 'person/197832', 'person/197405', 'person/197406', 'person/261038', 'person/96934', 'person/96998', 'person/197422', 'person/256924', 'person/197491', 'person/256918', 'person/256850', 'person/28150', 'person/24942', 'person/256998', 'person/840', 'person/230085', 'person/183916', 'person/256844', 'person/96761', 'person/257258', 'person/124877', 'person/257091', 'person/257104', 'person/257110', 'person/257005', 'person/257011', 'person/257068', 'person/257069', 'person/197501', 'person/197800', 'person/33998', 'person/256881', 'person/256876', 'person/256882', 'person/197621', 'person/256859', 'person/38511', 'person/96787', 'person/257296', 'person/131580', 'person/23699', 'person/124802', 'person/1294', 'person/260724', 'person/257037', 'person/126699', 'person/204418', 'person/124713', 'person/95074', 'person/28390', 'person/256990', 'person/256985', 'person/197636', 'person/256904', 'person/197466', 'person/256968', 'person/197772', 'person/256921', 'person/197579', 'person/256814', 'person/197395', 'person/210480', 'person/38542', 'person/237465', 'person/256830', 'person/256831', 'person/124850', 'person/122978', 'person/257071', 'person/124828', 'person/199941', 'person/257049', 'person/257055', 'person/257061', 'person/257170', 'person/99878', 'person/28399', 'person/256936', 'person/197498', 'person/256862', 'person/197839', 'person/197528', 'person/197534', 'person/256846', 'person/257116', 'person/257122', 'person/257117', 'person/257023', 'person/257018', 'person/218347', 'person/257086', 'person/257087', 'person/124700', 'person/204333', 'person/197449', 'person/256948', 'person/256949', 'person/256888', 'person/197653', 'person/118859', 'person/256808', 'person/256965', 'person/125042', 'person/124984', 'person/23868', 'person/124985', 'person/256811', 'person/124808', 'person/257148', 'person/257160', 'person/257041', 'person/220896', 'person/123562', 'person/197825', 'person/197831', 'person/1909', 'person/98582', 'person/197490', 'person/197404', 'person/197841', 'person/197468', 'person/256997', 'person/96933', 'person/197421', 'person/256917', 'person/197784', 'person/197690', 'person/197514', 'person/197691', 'person/125068', 'person/256843', 'person/257262', 'person/257257', 'person/257090', 'person/257103', 'person/96697', 'person/124846', 'person/257010', 'person/257073', 'person/200345', 'person/256874', 'person/256880', 'person/101039', 'person/256875', 'person/130100', 'person/256951', 'person/256952', 'person/110673', 'person/256858', 'person/88882', 'person/96791', 'person/103246', 'person/257140', 'person/257135', 'person/257035', 'person/257099', 'person/204346', 'person/185341', 'person/257727', 'person/94649', 'person/28226', 'person/256983', 'person/197401', 'person/256903', 'person/197655', 'person/197470', 'person/197649', 'person/256967', 'person/197770', 'person/72779', 'person/256920', 'person/256977', 'person/257301', 'person/197578', 'person/256813', 'person/256823', 'person/257237', 'person/257238', 'person/257070', 'person/257053', 'person/257048', 'person/204449', 'person/257054', 'person/1927', 'person/197738', 'person/197416', 'person/197417', 'person/197433', 'person/125204', 'person/256935', 'person/197497', 'person/256861', 'person/245770', 'person/197697', 'person/256839', 'person/96756', 'person/197543', 'person/256855', 'person/124795', 'person/257115', 'person/124858', 'person/188945', 'person/257016', 'person/257022', 'person/257079', 'person/257085', 'person/2268', 'person/204332', 'person/198490', 'person/197448', 'person/256970', 'person/256947', 'person/256887', 'person/256893', 'person/257457', 'person/256900', 'person/197652', 'person/197558', 'person/256807', 'person/256964', 'person/107212', 'person/197580', 'person/214839', 'person/256810', 'person/197581', 'person/193292', 'person/124807', 'person/124813', 'person/257147', 'person/257040', 'person/197403', 'person/256995', 'person/197840', 'person/256996', 'person/96932', 'person/25758', 'person/98341', 'person/256915', 'person/197818', 'person/256979', 'person/197782', 'person/96833', 'person/256916', 'person/197719', 'person/127766', 'person/197684', 'person/256841', 'person/257255', 'person/257072', 'person/257256', 'person/256842', 'person/124861', 'person/257261', 'person/257101', 'person/257002', 'person/198084', 'person/257003', 'person/113523', 'person/257066', 'person/124691', 'person/28347', 'person/197429', 'person/197435', 'person/5729', 'person/197445', 'person/197699', 'person/257438', 'person/256944', 'person/256950', 'person/197545', 'person/256857', 'person/190464', 'person/28617', 'person/220801', 'person/257127', 'person/257133', 'person/257128', 'person/257028', 'person/257034', 'person/257029', 'person/257097', 'person/192254', 'person/125670', 'person/197711', 'person/28400', 'person/197392', 'person/247735', 'person/197628', 'person/256902', 'person/197648', 'person/197463', 'person/197464', 'person/256959', 'person/256899', 'person/187917', 'person/28219', 'person/197670', 'person/256976', 'person/96830', 'person/96808', 'person/112748', 'person/96681', 'person/97236', 'person/257052', 'person/257046', 'person/30123', 'person/197842', 'person/197778', 'person/197432', 'person/256934', 'person/256928', 'person/197679', 'person/197795', 'person/256860', 'person/189065', 'person/197525', 'person/5392', 'person/257084', 'person/4289', 'person/124893', 'person/257108', 'person/257114', 'person/257120', 'person/257020', 'person/257015', 'person/260035', 'person/257078', 'person/257021', 'person/262021', 'person/197769', 'person/197447', 'person/256946', 'person/256891', 'person/256885', 'person/256886', 'person/96810', 'person/256805', 'person/197557', 'person/256806', 'person/256962', 'person/256869', 'person/197573', 'person/197574', 'person/257299', 'person/257145', 'person/257151', 'person/124806', 'person/39725', 'person/86793', 'person/197402', 'person/256994', 'person/197412', 'person/256908', 'person/256909', 'person/96826', 'person/256978', 'person/197781', 'person/256840', 'person/197718', 'person/197682', 'person/197589', 'person/256824', 'person/197591', 'person/256834', 'person/96752', 'person/257260', 'person/96653', 'person/257081', 'person/257001', 'person/257064', 'person/257059', 'person/257065', 'person/124867', 'person/40224', 'person/197870', 'person/213330', 'person/197444', 'person/256872', 'person/257437', 'person/197537', 'person/256943', 'person/96668', 'person/34232', 'person/256866', 'person/23788', 'person/129073', 'person/257126', 'person/257132', 'person/257027', 'person/257033', 'person/219652', 'person/204414', 'person/36392', 'person/37312', 'person/28223', 'person/256980', 'person/256981', 'person/197391', 'person/197646', 'person/197627', 'person/197462', 'person/256901', 'person/256898', 'person/256911', 'person/125046', 'person/125052', 'person/112747', 'person/124760', 'person/96675', 'person/257163', 'person/257045', 'person/257051', 'person/124834', 'person/197408', 'person/197414', 'person/198373', 'person/204129', 'person/267485', 'person/28419', 'person/197430', 'person/256926', 'person/256927', 'person/197494', 'person/256852', 'person/197829', 'person/197794', 'person/197694', 'person/256853', 'person/257083', 'person/23816', 'person/111412', 'person/23781', 'person/257093', 'person/257107', 'person/257112', 'person/257113', 'person/257013', 'person/204400', 'person/257014', 'person/257077', 'person/233862', 'person/86057', 'person/197503', 'person/261797', 'person/256961', 'person/97968', 'person/197607', 'person/256945', 'person/256884', 'person/256890', 'person/188096', 'person/249603', 'person/256955', 'person/256804', 'person/197556', 'person/125027', 'person/256868', 'person/190574', 'person/197572', 'person/256878', 'person/257298', 'person/112744', 'person/257138', 'person/257144', 'person/257139', 'person/257150', 'person/99945', 'person/124722', 'person/37324', 'person/197722', 'person/256993', 'person/28307', 'person/256907', 'person/256913', 'person/190713', 'person/197475', 'person/197780', 'person/96940', 'person/256987', 'person/125106', 'person/197398', 'person/125065', 'person/236053', 'person/256833', 'person/202036', 'person/185771', 'person/257080', 'person/124836', 'person/257000', 'person/257057', 'person/257063', 'person/257058', 'person/124866', 'person/197500', 'person/197426', 'person/197863', 'person/197443', 'person/256939', 'person/256870', 'person/202073', 'person/256871', 'person/256942', 'person/191693', 'person/30482', 'person/197553', 'person/256865', 'person/257095', 'person/124799', 'person/257130', 'person/257125', 'person/257131', 'person/257119', 'person/249982', 'person/257031', 'person/257032', 'person/2341', 'person/257089', 'person/204413', 'person/106936', 'person/204336', 'person/239260', 'person/251324', 'person/197702', 'person/91636', 'person/256973', 'person/40599', 'person/96811', 'person/256957', 'person/197461', 'person/256896', 'person/256910', 'person/197662', 'person/256974', 'person/4395', 'person/256820', 'person/236050', 'person/88552', 'person/101585', 'person/257044', 'person/257050', 'person/257060', 'person/1917', 'person/197734', 'person/197413', 'person/96936', 'person/256919', 'person/256925', 'person/197492', 'person/197677', 'person/197493', 'person/256989', 'person/197786', 'person/125093', 'person/256851', 'person/22418', 'person/197687', 'person/197517', 'person/197523', 'person/256999', 'person/256829', 'person/197533', 'person/220908', 'person/256845', 'person/124884', 'person/4267', 'person/124785', 'person/257092', 'person/257111', 'person/257106', 'person/257012', 'person/257007', 'person/257075', 'person/257076', 'person/197502', 'person/197802', 'person/261796', 'person/201945', 'person/197439', 'person/256960', 'person/125325', 'person/197606', 'person/256883', 'person/208722', 'person/256954', 'person/256803', 'person/197549', 'person/124973', 'person/256877', 'person/257297', 'person/96709', 'person/257137', 'person/257143', 'person/204419', 'person/22858', 'person/197721', 'person/256991', 'person/28122', 'person/197410', 'person/256906', 'person/197473', 'person/256969', 'person/256912', 'person/197773', 'person/198176', 'person/125104', 'person/256986', 'person/256815', 'person/124766', 'person/119652', 'person/257169', 'person/257056', 'person/197845', 'person/2152', 'person/197425', 'person/119435', 'person/197763', 'person/256937', 'person/5736', 'person/256938', 'person/256863', 'person/256864', 'person/197529', 'person/256941', 'person/125012', 'person/256847', 'person/96711', 'person/197552', 'person/96780', 'person/257094', 'person/257123', 'person/257118', 'person/257124', 'person/257024', 'person/257030', 'person/58766', 'person/257025', 'person/257088', 'person/220871', 'person/124701']",658.0,org/ep-10,"['eli/dl/doc/PV-10-2025-07-10-ATT', 'eli/dl/doc/CRE-10-2025-07-10', 'eli/dl/doc/PV-10-2025-07-10-RCV', 'eli/dl/doc/PV-10-2025-07-10', 'eli/dl/doc/PV-10-2025-07-10-VOT']",http://publications.europa.eu/resource/authority/place/FRA_SXB,"['eli/dl/event/MTG-PL-2025-07-10-TF-0900', 'eli/dl/event/MTG-PL-2025-07-10-TF-1500', 'eli/dl/event/MTG-PL-2025-07-10-TF-1200']"
22,eli/dl/event/MTG-PL-2025-09-11,Activity,2025-09-11,2025-09-11T23:00:00+02:00,MTG-PL-2025-09-11,"{'es': 'Jueves 11 de septiembre de 2025', 'da': 'Torsdag den 11. september 2025', 'bg': 'Четвъртък, 11 септември 2025', 'nl': 'Donderdag 11 september 2025', 'ro': 'Joi, 11 septembrie 2025', 'it': 'Giovedì 11 settembre 2025', 'ga': 'Déardaoin, 11 Meán Fómhair 2025', 'pl': 'Czwartek, 11 września 2025', 'el': 'Πέμπτη 11 Σεπτεμβρίου 2025', 'hr': 'četvrtak, 11. rujna 2025.', 'sv': 'Torsdagen den 11 september 2025', 'de': 'Donnerstag, 11. September 2025', 'pt': 'Quinta-feira, 11 de Setembro de 2025', 'sk': 'Štvrtok, 11. septembra 2025', 'lt': 'Ketvirtadienis, 2025 m. rugsėjo 11 d.', 'et': 'Neljapäev, 11. september 2025', 'lv': 'Ceturtdiena, 2025. gada 11. septembris', 'en': 'Thursday, 11 September 2025', 'hu': '2025. szeptember 11., csütörtök', 'sl': 'Četrtek, 11. september 2025', 'fi': 'Torstai 11. syyskuuta 2025', 'cs': 'Čtvrtek, 11. září 2025', 'fr': 'Jeudi 11 septembre 2025', 'mt': ""Il-Ħamis, 11 ta' Settembru 2025""}",2025-09-11T01:00:00+02:00,"['eli/dl/event/MTG-PL-2025-09-11-VOT-ITM-971229', 'eli/dl/event/MTG-PL-2025-09-11-PVCRE-ITM-4', 'eli/dl/event/MTG-PL-2025-09-11-PVCRE-ITM-9', 'eli/dl/event/MTG-PL-2025-09-11-PVCRE-ITM-6', 'eli/dl/event/MTG-PL-2025-09-11-PVCRE-ITM-7', 'eli/dl/event/MTG-PL-2025-09-11-VOT-ITM-971346', 'eli/dl/event/MTG-PL-2025-09-11-PVCRE-ITM-13', 'eli/dl/event/MTG-PL-2025-09-11-VOT-ITM-970648', 'eli/dl/event/MTG-PL-2025-09-11-PVCRE-ITM-8', 'eli/dl/event/MTG-PL-2025-09-11-PVCRE-ITM-14', 'eli/dl/event/MTG-PL-2025-09-11-VOT-ITM-971344', 'eli/dl/event/MTG-PL-2025-09-11-PVCRE-ITM-16', 'eli/dl/event/MTG-PL-2025-09-11-PVCRE-ITM-15', 'eli/dl/event/MTG-PL-2025-09-11-VOT-ITM-971174', 'eli/dl/event/MTG-PL-2025-09-11-PVCRE-ITM-17', 'eli/dl/event/MTG-PL-2025-09-11-VOT-ITM-970665', 'eli/dl/event/MTG-PL-2025-09-11-VOT-ITM-971240', 'eli/dl/event/MTG-PL-2025-09-11-VOT-ITM-970662', 'eli/dl/event/MTG-PL-2025-09-11-PVCRE-ITM-10', 'eli/dl/event/MTG-PL-2025-09-11-PVCRE-ITM-1', 'eli/dl/event/MTG-PL-2025-09-11-PVCRE-ITM-12', 'eli/dl/event/MTG-PL-2025-09-11-PVCRE-ITM-11', 'eli/dl/event/MTG-PL-2025-09-11-PVCRE-ITM-18', 'eli/dl/event/MTG-PL-2025-09-11-VOT-ITM-970663', 'eli/dl/event/MTG-PL-2025-09-11-VOT-ITM-971243', 'eli/dl/event/MTG-PL-2025-09-11-PVCRE-ITM-2', 'eli/dl/event/MTG-PL-2025-09-11-PVCRE-ITM-3', 'eli/dl/event/MTG-PL-2025-09-11-PVCRE-ITM-5']",['eli/dl/doc/OJQ-10-2025-09-11'],def/ep-activities/PLENARY_SITTING,"['person/125023', 'person/257038', 'person/256956', 'person/197422', 'person/220801', 'person/197440', 'person/256917', 'person/125106', 'person/198076', 'person/36392', 'person/124700', 'person/256922', 'person/257438', 'person/257009', 'person/204336']","['person/197646', 'person/197763', 'person/257151', 'person/256843', 'person/1917', 'person/257087', 'person/257025', 'person/257106', 'person/256928', 'person/103246', 'person/197794', 'person/96709', 'person/256898', 'person/257057', 'person/256993', 'person/28122', 'person/257072', 'person/197684', 'person/197573', 'person/197769', 'person/257256', 'person/96756', 'person/124861', 'person/257110', 'person/256921', 'person/257000', 'person/256969', 'person/188945', 'person/101039', 'person/257260', 'person/256871', 'person/256952', 'person/256841', 'person/256842', 'person/257085', 'person/198073', 'person/257104', 'person/197697', 'person/256926', 'person/256927', 'person/198183', 'person/256896', 'person/256977', 'person/257056', 'person/125027', 'person/197682', 'person/197398', 'person/125204', 'person/256847', 'person/197493', 'person/840', 'person/230085', 'person/197523', 'person/124795', 'person/197463', 'person/197464', 'person/257013', 'person/125046', 'person/197500', 'person/38511', 'person/37324', 'person/229839', 'person/257071', 'person/124766', 'person/197658', 'person/192254', 'person/257163', 'person/256855', 'person/23781', 'person/256950', 'person/257037', 'person/257099', 'person/257118', 'person/197870', 'person/197421', 'person/5729', 'person/197469', 'person/233862', 'person/256840', 'person/257103', 'person/257084', 'person/96830', 'person/256925', 'person/106936', 'person/197711', 'person/28400', 'person/256846', 'person/197462', 'person/124691', 'person/257012', 'person/124875', 'person/118859', 'person/256883', 'person/197574', 'person/256964', 'person/256803', 'person/257043', 'person/94649', 'person/267485', 'person/257097', 'person/257098', 'person/257116', 'person/257117', 'person/23868', 'person/197468', 'person/256939', 'person/260724', 'person/124722', 'person/96697', 'person/197591', 'person/204418', 'person/23788', 'person/256859', 'person/197425', 'person/96780', 'person/257150', 'person/197395', 'person/214839', 'person/197829', 'person/5736', 'person/197719', 'person/97968', 'person/124808', 'person/256992', 'person/198176', 'person/197572', 'person/256962', 'person/197653', 'person/257041', 'person/256882', 'person/28615', 'person/197433', 'person/249982', 'person/198084', 'person/197738', 'person/28347', 'person/257115', 'person/257096', 'person/125001', 'person/197628', 'person/256937', 'person/197503', 'person/256920', 'person/125325', 'person/190574', 'person/197578', 'person/256968', 'person/197439', 'person/190464', 'person/256858', 'person/197549', 'person/40599', 'person/124836', 'person/125670', 'person/197841', 'person/257299', 'person/257024', 'person/210480', 'person/256811', 'person/96833', 'person/124807', 'person/256895', 'person/257055', 'person/256866', 'person/257040', 'person/197432', 'person/197652', 'person/129073', 'person/1909', 'person/28219', 'person/257049', 'person/257070', 'person/23816', 'person/256967', 'person/256980', 'person/256870', 'person/98582', 'person/96761', 'person/197408', 'person/190713', 'person/257007', 'person/197840', 'person/257102', 'person/91636', 'person/256924', 'person/28223', 'person/256810', 'person/257053', 'person/257054', 'person/197445', 'person/261038', 'person/257237', 'person/257238', 'person/131580', 'person/119652', 'person/257127', 'person/197492', 'person/197430', 'person/185771', 'person/256815', 'person/197461', 'person/96998', 'person/257011', 'person/257048', 'person/251324', 'person/4289', 'person/256853', 'person/112744', 'person/1927', 'person/208722', 'person/218347', 'person/257005', 'person/256823', 'person/256938', 'person/257067', 'person/256908', 'person/187917', 'person/256878', 'person/28390', 'person/257052', 'person/197444', 'person/256973', 'person/257727', 'person/239260', 'person/197534', 'person/256829', 'person/197475', 'person/257120', 'person/197699', 'person/256814', 'person/197460', 'person/197621', 'person/197449', 'person/125042', 'person/96653', 'person/197589', 'person/256979', 'person/257255', 'person/30123', 'person/197802', 'person/257145', 'person/257019', 'person/202073', 'person/185341', 'person/257114', 'person/256851', 'person/236053', 'person/257095', 'person/30482', 'person/197627', 'person/256936', 'person/249603', 'person/197502', 'person/197722', 'person/256987', 'person/257066', 'person/256907', 'person/110673', 'person/95074', 'person/119435', 'person/197773', 'person/256857', 'person/112748', 'person/125104', 'person/219652', 'person/200345', 'person/257023', 'person/124806', 'person/197778', 'person/257081', 'person/197448', 'person/96787', 'person/256865', 'person/257128', 'person/197800', 'person/256960', 'person/257018', 'person/197401', 'person/256850', 'person/257079', 'person/197831', 'person/197786', 'person/257094', 'person/256935', 'person/197501', 'person/197721', 'person/257064', 'person/123562', 'person/96791', 'person/96810', 'person/204414', 'person/112747', 'person/28419', 'person/257297', 'person/261797', 'person/197517', 'person/257022', 'person/124884', 'person/257301', 'person/256893', 'person/198490', 'person/24922', 'person/257437', 'person/183916', 'person/257126', 'person/256864', 'person/197491', 'person/256834', 'person/1294', 'person/197400', 'person/197734', 'person/256999', 'person/257078', 'person/256919', 'person/257016', 'person/197624', 'person/127766', 'person/245770', 'person/88552', 'person/257047', 'person/197435', 'person/256869', 'person/197655', 'person/257160', 'person/197839', 'person/204413', 'person/197545', 'person/257035', 'person/197405', 'person/125068', 'person/197406', 'person/257131', 'person/28399', 'person/261796', 'person/257296', 'person/244571', 'person/257093', 'person/257020', 'person/130100', 'person/256877', 'person/260035', 'person/113523', 'person/257101', 'person/96681', 'person/122978', 'person/257051', 'person/256862', 'person/197553', 'person/256943', 'person/257125', 'person/197490', 'person/199941', 'person/256813', 'person/33998', 'person/204346', 'person/256978', 'person/40224', 'person/197558', 'person/256881', 'person/256900', 'person/125012', 'person/256948', 'person/256949', 'person/257144', 'person/197529', 'person/257034', 'person/197404', 'person/256986', 'person/257003', 'person/256906', 'person/124867', 'person/107212', 'person/197691', 'person/257065', 'person/197581', 'person/197772', 'person/245018', 'person/256876', 'person/256971', 'person/197412', 'person/257028', 'person/257109', 'person/197842', 'person/197636', 'person/257059', 'person/257080', 'person/197447', 'person/256990', 'person/197557', 'person/256880', 'person/197498', 'person/256947', 'person/257143', 'person/124895', 'person/256934', 'person/256889', 'person/256820', 'person/256809', 'person/256985', 'person/256904', 'person/256905', 'person/197770', 'person/256874', 'person/256955', 'person/124736', 'person/257137', 'person/257021', 'person/220871', 'person/257058', 'person/257300', 'person/124858', 'person/197863', 'person/193292', 'person/197416', 'person/256833', 'person/256998', 'person/257077', 'person/256918', 'person/96936', 'person/197623', 'person/124701', 'person/197784', 'person/256888', 'person/256808', 'person/256983', 'person/256903', 'person/198373', 'person/25758', 'person/256839', 'person/206158', 'person/197514', 'person/236050', 'person/256824', 'person/257092', 'person/220908', 'person/125052', 'person/197679', 'person/256989', 'person/22858', 'person/124802', 'person/257100', 'person/256911', 'person/251874', 'person/256959', 'person/257155', 'person/256861', 'person/197552', 'person/256942', 'person/96668', 'person/38542', 'person/257124', 'person/257075', 'person/257014', 'person/96934', 'person/96808', 'person/257259', 'person/256997', 'person/197687', 'person/197607', 'person/99945', 'person/197782', 'person/197702', 'person/96675', 'person/197577', 'person/86793', 'person/96711', 'person/257046', 'person/197672', 'person/257149', 'person/197528', 'person/197403', 'person/257033', 'person/97236', 'person/257091', 'person/124785', 'person/124866', 'person/96812', 'person/197810', 'person/256970', 'person/256845', 'person/256860', 'person/204400', 'person/256941', 'person/257027', 'person/257089', 'person/257108', 'person/197392', 'person/256830', 'person/202036', 'person/124713', 'person/256995', 'person/256915', 'person/197606', 'person/197781', 'person/197701', 'person/197556', 'person/257258', 'person/124973', 'person/197497', 'person/124760', 'person/197417', 'person/256946', 'person/237465', 'person/257031', 'person/197402', 'person/257032', 'person/125065', 'person/124799', 'person/257112', 'person/96826', 'person/257170', 'person/86057', 'person/257002', 'person/197690', 'person/204333', 'person/96811', 'person/191693', 'person/257262', 'person/256954', 'person/256844', 'person/257026', 'person/257088', 'person/257107', 'person/197391', 'person/197410', 'person/197825', 'person/4267', 'person/2268', 'person/197795', 'person/256945', 'person/101585', 'person/257140', 'person/124828', 'person/197525', 'person/34232', 'person/257030', 'person/2152', 'person/4746', 'person/124893', 'person/124813', 'person/257061', 'person/256887', 'person/204332', 'person/256902', 'person/256872', 'person/257039', 'person/125093', 'person/257135', 'person/197533', 'person/124850', 'person/257086', 'person/97399', 'person/197470', 'person/197618', 'person/256891', 'person/256910', 'person/197429', 'person/197649', 'person/4395', 'person/197494', 'person/197414', 'person/256831', 'person/96933', 'person/189065', 'person/256996', 'person/124877', 'person/256916', 'person/188096', 'person/256885', 'person/256966', 'person/256805', 'person/256886', 'person/256806', 'person/256981', 'person/257148', 'person/256901', 'person/23699', 'person/256951', 'person/257119', 'person/124834', 'person/257069', 'person/257090', 'person/257060', 'person/197580', 'person/256890', 'person/197647', 'person/256957', 'person/197648', 'person/220840', 'person/197537', 'person/96752', 'person/257123', 'person/98219', 'person/28150', 'person/257073', 'person/257457', 'person/256899', 'person/126699', 'person/96932', 'person/24942', 'person/256994', 'person/197780', 'person/257257', 'person/256965', 'person/256804', 'person/257044', 'person/28617', 'person/197670', 'person/128483', 'person/257147', 'person/220896', 'person/270261', 'person/96940', 'person/204449', 'person/256909', 'person/39725', 'person/257001', 'person/204419', 'person/72779', 'person/37312', 'person/257261', 'person/247735', 'person/197426']",623.0,org/ep-10,"['eli/dl/doc/PV-10-2025-09-11-VOT', 'eli/dl/doc/PV-10-2025-09-11-RCV', 'eli/dl/doc/CRE-10-2025-09-11', 'eli/dl/doc/PV-10-2025-09-11', 'eli/dl/doc/PV-10-2025-09-11-ATT']",http://publications.europa.eu/resource/authority/place/FRA_SXB,"['eli/dl/event/MTG-PL-2025-09-11-TF-0830', 'eli/dl/event/MTG-PL-2025-09-11-TF-1200', 'eli/dl/event/MTG-PL-2025-09-11-TF-1500']"
23,eli/dl/event/MTG-PL-2025-10-09,Activity,2025-10-09,2025-10-09T23:00:00+02:00,MTG-PL-2025-10-09,"{'lt': 'Ketvirtadienis, 2025 m. spalio 9 d.', 'it': 'Giovedì 9 ottobre 2025', 'lv': 'Ceturtdiena, 2025. gada 9. oktobris', 'bg': 'Четвъртък, 9 октомври 2025', 'mt': ""Il-Ħamis, 9 ta' Ottubru 2025"", 'pl': 'Czwartek, 9 października 2025', 'da': 'Torsdag den 9. oktober 2025', 'en': 'Thursday, 9 October 2025', 'cs': 'Čtvrtek, 9. října 2025', 'de': 'Donnerstag, 9. Oktober 2025', 'nl': 'Donderdag 9 oktober 2025', 'es': 'Jueves 9 de octubre de 2025', 'hr': 'četvrtak, 9. listopada 2025.', 'ga': 'Déardaoin, 9 Deireadh Fómhair 2025', 'fr': 'Jeudi 9 octobre 2025', 'sv': 'Torsdagen den 9 oktober 2025', 'el': 'Πέμπτη 9 Οκτωβρίου 2025', 'sl': 'Četrtek, 9. oktober 2025', 'ro': 'Joi, 9 octombrie 2025', 'et': 'Neljapäev, 9. oktoober 2025', 'pt': 'Quinta-feira, 9 de Outubro de 2025', 'hu': '2025. október 9., csütörtök', 'sk': 'Štvrtok, 9. októbra 2025', 'fi': 'Torstai 9. lokakuuta 2025'}",2025-10-09T01:00:00+02:00,"['eli/dl/event/MTG-PL-2025-10-09-VOT-ITM-973400', 'eli/dl/event/MTG-PL-2025-10-09-PVCRE-ITM-17', 'eli/dl/event/MTG-PL-2025-10-09-VOT-ITM-973903', 'eli/dl/event/MTG-PL-2025-10-09-PVCRE-ITM-9', 'eli/dl/event/MTG-PL-2025-10-09-PVCRE-ITM-10', 'eli/dl/event/MTG-PL-2025-10-09-VOT-ITM-973331', 'eli/dl/event/MTG-PL-2025-10-09-PVCRE-ITM-4', 'eli/dl/event/MTG-PL-2025-10-09-PVCRE-ITM-2', 'eli/dl/event/MTG-PL-2025-10-09-VOT-ITM-973328', 'eli/dl/event/MTG-PL-2025-10-09-VOT-ITM-973529', 'eli/dl/event/MTG-PL-2025-10-09-VOT-ITM-973931', 'eli/dl/event/MTG-PL-2025-10-09-PVCRE-ITM-13', 'eli/dl/event/MTG-PL-2025-10-09-VOT-ITM-973905', 'eli/dl/event/MTG-PL-2025-10-09-PVCRE-CHA-1', 'eli/dl/event/MTG-PL-2025-10-09-PVCRE-ITM-16', 'eli/dl/event/MTG-PL-2025-10-09-PVCRE-ITM-8', 'eli/dl/event/MTG-PL-2025-10-09-PVCRE-ITM-3', 'eli/dl/event/MTG-PL-2025-10-09-PVCRE-ITM-1', 'eli/dl/event/MTG-PL-2025-10-09-PVCRE-ITM-12', 'eli/dl/event/MTG-PL-2025-10-09-VOT-ITM-973521', 'eli/dl/event/MTG-PL-2025-10-09-VOT-ITM-973956', 'eli/dl/event/MTG-PL-2025-10-09-VOT-ITM-974022', 'eli/dl/event/MTG-PL-2025-10-09-PVCRE-CHA-3', 'eli/dl/event/MTG-PL-2025-10-09-PVCRE-ITM-5', 'eli/dl/event/MTG-PL-2025-10-09-VOT-ITM-973902', 'eli/dl/event/MTG-PL-2025-10-09-PVCRE-ITM-14', 'eli/dl/event/MTG-PL-2025-10-09-VOT-ITM-973932', 'eli/dl/event/MTG-PL-2025-10-09-PVCRE-ITM-15', 'eli/dl/event/MTG-PL-2025-10-09-PVCRE-ITM-7', 'eli/dl/event/MTG-PL-2025-10-09-PVCRE-CHA-4', 'eli/dl/event/MTG-PL-2025-10-09-PVCRE-ITM-11', 'eli/dl/event/MTG-PL-2025-10-09-PVCRE-ITM-6']",['eli/dl/doc/OJQ-10-2025-10-09'],def/ep-activities/PLENARY_SITTING,"['person/36392', 'person/257035', 'person/58766', 'person/125065', 'person/220801', 'person/257009', 'person/204332', 'person/198373', 'person/125023', 'person/257438', 'person/197440', 'person/256917', 'person/198183', 'person/28615', 'person/197460', 'person/197677', 'person/197422', 'person/198076']","['person/257024', 'person/256965', 'person/197475', 'person/197545', 'person/256928', 'person/256890', 'person/257262', 'person/124715', 'person/256913', 'person/124700', 'person/124799', 'person/257457', 'person/124784', 'person/197718', 'person/197492', 'person/197577', 'person/197628', 'person/124985', 'person/257050', 'person/96808', 'person/256815', 'person/257013', 'person/256954', 'person/257127', 'person/257097', 'person/122978', 'person/37312', 'person/256847', 'person/256902', 'person/256986', 'person/257030', 'person/257144', 'person/256971', 'person/256864', 'person/256934', 'person/197658', 'person/197466', 'person/256896', 'person/197429', 'person/197391', 'person/197414', 'person/197498', 'person/197840', 'person/112747', 'person/230085', 'person/257056', 'person/256853', 'person/257019', 'person/256945', 'person/257088', 'person/257150', 'person/197525', 'person/256885', 'person/257257', 'person/256908', 'person/256870', 'person/257437', 'person/256977', 'person/197403', 'person/197778', 'person/197557', 'person/270261', 'person/197435', 'person/218347', 'person/197829', 'person/197795', 'person/99945', 'person/125068', 'person/119435', 'person/197574', 'person/257045', 'person/197589', 'person/204413', 'person/95074', 'person/125001', 'person/257107', 'person/257077', 'person/251324', 'person/28223', 'person/198073', 'person/197503', 'person/118859', 'person/257025', 'person/256966', 'person/257010', 'person/257139', 'person/256951', 'person/125325', 'person/257094', 'person/126699', 'person/257124', 'person/125104', 'person/256859', 'person/256844', 'person/37324', 'person/30123', 'person/210480', 'person/124867', 'person/28399', 'person/188096', 'person/124701', 'person/190574', 'person/28347', 'person/256998', 'person/256983', 'person/124884', 'person/256876', 'person/125042', 'person/237465', 'person/197655', 'person/197820', 'person/197580', 'person/197687', 'person/197426', 'person/197672', 'person/112744', 'person/96756', 'person/96826', 'person/96811', 'person/197800', 'person/188945', 'person/183916', 'person/22858', 'person/257130', 'person/256865', 'person/257237', 'person/257016', 'person/1294', 'person/256957', 'person/86793', 'person/197537', 'person/256882', 'person/113523', 'person/256905', 'person/197591', 'person/256989', 'person/197400', 'person/33998', 'person/256937', 'person/197447', 'person/197432', 'person/204333', 'person/257057', 'person/257727', 'person/257005', 'person/257119', 'person/256946', 'person/257089', 'person/30482', 'person/256839', 'person/256824', 'person/220897', 'person/257037', 'person/256978', 'person/257022', 'person/256926', 'person/257260', 'person/256911', 'person/124713', 'person/98219', 'person/256995', 'person/256980', 'person/256804', 'person/256888', 'person/94649', 'person/204414', 'person/125093', 'person/197398', 'person/97236', 'person/197406', 'person/197652', 'person/261796', 'person/197832', 'person/197699', 'person/256813', 'person/197684', 'person/124861', 'person/257048', 'person/28400', 'person/257110', 'person/256845', 'person/256830', 'person/23699', 'person/28226', 'person/197517', 'person/256877', 'person/256862', 'person/257028', 'person/256969', 'person/257300', 'person/38511', 'person/197549', 'person/197464', 'person/197534', 'person/124850', 'person/197412', 'person/197772', 'person/197444', 'person/197690', 'person/257069', 'person/257054', 'person/86057', 'person/257093', 'person/257002', 'person/101039', 'person/256943', 'person/257086', 'person/257101', 'person/257116', 'person/96791', 'person/257255', 'person/256906', 'person/124807', 'person/257034', 'person/257148', 'person/256960', 'person/197647', 'person/256992', 'person/220908', 'person/124893', 'person/96697', 'person/197606', 'person/197572', 'person/197395', 'person/197679', 'person/197623', 'person/245770', 'person/185771', 'person/256810', 'person/204336', 'person/197501', 'person/256857', 'person/256842', 'person/96934', 'person/256949', 'person/124736', 'person/256805', 'person/197529', 'person/256889', 'person/197514', 'person/256874', 'person/239260', 'person/197461', 'person/256891', 'person/28617', 'person/197439', 'person/197719', 'person/197670', 'person/197818', 'person/197784', 'person/197493', 'person/257049', 'person/197578', 'person/192254', 'person/197721', 'person/257066', 'person/204449', 'person/257051', 'person/106936', 'person/257090', 'person/2152', 'person/257029', 'person/257014', 'person/96940', 'person/256955', 'person/257128', 'person/257113', 'person/190464', 'person/256918', 'person/110673', 'person/256903', 'person/256987', 'person/257031', 'person/257145', 'person/129073', 'person/257299', 'person/197552', 'person/256935', 'person/247735', 'person/256920', 'person/124836', 'person/197839', 'person/197618', 'person/197392', 'person/198490', 'person/214839', 'person/197841', 'person/112748', 'person/257102', 'person/193292', 'person/34232', 'person/96998', 'person/189065', 'person/213330', 'person/191693', 'person/256886', 'person/257258', 'person/256909', 'person/256871', 'person/98341', 'person/197404', 'person/111412', 'person/197558', 'person/197473', 'person/197543', 'person/197697', 'person/197682', 'person/197421', 'person/197701', 'person/197781', 'person/197490', 'person/257046', 'person/257070', 'person/257108', 'person/257078', 'person/257063', 'person/23781', 'person/72779', 'person/220871', 'person/257026', 'person/256967', 'person/257011', 'person/88882', 'person/256952', 'person/257125', 'person/257095', 'person/236053', 'person/256900', 'person/256999', 'person/256808', 'person/840', 'person/197770', 'person/23868', 'person/204418', 'person/257296', 'person/28419', 'person/249603', 'person/257114', 'person/256834', 'person/96812', 'person/103246', 'person/249982', 'person/25758', 'person/197870', 'person/256866', 'person/220840', 'person/257238', 'person/256851', 'person/98582', 'person/256990', 'person/257163', 'person/197468', 'person/91636', 'person/197523', 'person/256883', 'person/127766', 'person/197416', 'person/197662', 'person/24942', 'person/197470', 'person/197621', 'person/197448', 'person/197694', 'person/96709', 'person/257043', 'person/208722', 'person/28219', 'person/257082', 'person/229839', 'person/125670', 'person/96932', 'person/256947', 'person/96711', 'person/96780', 'person/201945', 'person/23816', 'person/257259', 'person/202073', 'person/257038', 'person/256979', 'person/257023', 'person/1917', 'person/124766', 'person/256964', 'person/2341', 'person/257137', 'person/256912', 'person/257261', 'person/124828', 'person/101585', 'person/256996', 'person/257169', 'person/124813', 'person/256981', 'person/185619', 'person/197782', 'person/197491', 'person/257170', 'person/197734', 'person/261797', 'person/197627', 'person/124984', 'person/256829', 'person/256814', 'person/257126', 'person/256846', 'person/256831', 'person/124802', 'person/256809', 'person/256970', 'person/257143', 'person/256878', 'person/257301', 'person/124834', 'person/24922', 'person/257160', 'person/256895', 'person/256880', 'person/200345', 'person/28122', 'person/251874', 'person/197413', 'person/197773', 'person/197497', 'person/131580', 'person/202036', 'person/197445', 'person/197691', 'person/197430', 'person/257055', 'person/23788', 'person/257040', 'person/4746', 'person/96830', 'person/257018', 'person/256959', 'person/257003', 'person/125204', 'person/257117', 'person/256944', 'person/257087', 'person/257072', 'person/260035', 'person/257256', 'person/256907', 'person/124808', 'person/256976', 'person/257020', 'person/257149', 'person/124877', 'person/260724', 'person/197556', 'person/256939', 'person/119652', 'person/256924', 'person/197648', 'person/256993', 'person/197794', 'person/197607', 'person/197573', 'person/125052', 'person/197845', 'person/257106', 'person/197624', 'person/219652', 'person/257061', 'person/28390', 'person/256811', 'person/197763', 'person/197502', 'person/123562', 'person/257138', 'person/257123', 'person/256950', 'person/124866', 'person/256858', 'person/256843', 'person/197810', 'person/99878', 'person/256806', 'person/257155', 'person/257140', 'person/256875', 'person/256860', 'person/204129', 'person/40599', 'person/124846', 'person/197408', 'person/197462', 'person/97399', 'person/197425', 'person/197410', 'person/197494', 'person/40224', 'person/96810', 'person/22418', 'person/257067', 'person/257052', 'person/96787', 'person/257091', 'person/128483', 'person/197769', 'person/257015', 'person/1909', 'person/257129', 'person/257000', 'person/257099', 'person/256941', 'person/257084', 'person/256881', 'person/256919', 'person/256904', 'person/257032', 'person/256973', 'person/124760', 'person/197553', 'person/198176', 'person/256936', 'person/256921', 'person/197711', 'person/197825', 'person/257041', 'person/96761', 'person/257080', 'person/197842', 'person/257118', 'person/197636', 'person/257073', 'person/198084', 'person/256823', 'person/220896', 'person/206158', 'person/257021', 'person/257135', 'person/256962', 'person/257120', 'person/97968', 'person/267485', 'person/107212', 'person/256855', 'person/96833', 'person/256840', 'person/256910', 'person/197649', 'person/256994', 'person/5736', 'person/256803', 'person/256887', 'person/256872', 'person/124858', 'person/197405', 'person/197831', 'person/96668', 'person/197863', 'person/257047', 'person/96653', 'person/96752', 'person/270719', 'person/96936', 'person/257079', 'person/257064', 'person/262021', 'person/256861', 'person/257027', 'person/256968', 'person/257096', 'person/125106', 'person/190713', 'person/197463', 'person/125027', 'person/125012', 'person/256893', 'person/197533', 'person/256916', 'person/244571', 'person/256901', 'person/256985', 'person/38542', 'person/204419', 'person/96675', 'person/257297', 'person/257060', 'person/197738', 'person/197443', 'person/124973', 'person/236050', 'person/257092', 'person/2268', 'person/257001', 'person/88552', 'person/256942', 'person/257115', 'person/187917', 'person/256820', 'person/124691', 'person/257033', 'person/124806', 'person/1927', 'person/257147', 'person/256974', 'person/257132', 'person/124875', 'person/256852', 'person/4289', 'person/256922', 'person/197646', 'person/199941', 'person/256884', 'person/261038', 'person/96681', 'person/197417', 'person/197402', 'person/28150', 'person/197449', 'person/197500', 'person/257044', 'person/256841', 'person/257007', 'person/96933', 'person/257076', 'person/197528', 'person/257039']",622.0,org/ep-10,"['eli/dl/doc/PV-10-2025-10-09-VOT', 'eli/dl/doc/PV-10-2025-10-09-RCV', 'eli/dl/doc/CRE-10-2025-10-09', 'eli/dl/doc/PV-10-2025-10-09', 'eli/dl/doc/PV-10-2025-10-09-ATT']",http://publications.europa.eu/resource/authority/place/FRA_SXB,"['eli/dl/event/MTG-PL-2025-10-09-TF-0900', 'eli/dl/event/MTG-PL-2025-10-09-TF-1500', 'eli/dl/event/MTG-PL-2025-10-09-TF-1200']"
24,eli/dl/event/MTG-PL-2025-10-23,Activity,2025-10-23,2025-10-23T23:00:00+02:00,MTG-PL-2025-10-23,"{'nl': 'Donderdag 23 oktober 2025', 'sk': 'Štvrtok, 23. októbra 2025', 'lt': 'Ketvirtadienis, 2025 m. spalio 23 d.', 'it': 'Giovedì 23 ottobre 2025', 'cs': 'Čtvrtek, 23. října 2025', 'et': 'Neljapäev, 23. oktoober 2025', 'da': 'Torsdag den 23. oktober 2025', 'mt': ""Il-Ħamis, 23 ta' Ottubru 2025"", 'hu': '2025. október 23., csütörtök', 'bg': 'Четвъртък, 23 октомври 2025', 'sl': 'Četrtek, 23. oktober 2025', 'fr': 'Jeudi 23 octobre 2025', 'fi': 'Torstai 23. lokakuuta 2025', 'en': 'Thursday, 23 October 2025', 'el': 'Πέμπτη 23 Οκτωβρίου 2025', 'hr': 'četvrtak, 23. listopada 2025.', 'lv': 'Ceturtdiena, 2025. gada 23. oktobris', 'ro': 'Joi, 23 octombrie 2025', 'pt': 'Quinta-feira, 23 de Outubro de 2025', 'ga': 'Déardaoin, 23 Deireadh Fómhair 2025', 'es': 'Jueves 23 de octubre de 2025', 'de': 'Donnerstag, 23. Oktober 2025', 'pl': 'Czwartek, 23 października 2025', 'sv': 'Torsdagen den 23 oktober 2025'}",2025-10-23T01:00:00+02:00,"['eli/dl/event/MTG-PL-2025-10-23-PVCRE-ITM-2', 'eli/dl/event/MTG-PL-2025-10-23-PVCRE-ITM-7', 'eli/dl/event/MTG-PL-2025-10-23-PVCRE-ITM-15', 'eli/dl/event/MTG-PL-2025-10-23-VOT-ITM-974933', 'eli/dl/event/MTG-PL-2025-10-23-PVCRE-ITM-3', 'eli/dl/event/MTG-PL-2025-10-23-VOT-ITM-975301', 'eli/dl/event/MTG-PL-2025-10-23-PVCRE-ITM-1', 'eli/dl/event/MTG-PL-2025-10-23-PVCRE-ITM-16', 'eli/dl/event/MTG-PL-2025-10-23-PVCRE-ITM-5', 'eli/dl/event/MTG-PL-2025-10-23-VOT-ITM-975318', 'eli/dl/event/MTG-PL-2025-10-23-PVCRE-ITM-11', 'eli/dl/event/MTG-PL-2025-10-23-VOT-ITM-974928', 'eli/dl/event/MTG-PL-2025-10-23-PVCRE-ITM-8', 'eli/dl/event/MTG-PL-2025-10-23-PVCRE-ITM-12', 'eli/dl/event/MTG-PL-2025-10-23-VOT-ITM-974931', 'eli/dl/event/MTG-PL-2025-10-23-PVCRE-ITM-10', 'eli/dl/event/MTG-PL-2025-10-23-PVCRE-ITM-13', 'eli/dl/event/MTG-PL-2025-10-23-PVCRE-ITM-4', 'eli/dl/event/MTG-PL-2025-10-23-PVCRE-ITM-9', 'eli/dl/event/MTG-PL-2025-10-23-PVCRE-ITM-17', 'eli/dl/event/MTG-PL-2025-10-23-VOT-ITM-975331', 'eli/dl/event/MTG-PL-2025-10-23-PVCRE-ITM-6', 'eli/dl/event/MTG-PL-2025-10-23-VOT-ITM-975337', 'eli/dl/event/MTG-PL-2025-10-23-VOT-ITM-974935', 'eli/dl/event/MTG-PL-2025-10-23-PVCRE-ITM-14', 'eli/dl/event/MTG-PL-2025-10-23-VOT-ITM-975366']",['eli/dl/doc/OJQ-10-2025-10-23'],def/ep-activities/PLENARY_SITTING,"['person/256917', 'person/257100', 'person/256956', 'person/257035', 'person/125023', 'person/257438', 'person/197440', 'person/256960', 'person/256924', 'person/257009', 'person/30482', 'person/98341', 'person/256959']","['person/257091', 'person/197490', 'person/256842', 'person/72779', 'person/256839', 'person/256846', 'person/251874', 'person/197435', 'person/204414', 'person/124713', 'person/198176', 'person/256937', 'person/197525', 'person/257125', 'person/257118', 'person/197670', 'person/197769', 'person/2152', 'person/96940', 'person/251324', 'person/197699', 'person/257059', 'person/257014', 'person/257066', 'person/257021', 'person/257098', 'person/257073', 'person/257007', 'person/23699', 'person/28617', 'person/256852', 'person/256884', 'person/220801', 'person/256891', 'person/198183', 'person/256845', 'person/256877', 'person/256804', 'person/257238', 'person/124799', 'person/267485', 'person/256939', 'person/96833', 'person/256858', 'person/257262', 'person/91636', 'person/124808', 'person/256965', 'person/257031', 'person/256969', 'person/197392', 'person/256942', 'person/256886', 'person/256893', 'person/197841', 'person/256946', 'person/197443', 'person/256901', 'person/125027', 'person/257255', 'person/197800', 'person/202073', 'person/111412', 'person/197702', 'person/197734', 'person/197572', 'person/197533', 'person/197466', 'person/197537', 'person/197473', 'person/23781', 'person/257169', 'person/22418', 'person/38542', 'person/840', 'person/256981', 'person/257026', 'person/257033', 'person/197623', 'person/256974', 'person/257019', 'person/256978', 'person/256813', 'person/257108', 'person/220908', 'person/257115', 'person/256991', 'person/257049', 'person/257056', 'person/256900', 'person/257063', 'person/256896', 'person/197773', 'person/256889', 'person/197802', 'person/197780', 'person/257257', 'person/257296', 'person/96681', 'person/256809', 'person/236053', 'person/197574', 'person/197581', 'person/257040', 'person/197578', 'person/257090', 'person/197475', 'person/199941', 'person/218347', 'person/1909', 'person/197402', 'person/96934', 'person/110673', 'person/28419', 'person/198073', 'person/256977', 'person/256936', 'person/257124', 'person/126699', 'person/257117', 'person/124836', 'person/257072', 'person/256993', 'person/257058', 'person/257065', 'person/256898', 'person/256986', 'person/270719', 'person/256913', 'person/125046', 'person/125001', 'person/256906', 'person/257299', 'person/197577', 'person/1294', 'person/256851', 'person/257093', 'person/197433', 'person/28399', 'person/197492', 'person/197401', 'person/197405', 'person/124766', 'person/256938', 'person/123562', 'person/256853', 'person/257261', 'person/197697', 'person/197672', 'person/197606', 'person/257016', 'person/257068', 'person/257023', 'person/197591', 'person/204400', 'person/257075', 'person/257030', 'person/96711', 'person/257143', 'person/40224', 'person/257000', 'person/256941', 'person/197840', 'person/256945', 'person/197410', 'person/197494', 'person/197770', 'person/197439', 'person/197414', 'person/197701', 'person/257437', 'person/256870', 'person/118859', 'person/204418', 'person/257301', 'person/197529', 'person/233862', 'person/257084', 'person/257025', 'person/257077', 'person/257032', 'person/257018', 'person/204346', 'person/96812', 'person/124867', 'person/129073', 'person/38511', 'person/188096', 'person/256990', 'person/125104', 'person/256944', 'person/256888', 'person/28400', 'person/256951', 'person/206158', 'person/256895', 'person/131580', 'person/256948', 'person/256903', 'person/197445', 'person/37324', 'person/197772', 'person/257256', 'person/256808', 'person/197839', 'person/197449', 'person/24942', 'person/256872', 'person/197545', 'person/256869', 'person/198373', 'person/197621', 'person/86057', 'person/256983', 'person/257028', 'person/197618', 'person/201945', 'person/256976', 'person/256811', 'person/191693', 'person/256815', 'person/256992', 'person/125106', 'person/96752', 'person/256905', 'person/256912', 'person/256957', 'person/2341', 'person/197782', 'person/96675', 'person/257298', 'person/96756', 'person/257259', 'person/257133', 'person/257140', 'person/197738', 'person/128483', 'person/257092', 'person/97399', 'person/257060', 'person/197491', 'person/197400', 'person/197404', 'person/112747', 'person/256985', 'person/197553', 'person/124691', 'person/197627', 'person/257037', 'person/236050', 'person/256820', 'person/197461', 'person/197557', 'person/261797', 'person/257727', 'person/256824', 'person/197398', 'person/97236', 'person/1927', 'person/124834', 'person/257119', 'person/220897', 'person/257126', 'person/256995', 'person/257067', 'person/256911', 'person/96787', 'person/256915', 'person/197784', 'person/256908', 'person/257135', 'person/197722', 'person/98219', 'person/257103', 'person/257044', 'person/257051', 'person/197589', 'person/200345', 'person/197493', 'person/197413', 'person/125204', 'person/185341', 'person/198084', 'person/247735', 'person/256823', 'person/257300', 'person/256830', 'person/124850', 'person/257128', 'person/256997', 'person/257083', 'person/106936', 'person/257069', 'person/124700', 'person/256920', 'person/197677', 'person/190574', 'person/96811', 'person/96653', 'person/96709', 'person/257145', 'person/124866', 'person/257138', 'person/197690', 'person/39725', 'person/257002', 'person/256943', 'person/257086', 'person/99878', 'person/256950', 'person/256947', 'person/22858', 'person/197412', 'person/197416', 'person/197448', 'person/34232', 'person/256871', 'person/197421', 'person/125012', 'person/256829', 'person/197425', 'person/257027', 'person/185771', 'person/257170', 'person/197624', 'person/257079', 'person/96810', 'person/257034', 'person/130100', 'person/245770', 'person/257147', 'person/257095', 'person/4289', 'person/257011', 'person/257088', 'person/256952', 'person/256949', 'person/124736', 'person/124973', 'person/197498', 'person/204332', 'person/257258', 'person/197781', 'person/197778', 'person/220871', 'person/197543', 'person/94649', 'person/257041', 'person/256874', 'person/256881', 'person/96761', 'person/197825', 'person/197832', 'person/197818', 'person/197552', 'person/204413', 'person/23868', 'person/257029', 'person/197517', 'person/197556', 'person/261796', 'person/220896', 'person/256994', 'person/256955', 'person/256910', 'person/256899', 'person/256962', 'person/25758', 'person/249603', 'person/256907', 'person/257102', 'person/210480', 'person/197721', 'person/257043', 'person/256876', 'person/197870', 'person/257050', 'person/256883', 'person/256890', 'person/37312', 'person/28347', 'person/197863', 'person/197549', 'person/125670', 'person/256803', 'person/198076', 'person/257039', 'person/260724', 'person/197636', 'person/197463', 'person/197470', 'person/124807', 'person/244571', 'person/256996', 'person/256971', 'person/96998', 'person/189065', 'person/256964', 'person/5729', 'person/113523', 'person/256916', 'person/86793', 'person/256968', 'person/229839', 'person/256909', 'person/197391', 'person/188945', 'person/197786', 'person/257137', 'person/257112', 'person/257144', 'person/257151', 'person/197682', 'person/257046', 'person/257001', 'person/257053', 'person/197647', 'person/257071', 'person/125065', 'person/197408', 'person/190713', 'person/88552', 'person/256831', 'person/197501', 'person/256922', 'person/257078', 'person/230085', 'person/256999', 'person/36392', 'person/197679', 'person/256926', 'person/197795', 'person/103246', 'person/256919', 'person/261038', 'person/197652', 'person/257160', 'person/197684', 'person/257107', 'person/220840', 'person/197691', 'person/257114', 'person/257094', 'person/197719', 'person/257048', 'person/257003', 'person/257055', 'person/197649', 'person/257010', 'person/257087', 'person/257080', 'person/197497', 'person/125068', 'person/125093', 'person/192254', 'person/197417', 'person/202036', 'person/99945', 'person/197500', 'person/256880', 'person/97968', 'person/256834', 'person/197430', 'person/256841', 'person/197504', 'person/197831', 'person/127766', 'person/124858', 'person/124795', 'person/96933', 'person/30123', 'person/256928', 'person/124715', 'person/256935', 'person/197523', 'person/28226', 'person/124877', 'person/96808', 'person/124884', 'person/257149', 'person/28219', 'person/257163', 'person/197687', 'person/197694', 'person/101585', 'person/256961', 'person/96668', 'person/257013', 'person/256954', 'person/257020', 'person/208722', 'person/237465', 'person/256875', 'person/256882', 'person/119652', 'person/197432', 'person/256843', 'person/101039', 'person/256847', 'person/112744', 'person/257237', 'person/197429', 'person/112748', 'person/197628', 'person/33998', 'person/257038', 'person/24922', 'person/197462', 'person/122978', 'person/257260', 'person/124893', 'person/124806', 'person/124813', 'person/256970', 'person/257015', 'person/257022', 'person/187917', 'person/256967', 'person/124984', 'person/204336', 'person/40599', 'person/257111', 'person/28122', 'person/257052', 'person/197646', 'person/256885', 'person/257070', 'person/256878', 'person/256805', 'person/204449', 'person/270261', 'person/197528', 'person/197464', 'person/245018', 'person/197468', 'person/95074', 'person/256973', 'person/124785', 'person/124760', 'person/256980', 'person/107212', 'person/124701', 'person/256966', 'person/256921', 'person/256998', 'person/256925', 'person/197794', 'person/256918', 'person/28223', 'person/257113', 'person/4746', 'person/257106', 'person/197718', 'person/257047', 'person/257054', 'person/197648', 'person/256887', 'person/257061', 'person/256807', 'person/198490', 'person/257130', 'person/197573', 'person/197580', 'person/256840', 'person/193292', 'person/256833', 'person/197503', 'person/197426', 'person/219652', 'person/5736', 'person/4267', 'person/96932', 'person/256979', 'person/256934', 'person/256810', 'person/96697', 'person/256814', 'person/272024', 'person/1917', 'person/197395', 'person/257148', 'person/197763', 'person/257155', 'person/257109', 'person/257116', 'person/257096', 'person/257057', 'person/257012', 'person/257064', 'person/257082', 'person/257005', 'person/96791', 'person/204333', 'person/197810']",594.0,org/ep-10,"['eli/dl/doc/PV-10-2025-10-23-VOT', 'eli/dl/doc/CRE-10-2025-10-23', 'eli/dl/doc/PV-10-2025-10-23-ATT', 'eli/dl/doc/PV-10-2025-10-23', 'eli/dl/doc/PV-10-2025-10-23-RCV']",http://publications.europa.eu/resource/authority/place/FRA_SXB,"['eli/dl/event/MTG-PL-2025-10-23-TF-1200', 'eli/dl/event/MTG-PL-2025-10-23-TF-1500', 'eli/dl/event/MTG-PL-2025-10-23-TF-0900']"
25,eli/dl/event/MTG-PL-2025-11-13,Activity,2025-11-13,2025-11-13T23:00:00+01:00,MTG-PL-2025-11-13,"{'de': 'Donnerstag, 13. November 2025', 'nl': 'Donderdag 13 november 2025', 'lt': 'Ketvirtadienis, 2025 m. lapkričio 13 d.', 'sl': 'Četrtek, 13. november 2025', 'hu': '2025. november 13., csütörtök', 'ga': 'Déardaoin, 13 Samhain 2025', 'cs': 'Čtvrtek, 13. listopadu 2025', 'fi': 'Torstai 13. marraskuuta 2025', 'es': 'Jueves 13 de noviembre de 2025', 'en': 'Thursday, 13 November 2025', 'lv': 'Ceturtdiena, 2025. gada 13. novembris', 'pl': 'Czwartek, 13 listopada 2025', 'it': 'Giovedì 13 novembre 2025', 'pt': 'Quinta-feira, 13 de Novembro de 2025', 'hr': 'četvrtak, 13. studenog 2025.', 'sv': 'Torsdagen den 13 november 2025', 'et': 'Neljapäev, 13. november 2025', 'mt': ""Il-Ħamis, 13 ta' Novembru 2025"", 'sk': 'Štvrtok, 13. novembra 2025', 'fr': 'Jeudi 13 novembre 2025', 'ro': 'Joi, 13 noiembrie 2025', 'da': 'Torsdag den 13. november 2025', 'bg': 'Четвъртък, 13 ноември 2025', 'el': 'Πέμπτη 13 Νοεμβρίου 2025'}",2025-11-13T01:00:00+01:00,"['eli/dl/event/MTG-PL-2025-11-13-VOT-ITM-975418', 'eli/dl/event/MTG-PL-2025-11-13-VOT-ITM-975425', 'eli/dl/event/MTG-PL-2025-11-13-VOT-ITM-975409', 'eli/dl/event/MTG-PL-2025-11-13-VOT-ITM-975416', 'eli/dl/event/MTG-PL-2025-11-13-PVCRE-ITM-9', 'eli/dl/event/MTG-PL-2025-11-13-VOT-ITM-975411', 'eli/dl/event/MTG-PL-2025-11-13-PVCRE-CHA-4', 'eli/dl/event/MTG-PL-2025-11-13-VOT-ITM-975413', 'eli/dl/event/MTG-PL-2025-11-13-VOT-ITM-975465', 'eli/dl/event/MTG-PL-2025-11-13-PVCRE-ITM-6', 'eli/dl/event/MTG-PL-2025-11-13-PVCRE-CHA-3', 'eli/dl/event/MTG-PL-2025-11-13-VOT-ITM-975412', 'eli/dl/event/MTG-PL-2025-11-13-VOT-ITM-975414', 'eli/dl/event/MTG-PL-2025-11-13-VOT-ITM-975446', 'eli/dl/event/MTG-PL-2025-11-13-PVCRE-ITM-7', 'eli/dl/event/MTG-PL-2025-11-13-PVCRE-ITM-13', 'eli/dl/event/MTG-PL-2025-11-13-VOT-ITM-975405', 'eli/dl/event/MTG-PL-2025-11-13-VOT-ITM-975493', 'eli/dl/event/MTG-PL-2025-11-13-VOT-ITM-975445', 'eli/dl/event/MTG-PL-2025-11-13-VOT-ITM-975447', 'eli/dl/event/MTG-PL-2025-11-13-PVCRE-CHA-1', 'eli/dl/event/MTG-PL-2025-11-13-PVCRE-ITM-4', 'eli/dl/event/MTG-PL-2025-11-13-PVCRE-ITM-11', 'eli/dl/event/MTG-PL-2025-11-13-VOT-ITM-975419', 'eli/dl/event/MTG-PL-2025-11-13-VOT-ITM-975466', 'eli/dl/event/MTG-PL-2025-11-13-PVCRE-ITM-5', 'eli/dl/event/MTG-PL-2025-11-13-PVCRE-ITM-12', 'eli/dl/event/MTG-PL-2025-11-13-VOT-ITM-975468', 'eli/dl/event/MTG-PL-2025-11-13-PVCRE-ITM-2', 'eli/dl/event/MTG-PL-2025-11-13-PVCRE-ITM-10', 'eli/dl/event/MTG-PL-2025-11-13-VOT-ITM-975417', 'eli/dl/event/MTG-PL-2025-11-13-VOT-ITM-975424', 'eli/dl/event/MTG-PL-2025-11-13-VOT-ITM-975408', 'eli/dl/event/MTG-PL-2025-11-13-VOT-ITM-975415', 'eli/dl/event/MTG-PL-2025-11-13-VOT-ITM-975467', 'eli/dl/event/MTG-PL-2025-11-13-PVCRE-ITM-8', 'eli/dl/event/MTG-PL-2025-11-13-VOT-ITM-975469', 'eli/dl/event/MTG-PL-2025-11-13-PVCRE-ITM-3', 'eli/dl/event/MTG-PL-2025-11-13-VOT-ITM-975511', 'eli/dl/event/MTG-PL-2025-11-13-PVCRE-ITM-1']",['eli/dl/doc/OJQ-10-2025-11-13'],def/ep-activities/PLENARY_SITTING,"['person/30482', 'person/256947', 'person/198084', 'person/125023', 'person/257438', 'person/256934', 'person/28219', 'person/197684', 'person/257009', 'person/257035']","['person/257080', 'person/197670', 'person/101039', 'person/261038', 'person/257059', 'person/96787', 'person/197649', 'person/256980', 'person/1917', 'person/28617', 'person/257021', 'person/256959', 'person/256973', 'person/95074', 'person/257140', 'person/188945', 'person/257079', 'person/197624', 'person/124813', 'person/249982', 'person/22418', 'person/204129', 'person/96791', 'person/256898', 'person/197501', 'person/256824', 'person/257120', 'person/256807', 'person/96933', 'person/197794', 'person/257113', 'person/256831', 'person/257088', 'person/256851', 'person/257126', 'person/39725', 'person/37312', 'person/197607', 'person/257119', 'person/257041', 'person/257296', 'person/257024', 'person/256916', 'person/124828', 'person/257103', 'person/197444', 'person/5729', 'person/28150', 'person/197417', 'person/220871', 'person/256860', 'person/257029', 'person/229839', 'person/125012', 'person/188096', 'person/257148', 'person/257123', 'person/256866', 'person/256841', 'person/256880', 'person/256859', 'person/256834', 'person/257155', 'person/257128', 'person/197549', 'person/220896', 'person/257050', 'person/257033', 'person/256920', 'person/260724', 'person/257043', 'person/256839', 'person/257026', 'person/197636', 'person/197553', 'person/256950', 'person/256870', 'person/191693', 'person/197580', 'person/256943', 'person/257070', 'person/257138', 'person/251324', 'person/257049', 'person/257125', 'person/204413', 'person/256843', 'person/88882', 'person/236053', 'person/197429', 'person/197578', 'person/124785', 'person/28307', 'person/256895', 'person/204419', 'person/256804', 'person/257053', 'person/256888', 'person/197473', 'person/131580', 'person/197831', 'person/261797', 'person/257060', 'person/28419', 'person/256952', 'person/256872', 'person/256935', 'person/197824', 'person/124884', 'person/257058', 'person/256945', 'person/256928', 'person/257072', 'person/126699', 'person/197662', 'person/124877', 'person/197398', 'person/1294', 'person/257078', 'person/214839', 'person/125670', 'person/197514', 'person/98219', 'person/256878', 'person/197691', 'person/197463', 'person/1909', 'person/96681', 'person/200345', 'person/256806', 'person/257055', 'person/23699', 'person/96932', 'person/257087', 'person/96830', 'person/256955', 'person/257082', 'person/197697', 'person/257016', 'person/58766', 'person/197606', 'person/256987', 'person/256962', 'person/124700', 'person/256981', 'person/257023', 'person/124973', 'person/197677', 'person/124802', 'person/257102', 'person/197523', 'person/257169', 'person/197839', 'person/257091', 'person/256813', 'person/257000', 'person/197503', 'person/197863', 'person/197529', 'person/86793', 'person/197492', 'person/36392', 'person/28122', 'person/256833', 'person/197426', 'person/257020', 'person/22858', 'person/197401', 'person/4267', 'person/256957', 'person/257084', 'person/197780', 'person/197699', 'person/197773', 'person/256989', 'person/256964', 'person/257259', 'person/257131', 'person/197786', 'person/257025', 'person/197552', 'person/257298', 'person/185341', 'person/190713', 'person/124799', 'person/256862', 'person/197430', 'person/197558', 'person/197533', 'person/257151', 'person/96711', 'person/256993', 'person/257124', 'person/256842', 'person/197435', 'person/257099', 'person/197494', 'person/256902', 'person/251874', 'person/197403', 'person/197618', 'person/28226', 'person/256999', 'person/270719', 'person/204418', 'person/91636', 'person/256908', 'person/257052', 'person/197392', 'person/261796', 'person/257028', 'person/124807', 'person/257107', 'person/256871', 'person/257160', 'person/213330', 'person/197581', 'person/197432', 'person/257114', 'person/197702', 'person/256891', 'person/197734', 'person/256845', 'person/124836', 'person/257300', 'person/197810', 'person/197721', 'person/256877', 'person/190464', 'person/96810', 'person/124691', 'person/257143', 'person/257054', 'person/257037', 'person/197627', 'person/256954', 'person/256874', 'person/124866', 'person/257081', 'person/256937', 'person/125052', 'person/96808', 'person/197770', 'person/256881', 'person/4395', 'person/220908', 'person/197711', 'person/123562', 'person/256847', 'person/96998', 'person/2152', 'person/197589', 'person/218347', 'person/257090', 'person/197763', 'person/204449', 'person/256879', 'person/197447', 'person/256899', 'person/96812', 'person/23781', 'person/2341', 'person/256808', 'person/256990', 'person/99945', 'person/197647', 'person/96934', 'person/197491', 'person/257005', 'person/257170', 'person/257089', 'person/257064', 'person/197591', 'person/256876', 'person/239260', 'person/257083', 'person/28223', 'person/112747', 'person/1927', 'person/197772', 'person/256883', 'person/256983', 'person/124895', 'person/257069', 'person/197679', 'person/197461', 'person/257104', 'person/197525', 'person/28347', 'person/197778', 'person/256889', 'person/257093', 'person/98341', 'person/124766', 'person/86057', 'person/256815', 'person/257002', 'person/119652', 'person/197719', 'person/197422', 'person/199941', 'person/197818', 'person/257098', 'person/257073', 'person/96936', 'person/197493', 'person/256946', 'person/256901', 'person/257007', 'person/197402', 'person/257066', 'person/96940', 'person/257255', 'person/197782', 'person/256998', 'person/197845', 'person/197800', 'person/125325', 'person/198183', 'person/257101', 'person/183916', 'person/256907', 'person/202073', 'person/257034', 'person/256966', 'person/256921', 'person/97399', 'person/125104', 'person/256985', 'person/257133', 'person/5392', 'person/257027', 'person/197408', 'person/124806', 'person/257106', 'person/127766', 'person/122978', 'person/94649', 'person/257011', 'person/257095', 'person/197701', 'person/197534', 'person/197469', 'person/256911', 'person/204414', 'person/256844', 'person/197412', 'person/257031', 'person/197621', 'person/256904', 'person/5736', 'person/28399', 'person/197405', 'person/257257', 'person/197784', 'person/103246', 'person/125093', 'person/256909', 'person/111412', 'person/256968', 'person/125106', 'person/257135', 'person/257110', 'person/197517', 'person/256853', 'person/257109', 'person/256936', 'person/197504', 'person/112744', 'person/185771', 'person/247735', 'person/257116', 'person/197537', 'person/30123', 'person/38542', 'person/124736', 'person/210480', 'person/40599', 'person/257019', 'person/256997', 'person/256846', 'person/197439', 'person/197414', 'person/197623', 'person/197498', 'person/230085', 'person/198490', 'person/256919', 'person/204336', 'person/197653', 'person/257299', 'person/260035', 'person/257145', 'person/257056', 'person/257039', 'person/197646', 'person/257063', 'person/197573', 'person/34232', 'person/256938', 'person/256829', 'person/257118', 'person/256882', 'person/125027', 'person/124701', 'person/257040', 'person/197460', 'person/202036', 'person/197738', 'person/206158', 'person/257092', 'person/197682', 'person/97968', 'person/197449', 'person/190574', 'person/257046', 'person/257001', 'person/197718', 'person/197655', 'person/197466', 'person/106936', 'person/128483', 'person/25758', 'person/257147', 'person/256865', 'person/197648', 'person/236050', 'person/256858', 'person/257065', 'person/88552', 'person/96833', 'person/197781', 'person/257100', 'person/201945', 'person/197470', 'person/208722', 'person/256965', 'person/256885', 'person/197722', 'person/23816', 'person/256811', 'person/197652', 'person/257010', 'person/23868', 'person/256942', 'person/197475', 'person/257094', 'person/192254', 'person/96756', 'person/262021', 'person/257237', 'person/220840', 'person/257048', 'person/257003', 'person/197658', 'person/197468', 'person/197841', 'person/256910', 'person/256994', 'person/197395', 'person/257030', 'person/125065', 'person/256903', 'person/24922', 'person/124893', 'person/257068', 'person/197404', 'person/37324', 'person/204333', 'person/256974', 'person/256820', 'person/256803', 'person/198373', 'person/98582', 'person/96780', 'person/256887', 'person/40224', 'person/125046', 'person/125001', 'person/197870', 'person/124808', 'person/257108', 'person/2268', 'person/97236', 'person/124713', 'person/256809', 'person/197694', 'person/119435', 'person/193292', 'person/124985', 'person/256840', 'person/197433', 'person/197769', 'person/257115', 'person/197687', 'person/118859', 'person/197829', 'person/28615', 'person/256912', 'person/197440', 'person/257018', 'person/256971', 'person/257077', 'person/257032', 'person/197413', 'person/197497', 'person/256905', 'person/125068', 'person/129073', 'person/197406', 'person/256918', 'person/256977', 'person/197500', 'person/256823', 'person/257144', 'person/257038', 'person/197628', 'person/220801', 'person/124722', 'person/257137', 'person/257112', 'person/256855', 'person/256830', 'person/197572', 'person/197545', 'person/257015', 'person/257457', 'person/267485', 'person/28400', 'person/197410', 'person/257117', 'person/256986', 'person/257022', 'person/256915', 'person/96709', 'person/197416', 'person/257437', 'person/257045', 'person/256979', 'person/124846', 'person/257121', 'person/197795', 'person/270261', 'person/233862', 'person/256857', 'person/197425', 'person/197574', 'person/256852', 'person/257127', 'person/130100', 'person/112748', 'person/187917', 'person/256884', 'person/107212', 'person/124850', 'person/840', 'person/4289', 'person/197462', 'person/256917', 'person/197445', 'person/197820', 'person/245770', 'person/256861', 'person/256941', 'person/256924', 'person/197557', 'person/257150', 'person/256961', 'person/257047', 'person/197840', 'person/257149', 'person/96653', 'person/257067', 'person/197577', 'person/219652', 'person/256893', 'person/198076', 'person/220897', 'person/245018', 'person/197391', 'person/256886', 'person/125204', 'person/257044', 'person/96752', 'person/256951', 'person/110673', 'person/257012', 'person/124858', 'person/257096', 'person/257071', 'person/124875', 'person/96675', 'person/257238', 'person/197842', 'person/256890', 'person/198073', 'person/256970', 'person/256869', 'person/257076', 'person/72779', 'person/256949', 'person/125042', 'person/198176', 'person/197579', 'person/96668', 'person/256976', 'person/256896', 'person/197690', 'person/256805', 'person/256969', 'person/197832', 'person/257086', 'person/185619']",613.0,org/ep-10,"['eli/dl/doc/PV-10-2025-11-13-ATT', 'eli/dl/doc/CRE-10-2025-11-13', 'eli/dl/doc/PV-10-2025-11-13-RCV', 'eli/dl/doc/PV-10-2025-11-13', 'eli/dl/doc/PV-10-2025-11-13-VOT']",http://publications.europa.eu/resource/authority/place/BEL_BRU,"['eli/dl/event/MTG-PL-2025-11-13-TF-0830', 'eli/dl/event/MTG-PL-2025-11-13-TF-1030']"
26,eli/dl/event/MTG-PL-2025-11-27,Activity,2025-11-27,2025-11-27T23:00:00+01:00,MTG-PL-2025-11-27,"{'bg': 'Четвъртък, 27 ноември 2025', 'mt': ""Il-Ħamis, 27 ta' Novembru 2025"", 'sk': 'Štvrtok, 27. novembra 2025', 'pt': 'Quinta-feira, 27 de Novembro de 2025', 'it': 'Giovedì 27 novembre 2025', 'sv': 'Torsdagen den 27 november 2025', 'hu': '2025. november 27., csütörtök', 'nl': 'Donderdag 27 november 2025', 'en': 'Thursday, 27 November 2025', 'fr': 'Jeudi 27 novembre 2025', 'es': 'Jueves 27 de noviembre de 2025', 'et': 'Neljapäev, 27. november 2025', 'cs': 'Čtvrtek, 27. listopadu 2025', 'ro': 'Joi, 27 noiembrie 2025', 'da': 'Torsdag den 27. november 2025', 'ga': 'Déardaoin, 27 Samhain 2025', 'hr': 'četvrtak, 27. studenog 2025.', 'el': 'Πέμπτη 27 Νοεμβρίου 2025', 'pl': 'Czwartek, 27 listopada 2025', 'lv': 'Ceturtdiena, 2025. gada 27. novembris', 'sl': 'Četrtek, 27. november 2025', 'fi': 'Torstai 27. marraskuuta 2025', 'de': 'Donnerstag, 27. November 2025', 'lt': 'Ketvirtadienis, 2025 m. lapkričio 27 d.'}",2025-11-27T01:00:00+01:00,"['eli/dl/event/MTG-PL-2025-11-27-PVCRE-ITM-11', 'eli/dl/event/MTG-PL-2025-11-27-VOT-ITM-976485', 'eli/dl/event/MTG-PL-2025-11-27-PVCRE-ITM-3', 'eli/dl/event/MTG-PL-2025-11-27-PVCRE-ITM-1', 'eli/dl/event/MTG-PL-2025-11-27-VOT-ITM-976293', 'eli/dl/event/MTG-PL-2025-11-27-VOT-ITM-976973', 'eli/dl/event/MTG-PL-2025-11-27-PVCRE-ITM-8', 'eli/dl/event/MTG-PL-2025-11-27-VOT-ITM-976987', 'eli/dl/event/MTG-PL-2025-11-27-PVCRE-ITM-16', 'eli/dl/event/MTG-PL-2025-11-27-PVCRE-ITM-15', 'eli/dl/event/MTG-PL-2025-11-27-VOT-ITM-976862', 'eli/dl/event/MTG-PL-2025-11-27-VOT-ITM-976861', 'eli/dl/event/MTG-PL-2025-11-27-VOT-ITM-976290', 'eli/dl/event/MTG-PL-2025-11-27-PVCRE-ITM-5', 'eli/dl/event/MTG-PL-2025-11-27-PVCRE-ITM-4', 'eli/dl/event/MTG-PL-2025-11-27-PVCRE-ITM-2', 'eli/dl/event/MTG-PL-2025-11-27-PVCRE-ITM-12', 'eli/dl/event/MTG-PL-2025-11-27-PVCRE-ITM-10', 'eli/dl/event/MTG-PL-2025-11-27-VOT-ITM-976966', 'eli/dl/event/MTG-PL-2025-11-27-PVCRE-ITM-9', 'eli/dl/event/MTG-PL-2025-11-27-VOT-ITM-976483', 'eli/dl/event/MTG-PL-2025-11-27-VOT-ITM-976283', 'eli/dl/event/MTG-PL-2025-11-27-VOT-ITM-976863', 'eli/dl/event/MTG-PL-2025-11-27-PVCRE-ITM-7', 'eli/dl/event/MTG-PL-2025-11-27-VOT-ITM-976297', 'eli/dl/event/MTG-PL-2025-11-27-PVCRE-ITM-6', 'eli/dl/event/MTG-PL-2025-11-27-VOT-ITM-976296', 'eli/dl/event/MTG-PL-2025-11-27-PVCRE-ITM-14', 'eli/dl/event/MTG-PL-2025-11-27-PVCRE-ITM-13']",['eli/dl/doc/OJQ-10-2025-11-27'],def/ep-activities/PLENARY_SITTING,"['person/124846', 'person/36392', 'person/257262', 'person/256951', 'person/256924', 'person/98341', 'person/197578', 'person/197769', 'person/257035', 'person/257009', 'person/256904', 'person/197684', 'person/256917', 'person/256811', 'person/125023', 'person/257438', 'person/197721', 'person/206158', 'person/257072', 'person/257129', 'person/198084', 'person/204419']","['person/197691', 'person/256936', 'person/257010', 'person/257255', 'person/256862', 'person/197782', 'person/257094', 'person/197475', 'person/23816', 'person/257101', 'person/257003', 'person/257079', 'person/256855', 'person/257087', 'person/197402', 'person/96791', 'person/260724', 'person/257256', 'person/257102', 'person/198373', 'person/197392', 'person/256911', 'person/256995', 'person/256915', 'person/197534', 'person/256908', 'person/198176', 'person/257091', 'person/124985', 'person/197461', 'person/86793', 'person/220871', 'person/4267', 'person/256996', 'person/124828', 'person/256916', 'person/197738', 'person/197670', 'person/197829', 'person/256909', 'person/257092', 'person/257059', 'person/256841', 'person/257073', 'person/197462', 'person/256834', 'person/245770', 'person/257066', 'person/129073', 'person/96940', 'person/198183', 'person/190464', 'person/124795', 'person/197840', 'person/249982', 'person/256842', 'person/124736', 'person/256898', 'person/197770', 'person/257299', 'person/260035', 'person/256846', 'person/197439', 'person/257145', 'person/257039', 'person/257067', 'person/197514', 'person/256839', 'person/256902', 'person/197573', 'person/218347', 'person/1909', 'person/39725', 'person/37312', 'person/270719', 'person/251324', 'person/256899', 'person/256990', 'person/257160', 'person/197581', 'person/257139', 'person/124807', 'person/256979', 'person/197574', 'person/257053', 'person/28223', 'person/111412', 'person/197647', 'person/257071', 'person/257046', 'person/197421', 'person/257300', 'person/257170', 'person/256983', 'person/197425', 'person/124895', 'person/107212', 'person/72779', 'person/124808', 'person/197655', 'person/197718', 'person/197810', 'person/197503', 'person/88552', 'person/257054', 'person/96826', 'person/257019', 'person/257047', 'person/257033', 'person/197422', 'person/257061', 'person/256885', 'person/197498', 'person/256805', 'person/197426', 'person/197627', 'person/257132', 'person/257026', 'person/197553', 'person/256878', 'person/96653', 'person/197557', 'person/204336', 'person/201945', 'person/4395', 'person/96681', 'person/200345', 'person/256893', 'person/198076', 'person/257140', 'person/123562', 'person/257034', 'person/256886', 'person/97399', 'person/256806', 'person/256955', 'person/190713', 'person/96932', 'person/197628', 'person/124867', 'person/257125', 'person/257133', 'person/204413', 'person/256959', 'person/257027', 'person/96752', 'person/197711', 'person/197558', 'person/96756', 'person/257118', 'person/256962', 'person/23781', 'person/257040', 'person/124875', 'person/96675', 'person/124861', 'person/96812', 'person/125046', 'person/257126', 'person/197870', 'person/204414', 'person/256970', 'person/124802', 'person/124858', 'person/256872', 'person/257119', 'person/197863', 'person/197694', 'person/256967', 'person/257013', 'person/257041', 'person/256865', 'person/256813', 'person/197687', 'person/256869', 'person/197492', 'person/197607', 'person/197401', 'person/257020', 'person/197405', 'person/197699', 'person/257014', 'person/257259', 'person/197786', 'person/257098', 'person/256880', 'person/197493', 'person/257007', 'person/33998', 'person/257021', 'person/30123', 'person/197406', 'person/256942', 'person/257112', 'person/4746', 'person/220896', 'person/204400', 'person/197533', 'person/96711', 'person/197537', 'person/197395', 'person/124834', 'person/257106', 'person/256950', 'person/257120', 'person/197794', 'person/197545', 'person/256943', 'person/256999', 'person/256919', 'person/257113', 'person/257169', 'person/256947', 'person/257260', 'person/256922', 'person/94649', 'person/40224', 'person/256926', 'person/96709', 'person/125027', 'person/270261', 'person/233862', 'person/256934', 'person/118859', 'person/256852', 'person/257084', 'person/256860', 'person/257261', 'person/197780', 'person/197473', 'person/197682', 'person/257001', 'person/256845', 'person/257077', 'person/197773', 'person/257085', 'person/197466', 'person/256853', 'person/256857', 'person/185771', 'person/197445', 'person/197517', 'person/1927', 'person/197449', 'person/187917', 'person/190574', 'person/124799', 'person/197781', 'person/38511', 'person/257100', 'person/197679', 'person/124722', 'person/257078', 'person/197525', 'person/197778', 'person/257149', 'person/256993', 'person/256913', 'person/257163', 'person/256986', 'person/256906', 'person/197577', 'person/23868', 'person/23699', 'person/28219', 'person/256910', 'person/256994', 'person/130881', 'person/197589', 'person/256987', 'person/256907', 'person/197658', 'person/37324', 'person/257082', 'person/257090', 'person/213330', 'person/2341', 'person/197432', 'person/256829', 'person/197460', 'person/202036', 'person/257064', 'person/197591', 'person/125001', 'person/197429', 'person/25758', 'person/197842', 'person/257058', 'person/261797', 'person/256840', 'person/256896', 'person/257297', 'person/197433', 'person/840', 'person/197662', 'person/257143', 'person/257037', 'person/256833', 'person/257065', 'person/237465', 'person/256889', 'person/256809', 'person/197440', 'person/96668', 'person/5729', 'person/257150', 'person/125670', 'person/257298', 'person/257144', 'person/28617', 'person/257038', 'person/197722', 'person/96936', 'person/257137', 'person/256901', 'person/2152', 'person/197572', 'person/257051', 'person/256966', 'person/257044', 'person/125065', 'person/256981', 'person/24922', 'person/124893', 'person/124813', 'person/256974', 'person/204418', 'person/256978', 'person/197501', 'person/256820', 'person/257052', 'person/256876', 'person/256890', 'person/256824', 'person/198073', 'person/197618', 'person/197646', 'person/257070', 'person/257045', 'person/197412', 'person/257031', 'person/256883', 'person/197621', 'person/256803', 'person/197416', 'person/97236', 'person/257130', 'person/257024', 'person/28122', 'person/28347', 'person/256891', 'person/256960', 'person/197802', 'person/124766', 'person/86057', 'person/257032', 'person/256884', 'person/197497', 'person/256804', 'person/197417', 'person/257123', 'person/257131', 'person/256957', 'person/257025', 'person/101039', 'person/256877', 'person/197552', 'person/97968', 'person/197556', 'person/257116', 'person/38542', 'person/256961', 'person/202073', 'person/256954', 'person/124866', 'person/125052', 'person/230085', 'person/257124', 'person/197549', 'person/256870', 'person/99878', 'person/214839', 'person/257117', 'person/256937', 'person/219652', 'person/257011', 'person/257095', 'person/197490', 'person/96811', 'person/257088', 'person/191693', 'person/197403', 'person/197763', 'person/88882', 'person/244571', 'person/256871', 'person/256938', 'person/257012', 'person/124760', 'person/257257', 'person/256864', 'person/257096', 'person/103246', 'person/197491', 'person/197606', 'person/257103', 'person/257005', 'person/257089', 'person/197400', 'person/197528', 'person/131580', 'person/197404', 'person/257110', 'person/130100', 'person/188096', 'person/257258', 'person/4289', 'person/247735', 'person/124691', 'person/197529', 'person/256941', 'person/256945', 'person/197470', 'person/256920', 'person/257093', 'person/199941', 'person/96787', 'person/197463', 'person/256998', 'person/95074', 'person/256918', 'person/257237', 'person/34232', 'person/256921', 'person/1917', 'person/197672', 'person/197841', 'person/125104', 'person/204449', 'person/256925', 'person/197845', 'person/192254', 'person/220801', 'person/256843', 'person/257075', 'person/183916', 'person/197464', 'person/256847', 'person/197468', 'person/127766', 'person/257068', 'person/124973', 'person/197443', 'person/256851', 'person/257083', 'person/96780', 'person/197677', 'person/256844', 'person/257076', 'person/91636', 'person/197772', 'person/197523', 'person/2268', 'person/128483', 'person/5736', 'person/189065', 'person/197839', 'person/257147', 'person/28399', 'person/239260', 'person/257069', 'person/197444', 'person/256900', 'person/112747', 'person/197448', 'person/197579', 'person/229839', 'person/23788', 'person/28150', 'person/125012', 'person/257301', 'person/125068', 'person/22858', 'person/257148', 'person/256992', 'person/256912', 'person/197832', 'person/257727', 'person/112744', 'person/197734', 'person/197652', 'person/112748', 'person/197500', 'person/256977', 'person/256905', 'person/257155', 'person/257080', 'person/256823', 'person/257055', 'person/197430', 'person/261038', 'person/197818', 'person/197649', 'person/40599', 'person/220840', 'person/257048', 'person/256830', 'person/96830', 'person/256985', 'person/5392', 'person/257457', 'person/267485', 'person/28400', 'person/58766', 'person/124700', 'person/257081', 'person/124784', 'person/257056', 'person/197435', 'person/197636', 'person/257049', 'person/98582', 'person/256831', 'person/256887', 'person/220908', 'person/256807', 'person/251874', 'person/96933', 'person/257028', 'person/236053', 'person/96761', 'person/124701', 'person/124785', 'person/193292', 'person/261796', 'person/256895', 'person/257296', 'person/28615', 'person/256888', 'person/256808', 'person/204346', 'person/257127', 'person/256971', 'person/257135', 'person/256964', 'person/106936', 'person/124884', 'person/256968', 'person/256810', 'person/126699', 'person/96810', 'person/256814', 'person/124877', 'person/257060', 'person/210480', 'person/257128', 'person/236050', 'person/197820', 'person/257050', 'person/256874', 'person/256965', 'person/198490', 'person/256969', 'person/257015', 'person/257043', 'person/197410', 'person/256881', 'person/256815', 'person/197414', 'person/197623', 'person/257022', 'person/204332', 'person/96808', 'person/220897', 'person/262021', 'person/257437', 'person/256875', 'person/197697', 'person/257016', 'person/272024', 'person/125204', 'person/257030', 'person/256882', 'person/188945', 'person/257107', 'person/96998', 'person/110673', 'person/99945', 'person/257121', 'person/113523', 'person/197624', 'person/257023', 'person/197795', 'person/197408', 'person/204333', 'person/257114', 'person/256948', 'person/122978', 'person/249603', 'person/197701', 'person/257108', 'person/256952', 'person/125042', 'person/124850', 'person/256956', 'person/197543', 'person/119435', 'person/257115', 'person/197690', 'person/256949', 'person/256935', 'person/256861', 'person/256928', 'person/197398', 'person/257002', 'person/119652', 'person/257086', 'person/256858']",618.0,org/ep-10,"['eli/dl/doc/PV-10-2025-11-27-ATT', 'eli/dl/doc/PV-10-2025-11-27', 'eli/dl/doc/CRE-10-2025-11-27', 'eli/dl/doc/PV-10-2025-11-27-VOT', 'eli/dl/doc/PV-10-2025-11-27-RCV']",http://publications.europa.eu/resource/authority/place/FRA_SXB,"['eli/dl/event/MTG-PL-2025-11-27-TF-0900', 'eli/dl/event/MTG-PL-2025-11-27-TF-1200', 'eli/dl/event/MTG-PL-2025-11-27-TF-1500']"
27,eli/dl/event/MTG-PL-2025-12-18,Activity,2025-12-18,2025-12-18T23:00:00+01:00,MTG-PL-2025-12-18,"{'sk': 'Štvrtok, 18. decembra 2025', 'sl': 'Četrtek, 18. december 2025', 'nl': 'Donderdag 18 december 2025', 'da': 'Torsdag den 18. december 2025', 'lv': 'Ceturtdiena, 2025. gada 18. decembris', 'ga': 'Déardaoin, 18 Nollaig 2025', 'en': 'Thursday, 18 December 2025', 'lt': 'Ketvirtadienis, 2025 m. gruodžio 18 d.', 'bg': 'Четвъртък, 18 декември 2025', 'sv': 'Torsdagen den 18 december 2025', 'et': 'Neljapäev, 18. detsember 2025', 'it': 'Giovedì 18 dicembre 2025', 'fr': 'Jeudi 18 décembre 2025', 'hu': '2025. december 18., csütörtök', 'ro': 'Joi, 18 decembrie 2025', 'de': 'Donnerstag, 18. Dezember 2025', 'el': 'Πέμπτη 18 Δεκεμβρίου 2025', 'hr': 'četvrtak, 18. prosinca 2025.', 'fi': 'Torstai 18. joulukuuta 2025', 'cs': 'Čtvrtek, 18. prosince 2025', 'es': 'Jueves 18 de diciembre de 2025', 'pt': 'Quinta-feira, 18 de Dezembro de 2025', 'pl': 'Czwartek, 18 grudnia 2025', 'mt': ""Il-Ħamis, 18 ta' Diċembru 2025""}",2025-12-18T01:00:00+01:00,"['eli/dl/event/MTG-PL-2025-12-18-PVCRE-ITM-11', 'eli/dl/event/MTG-PL-2025-12-18-PVCRE-ITM-5', 'eli/dl/event/MTG-PL-2025-12-18-VOT-ITM-978995', 'eli/dl/event/MTG-PL-2025-12-18-PVCRE-ITM-10', 'eli/dl/event/MTG-PL-2025-12-18-VOT-ITM-978924', 'eli/dl/event/MTG-PL-2025-12-18-VOT-ITM-978888', 'eli/dl/event/MTG-PL-2025-12-18-VOT-ITM-978302', 'eli/dl/event/MTG-PL-2025-12-18-PVCRE-ITM-16', 'eli/dl/event/MTG-PL-2025-12-18-VOT-ITM-978314', 'eli/dl/event/MTG-PL-2025-12-18-PVCRE-ITM-2', 'eli/dl/event/MTG-PL-2025-12-18-PVCRE-ITM-1', 'eli/dl/event/MTG-PL-2025-12-18-PVCRE-ITM-8', 'eli/dl/event/MTG-PL-2025-12-18-PVCRE-ITM-13', 'eli/dl/event/MTG-PL-2025-12-18-PVCRE-ITM-7', 'eli/dl/event/MTG-PL-2025-12-18-PVCRE-ITM-12', 'eli/dl/event/MTG-PL-2025-12-18-VOT-ITM-978996', 'eli/dl/event/MTG-PL-2025-12-18-VOT-ITM-978927', 'eli/dl/event/MTG-PL-2025-12-18-PVCRE-ITM-4', 'eli/dl/event/MTG-PL-2025-12-18-PVCRE-ITM-3', 'eli/dl/event/MTG-PL-2025-12-18-PVCRE-ITM-15', 'eli/dl/event/MTG-PL-2025-12-18-PVCRE-ITM-9', 'eli/dl/event/MTG-PL-2025-12-18-PVCRE-ITM-14', 'eli/dl/event/MTG-PL-2025-12-18-VOT-ITM-978998', 'eli/dl/event/MTG-PL-2025-12-18-PVCRE-ITM-6']",['eli/dl/doc/OJQ-10-2025-12-18'],def/ep-activities/PLENARY_SITTING,"['person/257013', 'person/247735', 'person/257255', 'person/125106', 'person/257035', 'person/257009', 'person/257129', 'person/125023', 'person/256904', 'person/98341', 'person/256917', 'person/257062', 'person/257438', 'person/206158']","['person/197469', 'person/125670', 'person/124806', 'person/197628', 'person/256997', 'person/197662', 'person/96787', 'person/256858', 'person/197574', 'person/257144', 'person/256880', 'person/257098', 'person/197523', 'person/257104', 'person/256840', 'person/190713', 'person/197435', 'person/256912', 'person/256905', 'person/256859', 'person/96933', 'person/257123', 'person/257125', 'person/197841', 'person/208722', 'person/257077', 'person/197500', 'person/257037', 'person/28617', 'person/197414', 'person/191693', 'person/124760', 'person/197702', 'person/256803', 'person/256896', 'person/124973', 'person/198373', 'person/30482', 'person/96934', 'person/197607', 'person/256919', 'person/257078', 'person/38511', 'person/197553', 'person/257038', 'person/24922', 'person/125027', 'person/256985', 'person/256942', 'person/256846', 'person/256900', 'person/256804', 'person/96697', 'person/197691', 'person/257261', 'person/239260', 'person/198176', 'person/4395', 'person/256950', 'person/125104', 'person/197466', 'person/256990', 'person/256992', 'person/34232', 'person/256855', 'person/197719', 'person/197580', 'person/96711', 'person/204333', 'person/197492', 'person/257110', 'person/257064', 'person/5729', 'person/257022', 'person/256841', 'person/197445', 'person/256971', 'person/256881', 'person/256883', 'person/256834', 'person/257160', 'person/256999', 'person/197517', 'person/256876', 'person/197794', 'person/256948', 'person/257113', 'person/257065', 'person/257023', 'person/257025', 'person/256842', 'person/28150', 'person/96826', 'person/197402', 'person/197655', 'person/23816', 'person/40224', 'person/256884', 'person/4746', 'person/197648', 'person/262021', 'person/124785', 'person/256949', 'person/58766', 'person/256907', 'person/256909', 'person/257257', 'person/257169', 'person/257127', 'person/124722', 'person/4289', 'person/197623', 'person/257457', 'person/96780', 'person/256935', 'person/199941', 'person/257060', 'person/197780', 'person/256928', 'person/129073', 'person/198076', 'person/257300', 'person/257051', 'person/257298', 'person/197773', 'person/257258', 'person/96812', 'person/197432', 'person/130100', 'person/99878', 'person/257044', 'person/257128', 'person/257002', 'person/233862', 'person/197624', 'person/256978', 'person/256936', 'person/256986', 'person/96653', 'person/197781', 'person/5392', 'person/257140', 'person/197440', 'person/257052', 'person/257010', 'person/204129', 'person/99945', 'person/111412', 'person/220897', 'person/257094', 'person/25758', 'person/256871', 'person/256987', 'person/256864', 'person/124858', 'person/197672', 'person/261038', 'person/257031', 'person/257082', 'person/219652', 'person/256890', 'person/257114', 'person/197577', 'person/190464', 'person/256966', 'person/197769', 'person/198490', 'person/256878', 'person/257019', 'person/256957', 'person/256915', 'person/124867', 'person/257032', 'person/256869', 'person/127766', 'person/197461', 'person/200345', 'person/257155', 'person/256891', 'person/256974', 'person/257115', 'person/197534', 'person/256851', 'person/257069', 'person/197734', 'person/197439', 'person/183916', 'person/256916', 'person/257090', 'person/257299', 'person/257259', 'person/229839', 'person/230085', 'person/124984', 'person/97968', 'person/131580', 'person/256807', 'person/33998', 'person/197618', 'person/197652', 'person/197679', 'person/197802', 'person/197503', 'person/257088', 'person/197839', 'person/257046', 'person/124985', 'person/257048', 'person/197425', 'person/256995', 'person/256808', 'person/257070', 'person/256814', 'person/197572', 'person/244571', 'person/257102', 'person/270261', 'person/257137', 'person/257089', 'person/257049', 'person/197468', 'person/257007', 'person/197426', 'person/256945', 'person/256903', 'person/256996', 'person/256857', 'person/72779', 'person/256815', 'person/23781', 'person/188096', 'person/257163', 'person/88552', 'person/257121', 'person/220871', 'person/257075', 'person/257033', 'person/197498', 'person/1927', 'person/28615', 'person/256980', 'person/257068', 'person/257028', 'person/256845', 'person/197405', 'person/193292', 'person/124834', 'person/197818', 'person/197528', 'person/96932', 'person/256887', 'person/256959', 'person/257124', 'person/197840', 'person/197591', 'person/257034', 'person/96709', 'person/197413', 'person/197463', 'person/256983', 'person/28399', 'person/197701', 'person/261797', 'person/256895', 'person/2341', 'person/197406', 'person/124884', 'person/128483', 'person/197529', 'person/256888', 'person/39725', 'person/197606', 'person/124877', 'person/256918', 'person/197552', 'person/270719', 'person/1909', 'person/197464', 'person/256941', 'person/249603', 'person/189065', 'person/256853', 'person/126699', 'person/96791', 'person/197845', 'person/197504', 'person/257150', 'person/256939', 'person/202036', 'person/256809', 'person/197784', 'person/197443', 'person/257101', 'person/197401', 'person/256920', 'person/257055', 'person/204449', 'person/124813', 'person/24942', 'person/197718', 'person/96752', 'person/257138', 'person/197557', 'person/197581', 'person/256874', 'person/28419', 'person/97399', 'person/197491', 'person/197493', 'person/256946', 'person/257021', 'person/236053', 'person/125052', 'person/256970', 'person/197398', 'person/257056', 'person/256921', 'person/256882', 'person/256833', 'person/197646', 'person/257139', 'person/256824', 'person/197558', 'person/96675', 'person/256989', 'person/256947', 'person/218347', 'person/267485', 'person/257084', 'person/197832', 'person/256977', 'person/197537', 'person/124713', 'person/256889', 'person/256968', 'person/197825', 'person/256926', 'person/257296', 'person/197470', 'person/210480', 'person/257256', 'person/197430', 'person/257126', 'person/197545', 'person/257000', 'person/257093', 'person/124893', 'person/256934', 'person/257119', 'person/256969', 'person/197408', 'person/257050', 'person/256839', 'person/197738', 'person/197772', 'person/197473', 'person/96811', 'person/197684', 'person/257043', 'person/257001', 'person/257003', 'person/4267', 'person/256820', 'person/125046', 'person/237465', 'person/256862', 'person/257080', 'person/124807', 'person/197410', 'person/220896', 'person/197533', 'person/197786', 'person/257145', 'person/95074', 'person/185771', 'person/257147', 'person/97236', 'person/197863', 'person/257099', 'person/124700', 'person/251324', 'person/96681', 'person/257059', 'person/256913', 'person/257030', 'person/257081', 'person/197429', 'person/124808', 'person/257072', 'person/96998', 'person/107212', 'person/28223', 'person/257148', 'person/197820', 'person/256965', 'person/257106', 'person/197525', 'person/124701', 'person/197778', 'person/213330', 'person/256877', 'person/257018', 'person/256956', 'person/106936', 'person/124866', 'person/188945', 'person/119435', 'person/197460', 'person/204400', 'person/220840', 'person/257079', 'person/257039', 'person/125068', 'person/103246', 'person/197416', 'person/256847', 'person/197829', 'person/256805', 'person/256898', 'person/124836', 'person/840', 'person/197690', 'person/124799', 'person/96936', 'person/257262', 'person/197763', 'person/197391', 'person/197677', 'person/197800', 'person/257132', 'person/197501', 'person/256951', 'person/257086', 'person/197417', 'person/256993', 'person/256944', 'person/256806', 'person/256899', 'person/204336', 'person/197392', 'person/197475', 'person/257133', 'person/96808', 'person/257135', 'person/257087', 'person/256910', 'person/257045', 'person/28122', 'person/257727', 'person/257047', 'person/257005', 'person/1917', 'person/260724', 'person/257437', 'person/256994', 'person/256901', 'person/256813', 'person/112747', 'person/38542', 'person/257073', 'person/197795', 'person/257112', 'person/197412', 'person/257066', 'person/257024', 'person/257026', 'person/256843', 'person/197403', 'person/28307', 'person/257237', 'person/256973', 'person/98582', 'person/22858', 'person/28219', 'person/28347', 'person/256885', 'person/249982', 'person/112748', 'person/257170', 'person/197543', 'person/197497', 'person/256908', 'person/256981', 'person/257067', 'person/28400', 'person/257027', 'person/256893', 'person/256844', 'person/197404', 'person/197699', 'person/23788', 'person/256886', 'person/124875', 'person/124736', 'person/37312', 'person/125093', 'person/202073', 'person/257301', 'person/261796', 'person/245770', 'person/185341', 'person/124861', 'person/256979', 'person/101039', 'person/256937', 'person/86057', 'person/124715', 'person/86793', 'person/124766', 'person/197782', 'person/125001', 'person/197721', 'person/197395', 'person/257053', 'person/257011', 'person/125325', 'person/256830', 'person/197687', 'person/256960', 'person/257095', 'person/190574', 'person/197549', 'person/256870', 'person/112744', 'person/256872', 'person/256823', 'person/122978', 'person/257061', 'person/30123', 'person/118859', 'person/257100', 'person/197400', 'person/257054', 'person/257012', 'person/257014', 'person/256831', 'person/256961', 'person/257096', 'person/124691', 'person/197556', 'person/119652', 'person/197621', 'person/256852', 'person/187917', 'person/197447', 'person/28226', 'person/256924', 'person/257109', 'person/124795', 'person/96940', 'person/96756', 'person/257083', 'person/257040', 'person/256829', 'person/257091', 'person/96668', 'person/197421', 'person/197578', 'person/256976', 'person/257117', 'person/256810', 'person/201945', 'person/197448', 'person/272024', 'person/256967', 'person/256925', 'person/197770', 'person/91636', 'person/257041', 'person/204413', 'person/257092', 'person/197422', 'person/192254', 'person/197810', 'person/256811', 'person/197722', 'person/256860', 'person/5736', 'person/220908', 'person/197627', 'person/123562', 'person/257020', 'person/204414', 'person/130881', 'person/257071', 'person/197490', 'person/197573', 'person/125204', 'person/257143', 'person/256962', 'person/257097', 'person/257103', 'person/251874', 'person/94649', 'person/256955']",595.0,org/ep-10,"['eli/dl/doc/PV-10-2025-12-18-RCV', 'eli/dl/doc/PV-10-2025-12-18-ATT', 'eli/dl/doc/CRE-10-2025-12-18', 'eli/dl/doc/PV-10-2025-12-18-VOT', 'eli/dl/doc/PV-10-2025-12-18']",http://publications.europa.eu/resource/authority/place/FRA_SXB,"['eli/dl/event/MTG-PL-2025-12-18-TF-0900', 'eli/dl/event/MTG-PL-2025-12-18-TF-1500', 'eli/dl/event/MTG-PL-2025-12-18-TF-1200']"
28,eli/dl/event/MTG-PL-2026-01-22,Activity,2026-01-22,2026-01-22T23:00:00+01:00,MTG-PL-2026-01-22,"{'cs': 'Čtvrtek, 22. ledna 2026', 'hu': '2026. január 22., csütörtök', 'sl': 'Četrtek, 22. januar 2026', 'de': 'Donnerstag, 22. Januar 2026', 'mt': ""Il-Ħamis, 22 ta' Jannar 2026"", 'lt': 'Ketvirtadienis, 2026 m. sausio 22 d.', 'nl': 'Donderdag 22 januari 2026', 'da': 'Torsdag den 22. januar 2026', 'es': 'Jueves 22 de enero de 2026', 'ro': 'Joi, 22 ianuarie 2026', 'el': 'Πέμπτη 22 Ιανουαρίου 2026', 'hr': 'četvrtak, 22. siječnja 2026.', 'fr': 'Jeudi 22 janvier 2026', 'en': 'Thursday, 22 January 2026', 'pl': 'Czwartek, 22 stycznia 2026', 'sk': 'Štvrtok, 22. januára 2026', 'fi': 'Torstai 22. tammikuuta 2026', 'lv': 'Ceturtdiena, 2026. gada 22. janvāris', 'bg': 'Четвъртък, 22 януари 2026', 'it': 'Giovedì 22 gennaio 2026', 'sv': 'Torsdagen den 22 januari 2026', 'ga': 'Déardaoin, 22 Eanáir 2026', 'et': 'Neljapäev, 22. jaanuar 2026', 'pt': 'Quinta-feira, 22 de Janeiro de 2026'}",2026-01-22T01:00:00+01:00,"['eli/dl/event/MTG-PL-2026-01-22-PVCRE-ITM-9', 'eli/dl/event/MTG-PL-2026-01-22-PVCRE-ITM-13', 'eli/dl/event/MTG-PL-2026-01-22-VOT-ITM-982151', 'eli/dl/event/MTG-PL-2026-01-22-PVCRE-ITM-1', 'eli/dl/event/MTG-PL-2026-01-22-PVCRE-ITM-2', 'eli/dl/event/MTG-PL-2026-01-22-PVCRE-ITM-10', 'eli/dl/event/MTG-PL-2026-01-22-PVCRE-ITM-11', 'eli/dl/event/MTG-PL-2026-01-22-PVCRE-ITM-7', 'eli/dl/event/MTG-PL-2026-01-22-VOT-ITM-981685', 'eli/dl/event/MTG-PL-2026-01-22-VOT-ITM-982263', 'eli/dl/event/MTG-PL-2026-01-22-PVCRE-ITM-8', 'eli/dl/event/MTG-PL-2026-01-22-VOT-ITM-981682', 'eli/dl/event/MTG-PL-2026-01-22-VOT-ITM-982162', 'eli/dl/event/MTG-PL-2026-01-22-VOT-ITM-982180', 'eli/dl/event/MTG-PL-2026-01-22-PVCRE-ITM-5', 'eli/dl/event/MTG-PL-2026-01-22-PVCRE-ITM-6', 'eli/dl/event/MTG-PL-2026-01-22-PVCRE-ITM-14', 'eli/dl/event/MTG-PL-2026-01-22-PVCRE-ITM-15', 'eli/dl/event/MTG-PL-2026-01-22-VOT-ITM-982262', 'eli/dl/event/MTG-PL-2026-01-22-PVCRE-ITM-3', 'eli/dl/event/MTG-PL-2026-01-22-PVCRE-ITM-12', 'eli/dl/event/MTG-PL-2026-01-22-VOT-ITM-981686', 'eli/dl/event/MTG-PL-2026-01-22-VOT-ITM-982070', 'eli/dl/event/MTG-PL-2026-01-22-VOT-ITM-981674', 'eli/dl/event/MTG-PL-2026-01-22-PVCRE-ITM-4']",['eli/dl/doc/OJQ-10-2026-01-22'],def/ep-activities/PLENARY_SITTING,"['person/204418', 'person/23781', 'person/220801', 'person/257122', 'person/197684', 'person/257050', 'person/257088', 'person/124985', 'person/36392', 'person/197398', 'person/98341', 'person/257035', 'person/256904', 'person/256853', 'person/256917', 'person/247735', 'person/125042', 'person/257013', 'person/257055', 'person/256962', 'person/256938']","['person/256924', 'person/256880', 'person/256943', 'person/125012', 'person/257128', 'person/110673', 'person/197780', 'person/257100', 'person/257296', 'person/256985', 'person/72779', 'person/95074', 'person/257022', 'person/124722', 'person/34232', 'person/188945', 'person/124802', 'person/204129', 'person/256900', 'person/256942', 'person/197514', 'person/257137', 'person/256882', 'person/5392', 'person/204449', 'person/257102', 'person/2152', 'person/2341', 'person/96998', 'person/124836', 'person/257059', 'person/257031', 'person/257262', 'person/256874', 'person/257078', 'person/272024', 'person/256937', 'person/197463', 'person/257120', 'person/256979', 'person/197870', 'person/197414', 'person/38511', 'person/197517', 'person/249603', 'person/257112', 'person/197433', 'person/256878', 'person/257077', 'person/257003', 'person/257094', 'person/197534', 'person/197580', 'person/256997', 'person/256829', 'person/30123', 'person/197825', 'person/251324', 'person/257052', 'person/256955', 'person/256909', 'person/94649', 'person/256804', 'person/190574', 'person/256846', 'person/197800', 'person/256895', 'person/197842', 'person/197432', 'person/270719', 'person/257114', 'person/197435', 'person/124875', 'person/257007', 'person/257051', 'person/257070', 'person/197552', 'person/40224', 'person/257133', 'person/256971', 'person/257149', 'person/256803', 'person/256864', 'person/257098', 'person/197722', 'person/204419', 'person/257238', 'person/256976', 'person/4267', 'person/257132', 'person/197607', 'person/23699', 'person/37312', 'person/256870', 'person/197624', 'person/256859', 'person/257016', 'person/256901', 'person/197445', 'person/256992', 'person/197589', 'person/197778', 'person/96709', 'person/119652', 'person/245018', 'person/124715', 'person/128483', 'person/256950', 'person/197448', 'person/197462', 'person/257064', 'person/197623', 'person/257090', 'person/257015', 'person/256858', 'person/257127', 'person/257169', 'person/197628', 'person/197672', 'person/229839', 'person/230085', 'person/197447', 'person/197461', 'person/256842', 'person/28617', 'person/197466', 'person/126699', 'person/124736', 'person/124785', 'person/197417', 'person/197627', 'person/256834', 'person/257085', 'person/204336', 'person/257082', 'person/96810', 'person/257145', 'person/257113', 'person/124813', 'person/256876', 'person/197690', 'person/257299', 'person/256939', 'person/197581', 'person/197770', 'person/256851', 'person/197440', 'person/197721', 'person/256956', 'person/124691', 'person/197500', 'person/257028', 'person/39725', 'person/124866', 'person/124861', 'person/198084', 'person/111412', 'person/220908', 'person/256855', 'person/257012', 'person/197662', 'person/197636', 'person/257054', 'person/256913', 'person/257301', 'person/261797', 'person/197832', 'person/197802', 'person/236050', 'person/256918', 'person/125001', 'person/257060', 'person/125670', 'person/1909', 'person/197577', 'person/257011', 'person/257049', 'person/98582', 'person/257109', 'person/5736', 'person/204333', 'person/256980', 'person/197429', 'person/28399', 'person/256969', 'person/96833', 'person/256871', 'person/96756', 'person/256934', 'person/260724', 'person/197404', 'person/257048', 'person/257020', 'person/208722', 'person/251874', 'person/204332', 'person/193292', 'person/257097', 'person/28307', 'person/256926', 'person/256968', 'person/96697', 'person/257125', 'person/28419', 'person/197845', 'person/257237', 'person/197549', 'person/197719', 'person/197403', 'person/197782', 'person/249982', 'person/256910', 'person/124766', 'person/197408', 'person/256952', 'person/257298', 'person/197422', 'person/197494', 'person/257024', 'person/257066', 'person/91636', 'person/124846', 'person/124895', 'person/257069', 'person/257041', 'person/197572', 'person/256944', 'person/198176', 'person/257101', 'person/28223', 'person/197863', 'person/256884', 'person/257255', 'person/257297', 'person/257083', 'person/197523', 'person/256947', 'person/197421', 'person/197786', 'person/257104', 'person/256989', 'person/96811', 'person/197677', 'person/197691', 'person/101039', 'person/197470', 'person/256961', 'person/25758', 'person/201945', 'person/257040', 'person/40599', 'person/220840', 'person/239260', 'person/257045', 'person/256883', 'person/257087', 'person/197501', 'person/206158', 'person/197711', 'person/256946', 'person/257103', 'person/28390', 'person/256839', 'person/256811', 'person/96787', 'person/256965', 'person/197772', 'person/256960', 'person/197653', 'person/197400', 'person/256916', 'person/197416', 'person/98219', 'person/197491', 'person/257170', 'person/256810', 'person/220896', 'person/197687', 'person/257061', 'person/257079', 'person/256922', 'person/256964', 'person/257096', 'person/257121', 'person/131580', 'person/197578', 'person/261038', 'person/96761', 'person/58766', 'person/125068', 'person/191693', 'person/256981', 'person/257095', 'person/124795', 'person/124984', 'person/257116', 'person/124858', 'person/124877', 'person/257009', 'person/257053', 'person/204400', 'person/256973', 'person/96653', 'person/256831', 'person/256805', 'person/256847', 'person/256896', 'person/1917', 'person/262021', 'person/256959', 'person/270261', 'person/197829', 'person/97968', 'person/197406', 'person/197392', 'person/257071', 'person/185341', 'person/218347', 'person/124799', 'person/197553', 'person/197497', 'person/124834', 'person/257099', 'person/124893', 'person/257025', 'person/88552', 'person/197556', 'person/256809', 'person/97236', 'person/119435', 'person/257151', 'person/237465', 'person/256823', 'person/197682', 'person/256840', 'person/256977', 'person/125046', 'person/256903', 'person/197784', 'person/256945', 'person/256994', 'person/197391', 'person/22858', 'person/257256', 'person/197412', 'person/124850', 'person/198073', 'person/28150', 'person/124806', 'person/257150', 'person/257029', 'person/198076', 'person/257001', 'person/257092', 'person/124701', 'person/38542', 'person/257043', 'person/197574', 'person/125325', 'person/256902', 'person/256993', 'person/256886', 'person/33998', 'person/256907', 'person/256949', 'person/256951', 'person/256921', 'person/97399', 'person/197449', 'person/257106', 'person/256844', 'person/197840', 'person/204346', 'person/210480', 'person/197763', 'person/256998', 'person/4289', 'person/257000', 'person/257091', 'person/124700', 'person/28122', 'person/197475', 'person/245770', 'person/256906', 'person/129073', 'person/256920', 'person/256843', 'person/22418', 'person/256860', 'person/197646', 'person/257038', 'person/233862', 'person/96791', 'person/96668', 'person/96808', 'person/86057', 'person/202036', 'person/125027', 'person/86793', 'person/257086', 'person/96934', 'person/28219', 'person/257021', 'person/99945', 'person/257119', 'person/257163', 'person/197694', 'person/256852', 'person/257056', 'person/256941', 'person/256990', 'person/24942', 'person/256915', 'person/256957', 'person/256808', 'person/256899', 'person/118859', 'person/124713', 'person/96933', 'person/257457', 'person/197769', 'person/96826', 'person/197504', 'person/257118', 'person/219652', 'person/197649', 'person/197621', 'person/214839', 'person/257072', 'person/257135', 'person/256807', 'person/124884', 'person/256898', 'person/257030', 'person/256919', 'person/185771', 'person/257261', 'person/125093', 'person/200345', 'person/107212', 'person/256824', 'person/197701', 'person/197410', 'person/256936', 'person/256978', 'person/197413', 'person/198183', 'person/256830', 'person/28400', 'person/187917', 'person/257260', 'person/257139', 'person/257111', 'person/256877', 'person/257034', 'person/257076', 'person/127766', 'person/256935', 'person/256905', 'person/256996', 'person/197405', 'person/840', 'person/256891', 'person/256954', 'person/204414', 'person/125065', 'person/257068', 'person/257110', 'person/106936', 'person/257033', 'person/190713', 'person/130881', 'person/256890', 'person/256911', 'person/197525', 'person/204413', 'person/256970', 'person/257148', 'person/256893', 'person/197679', 'person/197426', 'person/197468', 'person/197573', 'person/23788', 'person/256885', 'person/257089', 'person/197503', 'person/257084', 'person/256948', 'person/257131', 'person/96812', 'person/257147', 'person/197606', 'person/197648', 'person/197818', 'person/257259', 'person/197529', 'person/30482', 'person/197543', 'person/197425', 'person/256820', 'person/256974', 'person/124760', 'person/197444', 'person/257046', 'person/236053', 'person/96936', 'person/197591', 'person/28347', 'person/257063', 'person/197528', 'person/256966', 'person/197773', 'person/257123', 'person/96830', 'person/256889', 'person/256815', 'person/257014', 'person/4746', 'person/197401', 'person/197545', 'person/197734', 'person/197443', 'person/257126', 'person/125052', 'person/257140', 'person/198490', 'person/112748', 'person/197492', 'person/256983', 'person/197460', 'person/192254', 'person/123562', 'person/220897', 'person/188096', 'person/197579', 'person/256814', 'person/256833', 'person/257018', 'person/197670', 'person/257032', 'person/257081', 'person/112747', 'person/256987', 'person/257144', 'person/197794', 'person/256875', 'person/197810', 'person/28615', 'person/197464', 'person/37324', 'person/103246', 'person/122978', 'person/198373', 'person/220871', 'person/257727', 'person/257438', 'person/260035', 'person/256881', 'person/257080', 'person/267485', 'person/257027', 'person/24922', 'person/125104', 'person/96780', 'person/256986', 'person/197558', 'person/257143', 'person/183916', 'person/257160', 'person/257437', 'person/257258', 'person/256912', 'person/197498', 'person/257300', 'person/261796', 'person/197831', 'person/257026', 'person/197557', 'person/257138', 'person/197473', 'person/124808', 'person/257075', 'person/23868', 'person/256995', 'person/96675', 'person/202073', 'person/189065', 'person/257010', 'person/256869', 'person/256888', 'person/197395', 'person/257257', 'person/257108', 'person/112744', 'person/96752', 'person/197430', 'person/124807', 'person/257002', 'person/257044', 'person/257093', 'person/197533', 'person/213330', 'person/2268', 'person/256887', 'person/257005', 'person/257047', 'person/256908', 'person/99878', 'person/257107', 'person/130100', 'person/256845', 'person/197652', 'person/197841', 'person/199941', 'person/96940', 'person/256999', 'person/190464', 'person/256925', 'person/256967', 'person/197490', 'person/257124', 'person/197655', 'person/197718', 'person/197402', 'person/197781', 'person/257130', 'person/5729', 'person/197493', 'person/257023', 'person/197647', 'person/257065', 'person/257039']",633.0,org/ep-10,"['eli/dl/doc/PV-10-2026-01-22', 'eli/dl/doc/PV-10-2026-01-22-VOT', 'eli/dl/doc/PV-10-2026-01-22-ATT', 'eli/dl/doc/CRE-10-2026-01-22', 'eli/dl/doc/PV-10-2026-01-22-RCV']",http://publications.europa.eu/resource/authority/place/FRA_SXB,"['eli/dl/event/MTG-PL-2026-01-22-TF-0900', 'eli/dl/event/MTG-PL-2026-01-22-TF-1500', 'eli/dl/event/MTG-PL-2026-01-22-TF-1200']"
29,eli/dl/event/MTG-PL-2026-02-12,Activity,2026-02-12,2026-02-12T23:00:00+01:00,MTG-PL-2026-02-12,"{'ro': 'Joi, 12 februarie 2026', 'pl': 'Czwartek, 12 lutego 2026', 'lv': 'Ceturtdiena, 2026. gada 12. februāris', 'cs': 'Čtvrtek, 12. února 2026', 'it': 'Giovedì 12 febbraio 2026', 'es': 'Jueves 12 de febrero de 2026', 'bg': 'Четвъртък, 12 февруари 2026', 'ga': 'Déardaoin, 12 Feabhra 2026', 'hr': 'četvrtak, 12. veljače 2026.', 'fi': 'Torstai 12. helmikuuta 2026', 'el': 'Πέμπτη 12 Φεβρουαρίου 2026', 'mt': ""Il-Ħamis, 12 ta' Frar 2026"", 'en': 'Thursday, 12 February 2026', 'lt': 'Ketvirtadienis, 2026 m. vasario 12 d.', 'sk': 'Štvrtok, 12. februára 2026', 'et': 'Neljapäev, 12. veebruar 2026', 'de': 'Donnerstag, 12. Februar 2026', 'hu': '2026. február 12., csütörtök', 'sv': 'Torsdagen den 12 februari 2026', 'sl': 'Četrtek, 12. februar 2026', 'pt': 'Quinta-feira, 12 de Fevereiro de 2026', 'nl': 'Donderdag 12 februari 2026', 'da': 'Torsdag den 12. februar 2026', 'fr': 'Jeudi 12 février 2026'}",2026-02-12T01:00:00+01:00,"['eli/dl/event/MTG-PL-2026-02-12-VOT-ITM-983758', 'eli/dl/event/MTG-PL-2026-02-12-VOT-ITM-983532', 'eli/dl/event/MTG-PL-2026-02-12-VOT-ITM-984194', 'eli/dl/event/MTG-PL-2026-02-12-PVCRE-ITM-2', 'eli/dl/event/MTG-PL-2026-02-12-VOT-ITM-984127', 'eli/dl/event/MTG-PL-2026-02-12-PVCRE-ITM-7', 'eli/dl/event/MTG-PL-2026-02-12-VOT-ITM-983756', 'eli/dl/event/MTG-PL-2026-02-12-VOT-ITM-984084', 'eli/dl/event/MTG-PL-2026-02-12-VOT-ITM-984110', 'eli/dl/event/MTG-PL-2026-02-12-PVCRE-ITM-12', 'eli/dl/event/MTG-PL-2026-02-12-PVCRE-ITM-8', 'eli/dl/event/MTG-PL-2026-02-12-PVCRE-ITM-5', 'eli/dl/event/MTG-PL-2026-02-12-PVCRE-ITM-6', 'eli/dl/event/MTG-PL-2026-02-12-PVCRE-ITM-1', 'eli/dl/event/MTG-PL-2026-02-12-PVCRE-ITM-10', 'eli/dl/event/MTG-PL-2026-02-12-PVCRE-ITM-11', 'eli/dl/event/MTG-PL-2026-02-12-VOT-ITM-983439', 'eli/dl/event/MTG-PL-2026-02-12-PVCRE-ITM-3', 'eli/dl/event/MTG-PL-2026-02-12-VOT-ITM-983542', 'eli/dl/event/MTG-PL-2026-02-12-PVCRE-ITM-13', 'eli/dl/event/MTG-PL-2026-02-12-PVCRE-ITM-4', 'eli/dl/event/MTG-PL-2026-02-12-PVCRE-ITM-14', 'eli/dl/event/MTG-PL-2026-02-12-VOT-ITM-984180', 'eli/dl/event/MTG-PL-2026-02-12-PVCRE-ITM-15', 'eli/dl/event/MTG-PL-2026-02-12-VOT-ITM-983634', 'eli/dl/event/MTG-PL-2026-02-12-PVCRE-ITM-9']",['eli/dl/doc/OJQ-10-2026-02-12'],def/ep-activities/PLENARY_SITTING,"['person/98219', 'person/256924', 'person/125042', 'person/190713', 'person/247735', 'person/257437', 'person/257119', 'person/257035', 'person/124973', 'person/257300', 'person/257050', 'person/256946', 'person/257013', 'person/257160', 'person/256993', 'person/98582', 'person/256898', 'person/256904', 'person/256974', 'person/124713', 'person/197684', 'person/256917', 'person/98341', 'person/256853', 'person/185619', 'person/262021', 'person/197770', 'person/197840', 'person/58766', 'person/257055']","['person/197460', 'person/197863', 'person/257016', 'person/1927', 'person/28122', 'person/197786', 'person/96761', 'person/197533', 'person/257104', 'person/197401', 'person/2268', 'person/257080', 'person/197492', 'person/257129', 'person/198183', 'person/257030', 'person/197589', 'person/112748', 'person/123562', 'person/256915', 'person/40599', 'person/197842', 'person/197677', 'person/256995', 'person/257015', 'person/239260', 'person/256830', 'person/24942', 'person/257103', 'person/197422', 'person/125204', 'person/96934', 'person/256877', 'person/197449', 'person/256965', 'person/257238', 'person/112747', 'person/214839', 'person/126699', 'person/28617', 'person/125068', 'person/197672', 'person/256891', 'person/257093', 'person/197553', 'person/197421', 'person/257727', 'person/94649', 'person/124884', 'person/96933', 'person/256876', 'person/256964', 'person/257068', 'person/96810', 'person/125093', 'person/197778', 'person/197525', 'person/220896', 'person/124691', 'person/197627', 'person/256890', 'person/191693', 'person/124715', 'person/124795', 'person/197781', 'person/256936', 'person/197498', 'person/125012', 'person/256851', 'person/257130', 'person/197469', 'person/257124', 'person/256905', 'person/257089', 'person/256820', 'person/257012', 'person/256847', 'person/257028', 'person/124736', 'person/2341', 'person/197780', 'person/256935', 'person/197439', 'person/257116', 'person/197574', 'person/257088', 'person/256900', 'person/197662', 'person/256985', 'person/257011', 'person/34232', 'person/257049', 'person/204336', 'person/130881', 'person/256956', 'person/257137', 'person/5392', 'person/37312', 'person/256809', 'person/95074', 'person/256871', 'person/256889', 'person/256977', 'person/257063', 'person/124866', 'person/197580', 'person/124701', 'person/86057', 'person/256948', 'person/193292', 'person/96830', 'person/197545', 'person/22858', 'person/197413', 'person/197493', 'person/256951', 'person/233862', 'person/124984', 'person/125325', 'person/256918', 'person/256998', 'person/257018', 'person/257150', 'person/197537', 'person/197702', 'person/124700', 'person/257106', 'person/197405', 'person/198084', 'person/256921', 'person/197870', 'person/30482', 'person/257032', 'person/249982', 'person/256829', 'person/257120', 'person/257301', 'person/256997', 'person/197558', 'person/197426', 'person/256920', 'person/197646', 'person/257024', 'person/96808', 'person/260724', 'person/96936', 'person/204333', 'person/257112', 'person/256969', 'person/124836', 'person/198176', 'person/257069', 'person/256804', 'person/256884', 'person/270719', 'person/208722', 'person/197557', 'person/197425', 'person/124806', 'person/257083', 'person/256941', 'person/257045', 'person/204332', 'person/197503', 'person/257133', 'person/256968', 'person/257149', 'person/257237', 'person/256803', 'person/198373', 'person/197475', 'person/257070', 'person/257163', 'person/256938', 'person/257044', 'person/130100', 'person/257132', 'person/197722', 'person/256989', 'person/190574', 'person/197810', 'person/197687', 'person/256824', 'person/1294', 'person/197769', 'person/256912', 'person/260035', 'person/256992', 'person/257096', 'person/183916', 'person/256845', 'person/257118', 'person/199941', 'person/197578', 'person/257297', 'person/197831', 'person/28400', 'person/197581', 'person/125065', 'person/204419', 'person/257258', 'person/257090', 'person/840', 'person/256866', 'person/99945', 'person/257139', 'person/256954', 'person/197573', 'person/257065', 'person/256880', 'person/256896', 'person/124785', 'person/257169', 'person/257170', 'person/197408', 'person/202073', 'person/23699', 'person/257257', 'person/99878', 'person/270261', 'person/197543', 'person/257057', 'person/185341', 'person/257145', 'person/197462', 'person/197682', 'person/256925', 'person/257082', 'person/257025', 'person/197795', 'person/256840', 'person/257113', 'person/88552', 'person/245018', 'person/197410', 'person/197679', 'person/197461', 'person/4746', 'person/257001', 'person/5729', 'person/204414', 'person/197829', 'person/97968', 'person/257031', 'person/124834', 'person/125001', 'person/256806', 'person/256886', 'person/257078', 'person/257000', 'person/119435', 'person/125052', 'person/256857', 'person/210480', 'person/124760', 'person/256945', 'person/249603', 'person/204413', 'person/256860', 'person/256878', 'person/124893', 'person/256966', 'person/257052', 'person/257140', 'person/197699', 'person/257438', 'person/257077', 'person/197534', 'person/256980', 'person/197402', 'person/257038', 'person/4395', 'person/197500', 'person/257126', 'person/256987', 'person/257051', 'person/36392', 'person/220897', 'person/28419', 'person/257098', 'person/198073', 'person/96675', 'person/256910', 'person/197694', 'person/272024', 'person/25758', 'person/197782', 'person/197738', 'person/256937', 'person/257021', 'person/257037', 'person/256852', 'person/220871', 'person/257125', 'person/256986', 'person/197444', 'person/4267', 'person/124766', 'person/1909', 'person/257101', 'person/96681', 'person/197825', 'person/198490', 'person/219652', 'person/257058', 'person/96811', 'person/256961', 'person/28226', 'person/88882', 'person/257072', 'person/124875', 'person/220840', 'person/261796', 'person/256957', 'person/96709', 'person/257138', 'person/197800', 'person/202036', 'person/256872', 'person/197464', 'person/256960', 'person/257064', 'person/124867', 'person/256839', 'person/257108', 'person/197623', 'person/256842', 'person/197711', 'person/230085', 'person/197414', 'person/197494', 'person/257034', 'person/256901', 'person/256919', 'person/256999', 'person/122978', 'person/257085', 'person/257019', 'person/256834', 'person/197470', 'person/257107', 'person/197690', 'person/257261', 'person/256922', 'person/96940', 'person/197435', 'person/197655', 'person/257033', 'person/257121', 'person/261038', 'person/256978', 'person/128483', 'person/101039', 'person/23788', 'person/197841', 'person/256893', 'person/256855', 'person/197718', 'person/256981', 'person/124808', 'person/197647', 'person/257260', 'person/187917', 'person/127766', 'person/111412', 'person/257054', 'person/197430', 'person/229839', 'person/197606', 'person/197529', 'person/256973', 'person/197697', 'person/218347', 'person/124799', 'person/124807', 'person/257084', 'person/256942', 'person/257046', 'person/197504', 'person/124722', 'person/197491', 'person/257128', 'person/197528', 'person/256994', 'person/125046', 'person/257014', 'person/257071', 'person/197784', 'person/256939', 'person/257102', 'person/236053', 'person/124828', 'person/28347', 'person/197490', 'person/197448', 'person/257299', 'person/96791', 'person/124858', 'person/28399', 'person/257097', 'person/197818', 'person/257092', 'person/197552', 'person/97399', 'person/192254', 'person/124861', 'person/257020', 'person/96932', 'person/197579', 'person/256875', 'person/197447', 'person/28219', 'person/197832', 'person/28307', 'person/220908', 'person/257155', 'person/103246', 'person/257457', 'person/28615', 'person/197670', 'person/257259', 'person/257091', 'person/197549', 'person/197417', 'person/124802', 'person/197497', 'person/204449', 'person/256955', 'person/257041', 'person/125027', 'person/197468', 'person/256881', 'person/197523', 'person/197691', 'person/256846', 'person/257027', 'person/197621', 'person/256934', 'person/28150', 'person/257040', 'person/197412', 'person/197839', 'person/256811', 'person/257087', 'person/197463', 'person/188096', 'person/40224', 'person/206158', 'person/256990', 'person/257010', 'person/257026', 'person/256841', 'person/257114', 'person/197433', 'person/197653', 'person/256808', 'person/256888', 'person/24922', 'person/256976', 'person/197845', 'person/257002', 'person/256859', 'person/197429', 'person/256947', 'person/197649', 'person/101585', 'person/257047', 'person/106936', 'person/213330', 'person/256862', 'person/257135', 'person/197432', 'person/91636', 'person/256950', 'person/267485', 'person/86793', 'person/124895', 'person/251324', 'person/256807', 'person/256887', 'person/257061', 'person/257079', 'person/251874', 'person/256858', 'person/107212', 'person/197701', 'person/197404', 'person/257255', 'person/96668', 'person/256861', 'person/257053', 'person/125023', 'person/257009', 'person/220801', 'person/256916', 'person/256996', 'person/197395', 'person/256831', 'person/197403', 'person/257023', 'person/257039', 'person/257111', 'person/257127', 'person/72779', 'person/37324', 'person/125670', 'person/197591', 'person/256823', 'person/112744', 'person/257099', 'person/256911', 'person/113523', 'person/197556', 'person/201945', 'person/257022', 'person/97236', 'person/190464', 'person/257110', 'person/256967', 'person/197577', 'person/257148', 'person/197445', 'person/185771', 'person/256882', 'person/237465', 'person/256970', 'person/124877', 'person/119652', 'person/256959', 'person/257043', 'person/110673', 'person/257059', 'person/197501', 'person/257131', 'person/197721', 'person/256874', 'person/96812', 'person/197466', 'person/256962', 'person/33998', 'person/257073', 'person/38542', 'person/197392', 'person/257029', 'person/96653', 'person/256844', 'person/261797', 'person/257117', 'person/197416', 'person/96697', 'person/256815', 'person/197517', 'person/257296', 'person/256903', 'person/245770', 'person/257003', 'person/257060', 'person/30123', 'person/129073', 'person/197773', 'person/256928', 'person/197763', 'person/125104', 'person/257094', 'person/204418', 'person/197391', 'person/188945', 'person/256843', 'person/197734', 'person/5736', 'person/39725', 'person/256814', 'person/257123', 'person/197572', 'person/256902', 'person/197440', 'person/257086', 'person/96998', 'person/256895', 'person/28223', 'person/256949', 'person/256983', 'person/257262', 'person/124850', 'person/23781', 'person/256952', 'person/257056', 'person/124985', 'person/257144', 'person/256979', 'person/198076', 'person/197398', 'person/118859', 'person/197719', 'person/256944', 'person/257081', 'person/197794', 'person/96787', 'person/256909', 'person/197607', 'person/256870', 'person/257143']",602.0,org/ep-10,"['eli/dl/doc/PV-10-2026-02-12-VOT', 'eli/dl/doc/PV-10-2026-02-12-ATT', 'eli/dl/doc/PV-10-2026-02-12', 'eli/dl/doc/CRE-10-2026-02-12', 'eli/dl/doc/PV-10-2026-02-12-RCV']",http://publications.europa.eu/resource/authority/place/FRA_SXB,"['eli/dl/event/MTG-PL-2026-02-12-TF-1200', 'eli/dl/event/MTG-PL-2026-02-12-TF-1500', 'eli/dl/event/MTG-PL-2026-02-12-TF-0900']"
30,eli/dl/event/MTG-PL-2026-03-12,Activity,2026-03-12,2026-03-12T23:00:00+01:00,MTG-PL-2026-03-12,"{'lv': 'Ceturtdiena, 2026. gada 12. marts', 'hr': 'četvrtak, 12. ožujka 2026.', 'hu': '2026. március 12., csütörtök', 'mt': ""Il-Ħamis, 12 ta' Marzu 2026"", 'nl': 'Donderdag 12 maart 2026', 'et': 'Neljapäev, 12. märts 2026', 'de': 'Donnerstag, 12. März 2026', 'ga': 'Déardaoin, 12 Márta 2026', 'it': 'Giovedì 12 marzo 2026', 'sk': 'Štvrtok, 12. marca 2026', 'ro': 'Joi, 12 martie 2026', 'pt': 'Quinta-feira, 12 de Março de 2026', 'fi': 'Torstai 12. maaliskuuta 2026', 'es': 'Jueves 12 de marzo de 2026', 'sl': 'Četrtek, 12. marec 2026', 'da': 'Torsdag den 12. marts 2026', 'lt': 'Ketvirtadienis, 2026 m. kovo 12 d.', 'en': 'Thursday, 12 March 2026', 'el': 'Πέμπτη 12 Μαρτίου 2026', 'cs': 'Čtvrtek, 12. března 2026', 'sv': 'Torsdagen den 12 mars 2026', 'pl': 'Czwartek, 12 marca 2026', 'fr': 'Jeudi 12 mars 2026', 'bg': 'Четвъртък, 12 март 2026'}",2026-03-12T01:00:00+01:00,"['eli/dl/event/MTG-PL-2026-03-12-VOT-ITM-986299', 'eli/dl/event/MTG-PL-2026-03-12-PVCRE-ITM-10', 'eli/dl/event/MTG-PL-2026-03-12-PVCRE-ITM-11', 'eli/dl/event/MTG-PL-2026-03-12-PVCRE-ITM-16', 'eli/dl/event/MTG-PL-2026-03-12-PVCRE-ITM-9', 'eli/dl/event/MTG-PL-2026-03-12-PVCRE-ITM-12', 'eli/dl/event/MTG-PL-2026-03-12-VOT-ITM-986228', 'eli/dl/event/MTG-PL-2026-03-12-PVCRE-ITM-17', 'eli/dl/event/MTG-PL-2026-03-12-PVCRE-ITM-2', 'eli/dl/event/MTG-PL-2026-03-12-PVCRE-ITM-14', 'eli/dl/event/MTG-PL-2026-03-12-PVCRE-ITM-7', 'eli/dl/event/MTG-PL-2026-03-12-PVCRE-ITM-15', 'eli/dl/event/MTG-PL-2026-03-12-PVCRE-ITM-8', 'eli/dl/event/MTG-PL-2026-03-12-VOT-ITM-986151', 'eli/dl/event/MTG-PL-2026-03-12-VOT-ITM-986093', 'eli/dl/event/MTG-PL-2026-03-12-VOT-ITM-986076', 'eli/dl/event/MTG-PL-2026-03-12-PVCRE-ITM-5', 'eli/dl/event/MTG-PL-2026-03-12-PVCRE-ITM-1', 'eli/dl/event/MTG-PL-2026-03-12-PVCRE-ITM-13', 'eli/dl/event/MTG-PL-2026-03-12-PVCRE-ITM-6', 'eli/dl/event/MTG-PL-2026-03-12-PVCRE-ITM-18', 'eli/dl/event/MTG-PL-2026-03-12-VOT-ITM-986313', 'eli/dl/event/MTG-PL-2026-03-12-PVCRE-ITM-3', 'eli/dl/event/MTG-PL-2026-03-12-PVCRE-ITM-4', 'eli/dl/event/MTG-PL-2026-03-12-VOT-ITM-986343']",['eli/dl/doc/OJQ-10-2026-03-12'],def/ep-activities/PLENARY_SITTING,"['person/257013', 'person/197702', 'person/256877', 'person/124700', 'person/197391', 'person/257041', 'person/256980', 'person/256951', 'person/197460', 'person/247735', 'person/256823', 'person/197469', 'person/257009', 'person/98341', 'person/257014', 'person/197414', 'person/125027', 'person/262021', 'person/256915', 'person/257035', 'person/122978', 'person/197863', 'person/197684', 'person/256924', 'person/124784']","['person/256920', 'person/86793', 'person/256895', 'person/197429', 'person/197408', 'person/101585', 'person/257072', 'person/197557', 'person/197552', 'person/124850', 'person/256872', 'person/257457', 'person/197462', 'person/256968', 'person/257064', 'person/257163', 'person/219652', 'person/197410', 'person/257055', 'person/256938', 'person/257119', 'person/197711', 'person/257034', 'person/124867', 'person/197810', 'person/256842', 'person/124713', 'person/197690', 'person/28122', 'person/125023', 'person/256912', 'person/197403', 'person/197621', 'person/197677', 'person/112748', 'person/256834', 'person/197839', 'person/193292', 'person/257015', 'person/125204', 'person/119652', 'person/256967', 'person/204413', 'person/239260', 'person/28400', 'person/257260', 'person/37312', 'person/257054', 'person/229839', 'person/257114', 'person/257139', 'person/256959', 'person/204336', 'person/256954', 'person/185771', 'person/23788', 'person/111412', 'person/197445', 'person/197845', 'person/257084', 'person/257169', 'person/197573', 'person/256891', 'person/28617', 'person/197402', 'person/124785', 'person/197543', 'person/257170', 'person/124884', 'person/91636', 'person/257046', 'person/198084', 'person/257145', 'person/107212', 'person/124807', 'person/257071', 'person/256903', 'person/96697', 'person/28347', 'person/249982', 'person/256851', 'person/1917', 'person/197795', 'person/28399', 'person/257113', 'person/204418', 'person/197444', 'person/236053', 'person/4746', 'person/256983', 'person/276060', 'person/256847', 'person/198490', 'person/124861', 'person/208722', 'person/96780', 'person/256949', 'person/257020', 'person/28307', 'person/270719', 'person/256979', 'person/197670', 'person/257011', 'person/256974', 'person/257091', 'person/197556', 'person/257049', 'person/257148', 'person/130881', 'person/260035', 'person/256809', 'person/204332', 'person/256871', 'person/198373', 'person/257438', 'person/257110', 'person/256889', 'person/256909', 'person/197464', 'person/257066', 'person/257063', 'person/256966', 'person/197494', 'person/124866', 'person/124973', 'person/256846', 'person/125052', 'person/257040', 'person/197470', 'person/257010', 'person/123562', 'person/256910', 'person/220897', 'person/197401', 'person/256995', 'person/199941', 'person/257026', 'person/257125', 'person/256833', 'person/30482', 'person/96934', 'person/220871', 'person/256829', 'person/101039', 'person/25758', 'person/256906', 'person/257002', 'person/256986', 'person/256965', 'person/257101', 'person/256810', 'person/197430', 'person/197652', 'person/197449', 'person/124836', 'person/28223', 'person/190713', 'person/197701', 'person/256862', 'person/257069', 'person/257083', 'person/24922', 'person/197572', 'person/267485', 'person/124895', 'person/218347', 'person/88882', 'person/197624', 'person/257237', 'person/197421', 'person/257045', 'person/257144', 'person/197800', 'person/96668', 'person/256858', 'person/256853', 'person/256960', 'person/197473', 'person/124806', 'person/257075', 'person/251324', 'person/96709', 'person/256803', 'person/257070', 'person/197722', 'person/256905', 'person/256935', 'person/197490', 'person/197448', 'person/197794', 'person/124736', 'person/257005', 'person/197786', 'person/257107', 'person/197687', 'person/257104', 'person/197439', 'person/2268', 'person/113523', 'person/256985', 'person/256845', 'person/257297', 'person/257022', 'person/197820', 'person/257121', 'person/256922', 'person/256978', 'person/249603', 'person/256977', 'person/34232', 'person/257090', 'person/197721', 'person/210480', 'person/124877', 'person/197529', 'person/204449', 'person/237465', 'person/197606', 'person/197468', 'person/257065', 'person/257257', 'person/197413', 'person/124984', 'person/124799', 'person/197636', 'person/197412', 'person/197493', 'person/33998', 'person/257057', 'person/96812', 'person/256844', 'person/257296', 'person/197763', 'person/99878', 'person/256921', 'person/256942', 'person/245770', 'person/197392', 'person/257082', 'person/197405', 'person/220896', 'person/257094', 'person/197627', 'person/38511', 'person/256997', 'person/256994', 'person/257025', 'person/204346', 'person/197679', 'person/88552', 'person/260724', 'person/257124', 'person/4267', 'person/96936', 'person/257130', 'person/257086', 'person/256969', 'person/257001', 'person/197780', 'person/256814', 'person/96791', 'person/197432', 'person/125046', 'person/257056', 'person/197818', 'person/257116', 'person/257262', 'person/257031', 'person/197832', 'person/97399', 'person/256941', 'person/251874', 'person/220908', 'person/257081', 'person/197549', 'person/197425', 'person/257155', 'person/197404', 'person/256971', 'person/1927', 'person/197802', 'person/119435', 'person/197618', 'person/197523', 'person/197699', 'person/197475', 'person/257077', 'person/256870', 'person/86057', 'person/197580', 'person/257016', 'person/256989', 'person/197398', 'person/183916', 'person/257051', 'person/256934', 'person/257115', 'person/257030', 'person/257007', 'person/125325', 'person/257106', 'person/197738', 'person/257150', 'person/257037', 'person/190464', 'person/256990', 'person/128483', 'person/257021', 'person/256926', 'person/112747', 'person/256830', 'person/24942', 'person/256899', 'person/256976', 'person/197501', 'person/197558', 'person/126699', 'person/127766', 'person/257727', 'person/257050', 'person/98219', 'person/256950', 'person/257112', 'person/257135', 'person/23699', 'person/257068', 'person/197416', 'person/256890', 'person/202036', 'person/96810', 'person/124691', 'person/256946', 'person/256925', 'person/257012', 'person/5736', 'person/256916', 'person/245018', 'person/256820', 'person/191693', 'person/257127', 'person/257028', 'person/256839', 'person/230085', 'person/257111', 'person/256908', 'person/197461', 'person/197440', 'person/197662', 'person/204414', 'person/5729', 'person/72779', 'person/197591', 'person/257088', 'person/257085', 'person/197655', 'person/97968', 'person/124846', 'person/257033', 'person/124760', 'person/256945', 'person/201945', 'person/200345', 'person/197577', 'person/261038', 'person/197718', 'person/125001', 'person/256893', 'person/197406', 'person/197647', 'person/256970', 'person/257147', 'person/22858', 'person/256855', 'person/257018', 'person/124808', 'person/197697', 'person/257131', 'person/96830', 'person/256805', 'person/256907', 'person/197500', 'person/256987', 'person/256885', 'person/4395', 'person/197492', 'person/206158', 'person/257032', 'person/256937', 'person/257117', 'person/257301', 'person/40599', 'person/197514', 'person/23868', 'person/96675', 'person/125104', 'person/197773', 'person/124766', 'person/197770', 'person/197646', 'person/129073', 'person/257299', 'person/197422', 'person/257024', 'person/256928', 'person/257123', 'person/188945', 'person/256961', 'person/257097', 'person/96752', 'person/96681', 'person/256804', 'person/94649', 'person/96808', 'person/124858', 'person/197829', 'person/256884', 'person/198176', 'person/256875', 'person/256952', 'person/257259', 'person/257067', 'person/124985', 'person/197498', 'person/257298', 'person/197769', 'person/257044', 'person/257143', 'person/256944', 'person/257140', 'person/256919', 'person/1294', 'person/124802', 'person/197691', 'person/256999', 'person/103246', 'person/256824', 'person/257096', 'person/197534', 'person/256881', 'person/37324', 'person/256901', 'person/257126', 'person/96787', 'person/130100', 'person/197395', 'person/257027', 'person/185619', 'person/190574', 'person/257437', 'person/28419', 'person/257087', 'person/257258', 'person/96761', 'person/197435', 'person/197782', 'person/96940', 'person/197653', 'person/256981', 'person/256811', 'person/188096', 'person/5392', 'person/256866', 'person/256841', 'person/256943', 'person/214839', 'person/256896', 'person/197649', 'person/197628', 'person/202073', 'person/256973', 'person/257047', 'person/197825', 'person/197553', 'person/38542', 'person/197525', 'person/257079', 'person/4289', 'person/256807', 'person/213330', 'person/257255', 'person/197504', 'person/257061', 'person/197682', 'person/256887', 'person/96653', 'person/256964', 'person/257160', 'person/197781', 'person/220840', 'person/124795', 'person/197491', 'person/125068', 'person/256939', 'person/257053', 'person/257138', 'person/256936', 'person/185341', 'person/257300', 'person/124715', 'person/257108', 'person/256840', 'person/125093', 'person/125106', 'person/256913', 'person/197426', 'person/257039', 'person/197648', 'person/197772', 'person/197623', 'person/256993', 'person/257023', 'person/96756', 'person/256831', 'person/112744', 'person/192254', 'person/257078', 'person/96833', 'person/257099', 'person/96932', 'person/23781', 'person/256806', 'person/197503', 'person/125012', 'person/256886', 'person/256900', 'person/256956', 'person/197447', 'person/256955', 'person/198076', 'person/257137', 'person/124813', 'person/197417', 'person/95074', 'person/97236', 'person/2152', 'person/124893', 'person/256878', 'person/197841', 'person/197545', 'person/197497', 'person/124701', 'person/257059', 'person/257038', 'person/256948', 'person/110673', 'person/233862', 'person/256918', 'person/257098', 'person/272024', 'person/36392', 'person/256998', 'person/197537', 'person/257128', 'person/261797', 'person/1909', 'person/40224', 'person/197528', 'person/198183', 'person/198073', 'person/256852', 'person/204419', 'person/30123', 'person/257102', 'person/257003', 'person/257060', 'person/197840', 'person/275087', 'person/256815', 'person/197433', 'person/197734', 'person/257058', 'person/840', 'person/256843', 'person/256947', 'person/106936']",575.0,org/ep-10,"['eli/dl/doc/CRE-10-2026-03-12', 'eli/dl/doc/PV-10-2026-03-12-ATT', 'eli/dl/doc/PV-10-2026-03-12-VOT', 'eli/dl/doc/PV-10-2026-03-12', 'eli/dl/doc/PV-10-2026-03-12-RCV']",http://publications.europa.eu/resource/authority/place/FRA_SXB,"['eli/dl/event/MTG-PL-2026-03-12-TF-0900', 'eli/dl/event/MTG-PL-2026-03-12-TF-1500', 'eli/dl/event/MTG-PL-2026-03-12-TF-1200']"
31,eli/dl/event/MTG-PL-2026-03-26,Activity,2026-03-26,2026-03-26T23:00:00+01:00,MTG-PL-2026-03-26,"{'ro': 'Joi, 26 martie 2026', 'et': 'Neljapäev, 26. märts 2026', 'pt': 'Quinta-feira, 26 de Março de 2026', 'fi': 'Torstai 26. maaliskuuta 2026', 'mt': ""Il-Ħamis, 26 ta' Marzu 2026"", 'it': 'Giovedì 26 marzo 2026', 'pl': 'Czwartek, 26 marca 2026', 'es': 'Jueves 26 de marzo de 2026', 'lt': 'Ketvirtadienis, 2026 m. kovo 26 d.', 'sv': 'Torsdagen den 26 mars 2026', 'ga': 'Déardaoin, 26 Márta 2026', 'hr': 'četvrtak, 26. ožujka 2026.', 'fr': 'Jeudi 26 mars 2026', 'de': 'Donnerstag, 26. März 2026', 'sk': 'Štvrtok, 26. marca 2026', 'bg': 'Четвъртък, 26 март 2026', 'hu': '2026. március 26., csütörtök', 'el': 'Πέμπτη 26 Μαρτίου 2026', 'en': 'Thursday, 26 March 2026', 'cs': 'Čtvrtek, 26. března 2026', 'nl': 'Donderdag 26 maart 2026', 'da': 'Torsdag den 26. marts 2026', 'sl': 'Četrtek, 26. marec 2026', 'lv': 'Ceturtdiena, 2026. gada 26. marts'}",2026-03-26T01:00:00+01:00,"['eli/dl/event/MTG-PL-2026-03-26-VOT-ITM-987081', 'eli/dl/event/MTG-PL-2026-03-26-PVCRE-ITM-11', 'eli/dl/event/MTG-PL-2026-03-26-VOT-ITM-987017', 'eli/dl/event/MTG-PL-2026-03-26-PVCRE-ITM-9', 'eli/dl/event/MTG-PL-2026-03-26-PVCRE-ITM-12', 'eli/dl/event/MTG-PL-2026-03-26-VOT-ITM-987072', 'eli/dl/event/MTG-PL-2026-03-26-VOT-ITM-987204', 'eli/dl/event/MTG-PL-2026-03-26-PVCRE-ITM-1', 'eli/dl/event/MTG-PL-2026-03-26-VOT-ITM-987073', 'eli/dl/event/MTG-PL-2026-03-26-VOT-ITM-987109', 'eli/dl/event/MTG-PL-2026-03-26-VOT-ITM-987078', 'eli/dl/event/MTG-PL-2026-03-26-PVCRE-ITM-6', 'eli/dl/event/MTG-PL-2026-03-26-PVCRE-ITM-10', 'eli/dl/event/MTG-PL-2026-03-26-VOT-ITM-987079', 'eli/dl/event/MTG-PL-2026-03-26-VOT-ITM-987071', 'eli/dl/event/MTG-PL-2026-03-26-PVCRE-ITM-4', 'eli/dl/event/MTG-PL-2026-03-26-PVCRE-ITM-7', 'eli/dl/event/MTG-PL-2026-03-26-VOT-ITM-987115', 'eli/dl/event/MTG-PL-2026-03-26-VOT-ITM-987080', 'eli/dl/event/MTG-PL-2026-03-26-VOT-ITM-987133', 'eli/dl/event/MTG-PL-2026-03-26-VOT-ITM-987207', 'eli/dl/event/MTG-PL-2026-03-26-VOT-ITM-987012', 'eli/dl/event/MTG-PL-2026-03-26-VOT-ITM-987076', 'eli/dl/event/MTG-PL-2026-03-26-PVCRE-ITM-5', 'eli/dl/event/MTG-PL-2026-03-26-VOT-ITM-987077', 'eli/dl/event/MTG-PL-2026-03-26-PVCRE-ITM-13', 'eli/dl/event/MTG-PL-2026-03-26-PVCRE-ITM-14', 'eli/dl/event/MTG-PL-2026-03-26-VOT-ITM-987074', 'eli/dl/event/MTG-PL-2026-03-26-PVCRE-ITM-2', 'eli/dl/event/MTG-PL-2026-03-26-VOT-ITM-987075', 'eli/dl/event/MTG-PL-2026-03-26-VOT-ITM-987018', 'eli/dl/event/MTG-PL-2026-03-26-PVCRE-ITM-8', 'eli/dl/event/MTG-PL-2026-03-26-VOT-ITM-987205', 'eli/dl/event/MTG-PL-2026-03-26-VOT-ITM-987119', 'eli/dl/event/MTG-PL-2026-03-26-PVCRE-ITM-3', 'eli/dl/event/MTG-PL-2026-03-26-VOT-ITM-987011']",['eli/dl/doc/OJQ-10-2026-03-26'],def/ep-activities/PLENARY_SITTING,"['person/124985', 'person/257013', 'person/262021', 'person/23816', 'person/247735', 'person/257132', 'person/202073', 'person/257014', 'person/257035', 'person/197684']","['person/197439', 'person/197690', 'person/256876', 'person/257112', 'person/257135', 'person/118859', 'person/96933', 'person/256807', 'person/197621', 'person/197466', 'person/197504', 'person/256834', 'person/96810', 'person/256939', 'person/256936', 'person/197581', 'person/256978', 'person/125204', 'person/28400', 'person/197721', 'person/257260', 'person/257054', 'person/257114', 'person/256913', 'person/256954', 'person/204336', 'person/256996', 'person/185771', 'person/111412', 'person/257028', 'person/197824', 'person/256877', 'person/197413', 'person/256891', 'person/197636', 'person/192254', 'person/96932', 'person/256806', 'person/197440', 'person/197662', 'person/204414', 'person/257033', 'person/197577', 'person/236050', 'person/125001', 'person/256893', 'person/197679', 'person/260724', 'person/28399', 'person/256970', 'person/204418', 'person/257048', 'person/257089', 'person/257147', 'person/256948', 'person/96711', 'person/257131', 'person/36392', 'person/197818', 'person/208722', 'person/96780', 'person/256885', 'person/257020', 'person/28307', 'person/251874', 'person/197528', 'person/256974', 'person/197549', 'person/197719', 'person/197425', 'person/197404', 'person/23868', 'person/96675', 'person/256815', 'person/1927', 'person/256857', 'person/197773', 'person/124766', 'person/197770', 'person/204332', 'person/197523', 'person/197734', 'person/257299', 'person/256889', 'person/197422', 'person/257024', 'person/257066', 'person/39725', 'person/257063', 'person/257123', 'person/256947', 'person/256966', 'person/256989', 'person/256961', 'person/197494', 'person/96752', 'person/124866', 'person/197408', 'person/256884', 'person/125052', 'person/257040', 'person/198176', 'person/197470', 'person/256875', 'person/123562', 'person/220897', 'person/197401', 'person/197443', 'person/199941', 'person/190464', 'person/28390', 'person/256833', 'person/28615', 'person/197711', 'person/256938', 'person/101039', 'person/25758', 'person/197810', 'person/257143', 'person/256986', 'person/256965', 'person/197501', 'person/197558', 'person/1294', 'person/257080', 'person/103246', 'person/257096', 'person/256912', 'person/257727', 'person/98219', 'person/256881', 'person/37324', 'person/96787', 'person/257027', 'person/24922', 'person/267485', 'person/197416', 'person/28419', 'person/257258', 'person/256869', 'person/96761', 'person/197782', 'person/220801', 'person/256904', 'person/256981', 'person/189065', 'person/256853', 'person/197473', 'person/257075', 'person/131580', 'person/5392', 'person/256959', 'person/191693', 'person/256896', 'person/256973', 'person/257005', 'person/197786', 'person/257107', 'person/256908', 'person/257104', 'person/197553', 'person/91636', 'person/197863', 'person/197655', 'person/270261', 'person/124807', 'person/97968', 'person/213330', 'person/124846', 'person/257255', 'person/256845', 'person/257297', 'person/197682', 'person/96653', 'person/256887', 'person/257071', 'person/197781', 'person/220840', 'person/256903', 'person/256945', 'person/201945', 'person/185341', 'person/249603', 'person/197718', 'person/256977', 'person/197406', 'person/256861', 'person/197647', 'person/256840', 'person/197391', 'person/257039', 'person/197772', 'person/22858', 'person/256951', 'person/237465', 'person/256993', 'person/257023', 'person/257065', 'person/256907', 'person/256949', 'person/256924', 'person/197412', 'person/270719', 'person/197493', 'person/124700', 'person/256865', 'person/256844', 'person/257000', 'person/256886', 'person/125012', 'person/257091', 'person/257296', 'person/256900', 'person/197763', 'person/256942', 'person/256921', 'person/197514', 'person/245770', 'person/198076', 'person/220896', 'person/256860', 'person/197646', 'person/129073', 'person/95074', 'person/204346', 'person/2152', 'person/188945', 'person/257059', 'person/257038', 'person/4267', 'person/96808', 'person/197702', 'person/124858', 'person/197829', 'person/2341', 'person/272024', 'person/96791', 'person/257262', 'person/125027', 'person/257031', 'person/257116', 'person/257056', 'person/256915', 'person/256957', 'person/197870', 'person/256941', 'person/124834', 'person/256852', 'person/22418', 'person/96934', 'person/256829', 'person/256808', 'person/30123', 'person/197463', 'person/257003', 'person/197784', 'person/96826', 'person/119435', 'person/197769', 'person/197433', 'person/257077', 'person/256919', 'person/197580', 'person/256824', 'person/197398', 'person/197534', 'person/197701', 'person/256895', 'person/257051', 'person/257115', 'person/257072', 'person/190574', 'person/257030', 'person/257007', 'person/125325', 'person/257106', 'person/197552', 'person/257149', 'person/124875', 'person/124850', 'person/197800', 'person/197842', 'person/256872', 'person/197658', 'person/257133', 'person/257150', 'person/124806', 'person/251324', 'person/256803', 'person/219652', 'person/257070', 'person/197722', 'person/256905', 'person/256830', 'person/197410', 'person/257034', 'person/257076', 'person/187917', 'person/197607', 'person/197469', 'person/127766', 'person/28122', 'person/125023', 'person/125065', 'person/257050', 'person/256859', 'person/256911', 'person/197525', 'person/256950', 'person/256992', 'person/23699', 'person/257068', 'person/197820', 'person/256890', 'person/257015', 'person/202036', 'person/124784', 'person/119652', 'person/204413', 'person/257090', 'person/124715', 'person/37312', 'person/229839', 'person/197529', 'person/5736', 'person/23788', 'person/245018', 'person/256820', 'person/197606', 'person/197445', 'person/197426', 'person/197648', 'person/197623', 'person/197468', 'person/257127', 'person/257084', 'person/257169', 'person/197573', 'person/257019', 'person/96756', 'person/28617', 'person/230085', 'person/124785', 'person/96812', 'person/124884', 'person/96833', 'person/257046', 'person/257088', 'person/197461', 'person/257085', 'person/257145', 'person/197591', 'person/197503', 'person/107212', 'person/257261', 'person/257082', 'person/257118', 'person/124760', 'person/197627', 'person/197447', 'person/200345', 'person/124813', 'person/197417', 'person/249982', 'person/256879', 'person/256851', 'person/197795', 'person/197545', 'person/257113', 'person/96936', 'person/197444', 'person/236053', 'person/4746', 'person/256983', 'person/256814', 'person/256855', 'person/257018', 'person/256918', 'person/96811', 'person/198490', 'person/96830', 'person/124861', 'person/197832', 'person/197460', 'person/197500', 'person/256987', 'person/197537', 'person/256962', 'person/4395', 'person/197492', 'person/257011', 'person/220908', 'person/197670', 'person/206158', 'person/125670', 'person/257117', 'person/1909', 'person/257032', 'person/261797', 'person/257301', 'person/257081', 'person/40599', 'person/257049', 'person/257109', 'person/257148', 'person/130881', 'person/197802', 'person/260035', 'person/197618', 'person/257060', 'person/256871', 'person/198373', 'person/125104', 'person/257110', 'person/197699', 'person/197464', 'person/256980', 'person/257097', 'person/124973', 'person/256934', 'person/96681', 'person/197429', 'person/256863', 'person/197557', 'person/257010', 'person/261796', 'person/256910', 'person/204333', 'person/256952', 'person/197738', 'person/256995', 'person/257259', 'person/257026', 'person/257125', 'person/256968', 'person/197498', 'person/257002', 'person/256888', 'person/257044', 'person/257093', 'person/257041', 'person/257101', 'person/256944', 'person/257140', 'person/197652', 'person/197691', 'person/256999', 'person/28226', 'person/197403', 'person/28223', 'person/256862', 'person/257069', 'person/197533', 'person/257126', 'person/130100', 'person/197395', 'person/197572', 'person/124895', 'person/197677', 'person/112748', 'person/88882', 'person/197839', 'person/197421', 'person/257045', 'person/257087', 'person/257103', 'person/257144', 'person/256946', 'person/256925', 'person/256967', 'person/96940', 'person/239260', 'person/197653', 'person/256811', 'person/188096', 'person/256916', 'person/256866', 'person/256883', 'person/256943', 'person/256839', 'person/197490', 'person/197794', 'person/197687', 'person/256880', 'person/257170', 'person/5729', 'person/256985', 'person/72779', 'person/113523', 'person/38542', 'person/256813', 'person/257079', 'person/4289', 'person/197831', 'person/257022', 'person/257061', 'person/257121', 'person/256922', 'person/256964', 'person/257160', 'person/124795', 'person/197491', 'person/261038', 'person/125068', 'person/34232', 'person/257138', 'person/257053', 'person/257095', 'person/257300', 'person/204129', 'person/1917', 'person/210480', 'person/257009', 'person/256882', 'person/257108', 'person/124877', 'person/204449', 'person/256874', 'person/124808', 'person/96998', 'person/256805', 'person/257257', 'person/256847', 'person/124799', 'person/204400', 'person/256831', 'person/112744', 'person/257057', 'person/257099', 'person/257078', 'person/256937', 'person/23781', 'person/256979', 'person/256823', 'person/197517', 'person/197556', 'person/197392', 'person/125042', 'person/257052', 'person/257094', 'person/256955', 'person/256997', 'person/38511', 'person/256994', 'person/256809', 'person/257025', 'person/88552', 'person/256909', 'person/256928', 'person/257124', 'person/97236', 'person/197841', 'person/256878', 'person/197414', 'person/28150', 'person/124893', 'person/197497', 'person/124701', 'person/98341', 'person/124828', 'person/257151', 'person/256804', 'person/94649', 'person/257001', 'person/256846', 'person/257043', 'person/257092', 'person/197780', 'person/257100', 'person/110673', 'person/197432', 'person/125046', 'person/257073', 'person/256998', 'person/97399', 'person/257029', 'person/257128', 'person/197574', 'person/40224', 'person/257155', 'person/198183', 'person/198073', 'person/256971', 'person/204419', 'person/256906', 'person/257102', 'person/197840', 'person/275087', 'person/256870', 'person/197475', 'person/86057', 'person/257016', 'person/124802', 'person/840', 'person/256843', 'person/197449', 'person/106936', 'person/256920', 'person/86793', 'person/124836', 'person/190713', 'person/101585', 'person/197589', 'person/256858', 'person/96668', 'person/257037', 'person/257457', 'person/128483', 'person/96709', 'person/257021', 'person/197462', 'person/257064', 'person/257120', 'person/257163', 'person/214839', 'person/197672', 'person/256899', 'person/257055', 'person/257119', 'person/197649', 'person/126699', 'person/197448', 'person/256842', 'person/197628', 'person/124713', 'person/124736', 'person/197825']",627.0,org/ep-10,"['eli/dl/doc/PV-10-2026-03-26-RCV', 'eli/dl/doc/CRE-10-2026-03-26', 'eli/dl/doc/PV-10-2026-03-26-VOT', 'eli/dl/doc/PV-10-2026-03-26-ATT', 'eli/dl/doc/PV-10-2026-03-26']",http://publications.europa.eu/resource/authority/place/BEL_BRU,"['eli/dl/event/MTG-PL-2026-03-26-TF-0900', 'eli/dl/event/MTG-PL-2026-03-26-TF-1100']"
32,eli/dl/event/MTG-PL-2026-04-30,Activity,2026-04-30,2026-04-30T23:00:00+02:00,MTG-PL-2026-04-30,"{'lt': 'Ketvirtadienis, 2026 m. balandžio 30 d.', 'ga': 'Déardaoin, 30 Aibreán 2026', 'en': 'Thursday, 30 April 2026', 'hr': 'četvrtak, 30. travnja 2026.', 'el': 'Πέμπτη 30 Απριλίου 2026', 'pt': 'Quinta-feira, 30 de Abril de 2026', 'sl': 'Četrtek, 30. april 2026', 'de': 'Donnerstag, 30. April 2026', 'sk': 'Štvrtok, 30. apríla 2026', 'bg': 'Четвъртък, 30 април 2026', 'fr': 'Jeudi 30 avril 2026', 'hu': '2026. április 30., csütörtök', 'lv': 'Ceturtdiena, 2026. gada 30. aprīlis', 'et': 'Neljapäev, 30. aprill 2026', 'da': 'Torsdag den 30. april 2026', 'fi': 'Torstai 30. huhtikuuta 2026', 'pl': 'Czwartek, 30 kwietnia 2026', 'mt': ""Il-Ħamis, 30 ta' April 2026"", 'ro': 'Joi, 30 aprilie 2026', 'nl': 'Donderdag 30 april 2026', 'it': 'Giovedì 30 aprile 2026', 'cs': 'Čtvrtek, 30. dubna 2026', 'sv': 'Torsdagen den 30 april 2026', 'es': 'Jueves 30 de abril de 2026'}",2026-04-30T01:00:00+02:00,"['eli/dl/event/MTG-PL-2026-04-30-VOT-ITM-990172', 'eli/dl/event/MTG-PL-2026-04-30-PVCRE-ITM-16', 'eli/dl/event/MTG-PL-2026-04-30-PVCRE-ITM-9', 'eli/dl/event/MTG-PL-2026-04-30-VOT-ITM-990247', 'eli/dl/event/MTG-PL-2026-04-30-VOT-ITM-990122', 'eli/dl/event/MTG-PL-2026-04-30-VOT-ITM-989956', 'eli/dl/event/MTG-PL-2026-04-30-PVCRE-ITM-6', 'eli/dl/event/MTG-PL-2026-04-30-VOT-ITM-990123', 'eli/dl/event/MTG-PL-2026-04-30-VOT-ITM-990175', 'eli/dl/event/MTG-PL-2026-04-30-VOT-ITM-990169', 'eli/dl/event/MTG-PL-2026-04-30-PVCRE-ITM-7', 'eli/dl/event/MTG-PL-2026-04-30-PVCRE-ITM-3', 'eli/dl/event/MTG-PL-2026-04-30-PVCRE-ITM-11', 'eli/dl/event/MTG-PL-2026-04-30-PVCRE-ITM-10', 'eli/dl/event/MTG-PL-2026-04-30-VOT-ITM-990073', 'eli/dl/event/MTG-PL-2026-04-30-PVCRE-ITM-2', 'eli/dl/event/MTG-PL-2026-04-30-PVCRE-ITM-1', 'eli/dl/event/MTG-PL-2026-04-30-VOT-ITM-990081', 'eli/dl/event/MTG-PL-2026-04-30-PVCRE-ITM-4', 'eli/dl/event/MTG-PL-2026-04-30-PVCRE-ITM-12', 'eli/dl/event/MTG-PL-2026-04-30-VOT-ITM-990245', 'eli/dl/event/MTG-PL-2026-04-30-VOT-ITM-990074', 'eli/dl/event/MTG-PL-2026-04-30-VOT-ITM-990146', 'eli/dl/event/MTG-PL-2026-04-30-VOT-ITM-990151', 'eli/dl/event/MTG-PL-2026-04-30-PVCRE-ITM-15', 'eli/dl/event/MTG-PL-2026-04-30-PVCRE-ITM-14', 'eli/dl/event/MTG-PL-2026-04-30-PVCRE-ITM-5', 'eli/dl/event/MTG-PL-2026-04-30-PVCRE-ITM-13', 'eli/dl/event/MTG-PL-2026-04-30-PVCRE-ITM-8']",['eli/dl/doc/OJQ-10-2026-04-30'],def/ep-activities/PLENARY_SITTING,"['person/112747', 'person/98341', 'person/125065', 'person/257035', 'person/96826', 'person/257015', 'person/204336', 'person/58766', 'person/256839', 'person/23816', 'person/257013', 'person/96675', 'person/36392', 'person/256917', 'person/197500']","['person/197443', 'person/202073', 'person/256985', 'person/257112', 'person/1909', 'person/256893', 'person/96681', 'person/197841', 'person/257097', 'person/257098', 'person/96932', 'person/204413', 'person/123562', 'person/256880', 'person/245770', 'person/197412', 'person/257041', 'person/236050', 'person/256999', 'person/197497', 'person/267485', 'person/257037', 'person/256900', 'person/256943', 'person/124884', 'person/256858', 'person/208722', 'person/257024', 'person/257067', 'person/257060', 'person/197392', 'person/256939', 'person/124701', 'person/257052', 'person/124785', 'person/256924', 'person/256967', 'person/28226', 'person/197627', 'person/124736', 'person/257259', 'person/122978', 'person/256877', 'person/125023', 'person/197824', 'person/97968', 'person/256862', 'person/257071', 'person/2268', 'person/257155', 'person/197721', 'person/257140', 'person/256971', 'person/197466', 'person/256888', 'person/204414', 'person/256881', 'person/257007', 'person/197578', 'person/96752', 'person/101585', 'person/197405', 'person/256908', 'person/197406', 'person/190574', 'person/197440', 'person/256986', 'person/124808', 'person/197470', 'person/257438', 'person/197718', 'person/38542', 'person/257053', 'person/257011', 'person/257054', 'person/220801', 'person/129073', 'person/197794', 'person/197494', 'person/197410', 'person/256955', 'person/188096', 'person/24922', 'person/256997', 'person/256990', 'person/257079', 'person/256829', 'person/276060', 'person/256941', 'person/124713', 'person/257064', 'person/197722', 'person/191693', 'person/256979', 'person/257107', 'person/257148', 'person/256889', 'person/199941', 'person/256833', 'person/257257', 'person/197691', 'person/197448', 'person/96998', 'person/256860', 'person/256983', 'person/94649', 'person/4289', 'person/277057', 'person/124836', 'person/197840', 'person/256844', 'person/197549', 'person/28347', 'person/197534', 'person/257047', 'person/124691', 'person/256998', 'person/256948', 'person/256949', 'person/256942', 'person/130100', 'person/204346', 'person/257023', 'person/257066', 'person/197391', 'person/256938', 'person/257051', 'person/257261', 'person/257135', 'person/197829', 'person/197699', 'person/256861', 'person/257119', 'person/101039', 'person/257070', 'person/197435', 'person/124795', 'person/257104', 'person/197553', 'person/256970', 'person/96808', 'person/256845', 'person/256887', 'person/257005', 'person/124867', 'person/256830', 'person/197662', 'person/249603', 'person/256872', 'person/204400', 'person/257123', 'person/197404', 'person/197734', 'person/256907', 'person/251324', 'person/124807', 'person/256981', 'person/96812', 'person/256891', 'person/193292', 'person/257437', 'person/130881', 'person/257016', 'person/257059', 'person/257010', 'person/197581', 'person/257094', 'person/197493', 'person/256954', 'person/256995', 'person/107212', 'person/256996', 'person/124895', 'person/260724', 'person/256869', 'person/257078', 'person/28122', 'person/197687', 'person/257020', 'person/256813', 'person/257063', 'person/260035', 'person/256935', 'person/256978', 'person/257106', 'person/257147', 'person/277178', 'person/187917', 'person/197623', 'person/257256', 'person/197655', 'person/257082', 'person/261038', 'person/197820', 'person/197447', 'person/125104', 'person/256824', 'person/185771', 'person/257116', 'person/124766', 'person/257117', 'person/126699', 'person/38511', 'person/275087', 'person/257110', 'person/256899', 'person/97399', 'person/257018', 'person/197845', 'person/256884', 'person/197589', 'person/197416', 'person/256919', 'person/197417', 'person/261797', 'person/257121', 'person/197402', 'person/1294', 'person/256904', 'person/256947', 'person/256905', 'person/197607', 'person/197773', 'person/257028', 'person/257022', 'person/257065', 'person/28399', 'person/257050', 'person/204332', 'person/257260', 'person/28223', 'person/256966', 'person/197701', 'person/256951', 'person/256952', 'person/125027', 'person/34232', 'person/124893', 'person/198073', 'person/257075', 'person/257076', 'person/2152', 'person/257118', 'person/197558', 'person/197517', 'person/112744', 'person/257103', 'person/256977', 'person/197552', 'person/125046', 'person/256808', 'person/256885', 'person/256886', 'person/197421', 'person/197464', 'person/124866', 'person/197832', 'person/96756', 'person/239260', 'person/256871', 'person/197577', 'person/257163', 'person/88882', 'person/256906', 'person/124973', 'person/124806', 'person/97236', 'person/197398', 'person/244571', 'person/256896', 'person/96811', 'person/256890', 'person/197545', 'person/124877', 'person/257058', 'person/229839', 'person/840', 'person/192254', 'person/204333', 'person/256840', 'person/197414', 'person/197702', 'person/256959', 'person/256910', 'person/256994', 'person/95074', 'person/257077', 'person/256945', 'person/257237', 'person/111412', 'person/257238', 'person/256855', 'person/198490', 'person/197763', 'person/28400', 'person/99945', 'person/185341', 'person/256809', 'person/197429', 'person/28390', 'person/256921', 'person/257133', 'person/256879', 'person/257298', 'person/204449', 'person/22858', 'person/257081', 'person/124722', 'person/197690', 'person/197529', 'person/257150', 'person/197514', 'person/220908', 'person/125093', 'person/197679', 'person/256898', 'person/197433', 'person/125001', 'person/197802', 'person/256841', 'person/256842', 'person/197461', 'person/256883', 'person/257088', 'person/256918', 'person/197533', 'person/257046', 'person/125325', 'person/197786', 'person/98582', 'person/261796', 'person/257120', 'person/5392', 'person/256946', 'person/256903', 'person/197606', 'person/197772', 'person/197395', 'person/257027', 'person/257021', 'person/256852', 'person/220897', 'person/210480', 'person/198183', 'person/37312', 'person/257301', 'person/96761', 'person/233862', 'person/256922', 'person/256957', 'person/256950', 'person/72779', 'person/257299', 'person/256992', 'person/96668', 'person/197863', 'person/257031', 'person/257032', 'person/96787', 'person/124715', 'person/197684', 'person/197557', 'person/256811', 'person/257102', 'person/256976', 'person/257145', 'person/256807', 'person/204419', 'person/24942', 'person/197469', 'person/197503', 'person/40599', 'person/256961', 'person/257089', 'person/119652', 'person/257127', 'person/96791', 'person/257128', 'person/272024', 'person/25758', 'person/218347', 'person/197445', 'person/124846', 'person/257029', 'person/257113', 'person/96697', 'person/256980', 'person/197430', 'person/197473', 'person/197591', 'person/257014', 'person/28307', 'person/230085', 'person/197580', 'person/257093', 'person/257044', 'person/106936', 'person/4267', 'person/5736', 'person/256915', 'person/197492', 'person/96709', 'person/256916', 'person/99878', 'person/197618', 'person/197784', 'person/257039', 'person/257033', 'person/256901', 'person/237465', 'person/39725', 'person/197769', 'person/257061', 'person/37324', 'person/256969', 'person/197839', 'person/256962', 'person/256920', 'person/197504', 'person/257297', 'person/86057', 'person/257255', 'person/256823', 'person/197528', 'person/257114', 'person/257072', 'person/198373', 'person/206158', 'person/197432', 'person/197475', 'person/124834', 'person/125042', 'person/256973', 'person/197800', 'person/256804', 'person/256847', 'person/257101', 'person/96936', 'person/197460', 'person/118859', 'person/256882', 'person/4395', 'person/257086', 'person/257087', 'person/257002', 'person/257045', 'person/124984', 'person/197573', 'person/124985', 'person/124858', 'person/197574', 'person/257160', 'person/257125', 'person/256909', 'person/197401', 'person/256902', 'person/124802', 'person/197770', 'person/257026', 'person/257069', 'person/2341', 'person/256851', 'person/33998', 'person/257056', 'person/270261', 'person/220896', 'person/256928', 'person/257091', 'person/197543', 'person/127766', 'person/256913', 'person/256956', 'person/124813', 'person/197781', 'person/125068', 'person/197490', 'person/197697', 'person/256866', 'person/23781', 'person/257030', 'person/1917', 'person/249982', 'person/197648', 'person/125012', 'person/197682', 'person/197556', 'person/112748', 'person/256810', 'person/96940', 'person/257109', 'person/86793', 'person/197425', 'person/257144', 'person/204418', 'person/197468', 'person/190464', 'person/256960', 'person/257126', 'person/257084', 'person/256870', 'person/197652', 'person/197525', 'person/245018', 'person/23868', 'person/197444', 'person/40224', 'person/96810', 'person/257727', 'person/262021', 'person/257099', 'person/96933', 'person/257092', 'person/200345', 'person/257000', 'person/257043', 'person/220840', 'person/197498', 'person/197491', 'person/23788', 'person/257038', 'person/28419', 'person/256944', 'person/197649', 'person/103246', 'person/91636', 'person/256859', 'person/256853', 'person/197711', 'person/256925', 'person/256968', 'person/197628', 'person/257137', 'person/257130', 'person/197621', 'person/257131', 'person/256878', 'person/257296', 'person/251874', 'person/88552', 'person/197694', 'person/189065', 'person/256864', 'person/197677', 'person/256803', 'person/256846', 'person/190713', 'person/197537', 'person/257085', 'person/197870', 'person/257001', 'person/197579', 'person/197572', 'person/257124', 'person/197523', 'person/124760', 'person/256987', 'person/23699', 'person/197810', 'person/257025', 'person/197719', 'person/257012', 'person/257055', 'person/257096', 'person/257139', 'person/256926', 'person/257090', 'person/197795', 'person/257040', 'person/198176', 'person/256912', 'person/198076', 'person/197818', 'person/201945', 'person/256815', 'person/197439', 'person/124799', 'person/4746', 'person/256937', 'person/96653', 'person/257108', 'person/256974', 'person/257149', 'person/125670', 'person/124700', 'person/257143', 'person/125204', 'person/197501', 'person/257009', 'person/96711', 'person/256834', 'person/257258', 'person/256876', 'person/257083', 'person/219652', 'person/131580', 'person/197449', 'person/256820', 'person/197408', 'person/5729']",599.0,org/ep-10,"['eli/dl/doc/PV-10-2026-04-30-ATT', 'eli/dl/doc/CRE-10-2026-04-30', 'eli/dl/doc/PV-10-2026-04-30-VOT', 'eli/dl/doc/PV-10-2026-04-30', 'eli/dl/doc/PV-10-2026-04-30-RCV']",http://publications.europa.eu/resource/authority/place/FRA_SXB,"['eli/dl/event/MTG-PL-2026-04-30-TF-1500', 'eli/dl/event/MTG-PL-2026-04-30-TF-0900', 'eli/dl/event/MTG-PL-2026-04-30-TF-1200']"
33,eli/dl/event/MTG-PL-2026-05-21,Activity,2026-05-21,2026-05-21T23:00:00+02:00,MTG-PL-2026-05-21,"{'ga': 'Déardaoin, 21 Bealtaine 2026', 'el': 'Πέμπτη 21 Μαίου 2026', 'lv': 'Ceturtdiena, 2026. gada 21. maijs', 'da': 'Torsdag den 21. maj 2026', 'de': 'Donnerstag, 21. Mai 2026', 'ro': 'Joi, 21 mai 2026', 'mt': ""Il-Ħamis, 21 ta' Mejju 2026"", 'bg': 'Четвъртък, 21 май 2026', 'lt': 'Ketvirtadienis, 2026 m. gegužės 21 d.', 'en': 'Thursday, 21 May 2026', 'es': 'Jueves 21 de mayo de 2026', 'cs': 'Čtvrtek, 21. května 2026', 'pl': 'Czwartek, 21 maja 2026', 'fr': 'Jeudi 21 mai 2026', 'hr': 'četvrtak, 21. svibnja 2026.', 'hu': '2026. május 21., csütörtök', 'et': 'Neljapäev, 21. mai 2026', 'sk': 'Štvrtok, 21. mája 2026', 'sv': 'Torsdagen den 21 maj 2026', 'it': 'Giovedì 21 maggio 2026', 'fi': 'Torstai 21. toukokuuta 2026', 'pt': 'Quinta-feira, 21 de Maio de 2026', 'sl': 'Četrtek, 21. maj 2026', 'nl': 'Donderdag 21 mei 2026'}",2026-05-21T01:00:00+02:00,"['eli/dl/event/MTG-PL-2026-05-21-PVCRE-ITM-11', 'eli/dl/event/MTG-PL-2026-05-21-PVCRE-ITM-12', 'eli/dl/event/MTG-PL-2026-05-21-VOT-ITM-990716', 'eli/dl/event/MTG-PL-2026-05-21-PVCRE-ITM-10', 'eli/dl/event/MTG-PL-2026-05-21-PVCRE-ITM-15', 'eli/dl/event/MTG-PL-2026-05-21-PVCRE-ITM-8', 'eli/dl/event/MTG-PL-2026-05-21-PVCRE-ITM-3', 'eli/dl/event/MTG-PL-2026-05-21-VOT-ITM-991090', 'eli/dl/event/MTG-PL-2026-05-21-PVCRE-ITM-14', 'eli/dl/event/MTG-PL-2026-05-21-VOT-ITM-991097', 'eli/dl/event/MTG-PL-2026-05-21-PVCRE-ITM-7', 'eli/dl/event/MTG-PL-2026-05-21-PVCRE-ITM-2', 'eli/dl/event/MTG-PL-2026-05-21-VOT-ITM-991069', 'eli/dl/event/MTG-PL-2026-05-21-VOT-ITM-990694', 'eli/dl/event/MTG-PL-2026-05-21-PVCRE-ITM-9', 'eli/dl/event/MTG-PL-2026-05-21-VOT-ITM-990919', 'eli/dl/event/MTG-PL-2026-05-21-VOT-ITM-990913', 'eli/dl/event/MTG-PL-2026-05-21-PVCRE-ITM-6', 'eli/dl/event/MTG-PL-2026-05-21-PVCRE-ITM-1', 'eli/dl/event/MTG-PL-2026-05-21-PVCRE-ITM-17', 'eli/dl/event/MTG-PL-2026-05-21-VOT-ITM-990679', 'eli/dl/event/MTG-PL-2026-05-21-VOT-ITM-990986', 'eli/dl/event/MTG-PL-2026-05-21-PVCRE-ITM-5', 'eli/dl/event/MTG-PL-2026-05-21-PVCRE-ITM-13', 'eli/dl/event/MTG-PL-2026-05-21-VOT-ITM-991070', 'eli/dl/event/MTG-PL-2026-05-21-PVCRE-ITM-16', 'eli/dl/event/MTG-PL-2026-05-21-PVCRE-ITM-4']",['eli/dl/doc/OJQ-10-2026-05-21'],def/ep-activities/PLENARY_SITTING,"['person/247735', 'person/257035', 'person/256917', 'person/125106', 'person/197697', 'person/257014', 'person/28399', 'person/125204', 'person/256866', 'person/257262', 'person/4395', 'person/125042', 'person/257015', 'person/257013', 'person/98341']","['person/257119', 'person/256979', 'person/256810', 'person/257038', 'person/256814', 'person/124760', 'person/204413', 'person/96933', 'person/204332', 'person/262021', 'person/256829', 'person/236053', 'person/257091', 'person/220801', 'person/257095', 'person/197470', 'person/23788', 'person/257145', 'person/260724', 'person/256938', 'person/197572', 'person/197501', 'person/257080', 'person/197627', 'person/197460', 'person/256990', 'person/197475', 'person/197802', 'person/257299', 'person/188096', 'person/257135', 'person/197444', 'person/257052', 'person/197448', 'person/256973', 'person/220908', 'person/197694', 'person/257067', 'person/96668', 'person/249603', 'person/118859', 'person/197534', 'person/187917', 'person/88552', 'person/197549', 'person/256823', 'person/257257', 'person/257041', 'person/130881', 'person/256882', 'person/256881', 'person/197401', 'person/257011', 'person/197406', 'person/267485', 'person/197405', 'person/256962', 'person/257107', 'person/99945', 'person/197652', 'person/257026', 'person/96711', 'person/204400', 'person/96675', 'person/257150', 'person/257083', 'person/1917', 'person/197392', 'person/197841', 'person/197845', 'person/197473', 'person/257298', 'person/277057', 'person/257133', 'person/220897', 'person/23816', 'person/257097', 'person/257148', 'person/197820', 'person/86057', 'person/270261', 'person/256858', 'person/197543', 'person/256909', 'person/256908', 'person/124807', 'person/189065', 'person/261796', 'person/124722', 'person/96812', 'person/197432', 'person/257040', 'person/256961', 'person/213330', 'person/251874', 'person/23868', 'person/197682', 'person/256880', 'person/257055', 'person/125001', 'person/125046', 'person/191693', 'person/256895', 'person/197818', 'person/257024', 'person/256976', 'person/125670', 'person/257039', 'person/96934', 'person/197711', 'person/95074', 'person/257163', 'person/185771', 'person/257259', 'person/256950', 'person/257096', 'person/130100', 'person/256920', 'person/30482', 'person/256924', 'person/257029', 'person/127766', 'person/256852', 'person/197574', 'person/197573', 'person/103246', 'person/256939', 'person/197578', 'person/72779', 'person/124766', 'person/257081', 'person/204418', 'person/197461', 'person/197794', 'person/257121', 'person/124973', 'person/197430', 'person/261038', 'person/257085', 'person/197763', 'person/197395', 'person/218347', 'person/197445', 'person/197449', 'person/257260', 'person/24922', 'person/256842', 'person/256841', 'person/190464', 'person/256846', 'person/257068', 'person/257110', 'person/33998', 'person/96810', 'person/197670', 'person/257043', 'person/197439', 'person/257258', 'person/257300', 'person/256883', 'person/257058', 'person/257057', 'person/256964', 'person/257108', 'person/23699', 'person/256968', 'person/256898', 'person/257027', 'person/28223', 'person/197491', 'person/256937', 'person/200345', 'person/124836', 'person/230085', 'person/257084', 'person/192254', 'person/28615', 'person/122978', 'person/204336', 'person/257001', 'person/22858', 'person/256912', 'person/198176', 'person/256840', 'person/256922', 'person/257099', 'person/128483', 'person/256926', 'person/257149', 'person/197500', 'person/256855', 'person/197504', 'person/38511', 'person/197464', 'person/256859', 'person/197463', 'person/257073', 'person/97399', 'person/256994', 'person/197468', 'person/257124', 'person/124808', 'person/257123', 'person/261797', 'person/197433', 'person/94649', 'person/257139', 'person/97236', 'person/197398', 'person/257138', 'person/197684', 'person/96653', 'person/257056', 'person/197523', 'person/256896', 'person/256803', 'person/197533', 'person/183916', 'person/256977', 'person/197537', 'person/25758', 'person/219652', 'person/188945', 'person/256871', 'person/256870', 'person/257000', 'person/257045', 'person/197677', 'person/256952', 'person/256951', 'person/190574', 'person/256956', 'person/256886', 'person/256885', 'person/198084', 'person/256921', 'person/256966', 'person/256925', 'person/98582', 'person/124834', 'person/257072', 'person/275087', 'person/197780', 'person/197579', 'person/197503', 'person/257082', 'person/204419', 'person/220871', 'person/197462', 'person/256993', 'person/256910', 'person/257087', 'person/257086', 'person/257137', 'person/197769', 'person/124861', 'person/4267', 'person/96787', 'person/257261', 'person/256843', 'person/197618', 'person/96709', 'person/256847', 'person/257061', 'person/257111', 'person/197421', 'person/96761', 'person/124715', 'person/34232', 'person/197425', 'person/257126', 'person/124850', 'person/199941', 'person/197839', 'person/257044', 'person/257437', 'person/257301', 'person/256884', 'person/257059', 'person/256965', 'person/257109', 'person/197525', 'person/23781', 'person/256969', 'person/256899', 'person/256806', 'person/256805', 'person/257028', 'person/197493', 'person/197492', 'person/245770', 'person/4746', 'person/123562', 'person/257003', 'person/129073', 'person/257002', 'person/256954', 'person/256913', 'person/257018', 'person/197648', 'person/197647', 'person/256928', 'person/86793', 'person/2268', 'person/28347', 'person/257070', 'person/197577', 'person/1909', 'person/40599', 'person/256981', 'person/197782', 'person/256980', 'person/256996', 'person/206158', 'person/256995', 'person/197469', 'person/256902', 'person/257125', 'person/198490', 'person/125104', 'person/197552', 'person/256831', 'person/256830', 'person/197606', 'person/91636', 'person/256970', 'person/124877', 'person/256845', 'person/256804', 'person/106936', 'person/197413', 'person/257114', 'person/124713', 'person/257033', 'person/5736', 'person/125023', 'person/112747', 'person/96681', 'person/257047', 'person/257046', 'person/251324', 'person/96697', 'person/197591', 'person/256957', 'person/256887', 'person/257016', 'person/229839', 'person/124785', 'person/197528', 'person/28122', 'person/124866', 'person/257140', 'person/38542', 'person/101039', 'person/197781', 'person/197702', 'person/257155', 'person/256942', 'person/256901', 'person/256946', 'person/124893', 'person/257005', 'person/256911', 'person/257088', 'person/28400', 'person/256916', 'person/256915', 'person/197770', 'person/96830', 'person/96998', 'person/256844', 'person/256983', 'person/88882', 'person/257113', 'person/126699', 'person/257032', 'person/257077', 'person/257031', 'person/197426', 'person/257128', 'person/257127', 'person/197672', 'person/256998', 'person/257438', 'person/256833', 'person/257102', 'person/124701', 'person/256807', 'person/124799', 'person/257021', 'person/28307', 'person/197701', 'person/101585', 'person/256860', 'person/256941', 'person/197581', 'person/197580', 'person/28617', 'person/257169', 'person/256945', 'person/256875', 'person/256874', 'person/257049', 'person/256955', 'person/1927', 'person/256959', 'person/124813', 'person/257019', 'person/197810', 'person/257143', 'person/256889', 'person/257071', 'person/96833', 'person/125052', 'person/197466', 'person/257076', 'person/257075', 'person/256997', 'person/256903', 'person/124895', 'person/124802', 'person/197553', 'person/256918', 'person/197557', 'person/97968', 'person/125325', 'person/257050', 'person/256971', 'person/237465', 'person/257060', 'person/256890', 'person/257065', 'person/257115', 'person/257034', 'person/197429', 'person/112744', 'person/112748', 'person/202073', 'person/257048', 'person/96940', 'person/197679', 'person/197514', 'person/124858', 'person/256888', 'person/125093', 'person/197529', 'person/124867', 'person/256809', 'person/257238', 'person/36392', 'person/197497', 'person/257237', 'person/208722', 'person/96791', 'person/24942', 'person/256862', 'person/5392', 'person/197623', 'person/256943', 'person/119435', 'person/256947', 'person/198076', 'person/197719', 'person/257296', 'person/257131', 'person/256877', 'person/257130', 'person/197440', 'person/197772', 'person/257727', 'person/197691', 'person/197690', 'person/197786', 'person/257063', 'person/4289', 'person/257078', 'person/256906', 'person/197545', 'person/256820', 'person/58766', 'person/256999', 'person/110673', 'person/256834', 'person/201945', 'person/197402', 'person/257103', 'person/197734', 'person/256893', 'person/256808', 'person/197412', 'person/214839', 'person/257022', 'person/197417', 'person/256974', 'person/257118', 'person/125012', 'person/256978', 'person/185341', 'person/276060', 'person/257037', 'person/256813', 'person/125027', 'person/96932', 'person/96808', 'person/124846', 'person/256876', 'person/257090', 'person/840', 'person/197636', 'person/257094', 'person/197517', 'person/257170', 'person/272024', 'person/204346', 'person/239260', 'person/257144', 'person/39725', 'person/197621', 'person/30123', 'person/99878', 'person/197831', 'person/256900', 'person/256905', 'person/125068', 'person/256865', 'person/257009', 'person/256869', 'person/131580', 'person/197558', 'person/197443', 'person/28419', 'person/124736', 'person/197447', 'person/257051', 'person/257101', 'person/270719', 'person/256891', 'person/96752', 'person/257020', 'person/37324', 'person/257117', 'person/96756', 'person/257116', 'person/249982', 'person/197829', 'person/256987', 'person/40224', 'person/257255', 'person/197722', 'person/197400', 'person/257010', 'person/197404', 'person/257106', 'person/257025', 'person/198183', 'person/197655', 'person/197498', 'person/256935', 'person/256864', 'person/197624', 'person/204414', 'person/256944', 'person/233862', 'person/236050', 'person/256949', 'person/256948', 'person/197391', 'person/197840', 'person/198373', 'person/257092', 'person/257297', 'person/190713', 'person/257132', 'person/256878', 'person/124985', 'person/124984', 'person/220896', 'person/185619', 'person/197773', 'person/257147', 'person/257064', 'person/257457', 'person/124884', 'person/256853', 'person/256857', 'person/257079', 'person/256907', 'person/124806', 'person/96811', 'person/220840', 'person/119652', 'person/277178', 'person/197435', 'person/256960', 'person/202036', 'person/197721', 'person/257054', 'person/257053', 'person/37312', 'person/2341', 'person/111412', 'person/257104', 'person/257069', 'person/257023']",604.0,org/ep-10,"['eli/dl/doc/PV-10-2026-05-21-RCV', 'eli/dl/doc/PV-10-2026-05-21-VOT', 'eli/dl/doc/CRE-10-2026-05-21', 'eli/dl/doc/PV-10-2026-05-21', 'eli/dl/doc/PV-10-2026-05-21-ATT']",http://publications.europa.eu/resource/authority/place/FRA_SXB,"['eli/dl/event/MTG-PL-2026-05-21-TF-1200', 'eli/dl/event/MTG-PL-2026-05-21-TF-0900', 'eli/dl/event/MTG-PL-2026-05-21-TF-1500']"
34,eli/dl/event/MTG-PL-2026-06-18,Activity,2026-06-18,2026-06-18T23:00:00+02:00,MTG-PL-2026-06-18,"{'fi': 'Torstai 18. kesäkuuta 2026', 'ga': 'Déardaoin, 18 Meitheamh 2026', 'es': 'Jueves 18 de junio de 2026', 'lv': 'Ceturtdiena, 2026. gada 18. jūnijs', 'pt': 'Quinta-feira, 18 de Junho de 2026', 'de': 'Donnerstag, 18. Juni 2026', 'bg': 'Четвъртък, 18 юни 2026', 'pl': 'Czwartek, 18 czerwca 2026', 'it': 'Giovedì 18 giugno 2026', 'el': 'Πέμπτη 18 Ιουνίου 2026', 'da': 'Torsdag den 18. juni 2026', 'sk': 'Štvrtok, 18. júna 2026', 'en': 'Thursday, 18 June 2026', 'mt': ""Il-Ħamis, 18 ta' Ġunju 2026"", 'lt': 'Ketvirtadienis, 2026 m. birželio 18 d.', 'sl': 'Četrtek, 18. junij 2026', 'hu': '2026. június 18., csütörtök', 'cs': 'Čtvrtek, 18. června 2026', 'sv': 'Torsdagen den 18 juni 2026', 'hr': 'četvrtak, 18. lipnja 2026.', 'nl': 'Donderdag 18 juni 2026', 'ro': 'Joi, 18 iunie 2026', 'et': 'Neljapäev, 18. juuni 2026', 'fr': 'Jeudi 18 juin 2026'}",2026-06-18T01:00:00+02:00,"['eli/dl/event/MTG-PL-2026-06-18-PVCRE-ITM-15', 'eli/dl/event/MTG-PL-2026-06-18-PVCRE-ITM-11', 'eli/dl/event/MTG-PL-2026-06-18-PVCRE-ITM-7', 'eli/dl/event/MTG-PL-2026-06-18-VOT-ITM-992760', 'eli/dl/event/MTG-PL-2026-06-18-PVCRE-ITM-3', 'eli/dl/event/MTG-PL-2026-06-18-PVCRE-ITM-5', 'eli/dl/event/MTG-PL-2026-06-18-VOT-ITM-992822', 'eli/dl/event/MTG-PL-2026-06-18-PVCRE-ITM-1', 'eli/dl/event/MTG-PL-2026-06-18-PVCRE-ITM-16', 'eli/dl/event/MTG-PL-2026-06-18-VOT-ITM-992852', 'eli/dl/event/MTG-PL-2026-06-18-PVCRE-ITM-12', 'eli/dl/event/MTG-PL-2026-06-18-PVCRE-ITM-14', 'eli/dl/event/MTG-PL-2026-06-18-PVCRE-ITM-10', 'eli/dl/event/MTG-PL-2026-06-18-VOT-ITM-992878', 'eli/dl/event/MTG-PL-2026-06-18-VOT-ITM-992892', 'eli/dl/event/MTG-PL-2026-06-18-PVCRE-ITM-8', 'eli/dl/event/MTG-PL-2026-06-18-VOT-ITM-992876', 'eli/dl/event/MTG-PL-2026-06-18-PVCRE-ITM-9', 'eli/dl/event/MTG-PL-2026-06-18-VOT-ITM-992877', 'eli/dl/event/MTG-PL-2026-06-18-VOT-ITM-992891', 'eli/dl/event/MTG-PL-2026-06-18-VOT-ITM-990711', 'eli/dl/event/MTG-PL-2026-06-18-PVCRE-ITM-17', 'eli/dl/event/MTG-PL-2026-06-18-PVCRE-ITM-13', 'eli/dl/event/MTG-PL-2026-06-18-VOT-ITM-992875', 'eli/dl/event/MTG-PL-2026-06-18-PVCRE-ITM-6', 'eli/dl/event/MTG-PL-2026-06-18-PVCRE-ITM-2', 'eli/dl/event/MTG-PL-2026-06-18-PVCRE-ITM-4']",['eli/dl/doc/OJQ-10-2026-06-18'],def/ep-activities/PLENARY_SITTING,"['person/256956', 'person/220908', 'person/98341', 'person/256843', 'person/125027', 'person/256831', 'person/256917', 'person/256866', 'person/257013', 'person/256969', 'person/72779']","['person/197782', 'person/257256', 'person/256907', 'person/257160', 'person/28419', 'person/28615', 'person/257065', 'person/125012', 'person/257001', 'person/103246', 'person/256941', 'person/197403', 'person/256957', 'person/112747', 'person/256875', 'person/96653', 'person/245770', 'person/197649', 'person/257028', 'person/197839', 'person/191693', 'person/256893', 'person/257108', 'person/257076', 'person/257057', 'person/197841', 'person/197414', 'person/256936', 'person/257143', 'person/256885', 'person/257126', 'person/257094', 'person/257068', 'person/257030', 'person/257019', 'person/96780', 'person/198490', 'person/257261', 'person/256951', 'person/840', 'person/257021', 'person/257037', 'person/261796', 'person/118859', 'person/257092', 'person/256976', 'person/256942', 'person/124807', 'person/256880', 'person/256913', 'person/24922', 'person/262021', 'person/256896', 'person/204332', 'person/197556', 'person/213330', 'person/197870', 'person/122978', 'person/197449', 'person/256994', 'person/256919', 'person/256887', 'person/37312', 'person/257128', 'person/257077', 'person/257032', 'person/1927', 'person/96936', 'person/197497', 'person/197691', 'person/256840', 'person/210480', 'person/236053', 'person/257088', 'person/198076', 'person/197624', 'person/257024', 'person/244571', 'person/101039', 'person/98582', 'person/256971', 'person/124836', 'person/270719', 'person/197697', 'person/256847', 'person/257138', 'person/124985', 'person/97968', 'person/197410', 'person/25758', 'person/256996', 'person/256881', 'person/124766', 'person/256808', 'person/197543', 'person/257048', 'person/197491', 'person/256939', 'person/257133', 'person/256823', 'person/257149', 'person/197607', 'person/257033', 'person/257170', 'person/30123', 'person/124884', 'person/197800', 'person/256860', 'person/257151', 'person/256841', 'person/96668', 'person/39725', 'person/257050', 'person/197552', 'person/199941', 'person/187917', 'person/257027', 'person/197445', 'person/256990', 'person/188096', 'person/256948', 'person/124795', 'person/256803', 'person/197462', 'person/197413', 'person/257258', 'person/202073', 'person/256852', 'person/23816', 'person/28617', 'person/256809', 'person/257067', 'person/101585', 'person/4267', 'person/96812', 'person/197469', 'person/197405', 'person/256950', 'person/197734', 'person/58766', 'person/257169', 'person/197677', 'person/257085', 'person/218347', 'person/260724', 'person/260035', 'person/124850', 'person/257299', 'person/124806', 'person/256912', 'person/256895', 'person/256861', 'person/257102', 'person/257044', 'person/197573', 'person/257437', 'person/197523', 'person/197448', 'person/256961', 'person/256968', 'person/28400', 'person/256904', 'person/256918', 'person/257145', 'person/256886', 'person/204413', 'person/190574', 'person/257113', 'person/257096', 'person/125023', 'person/233862', 'person/197529', 'person/197463', 'person/256952', 'person/197818', 'person/257259', 'person/97236', 'person/257163', 'person/256878', 'person/197621', 'person/257119', 'person/257087', 'person/185771', 'person/257023', 'person/257039', 'person/257301', 'person/257060', 'person/197425', 'person/197795', 'person/256970', 'person/91636', 'person/197682', 'person/256846', 'person/125052', 'person/197558', 'person/197820', 'person/197392', 'person/256962', 'person/107212', 'person/219652', 'person/198084', 'person/257079', 'person/257000', 'person/257047', 'person/111412', 'person/96791', 'person/197401', 'person/256981', 'person/256987', 'person/256938', 'person/24942', 'person/257148', 'person/257114', 'person/208722', 'person/257097', 'person/197606', 'person/197549', 'person/256973', 'person/256891', 'person/124722', 'person/197684', 'person/257139', 'person/256829', 'person/256964', 'person/256900', 'person/256947', 'person/188945', 'person/256898', 'person/124736', 'person/257125', 'person/257041', 'person/96933', 'person/197578', 'person/197494', 'person/197430', 'person/257080', 'person/124866', 'person/257255', 'person/38511', 'person/1294', 'person/256909', 'person/256851', 'person/256858', 'person/257099', 'person/257035', 'person/190464', 'person/257003', 'person/257091', 'person/197421', 'person/86793', 'person/197468', 'person/197404', 'person/112748', 'person/127766', 'person/197701', 'person/256842', 'person/257101', 'person/257052', 'person/251874', 'person/110673', 'person/124877', 'person/256993', 'person/275087', 'person/256949', 'person/256834', 'person/257043', 'person/197572', 'person/204346', 'person/257059', 'person/1909', 'person/124895', 'person/198176', 'person/256999', 'person/256920', 'person/256967', 'person/256903', 'person/257144', 'person/257110', 'person/257061', 'person/28226', 'person/197406', 'person/256871', 'person/124701', 'person/256877', 'person/197679', 'person/204418', 'person/257038', 'person/257300', 'person/197794', 'person/4746', 'person/256943', 'person/124808', 'person/256959', 'person/197721', 'person/197702', 'person/2152', 'person/257072', 'person/197574', 'person/257053', 'person/197490', 'person/257029', 'person/30482', 'person/197780', 'person/197398', 'person/96756', 'person/256905', 'person/256888', 'person/257078', 'person/257457', 'person/257015', 'person/197464', 'person/257070', 'person/197400', 'person/197416', 'person/112744', 'person/197786', 'person/197690', 'person/96675', 'person/125670', 'person/197699', 'person/257055', 'person/249603', 'person/94649', 'person/96808', 'person/256979', 'person/256915', 'person/197722', 'person/256883', 'person/124713', 'person/189065', 'person/5729', 'person/257124', 'person/257073', 'person/197493', 'person/28122', 'person/124846', 'person/197829', 'person/247735', 'person/256906', 'person/119652', 'person/124785', 'person/257098', 'person/257020', 'person/257034', 'person/267485', 'person/185341', 'person/197517', 'person/197863', 'person/257090', 'person/256955', 'person/28347', 'person/257084', 'person/229839', 'person/197831', 'person/220871', 'person/256992', 'person/96752', 'person/197652', 'person/256833', 'person/257107', 'person/256804', 'person/257011', 'person/257058', 'person/197412', 'person/257082', 'person/256998', 'person/256935', 'person/197670', 'person/183916', 'person/278406', 'person/1917', 'person/28307', 'person/124973', 'person/198183', 'person/257260', 'person/230085', 'person/125204', 'person/272024', 'person/256844', 'person/125065', 'person/123562', 'person/197580', 'person/197628', 'person/125046', 'person/125001', 'person/33998', 'person/130881', 'person/40599', 'person/96787', 'person/256911', 'person/257120', 'person/197687', 'person/256862', 'person/257438', 'person/197589', 'person/23699', 'person/197825', 'person/124858', 'person/96681', 'person/257112', 'person/28399', 'person/197655', 'person/256869', 'person/256805', 'person/257063', 'person/130100', 'person/257014', 'person/197432', 'person/220897', 'person/5736', 'person/257130', 'person/197719', 'person/197623', 'person/4289', 'person/96833', 'person/95074', 'person/124834', 'person/197426', 'person/256864', 'person/257155', 'person/256845', 'person/256813', 'person/257040', 'person/257054', 'person/236050', 'person/257237', 'person/124799', 'person/2268', 'person/256882', 'person/197591', 'person/256807', 'person/204333', 'person/257046', 'person/197525', 'person/119435', 'person/197466', 'person/113523', 'person/256980', 'person/197417', 'person/197773', 'person/124813', 'person/256989', 'person/256925', 'person/86057', 'person/257132', 'person/256824', 'person/257115', 'person/96940', 'person/260695', 'person/257297', 'person/197435', 'person/256954', 'person/128483', 'person/106936', 'person/257150', 'person/256874', 'person/277057', 'person/257083', 'person/257089', 'person/257026', 'person/125325', 'person/256965', 'person/197395', 'person/5392', 'person/256916', 'person/256899', 'person/256865', 'person/257106', 'person/96998', 'person/257075', 'person/257010', 'person/197577', 'person/96934', 'person/197503', 'person/40224', 'person/197475', 'person/125093', 'person/197810', 'person/206158', 'person/257257', 'person/124700', 'person/256908', 'person/256934', 'person/198373', 'person/257117', 'person/256859', 'person/257066', 'person/257002', 'person/197545', 'person/257049', 'person/96810', 'person/257727', 'person/256983', 'person/96761', 'person/256926', 'person/256876', 'person/249982', 'person/257135', 'person/245018', 'person/197537', 'person/197440', 'person/190713', 'person/197429', 'person/256974', 'person/261038', 'person/256910', 'person/197447', 'person/256960', 'person/256966', 'person/256937', 'person/256820', 'person/257111', 'person/23781', 'person/257127', 'person/257095', 'person/257031', 'person/88552', 'person/197528', 'person/197504', 'person/256985', 'person/257262', 'person/220896', 'person/197770', 'person/256928', 'person/23868', 'person/126699', 'person/197769', 'person/256870', 'person/257118', 'person/197646', 'person/257022', 'person/276060', 'person/257069', 'person/257005', 'person/256977', 'person/277777', 'person/251324', 'person/256945', 'person/256830', 'person/124984', 'person/197557', 'person/2341', 'person/197391', 'person/197781', 'person/277178', 'person/256995', 'person/22858', 'person/257140', 'person/256855', 'person/192254', 'person/256806', 'person/193292', 'person/257045', 'person/257016', 'person/197498', 'person/197845', 'person/197402', 'person/197772', 'person/256986', 'person/97399', 'person/38542', 'person/256922', 'person/197763', 'person/257131', 'person/197648', 'person/270261', 'person/204414', 'person/197533', 'person/257007', 'person/257296', 'person/197408', 'person/124760', 'person/256890', 'person/256815', 'person/125068', 'person/257056', 'person/257025', 'person/197443', 'person/124893', 'person/256997', 'person/256901', 'person/256946', 'person/256884', 'person/202036', 'person/239260', 'person/125104', 'person/204336', 'person/197500', 'person/197492', 'person/197460']",590.0,org/ep-10,"['eli/dl/doc/PV-10-2026-06-18', 'eli/dl/doc/PV-10-2026-06-18-ATT', 'eli/dl/doc/PV-10-2026-06-18-RCV', 'eli/dl/doc/CRE-10-2026-06-18', 'eli/dl/doc/PV-10-2026-06-18-VOT']",http://publications.europa.eu/resource/authority/place/FRA_SXB,"['eli/dl/event/MTG-PL-2026-06-18-TF-1030', 'eli/dl/event/MTG-PL-2026-06-18-TF-0900', 'eli/dl/event/MTG-PL-2026-06-18-TF-1200', 'eli/dl/event/MTG-PL-2026-06-18-TF-1500']"
35,eli/dl/event/MTG-PL-2026-07-09,Activity,2026-07-09,2026-07-09T23:00:00+02:00,MTG-PL-2026-07-09,"{'cs': 'Čtvrtek, 9. července 2026', 'et': 'Neljapäev, 9. juuli 2026', 'ro': 'Joi, 9 iulie 2026', 'en': 'Thursday, 9 July 2026', 'it': 'Giovedì 9 luglio 2026', 'el': 'Πέμπτη 9 Ιουλίου 2026', 'sv': 'Torsdagen den 9 juli 2026', 'sl': 'Četrtek, 9. julij 2026', 'fr': 'Jeudi 9 juillet 2026', 'lt': 'Ketvirtadienis, 2026 m. liepos 9 d.', 'da': 'Torsdag den 9. juli 2026', 'de': 'Donnerstag, 9. Juli 2026', 'sk': 'Štvrtok, 9. júla 2026', 'mt': ""Il-Ħamis, 9 ta' Lulju 2026"", 'lv': 'Ceturtdiena, 2026. gada 9. jūlijs', 'fi': 'Torstai 9. heinäkuuta 2026', 'nl': 'Donderdag 9 juli 2026', 'pl': 'Czwartek, 9 lipca 2026', 'es': 'Jueves 9 de julio de 2026', 'hr': 'četvrtak, 9. srpnja 2026.', 'ga': 'Déardaoin, 9 Iúil 2026', 'pt': 'Quinta-feira, 9 de Julho de 2026', 'bg': 'Четвъртък, 9 юли 2026', 'hu': '2026. július 9., csütörtök'}",2026-07-09T01:00:00+02:00,"['eli/dl/event/MTG-PL-2026-07-09-PVCRE-ITM-3', 'eli/dl/event/MTG-PL-2026-07-09-PVCRE-ITM-13', 'eli/dl/event/MTG-PL-2026-07-09-PVCRE-ITM-2', 'eli/dl/event/MTG-PL-2026-07-09-VOT-ITM-992993', 'eli/dl/event/MTG-PL-2026-07-09-PVCRE-ITM-7', 'eli/dl/event/MTG-PL-2026-07-09-PVCRE-ITM-15', 'eli/dl/event/MTG-PL-2026-07-09-PVCRE-ITM-6', 'eli/dl/event/MTG-PL-2026-07-09-VOT-ITM-992996', 'eli/dl/event/MTG-PL-2026-07-09-VOT-ITM-992995', 'eli/dl/event/MTG-PL-2026-07-09-PVCRE-ITM-9', 'eli/dl/event/MTG-PL-2026-07-09-PVCRE-ITM-10', 'eli/dl/event/MTG-PL-2026-07-09-VOT-ITM-993016', 'eli/dl/event/MTG-PL-2026-07-09-VOT-ITM-992926', 'eli/dl/event/MTG-PL-2026-07-09-VOT-ITM-993015', 'eli/dl/event/MTG-PL-2026-07-09-PVCRE-ITM-4', 'eli/dl/event/MTG-PL-2026-07-09-PVCRE-ITM-16', 'eli/dl/event/MTG-PL-2026-07-09-PVCRE-ITM-8', 'eli/dl/event/MTG-PL-2026-07-09-VOT-ITM-992997', 'eli/dl/event/MTG-PL-2026-07-09-PVCRE-ITM-18', 'eli/dl/event/MTG-PL-2026-07-09-PVCRE-ITM-12', 'eli/dl/event/MTG-PL-2026-07-09-PVCRE-ITM-1', 'eli/dl/event/MTG-PL-2026-07-09-PVCRE-ITM-11', 'eli/dl/event/MTG-PL-2026-07-09-VOT-ITM-992992', 'eli/dl/event/MTG-PL-2026-07-09-PVCRE-ITM-14', 'eli/dl/event/MTG-PL-2026-07-09-PVCRE-ITM-5', 'eli/dl/event/MTG-PL-2026-07-09-PVCRE-ITM-17', 'eli/dl/event/MTG-PL-2026-07-09-VOT-ITM-992948']",['eli/dl/doc/OJQ-10-2026-07-09'],def/ep-activities/PLENARY_SITTING,['person/256866'],"['person/197543', 'person/256966', 'person/256809', 'person/96934', 'person/197557', 'person/125027', 'person/197416', 'person/257072', 'person/23699', 'person/257037', 'person/257075', 'person/257065', 'person/256900', 'person/197832', 'person/122978', 'person/197430', 'person/256978', 'person/124866', 'person/256977', 'person/197818', 'person/197497', 'person/197558', 'person/257128', 'person/197802', 'person/197417', 'person/256912', 'person/257038', 'person/256992', 'person/96752', 'person/34232', 'person/127766', 'person/124858', 'person/236053', 'person/256989', 'person/257069', 'person/28226', 'person/190574', 'person/257110', 'person/256869', 'person/197699', 'person/197435', 'person/124715', 'person/1909', 'person/256880', 'person/256803', 'person/256820', 'person/257044', 'person/257111', 'person/256960', 'person/1927', 'person/197490', 'person/256957', 'person/128483', 'person/257031', 'person/188945', 'person/270719', 'person/257070', 'person/25758', 'person/257114', 'person/28122', 'person/197403', 'person/197533', 'person/96998', 'person/256804', 'person/256884', 'person/256877', 'person/257262', 'person/256961', 'person/256964', 'person/256954', 'person/28399', 'person/257255', 'person/197500', 'person/257048', 'person/197494', 'person/257032', 'person/197545', 'person/257115', 'person/197414', 'person/187917', 'person/197404', 'person/106936', 'person/257035', 'person/257025', 'person/107212', 'person/257063', 'person/96711', 'person/256938', 'person/124834', 'person/256965', 'person/94649', 'person/257300', 'person/257256', 'person/28617', 'person/198084', 'person/256845', 'person/257259', 'person/38542', 'person/197408', 'person/197719', 'person/256870', 'person/197580', 'person/261038', 'person/257029', 'person/256857', 'person/229839', 'person/96653', 'person/257147', 'person/197734', 'person/257060', 'person/197514', 'person/256871', 'person/256920', 'person/197607', 'person/257095', 'person/124893', 'person/96681', 'person/96810', 'person/197841', 'person/256951', 'person/210480', 'person/256945', 'person/197443', 'person/197578', 'person/256997', 'person/257148', 'person/125012', 'person/257102', 'person/256948', 'person/96668', 'person/257022', 'person/257050', 'person/197702', 'person/197468', 'person/256921', 'person/256935', 'person/197658', 'person/272024', 'person/257089', 'person/256952', 'person/96808', 'person/197444', 'person/197672', 'person/197402', 'person/256949', 'person/257023', 'person/256829', 'person/277777', 'person/220896', 'person/185771', 'person/256936', 'person/72779', 'person/256840', 'person/256843', 'person/256833', 'person/197553', 'person/197591', 'person/197677', 'person/261797', 'person/257093', 'person/183916', 'person/197784', 'person/124973', 'person/256844', 'person/257068', 'person/257145', 'person/257135', 'person/198076', 'person/257160', 'person/257138', 'person/201945', 'person/257083', 'person/257086', 'person/270261', 'person/256911', 'person/30123', 'person/197572', 'person/24922', 'person/256905', 'person/124884', 'person/256985', 'person/257010', 'person/23816', 'person/214839', 'person/257139', 'person/256890', 'person/197646', 'person/257087', 'person/124813', 'person/197649', 'person/256830', 'person/256824', 'person/124806', 'person/28150', 'person/125104', 'person/256876', 'person/256909', 'person/86793', 'person/257080', 'person/4746', 'person/125670', 'person/111412', 'person/256891', 'person/96830', 'person/257107', 'person/256831', 'person/257055', 'person/257132', 'person/256971', 'person/99878', 'person/96932', 'person/197410', 'person/256968', 'person/200345', 'person/257091', 'person/257081', 'person/267485', 'person/277178', 'person/257073', 'person/197772', 'person/257108', 'person/220908', 'person/256895', 'person/276060', 'person/124766', 'person/257028', 'person/257056', 'person/257133', 'person/257059', 'person/256969', 'person/257049', 'person/197556', 'person/257126', 'person/197810', 'person/197800', 'person/256990', 'person/197831', 'person/278815', 'person/39725', 'person/37312', 'person/262021', 'person/249603', 'person/257101', 'person/256814', 'person/1917', 'person/124785', 'person/197426', 'person/2341', 'person/204419', 'person/256881', 'person/125093', 'person/23781', 'person/4267', 'person/256864', 'person/245770', 'person/256815', 'person/197621', 'person/256944', 'person/197577', 'person/185619', 'person/218347', 'person/125068', 'person/124760', 'person/126699', 'person/197525', 'person/204332', 'person/256882', 'person/197618', 'person/257015', 'person/257260', 'person/257043', 'person/197528', 'person/190713', 'person/256879', 'person/24942', 'person/256962', 'person/256928', 'person/257046', 'person/197589', 'person/197492', 'person/257169', 'person/257030', 'person/125023', 'person/257033', 'person/257061', 'person/197401', 'person/257016', 'person/257261', 'person/197529', 'person/88882', 'person/124836', 'person/257437', 'person/257047', 'person/28615', 'person/204413', 'person/257019', 'person/257009', 'person/197503', 'person/185341', 'person/256847', 'person/197721', 'person/220840', 'person/96940', 'person/197413', 'person/257034', 'person/125204', 'person/277057', 'person/91636', 'person/97236', 'person/96787', 'person/256851', 'person/257438', 'person/198373', 'person/96697', 'person/197684', 'person/118859', 'person/124700', 'person/197461', 'person/202073', 'person/40224', 'person/197718', 'person/189065', 'person/257040', 'person/197795', 'person/124984', 'person/96812', 'person/256855', 'person/256915', 'person/257079', 'person/256995', 'person/245018', 'person/244571', 'person/124877', 'person/256946', 'person/197462', 'person/197652', 'person/197523', 'person/96780', 'person/197606', 'person/257094', 'person/119652', 'person/257003', 'person/257097', 'person/197840', 'person/256922', 'person/124985', 'person/256950', 'person/188096', 'person/256916', 'person/124895', 'person/257297', 'person/204400', 'person/197670', 'person/256996', 'person/256999', 'person/5392', 'person/256947', 'person/112744', 'person/256823', 'person/257021', 'person/256919', 'person/197711', 'person/123562', 'person/197449', 'person/197439', 'person/197466', 'person/256934', 'person/257098', 'person/257237', 'person/88552', 'person/257298', 'person/256841', 'person/191693', 'person/257007', 'person/256807', 'person/256887', 'person/125042', 'person/260035', 'person/206158', 'person/257125', 'person/257238', 'person/197782', 'person/257118', 'person/256902', 'person/28419', 'person/256842', 'person/257066', 'person/256808', 'person/257143', 'person/124828', 'person/99945', 'person/256888', 'person/197421', 'person/256979', 'person/124867', 'person/257092', 'person/125046', 'person/257000', 'person/197498', 'person/197549', 'person/275087', 'person/257119', 'person/204346', 'person/256913', 'person/256903', 'person/257457', 'person/257067', 'person/256993', 'person/257144', 'person/256983', 'person/33998', 'person/197786', 'person/256810', 'person/256906', 'person/257085', 'person/237465', 'person/124736', 'person/256910', 'person/96761', 'person/197440', 'person/256987', 'person/256874', 'person/249982', 'person/256811', 'person/256907', 'person/197697', 'person/257112', 'person/197655', 'person/124713', 'person/98582', 'person/197738', 'person/257071', 'person/38511', 'person/257053', 'person/192254', 'person/257130', 'person/37324', 'person/256875', 'person/256878', 'person/251874', 'person/257113', 'person/197398', 'person/23868', 'person/256955', 'person/197636', 'person/197780', 'person/197770', 'person/257116', 'person/257106', 'person/204333', 'person/197405', 'person/96833', 'person/256893', 'person/257026', 'person/257064', 'person/119435', 'person/257054', 'person/257131', 'person/256970', 'person/197863', 'person/256980', 'person/197690', 'person/257057', 'person/256967', 'person/257090', 'person/257301', 'person/257257', 'person/197412', 'person/197781', 'person/257117', 'person/220871', 'person/197406', 'person/257027', 'person/124850', 'person/5729', 'person/256981', 'person/197691', 'person/256974', 'person/256861', 'person/204414', 'person/208722', 'person/97399', 'person/197694', 'person/197391', 'person/256858', 'person/257258', 'person/28400', 'person/124861', 'person/28223', 'person/124802', 'person/257163', 'person/256872', 'person/840', 'person/2152', 'person/256862', 'person/256865', 'person/96756', 'person/197392', 'person/256813', 'person/256859', 'person/197395', 'person/247735', 'person/256942', 'person/197623', 'person/124701', 'person/197579', 'person/257020', 'person/257149', 'person/204418', 'person/112747', 'person/199941', 'person/257103', 'person/219652', 'person/130881', 'person/257013', 'person/257041', 'person/197469', 'person/256926', 'person/256943', 'person/197624', 'person/197445', 'person/197473', 'person/197534', 'person/112748', 'person/96791', 'person/197627', 'person/257024', 'person/257052', 'person/198490', 'person/125001', 'person/220897', 'person/256937', 'person/257045', 'person/197491', 'person/101039', 'person/197501', 'person/97968', 'person/198073', 'person/256834', 'person/197504', 'person/197400', 'person/197722', 'person/197628', 'person/257150', 'person/2268', 'person/197682', 'person/257018', 'person/256846', 'person/256898', 'person/129073', 'person/197769', 'person/96936', 'person/197679', 'person/190464', 'person/130100', 'person/257151', 'person/256860', 'person/257084', 'person/260695', 'person/256853', 'person/257077', 'person/113523', 'person/96709', 'person/197573', 'person/256899', 'person/28347', 'person/197432', 'person/197470', 'person/197460', 'person/95074', 'person/4289', 'person/124795', 'person/257011', 'person/257001', 'person/197794', 'person/197429', 'person/233862', 'person/256924', 'person/197647', 'person/278406', 'person/257088', 'person/257078', 'person/257155', 'person/256994', 'person/22858', 'person/125325', 'person/256941', 'person/197574', 'person/197845', 'person/125065', 'person/260724', 'person/103246', 'person/124807', 'person/197464', 'person/257012', 'person/198176', 'person/101585', 'person/124799', 'person/256925', 'person/197648', 'person/257296', 'person/257005', 'person/256805', 'person/256998', 'person/256885', 'person/96675', 'person/256918', 'person/257123', 'person/58766', 'person/124808', 'person/251324', 'person/197448', 'person/96933', 'person/23788', 'person/239260', 'person/257082', 'person/30482', 'person/86057', 'person/256806', 'person/197773', 'person/204336', 'person/256896', 'person/40599', 'person/256886', 'person/204449', 'person/256889', 'person/197763', 'person/256973']",628.0,org/ep-10,"['eli/dl/doc/CRE-10-2026-07-09', 'eli/dl/doc/PV-10-2026-07-09', 'eli/dl/doc/PV-10-2026-07-09-VOT', 'eli/dl/doc/PV-10-2026-07-09-RCV', 'eli/dl/doc/PV-10-2026-07-09-ATT']",http://publications.europa.eu/resource/authority/place/FRA_SXB,"['eli/dl/event/MTG-PL-2026-07-09-TF-0800', 'eli/dl/event/MTG-PL-2026-07-09-TF-1500', 'eli/dl/event/MTG-PL-2026-07-09-TF-0900', 'eli/dl/event/MTG-PL-2026-07-09-TF-1200', 'eli/dl/event/MTG-PL-2026-07-09-TF-1030']"
36,eli/dl/event/MTG-PL-2026-09-17,Activity,2026-09-17,2026-09-17T23:00:00+02:00,MTG-PL-2026-09-17,"{'mt': ""Il-Ħamis, 17 ta' Settembru 2026"", 'bg': 'Четвъртък, 17 септември 2026', 'ga': 'Déardaoin, 17 Meán Fómhair 2026', 'nl': 'Donderdag 17 september 2026', 'lv': 'Ceturtdiena, 2026. gada 17. septembris', 'fi': 'Torstai 17. syyskuuta 2026', 'de': 'Donnerstag, 17. September 2026', 'en': 'Thursday, 17 September 2026', 'sv': 'Torsdagen den 17 september 2026', 'cs': 'Čtvrtek, 17. září 2026', 'sl': 'Četrtek, 17. september 2026', 'ro': 'Joi, 17 septembrie 2026', 'fr': 'Jeudi 17 septembre 2026', 'es': 'Jueves 17 de septiembre de 2026', 'et': 'Neljapäev, 17. september 2026', 'hu': '2026. szeptember 17., csütörtök', 'sk': 'Štvrtok, 17. septembra 2026', 'el': 'Πέμπτη 17 Σεπτεμβρίου 2026', 'hr': 'četvrtak, 17. rujna 2026.', 'pt': 'Quinta-feira, 17 de Setembro de 2026', 'da': 'Torsdag den 17. september 2026', 'lt': 'Ketvirtadienis, 2026 m. rugsėjo 17 d.', 'pl': 'Czwartek, 17 września 2026', 'it': 'Giovedì 17 settembre 2026'}",2026-09-17T01:00:00+02:00,,['eli/dl/doc/OJQ-10-2026-09-17'],def/ep-activities/PLENARY_SITTING,,,,org/ep-10,,http://publications.europa.eu/resource/authority/place/FRA_SXB,"['eli/dl/event/MTG-PL-2026-09-17-TF-1500', 'eli/dl/event/MTG-PL-2026-09-17-TF-1200', 'eli/dl/event/MTG-PL-2026-09-17-TF-0900']"
37,eli/dl/event/MTG-PL-2026-10-08,Activity,2026-10-08,2026-10-08T23:00:00+02:00,MTG-PL-2026-10-08,"{'en': 'Thursday, 8 October 2026', 'fi': 'Torstai 8. lokakuuta 2026', 'el': 'Πέμπτη 8 Οκτωβρίου 2026', 'cs': 'Čtvrtek, 8. října 2026', 'bg': 'Четвъртък, 8 октомври 2026', 'sl': 'Četrtek, 8. oktober 2026', 'it': 'Giovedì 8 ottobre 2026', 'lv': 'Ceturtdiena, 2026. gada 8. oktobris', 'da': 'Torsdag den 8. oktober 2026', 'fr': 'Jeudi 8 octobre 2026', 'et': 'Neljapäev, 8. oktoober 2026', 'ga': 'Déardaoin, 8 Deireadh Fómhair 2026', 'sk': 'Štvrtok, 8. októbra 2026', 'hu': '2026. október 8., csütörtök', 'es': 'Jueves 8 de octubre de 2026', 'mt': ""Il-Ħamis, 8 ta' Ottubru 2026"", 'nl': 'Donderdag 8 oktober 2026', 'lt': 'Ketvirtadienis, 2026 m. spalio 8 d.', 'ro': 'Joi, 8 octombrie 2026', 'de': 'Donnerstag, 8. Oktober 2026', 'pt': 'Quinta-feira, 8 de Outubro de 2026', 'hr': 'četvrtak, 8. listopada 2026.', 'sv': 'Torsdagen den 8 oktober 2026', 'pl': 'Czwartek, 8 października 2026'}",2026-10-08T01:00:00+02:00,,,def/ep-activities/PLENARY_SITTING,,,,org/ep-10,,http://publications.europa.eu/resource/authority/place/FRA_SXB,
38,eli/dl/event/MTG-PL-2026-10-22,Activity,2026-10-22,2026-10-22T23:00:00+02:00,MTG-PL-2026-10-22,"{'fr': 'Jeudi 22 octobre 2026', 'hu': '2026. október 22., csütörtök', 'it': 'Giovedì 22 ottobre 2026', 'sv': 'Torsdagen den 22 oktober 2026', 'mt': ""Il-Ħamis, 22 ta' Ottubru 2026"", 'pt': 'Quinta-feira, 22 de Outubro de 2026', 'pl': 'Czwartek, 22 października 2026', 'lv': 'Ceturtdiena, 2026. gada 22. oktobris', 'en': 'Thursday, 22 October 2026', 'el': 'Πέμπτη 22 Οκτωβρίου 2026', 'nl': 'Donderdag 22 oktober 2026', 'et': 'Neljapäev, 22. oktoober 2026', 'sk': 'Štvrtok, 22. októbra 2026', 'de': 'Donnerstag, 22. Oktober 2026', 'bg': 'Четвъртък, 22 октомври 2026', 'fi': 'Torstai 22. lokakuuta 2026', 'lt': 'Ketvirtadienis, 2026 m. spalio 22 d.', 'ro': 'Joi, 22 octombrie 2026', 'hr': 'četvrtak, 22. listopada 2026.', 'es': 'Jueves 22 de octubre de 2026', 'cs': 'Čtvrtek, 22. října 2026', 'da': 'Torsdag den 22. oktober 2026', 'sl': 'Četrtek, 22. oktober 2026', 'ga': 'Déardaoin, 22 Deireadh Fómhair 2026'}",2026-10-22T01:00:00+02:00,,,def/ep-activities/PLENARY_SITTING,,,,org/ep-10,,http://publications.europa.eu/resource/authority/place/FRA_SXB,
39,eli/dl/event/MTG-PL-2026-11-12,Activity,2026-11-12,2026-11-12T23:00:00+01:00,MTG-PL-2026-11-12,"{'sl': 'Četrtek, 12. november 2026', 'ro': 'Joi, 12 noiembrie 2026', 'nl': 'Donderdag 12 november 2026', 'da': 'Torsdag den 12. november 2026', 'ga': 'Déardaoin, 12 Samhain 2026', 'el': 'Πέμπτη 12 Νοεμβρίου 2026', 'hu': '2026. november 12., csütörtök', 'pl': 'Czwartek, 12 listopada 2026', 'es': 'Jueves 12 de noviembre de 2026', 'de': 'Donnerstag, 12. November 2026', 'et': 'Neljapäev, 12. november 2026', 'pt': 'Quinta-feira, 12 de Novembro de 2026', 'fi': 'Torstai 12. marraskuuta 2026', 'bg': 'Четвъртък, 12 ноември 2026', 'hr': 'četvrtak, 12. studenog 2026.', 'lt': 'Ketvirtadienis, 2026 m. lapkričio 12 d.', 'sk': 'Štvrtok, 12. novembra 2026', 'mt': ""Il-Ħamis, 12 ta' Novembru 2026"", 'it': 'Giovedì 12 novembre 2026', 'fr': 'Jeudi 12 novembre 2026', 'cs': 'Čtvrtek, 12. listopadu 2026', 'sv': 'Torsdagen den 12 november 2026', 'lv': 'Ceturtdiena, 2026. gada 12. novembris', 'en': 'Thursday, 12 November 2026'}",2026-11-12T01:00:00+01:00,,,def/ep-activities/PLENARY_SITTING,,,,org/ep-10,,http://publications.europa.eu/resource/authority/place/BEL_BRU,
40,eli/dl/event/MTG-PL-2026-11-26,Activity,2026-11-26,2026-11-26T23:00:00+01:00,MTG-PL-2026-11-26,"{'hu': '2026. november 26., csütörtök', 'lv': 'Ceturtdiena, 2026. gada 26. novembris', 'sv': 'Torsdagen den 26 november 2026', 'cs': 'Čtvrtek, 26. listopadu 2026', 'pt': 'Quinta-feira, 26 de Novembro de 2026', 'mt': ""Il-Ħamis, 26 ta' Novembru 2026"", 'it': 'Giovedì 26 novembre 2026', 'hr': 'četvrtak, 26. studenog 2026.', 'en': 'Thursday, 26 November 2026', 'sl': 'Četrtek, 26. november 2026', 'ga': 'Déardaoin, 26 Samhain 2026', 'pl': 'Czwartek, 26 listopada 2026', 'et': 'Neljapäev, 26. november 2026', 'sk': 'Štvrtok, 26. novembra 2026', 'de': 'Donnerstag, 26. November 2026', 'bg': 'Четвъртък, 26 ноември 2026', 'lt': 'Ketvirtadienis, 2026 m. lapkričio 26 d.', 'el': 'Πέμπτη 26 Νοεμβρίου 2026', 'ro': 'Joi, 26 noiembrie 2026', 'nl': 'Donderdag 26 november 2026', 'fi': 'Torstai 26. marraskuuta 2026', 'da': 'Torsdag den 26. november 2026', 'fr': 'Jeudi 26 novembre 2026', 'es': 'Jueves 26 de noviembre de 2026'}",2026-11-26T01:00:00+01:00,,,def/ep-activities/PLENARY_SITTING,,,,org/ep-10,,http://publications.europa.eu/resource/authority/place/FRA_SXB,
41,eli/dl/event/MTG-PL-2026-12-17,Activity,2026-12-17,2026-12-17T23:00:00+01:00,MTG-PL-2026-12-17,"{'lt': 'Ketvirtadienis, 2026 m. gruodžio 17 d.', 'ro': 'Joi, 17 decembrie 2026', 'de': 'Donnerstag, 17. Dezember 2026', 'cs': 'Čtvrtek, 17. prosince 2026', 'pl': 'Czwartek, 17 grudnia 2026', 'el': 'Πέμπτη 17 Δεκεμβρίου 2026', 'bg': 'Четвъртък, 17 декември 2026', 'it': 'Giovedì 17 dicembre 2026', 'en': 'Thursday, 17 December 2026', 'ga': 'Déardaoin, 17 Nollaig 2026', 'hu': '2026. december 17., csütörtök', 'mt': ""Il-Ħamis, 17 ta' Diċembru 2026"", 'et': 'Neljapäev, 17. detsember 2026', 'da': 'Torsdag den 17. december 2026', 'fr': 'Jeudi 17 décembre 2026', 'pt': 'Quinta-feira, 17 de Dezembro de 2026', 'nl': 'Donderdag 17 december 2026', 'hr': 'četvrtak, 17. prosinca 2026.', 'sl': 'Četrtek, 17. december 2026', 'sk': 'Štvrtok, 17. decembra 2026', 'es': 'Jueves 17 de diciembre de 2026', 'sv': 'Torsdagen den 17 december 2026', 'lv': 'Ceturtdiena, 2026. gada 17. decembris', 'fi': 'Torstai 17. joulukuuta 2026'}",2026-12-17T01:00:00+01:00,,,def/ep-activities/PLENARY_SITTING,,,,org/ep-10,,http://publications.europa.eu/resource/authority/place/FRA_SXB,
